Time,MIDI_Note,Note_Label,Pitch,Power,Spectral_Centroid
0.0,29,F1,0.0,0.0,0.0
0.0,41,F2,0.0,0.0,0.0
0.0,65,F4,0.0,0.0,0.0
1.5,77,F5,364.5631103515625,0.11710754036903381,4254.410301025842
1.5,65,F4,364.5631103515625,0.11710754036903381,4254.410301025842
3.0,60,C4,1162.037109375,0.05983707681298256,4257.535248308456
3.0,65,F4,1162.037109375,0.05983707681298256,4257.535248308456
3.0,69,A4,1162.037109375,0.05983707681298256,4257.535248308456
3.0,53,F3,1162.037109375,0.05983707681298256,4257.535248308456
3.0,41,F2,1162.037109375,0.05983707681298256,4257.535248308456
3.0,65,F4,1162.037109375,0.05983707681298256,4257.535248308456
3.0,53,F3,1162.037109375,0.05983707681298256,4257.535248308456
3.0,77,F5,1162.037109375,0.05983707681298256,4257.535248308456
3.0,60,C4,1162.037109375,0.05983707681298256,4257.535248308456
3.0,65,F4,1162.037109375,0.05983707681298256,4257.535248308456
3.0,53,F3,1162.037109375,0.05983707681298256,4257.535248308456
3.0,72,C5,1162.037109375,0.05983707681298256,4257.535248308456
3.0,69,A4,1162.037109375,0.05983707681298256,4257.535248308456
3.75,65,F4,885.9597778320312,0.08936891704797745,1875.6742091865426
4.125,67,G4,224.48434448242188,0.1831885129213333,843.321898384324
4.125,67,G4,224.48434448242188,0.1831885129213333,843.321898384324
4.125,55,G3,224.48434448242188,0.1831885129213333,843.321898384324
4.5,69,A4,227.8084716796875,0.029116380959749222,2081.585031657417
4.5,69,A4,227.8084716796875,0.029116380959749222,2081.585031657417
4.5,57,A3,227.8084716796875,0.029116380959749222,2081.585031657417
4.875,71,B4,854.0171508789062,0.05390624701976776,3601.4041012032553
4.875,71,B4,854.0171508789062,0.05390624701976776,3601.4041012032553
4.875,59,B3,854.0171508789062,0.05390624701976776,3601.4041012032553
5.625,72,C5,1113.6524658203125,0.05979834124445915,2077.6901527455725
6.0,60,C4,744.487548828125,0.010287259705364704,3347.44339657407
6.0,69,A4,744.487548828125,0.010287259705364704,3347.44339657407
6.0,64,E4,744.487548828125,0.010287259705364704,3347.44339657407
6.0,40,E2,744.487548828125,0.010287259705364704,3347.44339657407
6.0,52,E3,744.487548828125,0.010287259705364704,3347.44339657407
6.0,69,A4,744.487548828125,0.010287259705364704,3347.44339657407
6.0,57,A3,744.487548828125,0.010287259705364704,3347.44339657407
6.0,69,A4,744.487548828125,0.010287259705364704,3347.44339657407
6.0,72,C5,744.487548828125,0.010287259705364704,3347.44339657407
6.0,64,E4,744.487548828125,0.010287259705364704,3347.44339657407
6.75,64,E4,0.0,0.004725705366581678,3836.707001394218
6.75,71,B4,0.0,0.004725705366581678,3836.707001394218
6.75,59,B3,0.0,0.004725705366581678,3836.707001394218
6.9375,67,G4,0.0,0.0051039098761975765,3830.6717142318525
7.125,69,A4,0.0,0.0034209268633276224,3577.220394621839
7.3125,71,B4,0.0,0.001802543643862009,4009.9775985830897
7.5,72,C5,1111.468505859375,0.00112248701043427,3701.111368760541
7.5,69,A4,1111.468505859375,0.00112248701043427,3701.111368760541
7.5,57,A3,1111.468505859375,0.00112248701043427,3701.111368760541
7.875,71,B4,0.0,0.00034295901423320174,3761.853539067433
8.25,69,A4,0.0,0.0,0.0
8.25,67,G4,0.0,0.0,0.0
8.25,55,G3,0.0,0.0,0.0
8.625,67,G4,0.0,0.0,0.0
9.0,62,D4,0.0,0.0,0.0
9.0,69,A4,0.0,0.0,0.0
9.0,65,F4,0.0,0.0,0.0
9.0,38,D2,0.0,0.0,0.0
9.0,50,D3,0.0,0.0,0.0
9.0,77,F5,0.0,0.0,0.0
9.0,65,F4,0.0,0.0,0.0
9.0,62,D4,0.0,0.0,0.0
9.0,65,F4,0.0,0.0,0.0
9.0,69,A4,0.0,0.0,0.0
9.75,62,D4,0.0,0.0,0.0
9.75,65,F4,0.0,0.0,0.0
9.75,77,F5,0.0,0.0,0.0
9.75,65,F4,0.0,0.0,0.0
10.125,62,D4,0.0,0.0,0.0
10.125,67,G4,0.0,0.0,0.0
10.125,77,F5,0.0,0.0,0.0
10.125,65,F4,0.0,0.0,0.0
10.5,62,D4,0.0,0.0,0.0
10.5,69,A4,0.0,0.0,0.0
10.5,77,F5,0.0,0.0,0.0
10.5,65,F4,0.0,0.0,0.0
10.875,62,D4,0.0,0.0,0.0
10.875,67,G4,0.0,0.0,0.0
10.875,76,E5,0.0,0.0,0.0
10.875,64,E4,0.0,0.0,0.0
11.25,38,D2,0.0,0.0,0.0
11.25,50,D3,0.0,0.0,0.0
11.625,65,F4,0.0,0.0,0.0
11.625,62,D4,0.0,0.0,0.0
11.625,74,D5,0.0,0.0,0.0
11.625,62,D4,0.0,0.0,0.0
12.0,60,C4,0.0,0.0,0.0
12.0,64,E4,0.0,0.0,0.0
12.0,36,C2,0.0,0.0,0.0
12.0,48,C3,0.0,0.0,0.0
12.0,76,E5,0.0,0.0,0.0
12.0,64,E4,0.0,0.0,0.0
12.0,67,G4,0.0,0.0,0.0
12.0,72,C5,0.0,0.0,0.0
12.0,76,E5,0.0,0.0,0.0
12.1875,67,G4,726.016845703125,0.0012569781392812729,3216.0246820626176
12.75,60,C4,647.3922729492188,0.007194820325821638,4102.25237424574
12.75,64,E4,647.3922729492188,0.007194820325821638,4102.25237424574
13.125,60,C4,1159.257568359375,0.019144181162118912,3883.790925596145
13.125,65,F4,1159.257568359375,0.019144181162118912,3883.790925596145
13.5,60,C4,1166.6336669921875,0.04100180044770241,4461.3843733431395
13.5,67,G4,1166.6336669921875,0.04100180044770241,4461.3843733431395
13.5,76,E5,1166.6336669921875,0.04100180044770241,4461.3843733431395
13.5,64,E4,1166.6336669921875,0.04100180044770241,4461.3843733431395
13.875,60,C4,1163.2149658203125,0.05418582633137703,2821.0348950558728
13.875,65,F4,1163.2149658203125,0.05418582633137703,2821.0348950558728
13.875,76,E5,1163.2149658203125,0.05418582633137703,2821.0348950558728
13.875,64,E4,1163.2149658203125,0.05418582633137703,2821.0348950558728
14.25,60,C4,1153.9329833984375,0.07250312715768814,2682.0837240938804
14.25,64,E4,1153.9329833984375,0.07250312715768814,2682.0837240938804
14.25,74,D5,1153.9329833984375,0.07250312715768814,2682.0837240938804
14.25,62,D4,1153.9329833984375,0.07250312715768814,2682.0837240938804
14.625,60,C4,1152.628662109375,0.09223861247301102,2751.394973401987
14.625,65,F4,1152.628662109375,0.09223861247301102,2751.394973401987
14.625,74,D5,1152.628662109375,0.09223861247301102,2751.394973401987
14.625,62,D4,1152.628662109375,0.09223861247301102,2751.394973401987
15.0,60,C4,1196.328125,0.10867883265018463,2635.388576947845
15.0,69,A4,1196.328125,0.10867883265018463,2635.388576947845
15.0,65,F4,1196.328125,0.10867883265018463,2635.388576947845
15.0,53,F3,1196.328125,0.10867883265018463,2635.388576947845
15.0,41,F2,1196.328125,0.10867883265018463,2635.388576947845
15.0,57,A3,1196.328125,0.10867883265018463,2635.388576947845
15.0,65,F4,1196.328125,0.10867883265018463,2635.388576947845
15.0,77,F5,1196.328125,0.10867883265018463,2635.388576947845
15.0,60,C4,1196.328125,0.10867883265018463,2635.388576947845
15.0,65,F4,1196.328125,0.10867883265018463,2635.388576947845
15.0,53,F3,1196.328125,0.10867883265018463,2635.388576947845
15.0,72,C5,1196.328125,0.10867883265018463,2635.388576947845
15.0,69,A4,1196.328125,0.10867883265018463,2635.388576947845
15.75,65,F4,1194.1783447265625,0.07285486906766891,2856.7400280372176
15.75,60,C4,1194.1783447265625,0.07285486906766891,2856.7400280372176
15.75,69,A4,1194.1783447265625,0.07285486906766891,2856.7400280372176
16.125,53,F3,1195.4847412109375,0.07687351852655411,2788.156091873987
16.125,41,F2,1195.4847412109375,0.07687351852655411,2788.156091873987
16.125,71,B4,1195.4847412109375,0.07687351852655411,2788.156091873987
16.125,59,B3,1195.4847412109375,0.07687351852655411,2788.156091873987
16.5,65,F4,416.2899169921875,0.4073583483695984,1441.619442285319
16.5,60,C4,416.2899169921875,0.4073583483695984,1441.619442285319
16.5,71,B4,416.2899169921875,0.4073583483695984,1441.619442285319
16.5,71,B4,416.2899169921875,0.4073583483695984,1441.619442285319
16.5,59,B3,416.2899169921875,0.4073583483695984,1441.619442285319
16.875,53,F3,247.1021728515625,0.3653907775878906,1641.1116437176925
16.875,41,F2,247.1021728515625,0.3653907775878906,1641.1116437176925
16.875,71,B4,247.1021728515625,0.3653907775878906,1641.1116437176925
16.875,59,B3,247.1021728515625,0.3653907775878906,1641.1116437176925
17.25,65,F4,246.2900848388672,0.3437841534614563,1747.4610448116757
17.25,60,C4,246.2900848388672,0.3437841534614563,1747.4610448116757
17.25,72,C5,246.2900848388672,0.3437841534614563,1747.4610448116757
17.25,72,C5,246.2900848388672,0.3437841534614563,1747.4610448116757
17.25,60,C4,246.2900848388672,0.3437841534614563,1747.4610448116757
17.625,41,F2,1111.617919921875,0.29547515511512756,1853.1844221567424
17.625,53,F3,1111.617919921875,0.29547515511512756,1853.1844221567424
17.625,72,C5,1111.617919921875,0.29547515511512756,1853.1844221567424
17.625,60,C4,1111.617919921875,0.29547515511512756,1853.1844221567424
18.0,38,D2,1099.360595703125,0.18920688331127167,2005.112966449328
18.0,50,D3,1099.360595703125,0.18920688331127167,2005.112966449328
18.0,62,D4,1099.360595703125,0.18920688331127167,2005.112966449328
18.0,69,A4,1099.360595703125,0.18920688331127167,2005.112966449328
18.0,62,D4,1099.360595703125,0.18920688331127167,2005.112966449328
18.0,65,F4,1099.360595703125,0.18920688331127167,2005.112966449328
18.0,69,A4,1099.360595703125,0.18920688331127167,2005.112966449328
18.75,62,D4,771.716552734375,0.2797996699810028,1759.288867445166
18.9375,64,E4,824.0950317382812,0.23870041966438293,2019.4337867558
19.125,65,F4,1108.5445556640625,0.17567390203475952,2169.860422332364
19.125,62,D4,1108.5445556640625,0.17567390203475952,2169.860422332364
19.125,74,D5,1108.5445556640625,0.17567390203475952,2169.860422332364
19.3125,67,G4,1183.040771484375,0.15821166336536407,2061.299978703803
19.5,69,A4,1181.2935791015625,0.13656927645206451,2152.4356973931144
19.5,74,D5,1181.2935791015625,0.13656927645206451,2152.4356973931144
19.5,62,D4,1181.2935791015625,0.13656927645206451,2152.4356973931144
19.875,67,G4,1061.899169921875,0.3188125193119049,1565.6756043421997
19.875,72,C5,1061.899169921875,0.3188125193119049,1565.6756043421997
19.875,60,C4,1061.899169921875,0.3188125193119049,1565.6756043421997
20.25,65,F4,822.8853759765625,0.29095321893692017,1566.8914672371302
20.625,64,E4,622.8214721679688,0.2320014238357544,1723.5597948079069
20.625,59,B3,622.8214721679688,0.2320014238357544,1723.5597948079069
20.625,71,B4,622.8214721679688,0.2320014238357544,1723.5597948079069
21.0,60,C4,925.6578979492188,0.18213026225566864,1790.6709449639804
21.0,64,E4,925.6578979492188,0.18213026225566864,1790.6709449639804
21.0,48,C3,925.6578979492188,0.18213026225566864,1790.6709449639804
21.0,36,C2,925.6578979492188,0.18213026225566864,1790.6709449639804
21.0,72,C5,925.6578979492188,0.18213026225566864,1790.6709449639804
21.0,67,G4,925.6578979492188,0.18213026225566864,1790.6709449639804
21.0,60,C4,925.6578979492188,0.18213026225566864,1790.6709449639804
21.0,67,G4,925.6578979492188,0.18213026225566864,1790.6709449639804
21.0,60,C4,925.6578979492188,0.18213026225566864,1790.6709449639804
21.0,76,E5,925.6578979492188,0.18213026225566864,1790.6709449639804
21.0,72,C5,925.6578979492188,0.18213026225566864,1790.6709449639804
21.1875,67,G4,1087.618408203125,0.17150768637657166,1785.847956757607
21.75,72,C5,980.5969848632812,0.21230456233024597,1825.2307606561599
22.125,67,G4,1087.486328125,0.18910515308380127,1936.4565590683599
22.5,36,C2,1168.9273681640625,0.15275847911834717,1975.5500045020362
22.5,48,C3,1168.9273681640625,0.15275847911834717,1975.5500045020362
22.5,76,E5,1168.9273681640625,0.15275847911834717,1975.5500045020362
22.875,64,E4,1109.2008056640625,0.29697439074516296,1708.0087983154133
23.25,67,G4,414.8022766113281,0.2927117943763733,1441.1317928518808
23.625,62,D4,277.0941467285156,0.3090428113937378,1519.4662522389472
24.0,36,C2,667.1076049804688,0.2760346233844757,1486.884361549321
24.0,48,C3,667.1076049804688,0.2760346233844757,1486.884361549321
24.0,79,G5,667.1076049804688,0.2760346233844757,1486.884361549321
24.0,67,G4,667.1076049804688,0.2760346233844757,1486.884361549321
24.0,60,C4,667.1076049804688,0.2760346233844757,1486.884361549321
24.0,60,C4,667.1076049804688,0.2760346233844757,1486.884361549321
24.0,76,E5,667.1076049804688,0.2760346233844757,1486.884361549321
24.0,72,C5,667.1076049804688,0.2760346233844757,1486.884361549321
24.0,67,G4,667.1076049804688,0.2760346233844757,1486.884361549321
24.375,64,E4,989.986572265625,0.17726527154445648,1599.6967791095547
24.75,60,C4,1108.3382568359375,0.1625736653804779,1998.9465354636477
25.125,36,C2,624.21826171875,0.19654788076877594,1851.2222212543043
25.125,48,C3,624.21826171875,0.19654788076877594,1851.2222212543043
25.5,62,D4,834.743896484375,0.1855328232049942,1816.4028599505693
25.5,77,F5,834.743896484375,0.1855328232049942,1816.4028599505693
25.875,36,C2,1110.828857421875,0.12614981830120087,1589.3264466674377
25.875,48,C3,1110.828857421875,0.12614981830120087,1589.3264466674377
26.25,64,E4,861.3447875976562,0.27634304761886597,1365.8790447788929
26.25,76,E5,861.3447875976562,0.27634304761886597,1365.8790447788929
26.625,36,C2,92.8909683227539,0.2849087417125702,1424.4306224939728
26.625,48,C3,92.8909683227539,0.2849087417125702,1424.4306224939728
27.0,60,C4,623.0343017578125,0.2782515287399292,1369.0349433441206
27.0,69,A4,623.0343017578125,0.2782515287399292,1369.0349433441206
27.0,65,F4,623.0343017578125,0.2782515287399292,1369.0349433441206
27.0,53,F3,623.0343017578125,0.2782515287399292,1369.0349433441206
27.0,41,F2,623.0343017578125,0.2782515287399292,1369.0349433441206
27.0,65,F4,623.0343017578125,0.2782515287399292,1369.0349433441206
27.0,57,A3,623.0343017578125,0.2782515287399292,1369.0349433441206
27.0,77,F5,623.0343017578125,0.2782515287399292,1369.0349433441206
27.0,60,C4,623.0343017578125,0.2782515287399292,1369.0349433441206
27.0,65,F4,623.0343017578125,0.2782515287399292,1369.0349433441206
27.0,53,F3,623.0343017578125,0.2782515287399292,1369.0349433441206
27.0,72,C5,623.0343017578125,0.2782515287399292,1369.0349433441206
27.0,69,A4,623.0343017578125,0.2782515287399292,1369.0349433441206
27.75,65,F4,1107.810302734375,0.12687328457832336,1832.2053486503414
27.9375,67,G4,1107.145751953125,0.14905977249145508,1717.564391630623
28.125,69,A4,991.1926879882812,0.18037602305412292,1715.6838655700863
28.125,69,A4,991.1926879882812,0.18037602305412292,1715.6838655700863
28.125,57,A3,991.1926879882812,0.18037602305412292,1715.6838655700863
28.3125,71,B4,369.21954345703125,0.17649206519126892,1491.1661782301726
28.5,72,C5,743.0344848632812,0.19785523414611816,1444.434145119565
28.5,69,A4,743.0344848632812,0.19785523414611816,1444.434145119565
28.5,57,A3,743.0344848632812,0.19785523414611816,1444.434145119565
28.875,71,B4,982.89208984375,0.18937309086322784,1681.1925291013592
28.875,53,F3,982.89208984375,0.18937309086322784,1681.1925291013592
28.875,69,A4,982.89208984375,0.18937309086322784,1681.1925291013592
29.25,69,A4,416.33282470703125,0.2512167692184448,1491.007114931552
29.625,71,B4,988.6083984375,0.2614726126194,974.4872293850393
30.0,60,C4,660.3671264648438,0.2005152851343155,993.8987719990132
30.0,67,G4,660.3671264648438,0.2005152851343155,993.8987719990132
30.0,52,E3,660.3671264648438,0.2005152851343155,993.8987719990132
30.0,40,E2,660.3671264648438,0.2005152851343155,993.8987719990132
30.0,71,B4,660.3671264648438,0.2005152851343155,993.8987719990132
30.0,64,E4,660.3671264648438,0.2005152851343155,993.8987719990132
30.0,72,C5,660.3671264648438,0.2005152851343155,993.8987719990132
30.0,76,E5,660.3671264648438,0.2005152851343155,993.8987719990132
30.75,64,E4,659.0313110351562,0.18580172955989838,958.5151026651438
30.75,71,B4,659.0313110351562,0.18580172955989838,958.5151026651438
31.125,64,E4,928.7027587890625,0.18438495695590973,1386.3503525188573
31.125,69,A4,928.7027587890625,0.18438495695590973,1386.3503525188573
31.125,76,E5,928.7027587890625,0.18438495695590973,1386.3503525188573
31.5,67,G4,1145.214111328125,0.13373863697052002,1424.2109301755725
31.5,76,E5,1145.214111328125,0.13373863697052002,1424.2109301755725
31.875,65,F4,741.395751953125,0.16640308499336243,1493.7628498868103
31.875,76,E5,741.395751953125,0.16640308499336243,1493.7628498868103
32.25,64,E4,988.651611328125,0.1595461368560791,1355.0647574174325
32.25,74,D5,988.651611328125,0.1595461368560791,1355.0647574174325
32.625,62,D4,138.31265258789062,0.27301669120788574,1028.3946610421754
32.625,74,D5,138.31265258789062,0.27301669120788574,1028.3946610421754
33.0,62,D4,208.1752166748047,0.23314331471920013,775.3471396171415
33.0,69,A4,208.1752166748047,0.23314331471920013,775.3471396171415
33.0,65,F4,208.1752166748047,0.23314331471920013,775.3471396171415
33.0,50,D3,208.1752166748047,0.23314331471920013,775.3471396171415
33.0,38,D2,208.1752166748047,0.23314331471920013,775.3471396171415
33.0,65,F4,208.1752166748047,0.23314331471920013,775.3471396171415
33.0,77,F5,208.1752166748047,0.23314331471920013,775.3471396171415
33.0,69,A4,208.1752166748047,0.23314331471920013,775.3471396171415
33.0,69,A4,208.1752166748047,0.23314331471920013,775.3471396171415
33.0,74,D5,208.1752166748047,0.23314331471920013,775.3471396171415
33.0,77,F5,208.1752166748047,0.23314331471920013,775.3471396171415
33.75,62,D4,1110.3292236328125,0.24477319419384003,995.2135269233013
33.75,65,F4,1110.3292236328125,0.24477319419384003,995.2135269233013
33.75,77,F5,1110.3292236328125,0.24477319419384003,995.2135269233013
33.75,65,F4,1110.3292236328125,0.24477319419384003,995.2135269233013
33.75,69,A4,1110.3292236328125,0.24477319419384003,995.2135269233013
34.125,62,D4,1106.680419921875,0.26389479637145996,1456.3746969529507
34.125,67,G4,1106.680419921875,0.26389479637145996,1456.3746969529507
34.125,77,F5,1106.680419921875,0.26389479637145996,1456.3746969529507
34.125,65,F4,1106.680419921875,0.26389479637145996,1456.3746969529507
34.125,69,A4,1106.680419921875,0.26389479637145996,1456.3746969529507
34.5,62,D4,1109.270751953125,0.21773391962051392,1473.6809809342685
34.5,69,A4,1109.270751953125,0.21773391962051392,1473.6809809342685
34.5,65,F4,1109.270751953125,0.21773391962051392,1473.6809809342685
34.5,77,F5,1109.270751953125,0.21773391962051392,1473.6809809342685
34.5,65,F4,1109.270751953125,0.21773391962051392,1473.6809809342685
34.5,69,A4,1109.270751953125,0.21773391962051392,1473.6809809342685
34.875,67,G4,1100.41259765625,0.12682223320007324,1875.0833429674267
34.875,62,D4,1100.41259765625,0.12682223320007324,1875.0833429674267
34.875,76,E5,1100.41259765625,0.12682223320007324,1875.0833429674267
34.875,64,E4,1100.41259765625,0.12682223320007324,1875.0833429674267
34.875,67,G4,1100.41259765625,0.12682223320007324,1875.0833429674267
35.25,50,D3,1104.427001953125,0.13530398905277252,1586.2983678769258
35.25,38,D2,1104.427001953125,0.13530398905277252,1586.2983678769258
35.625,62,D4,612.8645629882812,0.31285420060157776,1262.9690736788382
35.625,65,F4,612.8645629882812,0.31285420060157776,1262.9690736788382
35.625,74,D5,612.8645629882812,0.31285420060157776,1262.9690736788382
35.625,62,D4,612.8645629882812,0.31285420060157776,1262.9690736788382
35.625,65,F4,612.8645629882812,0.31285420060157776,1262.9690736788382
35.8125,64,E4,368.7260437011719,0.26992514729499817,1322.6619898020838
36.0,60,C4,368.2405090332031,0.2938220202922821,1202.0553508212354
36.0,64,E4,368.2405090332031,0.2938220202922821,1202.0553508212354
36.0,36,C2,368.2405090332031,0.2938220202922821,1202.0553508212354
36.0,48,C3,368.2405090332031,0.2938220202922821,1202.0553508212354
36.0,64,E4,368.2405090332031,0.2938220202922821,1202.0553508212354
36.0,72,C5,368.2405090332031,0.2938220202922821,1202.0553508212354
36.0,60,C4,368.2405090332031,0.2938220202922821,1202.0553508212354
36.0,72,C5,368.2405090332031,0.2938220202922821,1202.0553508212354
36.0,60,C4,368.2405090332031,0.2938220202922821,1202.0553508212354
36.0,79,G5,368.2405090332031,0.2938220202922821,1202.0553508212354
36.0,76,E5,368.2405090332031,0.2938220202922821,1202.0553508212354
36.375,67,G4,496.0067138671875,0.2742782533168793,1279.0531316344805
36.75,60,C4,1109.13623046875,0.23624387383460999,1433.5657609719449
36.75,67,G4,1109.13623046875,0.23624387383460999,1433.5657609719449
36.75,72,C5,1109.13623046875,0.23624387383460999,1433.5657609719449
36.75,64,E4,1109.13623046875,0.23624387383460999,1433.5657609719449
37.125,64,E4,1111.70068359375,0.1554589569568634,1314.163156192153
37.125,60,C4,1111.70068359375,0.1554589569568634,1314.163156192153
37.5,36,C2,1109.5592041015625,0.1413499414920807,1684.643610348666
37.5,48,C3,1109.5592041015625,0.1413499414920807,1684.643610348666
37.5,60,C4,1109.5592041015625,0.1413499414920807,1684.643610348666
37.5,64,E4,1109.5592041015625,0.1413499414920807,1684.643610348666
37.5,72,C5,1109.5592041015625,0.1413499414920807,1684.643610348666
37.875,60,C4,120.63690185546875,0.18962664902210236,1786.3341735243907
37.875,67,G4,120.63690185546875,0.18962664902210236,1786.3341735243907
38.25,62,D4,976.8689575195312,0.17697380483150482,1902.2128340620957
38.25,60,C4,976.8689575195312,0.17697380483150482,1902.2128340620957
38.25,60,C4,976.8689575195312,0.17697380483150482,1902.2128340620957
38.625,48,C3,985.6427612304688,0.12808747589588165,1674.7155854019604
38.625,36,C2,985.6427612304688,0.12808747589588165,1674.7155854019604
39.0,64,E4,367.7689208984375,0.24698828160762787,1220.824376309585
39.0,60,C4,367.7689208984375,0.24698828160762787,1220.824376309585
39.0,60,C4,367.7689208984375,0.24698828160762787,1220.824376309585
39.0,72,C5,367.7689208984375,0.24698828160762787,1220.824376309585
39.0,60,C4,367.7689208984375,0.24698828160762787,1220.824376309585
39.0,72,C5,367.7689208984375,0.24698828160762787,1220.824376309585
39.0,79,G5,367.7689208984375,0.24698828160762787,1220.824376309585
39.0,76,E5,367.7689208984375,0.24698828160762787,1220.824376309585
39.0,67,G4,367.7689208984375,0.24698828160762787,1220.824376309585
39.0,57,A3,367.7689208984375,0.24698828160762787,1220.824376309585
39.0,41,F2,367.7689208984375,0.24698828160762787,1220.824376309585
39.0,48,C3,367.7689208984375,0.24698828160762787,1220.824376309585
39.0,52,E3,367.7689208984375,0.24698828160762787,1220.824376309585
39.375,36,C2,741.8848876953125,0.228052020072937,1298.5837146523459
39.375,48,C3,741.8848876953125,0.228052020072937,1298.5837146523459
39.75,64,E4,1107.2625732421875,0.20836801826953888,1376.4014931429067
39.75,60,C4,1107.2625732421875,0.20836801826953888,1376.4014931429067
40.125,36,C2,1110.853515625,0.20911899209022522,1415.5405772475397
40.125,48,C3,1110.853515625,0.20911899209022522,1415.5405772475397
40.5,62,D4,989.1328735351562,0.2584603726863861,1357.8315835507674
40.5,60,C4,989.1328735351562,0.2584603726863861,1357.8315835507674
40.875,36,C2,1107.2681884765625,0.2876153886318207,1397.7321587840902
40.875,48,C3,1107.2681884765625,0.2876153886318207,1397.7321587840902
41.25,60,C4,741.1837158203125,0.2702690064907074,1372.3779859432784
41.25,64,E4,741.1837158203125,0.2702690064907074,1372.3779859432784
41.625,48,C3,617.193603515625,0.2293410748243332,1573.7023473485988
41.625,36,C2,617.193603515625,0.2293410748243332,1573.7023473485988
42.0,36,C2,739.4903564453125,0.29910022020339966,1437.5747403296632
42.0,55,G3,739.4903564453125,0.29910022020339966,1437.5747403296632
42.0,64,E4,739.4903564453125,0.29910022020339966,1437.5747403296632
42.0,60,C4,739.4903564453125,0.29910022020339966,1437.5747403296632
42.0,48,C3,739.4903564453125,0.29910022020339966,1437.5747403296632
42.0,60,C4,739.4903564453125,0.29910022020339966,1437.5747403296632
42.0,72,C5,739.4903564453125,0.29910022020339966,1437.5747403296632
42.0,60,C4,739.4903564453125,0.29910022020339966,1437.5747403296632
42.0,79,G5,739.4903564453125,0.29910022020339966,1437.5747403296632
42.0,72,C5,739.4903564453125,0.29910022020339966,1437.5747403296632
42.0,76,E5,739.4903564453125,0.29910022020339966,1437.5747403296632
42.0,64,E4,739.4903564453125,0.29910022020339966,1437.5747403296632
42.0,67,G4,739.4903564453125,0.29910022020339966,1437.5747403296632
42.0,45,A2,739.4903564453125,0.29910022020339966,1437.5747403296632
42.0,41,F2,739.4903564453125,0.29910022020339966,1437.5747403296632
42.0,48,C3,739.4903564453125,0.29910022020339966,1437.5747403296632
43.5,38,D2,1109.519775390625,0.22184589505195618,1219.563884807596
43.875,36,C2,1097.3822021484375,0.18299752473831177,1557.336606681293
44.25,36,C2,1117.111328125,0.16623736917972565,1831.1681113268571
44.4375,36,C2,1108.5364990234375,0.168587788939476,1611.6305168577196
44.625,36,C2,1111.0260009765625,0.1751268357038498,1599.9972498984407
45.0,60,C4,1111.7357177734375,0.12492336332798004,1151.4767858049674
45.0,69,A4,1111.7357177734375,0.12492336332798004,1151.4767858049674
45.0,64,E4,1111.7357177734375,0.12492336332798004,1151.4767858049674
45.0,41,F2,1111.7357177734375,0.12492336332798004,1151.4767858049674
45.0,53,F3,1111.7357177734375,0.12492336332798004,1151.4767858049674
45.0,69,A4,1111.7357177734375,0.12492336332798004,1151.4767858049674
45.0,77,F5,1111.7357177734375,0.12492336332798004,1151.4767858049674
45.0,72,C5,1111.7357177734375,0.12492336332798004,1151.4767858049674
45.0,76,E5,1111.7357177734375,0.12492336332798004,1151.4767858049674
45.0,59,B3,1111.7357177734375,0.12492336332798004,1151.4767858049674
45.75,64,E4,621.8328857421875,0.24461419880390167,643.990544988873
45.75,60,C4,621.8328857421875,0.24461419880390167,643.990544988873
45.75,69,A4,621.8328857421875,0.24461419880390167,643.990544988873
45.75,59,B3,621.8328857421875,0.24461419880390167,643.990544988873
46.125,53,F3,621.621337890625,0.2292058765888214,787.1683763502656
46.125,41,F2,621.621337890625,0.2292058765888214,787.1683763502656
46.125,65,F4,621.621337890625,0.2292058765888214,787.1683763502656
46.125,77,F5,621.621337890625,0.2292058765888214,787.1683763502656
46.5,64,E4,626.228759765625,0.16744334995746613,1010.0277778145011
46.5,69,A4,626.228759765625,0.16744334995746613,1010.0277778145011
46.5,60,C4,626.228759765625,0.16744334995746613,1010.0277778145011
46.5,77,F5,626.228759765625,0.16744334995746613,1010.0277778145011
46.5,65,F4,626.228759765625,0.16744334995746613,1010.0277778145011
46.5,59,B3,626.228759765625,0.16744334995746613,1010.0277778145011
46.875,53,F3,820.8223266601562,0.16434457898139954,1665.5303438612868
46.875,41,F2,820.8223266601562,0.16434457898139954,1665.5303438612868
46.875,76,E5,820.8223266601562,0.16434457898139954,1665.5303438612868
46.875,64,E4,820.8223266601562,0.16434457898139954,1665.5303438612868
47.25,64,E4,656.5706787109375,0.13859941065311432,1372.2541846205038
47.25,60,C4,656.5706787109375,0.13859941065311432,1372.2541846205038
47.25,69,A4,656.5706787109375,0.13859941065311432,1372.2541846205038
47.25,59,B3,656.5706787109375,0.13859941065311432,1372.2541846205038
47.625,40,E2,1118.396484375,0.09960456937551498,1716.5926825504994
47.625,52,E3,1118.396484375,0.09960456937551498,1716.5926825504994
47.625,79,G5,1118.396484375,0.09960456937551498,1716.5926825504994
47.625,67,G4,1118.396484375,0.09960456937551498,1716.5926825504994
48.0,60,C4,1109.7396240234375,0.10225413739681244,1887.469965728967
48.0,69,A4,1109.7396240234375,0.10225413739681244,1887.469965728967
48.0,64,E4,1109.7396240234375,0.10225413739681244,1887.469965728967
48.0,50,D3,1109.7396240234375,0.10225413739681244,1887.469965728967
48.0,38,D2,1109.7396240234375,0.10225413739681244,1887.469965728967
48.0,79,G5,1109.7396240234375,0.10225413739681244,1887.469965728967
48.0,67,G4,1109.7396240234375,0.10225413739681244,1887.469965728967
48.0,69,A4,1109.7396240234375,0.10225413739681244,1887.469965728967
48.0,74,D5,1109.7396240234375,0.10225413739681244,1887.469965728967
48.0,76,E5,1109.7396240234375,0.10225413739681244,1887.469965728967
48.0,72,C5,1109.7396240234375,0.10225413739681244,1887.469965728967
48.0,59,B3,1109.7396240234375,0.10225413739681244,1887.469965728967
48.375,76,E5,692.6782836914062,0.35278505086898804,1360.6663395448695
48.375,64,E4,692.6782836914062,0.35278505086898804,1360.6663395448695
48.75,64,E4,415.0792236328125,0.31753626465797424,1169.7639014626307
48.75,69,A4,415.0792236328125,0.31753626465797424,1169.7639014626307
48.75,60,C4,415.0792236328125,0.31753626465797424,1169.7639014626307
48.75,59,B3,415.0792236328125,0.31753626465797424,1169.7639014626307
49.125,50,D3,828.7720947265625,0.2813447117805481,1426.0242855782535
49.125,38,D2,828.7720947265625,0.2813447117805481,1426.0242855782535
49.125,77,F5,828.7720947265625,0.2813447117805481,1426.0242855782535
49.125,65,F4,828.7720947265625,0.2813447117805481,1426.0242855782535
49.5,64,E4,1109.57666015625,0.21542589366436005,1612.4696252188687
49.5,69,A4,1109.57666015625,0.21542589366436005,1612.4696252188687
49.5,60,C4,1109.57666015625,0.21542589366436005,1612.4696252188687
49.5,77,F5,1109.57666015625,0.21542589366436005,1612.4696252188687
49.5,65,F4,1109.57666015625,0.21542589366436005,1612.4696252188687
49.5,59,B3,1109.57666015625,0.21542589366436005,1612.4696252188687
49.875,50,D3,1110.0570068359375,0.14238226413726807,2048.817481851317
49.875,38,D2,1110.0570068359375,0.14238226413726807,2048.817481851317
49.875,76,E5,1110.0570068359375,0.14238226413726807,2048.817481851317
49.875,64,E4,1110.0570068359375,0.14238226413726807,2048.817481851317
50.25,64,E4,655.7718505859375,0.21271157264709473,2005.5527789832186
50.25,69,A4,655.7718505859375,0.21271157264709473,2005.5527789832186
50.25,60,C4,655.7718505859375,0.21271157264709473,2005.5527789832186
50.25,76,E5,655.7718505859375,0.21271157264709473,2005.5527789832186
50.25,64,E4,655.7718505859375,0.21271157264709473,2005.5527789832186
50.25,59,B3,655.7718505859375,0.21271157264709473,2005.5527789832186
50.4375,74,D5,369.5652160644531,0.23596645891666412,1481.8513185598372
50.4375,62,D4,369.5652160644531,0.23596645891666412,1481.8513185598372
50.625,38,D2,979.07177734375,0.24512025713920593,1543.8680873717212
50.625,50,D3,979.07177734375,0.24512025713920593,1543.8680873717212
50.625,72,C5,979.07177734375,0.24512025713920593,1543.8680873717212
50.625,60,C4,979.07177734375,0.24512025713920593,1543.8680873717212
50.8125,74,D5,823.2819213867188,0.23890464007854462,1521.0707838673611
50.8125,62,D4,823.2819213867188,0.23890464007854462,1521.0707838673611
51.0,55,G3,838.6542358398438,0.18163813650608063,1638.353353707766
51.0,64,E4,838.6542358398438,0.18163813650608063,1638.353353707766
51.0,60,C4,838.6542358398438,0.18163813650608063,1638.353353707766
51.0,48,C3,838.6542358398438,0.18163813650608063,1638.353353707766
51.0,36,C2,838.6542358398438,0.18163813650608063,1638.353353707766
51.0,72,C5,838.6542358398438,0.18163813650608063,1638.353353707766
51.0,60,C4,838.6542358398438,0.18163813650608063,1638.353353707766
51.0,67,G4,838.6542358398438,0.18163813650608063,1638.353353707766
51.0,72,C5,838.6542358398438,0.18163813650608063,1638.353353707766
51.0,76,E5,838.6542358398438,0.18163813650608063,1638.353353707766
51.0,59,B3,838.6542358398438,0.18163813650608063,1638.353353707766
51.75,60,C4,986.09619140625,0.30028629302978516,1258.5418263621195
51.75,55,G3,986.09619140625,0.30028629302978516,1258.5418263621195
51.75,64,E4,986.09619140625,0.30028629302978516,1258.5418263621195
51.75,59,B3,986.09619140625,0.30028629302978516,1258.5418263621195
52.125,48,C3,738.8255615234375,0.23241178691387177,1363.6472228628684
52.125,36,C2,738.8255615234375,0.23241178691387177,1363.6472228628684
52.5,60,C4,494.236328125,0.2628685235977173,1188.7869461229172
52.5,55,G3,494.236328125,0.2628685235977173,1188.7869461229172
52.5,65,F4,494.236328125,0.2628685235977173,1188.7869461229172
52.5,67,G4,494.236328125,0.2628685235977173,1188.7869461229172
52.5,72,C5,494.236328125,0.2628685235977173,1188.7869461229172
52.5,77,F5,494.236328125,0.2628685235977173,1188.7869461229172
52.5,59,B3,494.236328125,0.2628685235977173,1188.7869461229172
52.875,48,C3,493.673828125,0.2966209352016449,1037.3023916358086
52.875,36,C2,493.673828125,0.2966209352016449,1037.3023916358086
53.25,60,C4,735.77001953125,0.19367997348308563,1106.2610172211344
53.25,55,G3,735.77001953125,0.19367997348308563,1106.2610172211344
53.25,65,F4,735.77001953125,0.19367997348308563,1106.2610172211344
53.25,59,B3,735.77001953125,0.19367997348308563,1106.2610172211344
53.625,36,C2,1111.0191650390625,0.10834991931915283,1612.6073643484401
53.625,48,C3,1111.0191650390625,0.10834991931915283,1612.6073643484401
54.0,55,G3,1111.4454345703125,0.13231819868087769,1510.299919293156
54.0,64,E4,1111.4454345703125,0.13231819868087769,1510.299919293156
54.0,60,C4,1111.4454345703125,0.13231819868087769,1510.299919293156
54.0,48,C3,1111.4454345703125,0.13231819868087769,1510.299919293156
54.0,36,C2,1111.4454345703125,0.13231819868087769,1510.299919293156
54.0,67,G4,1111.4454345703125,0.13231819868087769,1510.299919293156
54.0,72,C5,1111.4454345703125,0.13231819868087769,1510.299919293156
54.0,76,E5,1111.4454345703125,0.13231819868087769,1510.299919293156
54.0,59,B3,1111.4454345703125,0.13231819868087769,1510.299919293156
54.75,60,C4,1109.9422607421875,0.16646383702754974,1765.1971782730266
54.75,55,G3,1109.9422607421875,0.16646383702754974,1765.1971782730266
54.75,64,E4,1109.9422607421875,0.16646383702754974,1765.1971782730266
54.75,59,B3,1109.9422607421875,0.16646383702754974,1765.1971782730266
55.125,48,C3,1162.0662841796875,0.23160366714000702,1367.2886293836484
55.125,36,C2,1162.0662841796875,0.23160366714000702,1367.2886293836484
55.5,60,C4,1103.0140380859375,0.23441646993160248,1289.2585814452157
55.5,55,G3,1103.0140380859375,0.23441646993160248,1289.2585814452157
55.5,62,D4,1103.0140380859375,0.23441646993160248,1289.2585814452157
55.5,38,D2,1103.0140380859375,0.23441646993160248,1289.2585814452157
55.5,59,B3,1103.0140380859375,0.23441646993160248,1289.2585814452157
55.875,48,C3,990.5628662109375,0.19819821417331696,994.3861172800025
55.875,36,C2,990.5628662109375,0.19819821417331696,994.3861172800025
55.875,36,C2,990.5628662109375,0.19819821417331696,994.3861172800025
56.25,55,G3,1111.693603515625,0.21298712491989136,1266.5077958253664
56.25,60,C4,1111.693603515625,0.21298712491989136,1266.5077958253664
56.25,36,C2,1111.693603515625,0.21298712491989136,1266.5077958253664
56.25,59,B3,1111.693603515625,0.21298712491989136,1266.5077958253664
56.4375,36,C2,738.119384765625,0.2116234302520752,1013.3904158512039
56.625,36,C2,743.3306274414062,0.19822894036769867,1076.8431457619008
56.625,48,C3,743.3306274414062,0.19822894036769867,1076.8431457619008
56.625,36,C2,743.3306274414062,0.19822894036769867,1076.8431457619008
57.0,60,C4,1105.576171875,0.15706925094127655,1479.015897426263
57.0,69,A4,1105.576171875,0.15706925094127655,1479.015897426263
57.0,64,E4,1105.576171875,0.15706925094127655,1479.015897426263
57.0,53,F3,1105.576171875,0.15706925094127655,1479.015897426263
57.0,41,F2,1105.576171875,0.15706925094127655,1479.015897426263
57.0,69,A4,1105.576171875,0.15706925094127655,1479.015897426263
57.0,77,F5,1105.576171875,0.15706925094127655,1479.015897426263
57.0,76,E5,1105.576171875,0.15706925094127655,1479.015897426263
57.0,72,C5,1105.576171875,0.15706925094127655,1479.015897426263
57.0,59,B3,1105.576171875,0.15706925094127655,1479.015897426263
57.75,64,E4,1109.9569091796875,0.11364210397005081,1170.1401760990834
57.75,60,C4,1109.9569091796875,0.11364210397005081,1170.1401760990834
57.75,69,A4,1109.9569091796875,0.11364210397005081,1170.1401760990834
57.75,59,B3,1109.9569091796875,0.11364210397005081,1170.1401760990834
58.125,53,F3,1114.62841796875,0.10349152982234955,1271.4631666564367
58.125,41,F2,1114.62841796875,0.10349152982234955,1271.4631666564367
58.125,65,F4,1114.62841796875,0.10349152982234955,1271.4631666564367
58.125,77,F5,1114.62841796875,0.10349152982234955,1271.4631666564367
58.5,64,E4,984.2862548828125,0.09622395038604736,1210.1656979380068
58.5,60,C4,984.2862548828125,0.09622395038604736,1210.1656979380068
58.5,71,B4,984.2862548828125,0.09622395038604736,1210.1656979380068
58.5,77,F5,984.2862548828125,0.09622395038604736,1210.1656979380068
58.5,65,F4,984.2862548828125,0.09622395038604736,1210.1656979380068
58.5,59,B3,984.2862548828125,0.09622395038604736,1210.1656979380068
58.875,53,F3,986.2227783203125,0.15556205809116364,879.8694753460127
58.875,41,F2,986.2227783203125,0.15556205809116364,879.8694753460127
58.875,64,E4,986.2227783203125,0.15556205809116364,879.8694753460127
58.875,76,E5,986.2227783203125,0.15556205809116364,879.8694753460127
59.25,64,E4,924.6326904296875,0.12177392840385437,1083.6506126718307
59.25,60,C4,924.6326904296875,0.12177392840385437,1083.6506126718307
59.25,72,C5,924.6326904296875,0.12177392840385437,1083.6506126718307
59.25,59,B3,924.6326904296875,0.12177392840385437,1083.6506126718307
59.625,40,E2,923.859130859375,0.2687913477420807,3333.5936261123898
59.625,52,E3,923.859130859375,0.2687913477420807,3333.5936261123898
59.625,79,G5,923.859130859375,0.2687913477420807,3333.5936261123898
59.625,67,G4,923.859130859375,0.2687913477420807,3333.5936261123898
60.0,60,C4,431.1759033203125,0.1686028689146042,3259.251593629305
60.0,69,A4,431.1759033203125,0.1686028689146042,3259.251593629305
60.0,64,E4,431.1759033203125,0.1686028689146042,3259.251593629305
60.0,50,D3,431.1759033203125,0.1686028689146042,3259.251593629305
60.0,38,D2,431.1759033203125,0.1686028689146042,3259.251593629305
60.0,79,G5,431.1759033203125,0.1686028689146042,3259.251593629305
60.0,67,G4,431.1759033203125,0.1686028689146042,3259.251593629305
60.0,69,A4,431.1759033203125,0.1686028689146042,3259.251593629305
60.0,74,D5,431.1759033203125,0.1686028689146042,3259.251593629305
60.0,76,E5,431.1759033203125,0.1686028689146042,3259.251593629305
60.0,72,C5,431.1759033203125,0.1686028689146042,3259.251593629305
60.0,59,B3,431.1759033203125,0.1686028689146042,3259.251593629305
60.375,76,E5,369.2406921386719,0.18723821640014648,3578.508135129234
60.375,64,E4,369.2406921386719,0.18723821640014648,3578.508135129234
60.75,64,E4,145.66595458984375,0.2545957863330841,2637.022151928966
60.75,60,C4,145.66595458984375,0.2545957863330841,2637.022151928966
60.75,69,A4,145.66595458984375,0.2545957863330841,2637.022151928966
60.75,59,B3,145.66595458984375,0.2545957863330841,2637.022151928966
61.125,50,D3,837.7996826171875,0.14967316389083862,2041.8055495192652
61.125,38,D2,837.7996826171875,0.14967316389083862,2041.8055495192652
61.125,77,F5,837.7996826171875,0.14967316389083862,2041.8055495192652
61.125,65,F4,837.7996826171875,0.14967316389083862,2041.8055495192652
61.125,74,D5,837.7996826171875,0.14967316389083862,2041.8055495192652
61.3125,76,E5,933.1973266601562,0.2897893190383911,2710.800027554692
61.5,64,E4,494.0839538574219,0.29557710886001587,3077.0042247781385
61.5,60,C4,494.0839538574219,0.29557710886001587,3077.0042247781385
61.5,67,G4,494.0839538574219,0.29557710886001587,3077.0042247781385
61.5,77,F5,494.0839538574219,0.29557710886001587,3077.0042247781385
61.5,65,F4,494.0839538574219,0.29557710886001587,3077.0042247781385
61.5,59,B3,494.0839538574219,0.29557710886001587,3077.0042247781385
61.5,77,F5,494.0839538574219,0.29557710886001587,3077.0042247781385
61.875,50,D3,412.02978515625,0.25765132904052734,2558.680835537546
61.875,38,D2,412.02978515625,0.25765132904052734,2558.680835537546
61.875,64,E4,412.02978515625,0.25765132904052734,2558.680835537546
61.875,76,E5,412.02978515625,0.25765132904052734,2558.680835537546
62.25,60,C4,989.7531127929688,0.22659063339233398,1736.3041242673553
62.25,65,F4,989.7531127929688,0.22659063339233398,1736.3041242673553
62.25,76,E5,989.7531127929688,0.22659063339233398,1736.3041242673553
62.25,64,E4,989.7531127929688,0.22659063339233398,1736.3041242673553
62.25,59,B3,989.7531127929688,0.22659063339233398,1736.3041242673553
62.4375,74,D5,1154.3250732421875,0.2037474364042282,1555.5013456653953
62.4375,62,D4,1154.3250732421875,0.2037474364042282,1555.5013456653953
62.625,38,D2,1154.9608154296875,0.1754511445760727,1314.903939332085
62.625,50,D3,1154.9608154296875,0.1754511445760727,1314.903939332085
62.625,72,C5,1154.9608154296875,0.1754511445760727,1314.903939332085
62.625,60,C4,1154.9608154296875,0.1754511445760727,1314.903939332085
62.625,79,G5,1154.9608154296875,0.1754511445760727,1314.903939332085
62.8125,74,D5,988.0032958984375,0.19611616432666779,1380.7837449395995
62.8125,62,D4,988.0032958984375,0.19611616432666779,1380.7837449395995
63.0,55,G3,988.0302734375,0.17766976356506348,1282.2886326943456
63.0,64,E4,988.0302734375,0.17766976356506348,1282.2886326943456
63.0,60,C4,988.0302734375,0.17766976356506348,1282.2886326943456
63.0,48,C3,988.0302734375,0.17766976356506348,1282.2886326943456
63.0,36,C2,988.0302734375,0.17766976356506348,1282.2886326943456
63.0,60,C4,988.0302734375,0.17766976356506348,1282.2886326943456
63.0,72,C5,988.0302734375,0.17766976356506348,1282.2886326943456
63.0,67,G4,988.0302734375,0.17766976356506348,1282.2886326943456
63.0,72,C5,988.0302734375,0.17766976356506348,1282.2886326943456
63.0,76,E5,988.0302734375,0.17766976356506348,1282.2886326943456
63.0,59,B3,988.0302734375,0.17766976356506348,1282.2886326943456
63.0,76,E5,988.0302734375,0.17766976356506348,1282.2886326943456
63.75,55,G3,1032.8201904296875,0.17577315866947174,1552.12487423822
63.75,60,C4,1032.8201904296875,0.17577315866947174,1552.12487423822
63.75,64,E4,1032.8201904296875,0.17577315866947174,1552.12487423822
63.75,59,B3,1032.8201904296875,0.17577315866947174,1552.12487423822
64.125,36,C2,932.4254760742188,0.28471481800079346,941.947598952147
64.125,48,C3,932.4254760742188,0.28471481800079346,941.947598952147
64.5,36,C2,990.0729370117188,0.3224456310272217,1082.6344878330317
64.5,48,C3,990.0729370117188,0.3224456310272217,1082.6344878330317
64.5,59,B3,990.0729370117188,0.3224456310272217,1082.6344878330317
64.875,55,G3,621.88232421875,0.2991899251937866,896.0468467089444
64.875,64,E4,621.88232421875,0.2991899251937866,896.0468467089444
64.875,60,C4,621.88232421875,0.2991899251937866,896.0468467089444
65.25,55,G3,933.1192626953125,0.28212490677833557,1364.506286611484
65.25,65,F4,933.1192626953125,0.28212490677833557,1364.506286611484
65.25,60,C4,933.1192626953125,0.28212490677833557,1364.506286611484
65.25,59,B3,933.1192626953125,0.28212490677833557,1364.506286611484
65.625,55,G3,969.7276000976562,0.22249919176101685,1090.5850717976614
65.625,62,D4,969.7276000976562,0.22249919176101685,1090.5850717976614
65.625,60,C4,969.7276000976562,0.22249919176101685,1090.5850717976614
66.0,55,G3,990.0941772460938,0.2021285742521286,1218.1164286510093
66.0,64,E4,990.0941772460938,0.2021285742521286,1218.1164286510093
66.0,60,C4,990.0941772460938,0.2021285742521286,1218.1164286510093
66.0,36,C2,990.0941772460938,0.2021285742521286,1218.1164286510093
66.0,48,C3,990.0941772460938,0.2021285742521286,1218.1164286510093
66.0,72,C5,990.0941772460938,0.2021285742521286,1218.1164286510093
66.0,60,C4,990.0941772460938,0.2021285742521286,1218.1164286510093
66.0,67,G4,990.0941772460938,0.2021285742521286,1218.1164286510093
66.0,72,C5,990.0941772460938,0.2021285742521286,1218.1164286510093
66.0,76,E5,990.0941772460938,0.2021285742521286,1218.1164286510093
66.0,59,B3,990.0941772460938,0.2021285742521286,1218.1164286510093
66.75,55,G3,988.3833618164062,0.19591926038265228,2118.548325048766
66.75,64,E4,988.3833618164062,0.19591926038265228,2118.548325048766
66.75,60,C4,988.3833618164062,0.19591926038265228,2118.548325048766
66.75,59,B3,988.3833618164062,0.19591926038265228,2118.548325048766
67.5,55,G3,830.9080200195312,0.31547585129737854,918.920263271438
67.5,62,D4,830.9080200195312,0.31547585129737854,918.920263271438
67.5,60,C4,830.9080200195312,0.31547585129737854,918.920263271438
67.5,38,D2,830.9080200195312,0.31547585129737854,918.920263271438
67.5,59,B3,830.9080200195312,0.31547585129737854,918.920263271438
67.875,36,C2,987.1484375,0.3380311131477356,959.683243111353
68.25,55,G3,772.7150268554688,0.24659806489944458,1070.1993711614107
68.25,60,C4,772.7150268554688,0.24659806489944458,1070.1993711614107
68.25,36,C2,772.7150268554688,0.24659806489944458,1070.1993711614107
68.25,59,B3,772.7150268554688,0.24659806489944458,1070.1993711614107
68.4375,36,C2,990.93603515625,0.27500399947166443,1362.1812039970187
68.625,36,C2,991.6629028320312,0.2479294240474701,1210.2176253101316
69.0,57,A3,990.1673583984375,0.19359278678894043,1061.521827513818
69.0,64,E4,990.1673583984375,0.19359278678894043,1061.521827513818
69.0,60,C4,990.1673583984375,0.19359278678894043,1061.521827513818
69.0,53,F3,990.1673583984375,0.19359278678894043,1061.521827513818
69.0,65,F4,990.1673583984375,0.19359278678894043,1061.521827513818
69.0,77,F5,990.1673583984375,0.19359278678894043,1061.521827513818
69.0,69,A4,990.1673583984375,0.19359278678894043,1061.521827513818
69.0,76,E5,990.1673583984375,0.19359278678894043,1061.521827513818
69.0,77,F5,990.1673583984375,0.19359278678894043,1061.521827513818
69.0,72,C5,990.1673583984375,0.19359278678894043,1061.521827513818
69.0,59,B3,990.1673583984375,0.19359278678894043,1061.521827513818
69.0,41,F2,990.1673583984375,0.19359278678894043,1061.521827513818
69.75,60,C4,1109.7900390625,0.14675083756446838,1327.2079087382472
69.75,64,E4,1109.7900390625,0.14675083756446838,1327.2079087382472
69.75,57,A3,1109.7900390625,0.14675083756446838,1327.2079087382472
69.75,59,B3,1109.7900390625,0.14675083756446838,1327.2079087382472
69.75,69,A4,1109.7900390625,0.14675083756446838,1327.2079087382472
69.9375,72,C5,1110.781982421875,0.17371705174446106,1829.7762728361292
70.5,60,C4,836.3638305664062,0.2764461636543274,945.2145230796816
70.5,64,E4,836.3638305664062,0.2764461636543274,945.2145230796816
70.5,57,A3,836.3638305664062,0.2764461636543274,945.2145230796816
70.5,59,B3,836.3638305664062,0.2764461636543274,945.2145230796816
70.5,74,D5,836.3638305664062,0.2764461636543274,945.2145230796816
70.6875,72,C5,740.3746337890625,0.3730815052986145,868.8206345097603
71.0625,74,D5,862.7756958007812,0.2878720760345459,1016.6459283960394
71.25,60,C4,927.6531982421875,0.27164191007614136,984.2213392084074
71.25,57,A3,927.6531982421875,0.27164191007614136,984.2213392084074
71.25,64,E4,927.6531982421875,0.27164191007614136,984.2213392084074
71.25,59,B3,927.6531982421875,0.27164191007614136,984.2213392084074
71.4375,76,E5,988.8424072265625,0.28099340200424194,1952.8144069418945
71.625,40,E2,933.7278442382812,0.2736826241016388,1205.0668503107922
72.0,57,A3,1109.3267822265625,0.20061306655406952,1211.4503381024483
72.0,64,E4,1109.3267822265625,0.20061306655406952,1211.4503381024483
72.0,60,C4,1109.3267822265625,0.20061306655406952,1211.4503381024483
72.0,50,D3,1109.3267822265625,0.20061306655406952,1211.4503381024483
72.0,62,D4,1109.3267822265625,0.20061306655406952,1211.4503381024483
72.0,74,D5,1109.3267822265625,0.20061306655406952,1211.4503381024483
72.0,69,A4,1109.3267822265625,0.20061306655406952,1211.4503381024483
72.0,76,E5,1109.3267822265625,0.20061306655406952,1211.4503381024483
72.0,74,D5,1109.3267822265625,0.20061306655406952,1211.4503381024483
72.0,72,C5,1109.3267822265625,0.20061306655406952,1211.4503381024483
72.0,59,B3,1109.3267822265625,0.20061306655406952,1211.4503381024483
72.0,72,C5,1109.3267822265625,0.20061306655406952,1211.4503381024483
72.0,38,D2,1109.3267822265625,0.20061306655406952,1211.4503381024483
72.1875,67,G4,1108.8336181640625,0.2274310290813446,1233.2569193963418
72.375,69,A4,1109.607177734375,0.23880816996097565,2910.1990280133655
72.75,57,A3,742.150146484375,0.38141193985939026,1172.7419184179348
72.75,60,C4,742.150146484375,0.38141193985939026,1172.7419184179348
72.75,64,E4,742.150146484375,0.38141193985939026,1172.7419184179348
72.75,59,B3,742.150146484375,0.38141193985939026,1172.7419184179348
73.125,69,A4,986.855712890625,0.3679119348526001,968.6103041558222
73.3125,69,A4,1110.3341064453125,0.17428769171237946,1407.0893867356667
73.5,57,A3,741.66259765625,0.3258391320705414,878.9004102913111
73.5,60,C4,741.66259765625,0.3258391320705414,878.9004102913111
73.5,64,E4,741.66259765625,0.3258391320705414,878.9004102913111
73.5,59,B3,741.66259765625,0.3258391320705414,878.9004102913111
73.5,76,E5,741.66259765625,0.3258391320705414,878.9004102913111
73.875,76,E5,988.9229736328125,0.3518088161945343,2370.5167454269977
74.0625,74,D5,990.393310546875,0.3077196478843689,2973.708469110106
74.25,57,A3,414.96630859375,0.290129154920578,2773.4907669610993
74.25,64,E4,414.96630859375,0.290129154920578,2773.4907669610993
74.25,60,C4,414.96630859375,0.290129154920578,2773.4907669610993
74.25,59,B3,414.96630859375,0.290129154920578,2773.4907669610993
74.625,76,E5,989.7471923828125,0.263863742351532,2017.2347587921722
74.8125,72,C5,990.1942138671875,0.22237327694892883,1711.3457049214994
75.0,55,G3,989.8375244140625,0.20197878777980804,1636.9081443611212
75.0,60,C4,989.8375244140625,0.20197878777980804,1636.9081443611212
75.0,48,C3,989.8375244140625,0.20197878777980804,1636.9081443611212
75.0,60,C4,989.8375244140625,0.20197878777980804,1636.9081443611212
75.0,72,C5,989.8375244140625,0.20197878777980804,1636.9081443611212
75.0,76,E5,989.8375244140625,0.20197878777980804,1636.9081443611212
75.0,59,B3,989.8375244140625,0.20197878777980804,1636.9081443611212
75.0,36,C2,989.8375244140625,0.20197878777980804,1636.9081443611212
75.0,64,E4,989.8375244140625,0.20197878777980804,1636.9081443611212
75.0,67,G4,989.8375244140625,0.20197878777980804,1636.9081443611212
75.0,72,C5,989.8375244140625,0.20197878777980804,1636.9081443611212
75.0,36,C2,989.8375244140625,0.20197878777980804,1636.9081443611212
75.375,64,E4,988.1204833984375,0.20594409108161926,1397.4102083908779
75.75,55,G3,988.4489135742188,0.18115027248859406,1213.4138817443538
75.75,60,C4,988.4489135742188,0.18115027248859406,1213.4138817443538
75.75,67,G4,988.4489135742188,0.18115027248859406,1213.4138817443538
75.75,67,G4,988.4489135742188,0.18115027248859406,1213.4138817443538
75.75,59,B3,988.4489135742188,0.18115027248859406,1213.4138817443538
76.125,72,C5,1158.207763671875,0.2135503739118576,1985.7274024411659
76.5,55,G3,1035.98193359375,0.26317548751831055,1044.7675920328988
76.5,60,C4,1035.98193359375,0.26317548751831055,1044.7675920328988
76.5,72,C5,1035.98193359375,0.26317548751831055,1044.7675920328988
76.5,72,C5,1035.98193359375,0.26317548751831055,1044.7675920328988
76.5,77,F5,1035.98193359375,0.26317548751831055,1044.7675920328988
76.5,67,G4,1035.98193359375,0.26317548751831055,1044.7675920328988
76.5,59,B3,1035.98193359375,0.26317548751831055,1044.7675920328988
76.5,65,F4,1035.98193359375,0.26317548751831055,1044.7675920328988
77.25,55,G3,418.142333984375,0.30500146746635437,966.9439000873216
77.25,60,C4,418.142333984375,0.30500146746635437,966.9439000873216
77.25,59,B3,418.142333984375,0.30500146746635437,966.9439000873216
77.625,36,C2,970.0508422851562,0.302367627620697,979.7677959705113
77.625,31,G1,970.0508422851562,0.302367627620697,979.7677959705113
78.0,55,G3,988.5137329101562,0.234071284532547,1213.6325304893023
78.0,60,C4,988.5137329101562,0.234071284532547,1213.6325304893023
78.0,48,C3,988.5137329101562,0.234071284532547,1213.6325304893023
78.0,72,C5,988.5137329101562,0.234071284532547,1213.6325304893023
78.0,60,C4,988.5137329101562,0.234071284532547,1213.6325304893023
78.0,67,G4,988.5137329101562,0.234071284532547,1213.6325304893023
78.0,72,C5,988.5137329101562,0.234071284532547,1213.6325304893023
78.0,76,E5,988.5137329101562,0.234071284532547,1213.6325304893023
78.0,59,B3,988.5137329101562,0.234071284532547,1213.6325304893023
78.0,36,C2,988.5137329101562,0.234071284532547,1213.6325304893023
78.0,64,E4,988.5137329101562,0.234071284532547,1213.6325304893023
78.0,72,C5,988.5137329101562,0.234071284532547,1213.6325304893023
78.0,36,C2,988.5137329101562,0.234071284532547,1213.6325304893023
78.75,55,G3,1111.098388671875,0.1911395937204361,1115.9939871944553
78.75,60,C4,1111.098388671875,0.1911395937204361,1115.9939871944553
78.75,59,B3,1111.098388671875,0.1911395937204361,1115.9939871944553
79.5,60,C4,986.7957153320312,0.16312628984451294,1508.2996974064338
79.5,55,G3,986.7957153320312,0.16312628984451294,1508.2996974064338
79.5,38,D2,986.7957153320312,0.16312628984451294,1508.2996974064338
79.5,59,B3,986.7957153320312,0.16312628984451294,1508.2996974064338
79.5,62,D4,986.7957153320312,0.16312628984451294,1508.2996974064338
80.0625,36,C2,988.9534912109375,0.38042357563972473,941.4400876940435
80.25,55,G3,862.3333129882812,0.3746258616447449,1106.6661664655685
80.25,60,C4,862.3333129882812,0.3746258616447449,1106.6661664655685
80.25,36,C2,862.3333129882812,0.3746258616447449,1106.6661664655685
80.25,59,B3,862.3333129882812,0.3746258616447449,1106.6661664655685
80.25,60,C4,862.3333129882812,0.3746258616447449,1106.6661664655685
80.625,36,C2,734.02783203125,0.32000306248664856,994.4084581107943
81.0,57,A3,990.4428100585938,0.2577517032623291,1303.4002974942823
81.0,64,E4,990.4428100585938,0.2577517032623291,1303.4002974942823
81.0,60,C4,990.4428100585938,0.2577517032623291,1303.4002974942823
81.0,53,F3,990.4428100585938,0.2577517032623291,1303.4002974942823
81.0,65,F4,990.4428100585938,0.2577517032623291,1303.4002974942823
81.0,77,F5,990.4428100585938,0.2577517032623291,1303.4002974942823
81.0,69,A4,990.4428100585938,0.2577517032623291,1303.4002974942823
81.0,76,E5,990.4428100585938,0.2577517032623291,1303.4002974942823
81.0,77,F5,990.4428100585938,0.2577517032623291,1303.4002974942823
81.0,72,C5,990.4428100585938,0.2577517032623291,1303.4002974942823
81.0,59,B3,990.4428100585938,0.2577517032623291,1303.4002974942823
81.0,36,C2,990.4428100585938,0.2577517032623291,1303.4002974942823
81.0,41,F2,990.4428100585938,0.2577517032623291,1303.4002974942823
81.75,60,C4,990.5831909179688,0.2219664752483368,1115.7720711051763
81.75,64,E4,990.5831909179688,0.2219664752483368,1115.7720711051763
81.75,57,A3,990.5831909179688,0.2219664752483368,1115.7720711051763
81.75,59,B3,990.5831909179688,0.2219664752483368,1115.7720711051763
82.3125,72,C5,1111.99658203125,0.21357139945030212,2122.1883003065077
82.5,60,C4,987.675537109375,0.18837806582450867,1570.0133448053125
82.5,64,E4,987.675537109375,0.18837806582450867,1570.0133448053125
82.5,57,A3,987.675537109375,0.18837806582450867,1570.0133448053125
82.5,59,B3,987.675537109375,0.18837806582450867,1570.0133448053125
82.5,81,A5,987.675537109375,0.18837806582450867,1570.0133448053125
82.875,79,G5,1108.5491943359375,0.15790009498596191,1468.9794837210147
83.0625,77,F5,1106.80712890625,0.16908122599124908,1211.6723037353497
83.25,60,C4,1110.220947265625,0.1904299259185791,1230.8125120615236
83.25,57,A3,1110.220947265625,0.1904299259185791,1230.8125120615236
83.25,64,E4,1110.220947265625,0.1904299259185791,1230.8125120615236
83.25,59,B3,1110.220947265625,0.1904299259185791,1230.8125120615236
83.4375,76,E5,1106.48876953125,0.1652296930551529,1339.1982576593982
83.625,40,E2,1109.6011962890625,0.1334834098815918,1449.4568309264023
83.8125,76,E5,1108.138916015625,0.14956742525100708,1786.2229667642391
84.0,57,A3,1117.2529296875,0.19441762566566467,1673.7483286302474
84.0,64,E4,1117.2529296875,0.19441762566566467,1673.7483286302474
84.0,60,C4,1117.2529296875,0.19441762566566467,1673.7483286302474
84.0,50,D3,1117.2529296875,0.19441762566566467,1673.7483286302474
84.0,62,D4,1117.2529296875,0.19441762566566467,1673.7483286302474
84.0,74,D5,1117.2529296875,0.19441762566566467,1673.7483286302474
84.0,69,A4,1117.2529296875,0.19441762566566467,1673.7483286302474
84.0,76,E5,1117.2529296875,0.19441762566566467,1673.7483286302474
84.0,74,D5,1117.2529296875,0.19441762566566467,1673.7483286302474
84.0,72,C5,1117.2529296875,0.19441762566566467,1673.7483286302474
84.0,59,B3,1117.2529296875,0.19441762566566467,1673.7483286302474
84.0,38,D2,1117.2529296875,0.19441762566566467,1673.7483286302474
84.375,74,D5,1109.886962890625,0.13010354340076447,1647.8730056014651
84.75,57,A3,1109.7611083984375,0.3177921772003174,2789.381896799113
84.75,60,C4,1109.7611083984375,0.3177921772003174,2789.381896799113
84.75,64,E4,1109.7611083984375,0.3177921772003174,2789.381896799113
84.75,59,B3,1109.7611083984375,0.3177921772003174,2789.381896799113
85.125,74,D5,990.5918579101562,0.24901047348976135,1553.1892482713963
85.3125,74,D5,983.0126953125,0.22341349720954895,1400.1224357641916
85.5,57,A3,979.2341918945312,0.3620014786720276,1065.929322247483
85.5,60,C4,979.2341918945312,0.3620014786720276,1065.929322247483
85.5,64,E4,979.2341918945312,0.3620014786720276,1065.929322247483
85.5,59,B3,979.2341918945312,0.3620014786720276,1065.929322247483
85.5,79,G5,979.2341918945312,0.3620014786720276,1065.929322247483
85.875,76,E5,988.9073486328125,0.40032699704170227,1072.913679833839
86.25,57,A3,987.875732421875,0.30825066566467285,2198.7089901211602
86.25,64,E4,987.875732421875,0.30825066566467285,2198.7089901211602
86.25,60,C4,987.875732421875,0.30825066566467285,2198.7089901211602
86.25,59,B3,987.875732421875,0.30825066566467285,2198.7089901211602
86.25,74,D5,987.875732421875,0.30825066566467285,2198.7089901211602
86.625,76,E5,829.6847534179688,0.237391859292984,2570.4369650200206
86.8125,72,C5,991.0838012695312,0.21896210312843323,2231.5282925028546
87.0,55,G3,990.1761474609375,0.22720789909362793,1755.4729534060473
87.0,60,C4,990.1761474609375,0.22720789909362793,1755.4729534060473
87.0,48,C3,990.1761474609375,0.22720789909362793,1755.4729534060473
87.0,60,C4,990.1761474609375,0.22720789909362793,1755.4729534060473
87.0,72,C5,990.1761474609375,0.22720789909362793,1755.4729534060473
87.0,76,E5,990.1761474609375,0.22720789909362793,1755.4729534060473
87.0,72,C5,990.1761474609375,0.22720789909362793,1755.4729534060473
87.0,67,G4,990.1761474609375,0.22720789909362793,1755.4729534060473
87.0,59,B3,990.1761474609375,0.22720789909362793,1755.4729534060473
87.0,36,C2,990.1761474609375,0.22720789909362793,1755.4729534060473
87.0,64,E4,990.1761474609375,0.22720789909362793,1755.4729534060473
87.0,67,G4,990.1761474609375,0.22720789909362793,1755.4729534060473
87.0,72,C5,990.1761474609375,0.22720789909362793,1755.4729534060473
87.0,36,C2,990.1761474609375,0.22720789909362793,1755.4729534060473
87.375,64,E4,1155.9197998046875,0.2010451853275299,1443.1123455462675
87.75,55,G3,1155.8482666015625,0.19673855602741241,1384.0559688071107
87.75,60,C4,1155.8482666015625,0.19673855602741241,1384.0559688071107
87.75,59,B3,1155.8482666015625,0.19673855602741241,1384.0559688071107
88.5,55,G3,1034.4580078125,0.1882874220609665,1963.0574328969524
88.5,60,C4,1034.4580078125,0.1882874220609665,1963.0574328969524
88.5,67,G4,1034.4580078125,0.1882874220609665,1963.0574328969524
88.5,72,C5,1034.4580078125,0.1882874220609665,1963.0574328969524
88.5,77,F5,1034.4580078125,0.1882874220609665,1963.0574328969524
88.5,59,B3,1034.4580078125,0.1882874220609665,1963.0574328969524
88.5,65,F4,1034.4580078125,0.1882874220609665,1963.0574328969524
89.25,55,G3,994.3819580078125,0.3397415280342102,1807.1817578429932
89.25,60,C4,994.3819580078125,0.3397415280342102,1807.1817578429932
89.25,59,B3,994.3819580078125,0.3397415280342102,1807.1817578429932
89.625,36,C2,828.751708984375,0.24295946955680847,1079.301987860055
89.625,31,G1,828.751708984375,0.24295946955680847,1079.301987860055
90.0,55,G3,989.018310546875,0.21464955806732178,918.7295023928102
90.0,60,C4,989.018310546875,0.21464955806732178,918.7295023928102
90.0,48,C3,989.018310546875,0.21464955806732178,918.7295023928102
90.0,72,C5,989.018310546875,0.21464955806732178,918.7295023928102
90.0,60,C4,989.018310546875,0.21464955806732178,918.7295023928102
90.0,67,G4,989.018310546875,0.21464955806732178,918.7295023928102
90.0,72,C5,989.018310546875,0.21464955806732178,918.7295023928102
90.0,76,E5,989.018310546875,0.21464955806732178,918.7295023928102
90.0,59,B3,989.018310546875,0.21464955806732178,918.7295023928102
90.0,36,C2,989.018310546875,0.21464955806732178,918.7295023928102
90.0,64,E4,989.018310546875,0.21464955806732178,918.7295023928102
90.0,72,C5,989.018310546875,0.21464955806732178,918.7295023928102
90.0,36,C2,989.018310546875,0.21464955806732178,918.7295023928102
90.75,55,G3,1116.7454833984375,0.1470525860786438,1380.8862875698994
90.75,60,C4,1116.7454833984375,0.1470525860786438,1380.8862875698994
90.75,59,B3,1116.7454833984375,0.1470525860786438,1380.8862875698994
91.5,60,C4,832.2186889648438,0.15542377531528473,1055.366798034487
91.5,55,G3,832.2186889648438,0.15542377531528473,1055.366798034487
91.5,38,D2,832.2186889648438,0.15542377531528473,1055.366798034487
91.5,59,B3,832.2186889648438,0.15542377531528473,1055.366798034487
91.5,62,D4,832.2186889648438,0.15542377531528473,1055.366798034487
91.875,36,C2,990.0718383789062,0.14465050399303436,1589.376766509959
92.25,55,G3,1140.6097412109375,0.11863604933023453,1493.6960963060405
92.25,60,C4,1140.6097412109375,0.11863604933023453,1493.6960963060405
92.25,36,C2,1140.6097412109375,0.11863604933023453,1493.6960963060405
92.25,59,B3,1140.6097412109375,0.11863604933023453,1493.6960963060405
92.25,60,C4,1140.6097412109375,0.11863604933023453,1493.6960963060405
92.4375,36,C2,860.3455810546875,0.4259525537490845,1356.1792496632606
92.625,36,C2,1112.1917724609375,0.3709820508956909,992.5024869658239
93.0,53,F3,462.1473083496094,0.27703890204429626,1067.094425202808
93.0,62,D4,462.1473083496094,0.27703890204429626,1067.094425202808
93.0,57,A3,462.1473083496094,0.27703890204429626,1067.094425202808
93.0,50,D3,462.1473083496094,0.27703890204429626,1067.094425202808
93.0,62,D4,462.1473083496094,0.27703890204429626,1067.094425202808
93.0,74,D5,462.1473083496094,0.27703890204429626,1067.094425202808
93.0,69,A4,462.1473083496094,0.27703890204429626,1067.094425202808
93.0,74,D5,462.1473083496094,0.27703890204429626,1067.094425202808
93.0,77,F5,462.1473083496094,0.27703890204429626,1067.094425202808
93.0,59,B3,462.1473083496094,0.27703890204429626,1067.094425202808
93.0,36,C2,462.1473083496094,0.27703890204429626,1067.094425202808
93.0,38,D2,462.1473083496094,0.27703890204429626,1067.094425202808
93.75,53,F3,1100.25146484375,0.2190040796995163,1215.9745126340226
93.75,57,A3,1100.25146484375,0.2190040796995163,1215.9745126340226
93.75,62,D4,1100.25146484375,0.2190040796995163,1215.9745126340226
93.75,59,B3,1100.25146484375,0.2190040796995163,1215.9745126340226
93.75,38,D2,1100.25146484375,0.2190040796995163,1215.9745126340226
93.75,38,D2,1100.25146484375,0.2190040796995163,1215.9745126340226
94.5,53,F3,989.4130859375,0.18914639949798584,1157.583642273473
94.5,57,A3,989.4130859375,0.18914639949798584,1157.583642273473
94.5,62,D4,989.4130859375,0.18914639949798584,1157.583642273473
94.5,36,C2,989.4130859375,0.18914639949798584,1157.583642273473
94.5,59,B3,989.4130859375,0.18914639949798584,1157.583642273473
94.5,76,E5,989.4130859375,0.18914639949798584,1157.583642273473
94.5,38,D2,989.4130859375,0.18914639949798584,1157.583642273473
94.6875,74,D5,1120.1123046875,0.1647624969482422,1264.630632926291
94.875,36,C2,1110.1290283203125,0.192805215716362,1586.9128033220727
94.875,38,D2,1110.1290283203125,0.192805215716362,1586.9128033220727
95.0625,76,E5,1107.9537353515625,0.17562231421470642,1424.3654206587705
95.25,53,F3,982.124267578125,0.33744367957115173,1108.151875092372
95.25,62,D4,982.124267578125,0.33744367957115173,1108.151875092372
95.25,57,A3,982.124267578125,0.33744367957115173,1108.151875092372
95.25,38,D2,982.124267578125,0.33744367957115173,1108.151875092372
95.25,59,B3,982.124267578125,0.33744367957115173,1108.151875092372
95.625,36,C2,990.0469360351562,0.39776161313056946,1002.6024277410011
95.625,79,G5,990.0469360351562,0.39776161313056946,1002.6024277410011
95.625,38,D2,990.0469360351562,0.39776161313056946,1002.6024277410011
95.8125,76,E5,928.0555419921875,0.3308526575565338,903.4412106900206
96.0,59,B3,932.94384765625,0.325429230928421,938.5352245531357
96.0,62,D4,932.94384765625,0.325429230928421,938.5352245531357
96.0,55,G3,932.94384765625,0.325429230928421,938.5352245531357
96.0,79,G5,932.94384765625,0.325429230928421,938.5352245531357
96.0,67,G4,932.94384765625,0.325429230928421,938.5352245531357
96.0,71,B4,932.94384765625,0.325429230928421,938.5352245531357
96.0,74,D5,932.94384765625,0.325429230928421,938.5352245531357
96.0,79,G5,932.94384765625,0.325429230928421,938.5352245531357
96.0,59,B3,932.94384765625,0.325429230928421,938.5352245531357
96.0,36,C2,932.94384765625,0.325429230928421,938.5352245531357
96.0,43,G2,932.94384765625,0.325429230928421,938.5352245531357
96.375,74,D5,930.7808837890625,0.29110515117645264,1643.1978523959333
96.75,59,B3,985.5843505859375,0.26281067728996277,1326.917704610613
96.75,62,D4,985.5843505859375,0.26281067728996277,1326.917704610613
96.75,59,B3,985.5843505859375,0.26281067728996277,1326.917704610613
96.75,38,D2,985.5843505859375,0.26281067728996277,1326.917704610613
96.75,43,G2,985.5843505859375,0.26281067728996277,1326.917704610613
97.125,74,D5,1110.1248779296875,0.33348193764686584,2034.736957678795
97.3125,74,D5,1115.4234619140625,0.293648898601532,2169.6877708385246
97.5,59,B3,1109.2498779296875,0.26341885328292847,1315.800416000316
97.5,62,D4,1109.2498779296875,0.26341885328292847,1315.800416000316
97.5,36,C2,1109.2498779296875,0.26341885328292847,1315.800416000316
97.5,59,B3,1109.2498779296875,0.26341885328292847,1315.800416000316
97.5,77,F5,1109.2498779296875,0.26341885328292847,1315.800416000316
97.5,43,G2,1109.2498779296875,0.26341885328292847,1315.800416000316
97.875,36,C2,1124.660400390625,0.32486775517463684,2361.852019168823
97.875,76,E5,1124.660400390625,0.32486775517463684,2361.852019168823
97.875,43,G2,1124.660400390625,0.32486775517463684,2361.852019168823
98.25,59,B3,992.7061767578125,0.3351576328277588,1702.5743314808508
98.25,62,D4,992.7061767578125,0.3351576328277588,1702.5743314808508
98.25,38,D2,992.7061767578125,0.3351576328277588,1702.5743314808508
98.25,59,B3,992.7061767578125,0.3351576328277588,1702.5743314808508
98.25,74,D5,992.7061767578125,0.3351576328277588,1702.5743314808508
98.625,36,C2,998.458740234375,0.33033207058906555,1996.5495133632517
98.625,76,E5,998.458740234375,0.33033207058906555,1996.5495133632517
98.625,43,G2,998.458740234375,0.33033207058906555,1996.5495133632517
98.8125,72,C5,1117.2489013671875,0.29427555203437805,2781.958956715186
99.0,55,G3,621.2978515625,0.2957736849784851,2910.950227350542
99.0,60,C4,621.2978515625,0.2957736849784851,2910.950227350542
99.0,48,C3,621.2978515625,0.2957736849784851,2910.950227350542
99.0,67,G4,621.2978515625,0.2957736849784851,2910.950227350542
99.0,72,C5,621.2978515625,0.2957736849784851,2910.950227350542
99.0,76,E5,621.2978515625,0.2957736849784851,2910.950227350542
99.0,59,B3,621.2978515625,0.2957736849784851,2910.950227350542
99.0,36,C2,621.2978515625,0.2957736849784851,2910.950227350542
99.0,36,C2,621.2978515625,0.2957736849784851,2910.950227350542
99.375,76,E5,989.8995971679688,0.2831501364707947,2148.575955685768
99.375,64,E4,989.8995971679688,0.2831501364707947,2148.575955685768
99.75,55,G3,993.1402587890625,0.23947346210479736,1588.4999138964577
99.75,60,C4,993.1402587890625,0.23947346210479736,1588.4999138964577
99.75,76,E5,993.1402587890625,0.23947346210479736,1588.4999138964577
99.75,64,E4,993.1402587890625,0.23947346210479736,1588.4999138964577
99.75,59,B3,993.1402587890625,0.23947346210479736,1588.4999138964577
99.75,38,D2,993.1402587890625,0.23947346210479736,1588.4999138964577
99.75,36,C2,993.1402587890625,0.23947346210479736,1588.4999138964577
100.125,74,D5,988.6914672851562,0.19520293176174164,1299.2660208188051
100.125,62,D4,988.6914672851562,0.19520293176174164,1299.2660208188051
100.3125,72,C5,977.4087524414062,0.19495244324207306,1387.0427258582336
100.3125,60,C4,977.4087524414062,0.19495244324207306,1387.0427258582336
100.5,55,G3,1035.16259765625,0.16166524589061737,1340.4377863572286
100.5,60,C4,1035.16259765625,0.16166524589061737,1340.4377863572286
100.5,67,G4,1035.16259765625,0.16166524589061737,1340.4377863572286
100.5,72,C5,1035.16259765625,0.16166524589061737,1340.4377863572286
100.5,77,F5,1035.16259765625,0.16166524589061737,1340.4377863572286
100.5,36,C2,1035.16259765625,0.16166524589061737,1340.4377863572286
100.5,59,B3,1035.16259765625,0.16166524589061737,1340.4377863572286
100.5,36,C2,1035.16259765625,0.16166524589061737,1340.4377863572286
100.875,77,F5,1156.7630615234375,0.15088407695293427,1098.3599605324102
100.875,65,F4,1156.7630615234375,0.15088407695293427,1098.3599605324102
100.875,36,C2,1156.7630615234375,0.15088407695293427,1098.3599605324102
100.875,36,C2,1156.7630615234375,0.15088407695293427,1098.3599605324102
101.25,55,G3,1009.7946166992188,0.17244476079940796,1420.0989564504962
101.25,60,C4,1009.7946166992188,0.17244476079940796,1420.0989564504962
101.25,77,F5,1009.7946166992188,0.17244476079940796,1420.0989564504962
101.25,65,F4,1009.7946166992188,0.17244476079940796,1420.0989564504962
101.25,38,D2,1009.7946166992188,0.17244476079940796,1420.0989564504962
101.25,59,B3,1009.7946166992188,0.17244476079940796,1420.0989564504962
101.625,76,E5,741.8452758789062,0.271391898393631,1022.4666575066328
101.625,64,E4,741.8452758789062,0.271391898393631,1022.4666575066328
101.625,36,C2,741.8452758789062,0.271391898393631,1022.4666575066328
101.625,36,C2,741.8452758789062,0.271391898393631,1022.4666575066328
101.8125,74,D5,990.1393432617188,0.3309299945831299,1279.451784519178
101.8125,62,D4,990.1393432617188,0.3309299945831299,1279.451784519178
102.0,55,G3,1113.2830810546875,0.32029658555984497,1086.085171002749
102.0,60,C4,1113.2830810546875,0.32029658555984497,1086.085171002749
102.0,48,C3,1113.2830810546875,0.32029658555984497,1086.085171002749
102.0,67,G4,1113.2830810546875,0.32029658555984497,1086.085171002749
102.0,72,C5,1113.2830810546875,0.32029658555984497,1086.085171002749
102.0,76,E5,1113.2830810546875,0.32029658555984497,1086.085171002749
102.0,59,B3,1113.2830810546875,0.32029658555984497,1086.085171002749
102.0,36,C2,1113.2830810546875,0.32029658555984497,1086.085171002749
102.0,36,C2,1113.2830810546875,0.32029658555984497,1086.085171002749
102.375,79,G5,980.70556640625,0.25208163261413574,911.476221399215
102.375,67,G4,980.70556640625,0.25208163261413574,911.476221399215
102.75,55,G3,989.0853881835938,0.19911730289459229,1317.8072803363384
102.75,60,C4,989.0853881835938,0.19911730289459229,1317.8072803363384
102.75,79,G5,989.0853881835938,0.19911730289459229,1317.8072803363384
102.75,67,G4,989.0853881835938,0.19911730289459229,1317.8072803363384
102.75,59,B3,989.0853881835938,0.19911730289459229,1317.8072803363384
102.75,38,D2,989.0853881835938,0.19911730289459229,1317.8072803363384
102.75,36,C2,989.0853881835938,0.19911730289459229,1317.8072803363384
103.125,77,F5,971.0921630859375,0.17823588848114014,1112.965047239492
103.125,65,F4,971.0921630859375,0.17823588848114014,1112.965047239492
103.3125,76,E5,1110.29296875,0.1911628544330597,1302.852783703763
103.3125,64,E4,1110.29296875,0.1911628544330597,1302.852783703763
103.5,55,G3,1108.448974609375,0.1776803582906723,1246.2044390980755
103.5,60,C4,1108.448974609375,0.1776803582906723,1246.2044390980755
103.5,79,G5,1108.448974609375,0.1776803582906723,1246.2044390980755
103.5,67,G4,1108.448974609375,0.1776803582906723,1246.2044390980755
103.5,36,C2,1108.448974609375,0.1776803582906723,1246.2044390980755
103.5,59,B3,1108.448974609375,0.1776803582906723,1246.2044390980755
103.5,36,C2,1108.448974609375,0.1776803582906723,1246.2044390980755
103.6875,77,F5,1109.1531982421875,0.15624377131462097,1232.367601732112
103.6875,65,F4,1109.1531982421875,0.15624377131462097,1232.367601732112
103.875,76,E5,1120.0596923828125,0.1602931022644043,1117.5136047018407
103.875,64,E4,1120.0596923828125,0.1602931022644043,1117.5136047018407
103.875,36,C2,1120.0596923828125,0.1602931022644043,1117.5136047018407
103.875,36,C2,1120.0596923828125,0.1602931022644043,1117.5136047018407
104.0625,74,D5,990.4121704101562,0.1512514352798462,1650.0855764230253
104.0625,62,D4,990.4121704101562,0.1512514352798462,1650.0855764230253
104.25,55,G3,981.2393188476562,0.12517674267292023,1876.0287361518117
104.25,60,C4,981.2393188476562,0.12517674267292023,1876.0287361518117
104.25,77,F5,981.2393188476562,0.12517674267292023,1876.0287361518117
104.25,65,F4,981.2393188476562,0.12517674267292023,1876.0287361518117
104.25,38,D2,981.2393188476562,0.12517674267292023,1876.0287361518117
104.25,59,B3,981.2393188476562,0.12517674267292023,1876.0287361518117
104.4375,76,E5,1106.101318359375,0.13120780885219574,1419.8024224372987
104.4375,64,E4,1106.101318359375,0.13120780885219574,1419.8024224372987
104.625,74,D5,1108.7757568359375,0.12984050810337067,1506.6078405733033
104.625,62,D4,1108.7757568359375,0.12984050810337067,1506.6078405733033
104.625,36,C2,1108.7757568359375,0.12984050810337067,1506.6078405733033
104.8125,72,C5,1111.4105224609375,0.10868430882692337,1321.04296852862
104.8125,60,C4,1111.4105224609375,0.10868430882692337,1321.04296852862
105.0,53,F3,989.378662109375,0.34765568375587463,1148.3828635831464
105.0,62,D4,989.378662109375,0.34765568375587463,1148.3828635831464
105.0,57,A3,989.378662109375,0.34765568375587463,1148.3828635831464
105.0,50,D3,989.378662109375,0.34765568375587463,1148.3828635831464
105.0,62,D4,989.378662109375,0.34765568375587463,1148.3828635831464
105.0,74,D5,989.378662109375,0.34765568375587463,1148.3828635831464
105.0,69,A4,989.378662109375,0.34765568375587463,1148.3828635831464
105.0,74,D5,989.378662109375,0.34765568375587463,1148.3828635831464
105.0,77,F5,989.378662109375,0.34765568375587463,1148.3828635831464
105.0,59,B3,989.378662109375,0.34765568375587463,1148.3828635831464
105.0,36,C2,989.378662109375,0.34765568375587463,1148.3828635831464
105.0,38,D2,989.378662109375,0.34765568375587463,1148.3828635831464
105.75,53,F3,989.5687255859375,0.3187256455421448,1375.5423573393539
105.75,57,A3,989.5687255859375,0.3187256455421448,1375.5423573393539
105.75,62,D4,989.5687255859375,0.3187256455421448,1375.5423573393539
105.75,59,B3,989.5687255859375,0.3187256455421448,1375.5423573393539
105.75,38,D2,989.5687255859375,0.3187256455421448,1375.5423573393539
105.75,38,D2,989.5687255859375,0.3187256455421448,1375.5423573393539
106.125,74,D5,1108.0140380859375,0.2786356210708618,1070.132666963349
106.3125,74,D5,1108.6009521484375,0.2281978577375412,1200.00106582741
106.5,53,F3,988.16455078125,0.23348204791545868,1105.37651115434
106.5,57,A3,988.16455078125,0.23348204791545868,1105.37651115434
106.5,62,D4,988.16455078125,0.23348204791545868,1105.37651115434
106.5,36,C2,988.16455078125,0.23348204791545868,1105.37651115434
106.5,59,B3,988.16455078125,0.23348204791545868,1105.37651115434
106.5,76,E5,988.16455078125,0.23348204791545868,1105.37651115434
106.5,38,D2,988.16455078125,0.23348204791545868,1105.37651115434
106.875,36,C2,1112.9339599609375,0.22769995033740997,1181.9312270975886
106.875,74,D5,1112.9339599609375,0.22769995033740997,1181.9312270975886
106.875,38,D2,1112.9339599609375,0.22769995033740997,1181.9312270975886
107.0625,76,E5,1111.881591796875,0.17772676050662994,1340.3115010430154
107.25,53,F3,1112.0614013671875,0.16606055200099945,2026.2868518250953
107.25,62,D4,1112.0614013671875,0.16606055200099945,2026.2868518250953
107.25,57,A3,1112.0614013671875,0.16606055200099945,2026.2868518250953
107.25,38,D2,1112.0614013671875,0.16606055200099945,2026.2868518250953
107.25,59,B3,1112.0614013671875,0.16606055200099945,2026.2868518250953
107.625,36,C2,1109.38525390625,0.37061184644699097,1635.610168647651
107.625,79,G5,1109.38525390625,0.37061184644699097,1635.610168647651
107.625,38,D2,1109.38525390625,0.37061184644699097,1635.610168647651
107.8125,76,E5,1110.5755615234375,0.30721330642700195,1064.0902468776728
108.0,59,B3,985.816162109375,0.42664673924446106,1457.7810855719404
108.0,62,D4,985.816162109375,0.42664673924446106,1457.7810855719404
108.0,55,G3,985.816162109375,0.42664673924446106,1457.7810855719404
108.0,79,G5,985.816162109375,0.42664673924446106,1457.7810855719404
108.0,67,G4,985.816162109375,0.42664673924446106,1457.7810855719404
108.0,71,B4,985.816162109375,0.42664673924446106,1457.7810855719404
108.0,74,D5,985.816162109375,0.42664673924446106,1457.7810855719404
108.0,79,G5,985.816162109375,0.42664673924446106,1457.7810855719404
108.0,59,B3,985.816162109375,0.42664673924446106,1457.7810855719404
108.0,36,C2,985.816162109375,0.42664673924446106,1457.7810855719404
108.0,31,G1,985.816162109375,0.42664673924446106,1457.7810855719404
108.375,74,D5,989.2993774414062,0.3146483600139618,1056.8988410904144
108.75,59,B3,988.55859375,0.3019293248653412,1830.9096155719508
108.75,62,D4,988.55859375,0.3019293248653412,1830.9096155719508
108.75,59,B3,988.55859375,0.3019293248653412,1830.9096155719508
108.75,38,D2,988.55859375,0.3019293248653412,1830.9096155719508
108.75,31,G1,988.55859375,0.3019293248653412,1830.9096155719508
109.125,74,D5,739.0939331054688,0.24353474378585815,1285.965320339137
109.3125,74,D5,1110.561279296875,0.22204767167568207,1263.186431006486
109.5,59,B3,1102.91943359375,0.25643661618232727,1686.9852976381942
109.5,62,D4,1102.91943359375,0.25643661618232727,1686.9852976381942
109.5,36,C2,1102.91943359375,0.25643661618232727,1686.9852976381942
109.5,59,B3,1102.91943359375,0.25643661618232727,1686.9852976381942
109.5,77,F5,1102.91943359375,0.25643661618232727,1686.9852976381942
109.5,31,G1,1102.91943359375,0.25643661618232727,1686.9852976381942
109.875,36,C2,1112.546630859375,0.24377602338790894,1574.0622970328704
109.875,76,E5,1112.546630859375,0.24377602338790894,1574.0622970328704
109.875,31,G1,1112.546630859375,0.24377602338790894,1574.0622970328704
110.25,59,B3,1112.3997802734375,0.22270970046520233,1298.4160358799054
110.25,62,D4,1112.3997802734375,0.22270970046520233,1298.4160358799054
110.25,38,D2,1112.3997802734375,0.22270970046520233,1298.4160358799054
110.25,59,B3,1112.3997802734375,0.22270970046520233,1298.4160358799054
110.25,74,D5,1112.3997802734375,0.22270970046520233,1298.4160358799054
110.625,36,C2,988.0095825195312,0.37149691581726074,1061.3579751817806
110.625,76,E5,988.0095825195312,0.37149691581726074,1061.3579751817806
110.625,31,G1,988.0095825195312,0.37149691581726074,1061.3579751817806
110.8125,72,C5,988.2164306640625,0.3402077257633209,1029.1487815936493
111.0,55,G3,980.0079345703125,0.2616342008113861,1098.6564576278915
111.0,60,C4,980.0079345703125,0.2616342008113861,1098.6564576278915
111.0,48,C3,980.0079345703125,0.2616342008113861,1098.6564576278915
111.0,72,C5,980.0079345703125,0.2616342008113861,1098.6564576278915
111.0,76,E5,980.0079345703125,0.2616342008113861,1098.6564576278915
111.0,59,B3,980.0079345703125,0.2616342008113861,1098.6564576278915
111.0,36,C2,980.0079345703125,0.2616342008113861,1098.6564576278915
111.0,36,C2,980.0079345703125,0.2616342008113861,1098.6564576278915
111.375,76,E5,1110.653564453125,0.26710617542266846,2886.364574283768
111.375,64,E4,1110.653564453125,0.26710617542266846,2886.364574283768
111.375,64,E4,1110.653564453125,0.26710617542266846,2886.364574283768
111.75,55,G3,1103.4661865234375,0.22153542935848236,2480.244505433262
111.75,60,C4,1103.4661865234375,0.22153542935848236,2480.244505433262
111.75,76,E5,1103.4661865234375,0.22153542935848236,2480.244505433262
111.75,64,E4,1103.4661865234375,0.22153542935848236,2480.244505433262
111.75,67,G4,1103.4661865234375,0.22153542935848236,2480.244505433262
111.75,67,G4,1103.4661865234375,0.22153542935848236,2480.244505433262
111.75,59,B3,1103.4661865234375,0.22153542935848236,2480.244505433262
111.75,38,D2,1103.4661865234375,0.22153542935848236,2480.244505433262
111.75,36,C2,1103.4661865234375,0.22153542935848236,2480.244505433262
112.125,74,D5,987.6564331054688,0.19243793189525604,1879.3520347842782
112.125,62,D4,987.6564331054688,0.19243793189525604,1879.3520347842782
112.3125,72,C5,988.4658203125,0.18777288496494293,1621.2360798040195
112.3125,60,C4,988.4658203125,0.18777288496494293,1621.2360798040195
112.5,55,G3,1034.6820068359375,0.1529061198234558,1408.7579445361293
112.5,60,C4,1034.6820068359375,0.1529061198234558,1408.7579445361293
112.5,67,G4,1034.6820068359375,0.1529061198234558,1408.7579445361293
112.5,72,C5,1034.6820068359375,0.1529061198234558,1408.7579445361293
112.5,77,F5,1034.6820068359375,0.1529061198234558,1408.7579445361293
112.5,36,C2,1034.6820068359375,0.1529061198234558,1408.7579445361293
112.5,59,B3,1034.6820068359375,0.1529061198234558,1408.7579445361293
112.5,36,C2,1034.6820068359375,0.1529061198234558,1408.7579445361293
112.875,77,F5,1154.9649658203125,0.1463792473077774,1411.6609262671957
112.875,65,F4,1154.9649658203125,0.1463792473077774,1411.6609262671957
112.875,36,C2,1154.9649658203125,0.1463792473077774,1411.6609262671957
112.875,36,C2,1154.9649658203125,0.1463792473077774,1411.6609262671957
113.25,55,G3,660.3193359375,0.2590858042240143,1089.1112473568562
113.25,60,C4,660.3193359375,0.2590858042240143,1089.1112473568562
113.25,77,F5,660.3193359375,0.2590858042240143,1089.1112473568562
113.25,65,F4,660.3193359375,0.2590858042240143,1089.1112473568562
113.25,38,D2,660.3193359375,0.2590858042240143,1089.1112473568562
113.25,59,B3,660.3193359375,0.2590858042240143,1089.1112473568562
113.625,76,E5,988.0746459960938,0.2519293427467346,1474.0256207512211
113.625,64,E4,988.0746459960938,0.2519293427467346,1474.0256207512211
113.625,36,C2,988.0746459960938,0.2519293427467346,1474.0256207512211
113.625,36,C2,988.0746459960938,0.2519293427467346,1474.0256207512211
113.8125,74,D5,657.40283203125,0.28295081853866577,1032.6588396350662
113.8125,62,D4,657.40283203125,0.28295081853866577,1032.6588396350662
114.0,55,G3,658.9692993164062,0.24196335673332214,967.644753185918
114.0,60,C4,658.9692993164062,0.24196335673332214,967.644753185918
114.0,48,C3,658.9692993164062,0.24196335673332214,967.644753185918
114.0,67,G4,658.9692993164062,0.24196335673332214,967.644753185918
114.0,72,C5,658.9692993164062,0.24196335673332214,967.644753185918
114.0,76,E5,658.9692993164062,0.24196335673332214,967.644753185918
114.0,59,B3,658.9692993164062,0.24196335673332214,967.644753185918
114.0,36,C2,658.9692993164062,0.24196335673332214,967.644753185918
114.0,36,C2,658.9692993164062,0.24196335673332214,967.644753185918
114.375,79,G5,830.3856201171875,0.3165837824344635,961.5886480296898
114.375,67,G4,830.3856201171875,0.3165837824344635,961.5886480296898
114.75,55,G3,370.1885070800781,0.24174359440803528,964.3295018721968
114.75,60,C4,370.1885070800781,0.24174359440803528,964.3295018721968
114.75,79,G5,370.1885070800781,0.24174359440803528,964.3295018721968
114.75,67,G4,370.1885070800781,0.24174359440803528,964.3295018721968
114.75,59,B3,370.1885070800781,0.24174359440803528,964.3295018721968
114.75,38,D2,370.1885070800781,0.24174359440803528,964.3295018721968
114.75,36,C2,370.1885070800781,0.24174359440803528,964.3295018721968
115.125,77,F5,1109.289794921875,0.2322535365819931,1670.2990337888912
115.125,65,F4,1109.289794921875,0.2322535365819931,1670.2990337888912
115.3125,76,E5,1018.8606567382812,0.1610874980688095,1624.8522435656635
115.3125,64,E4,1018.8606567382812,0.1610874980688095,1624.8522435656635
115.5,55,G3,1109.62353515625,0.14126166701316833,1322.991205266598
115.5,60,C4,1109.62353515625,0.14126166701316833,1322.991205266598
115.5,79,G5,1109.62353515625,0.14126166701316833,1322.991205266598
115.5,67,G4,1109.62353515625,0.14126166701316833,1322.991205266598
115.5,38,D2,1109.62353515625,0.14126166701316833,1322.991205266598
115.5,59,B3,1109.62353515625,0.14126166701316833,1322.991205266598
115.5,36,C2,1109.62353515625,0.14126166701316833,1322.991205266598
115.6875,77,F5,1111.061767578125,0.39534100890159607,1552.7716111415502
115.6875,65,F4,1111.061767578125,0.39534100890159607,1552.7716111415502
115.875,76,E5,1167.41162109375,0.2241266369819641,1334.7071599485625
115.875,64,E4,1167.41162109375,0.2241266369819641,1334.7071599485625
115.875,36,C2,1167.41162109375,0.2241266369819641,1334.7071599485625
115.875,36,C2,1167.41162109375,0.2241266369819641,1334.7071599485625
116.0625,74,D5,1110.1103515625,0.38547322154045105,1638.5633211519248
116.0625,62,D4,1110.1103515625,0.38547322154045105,1638.5633211519248
116.25,55,G3,187.2119140625,0.27325624227523804,1272.5506387899322
116.25,60,C4,187.2119140625,0.27325624227523804,1272.5506387899322
116.25,77,F5,187.2119140625,0.27325624227523804,1272.5506387899322
116.25,65,F4,187.2119140625,0.27325624227523804,1272.5506387899322
116.25,36,C2,187.2119140625,0.27325624227523804,1272.5506387899322
116.25,59,B3,187.2119140625,0.27325624227523804,1272.5506387899322
116.4375,76,E5,1108.0379638671875,0.34170016646385193,2511.6651807774174
116.4375,64,E4,1108.0379638671875,0.34170016646385193,2511.6651807774174
116.4375,36,C2,1108.0379638671875,0.34170016646385193,2511.6651807774174
116.625,74,D5,1110.280029296875,0.29410016536712646,1919.2193361535487
116.625,62,D4,1110.280029296875,0.29410016536712646,1919.2193361535487
116.625,36,C2,1110.280029296875,0.29410016536712646,1919.2193361535487
116.625,36,C2,1110.280029296875,0.29410016536712646,1919.2193361535487
116.8125,72,C5,836.55224609375,0.37385833263397217,2017.6133417045185
116.8125,60,C4,836.55224609375,0.37385833263397217,2017.6133417045185
117.0,57,A3,832.1204223632812,0.3205134868621826,1036.5638246752058
117.0,64,E4,832.1204223632812,0.3205134868621826,1036.5638246752058
117.0,60,C4,832.1204223632812,0.3205134868621826,1036.5638246752058
117.0,53,F3,832.1204223632812,0.3205134868621826,1036.5638246752058
117.0,65,F4,832.1204223632812,0.3205134868621826,1036.5638246752058
117.0,77,F5,832.1204223632812,0.3205134868621826,1036.5638246752058
117.0,69,A4,832.1204223632812,0.3205134868621826,1036.5638246752058
117.0,76,E5,832.1204223632812,0.3205134868621826,1036.5638246752058
117.0,77,F5,832.1204223632812,0.3205134868621826,1036.5638246752058
117.0,72,C5,832.1204223632812,0.3205134868621826,1036.5638246752058
117.0,59,B3,832.1204223632812,0.3205134868621826,1036.5638246752058
117.0,36,C2,832.1204223632812,0.3205134868621826,1036.5638246752058
117.0,41,F2,832.1204223632812,0.3205134868621826,1036.5638246752058
117.75,60,C4,739.9313354492188,0.32756125926971436,1041.341191982925
117.75,64,E4,739.9313354492188,0.32756125926971436,1041.341191982925
117.75,57,A3,739.9313354492188,0.32756125926971436,1041.341191982925
117.75,59,B3,739.9313354492188,0.32756125926971436,1041.341191982925
118.3125,72,C5,989.4548950195312,0.23925356566905975,1482.8121058846282
118.5,60,C4,1097.615966796875,0.25373533368110657,1220.6574499383858
118.5,64,E4,1097.615966796875,0.25373533368110657,1220.6574499383858
118.5,57,A3,1097.615966796875,0.25373533368110657,1220.6574499383858
118.5,59,B3,1097.615966796875,0.25373533368110657,1220.6574499383858
118.5,81,A5,1097.615966796875,0.25373533368110657,1220.6574499383858
118.6875,79,G5,1100.4998779296875,0.23762987554073334,1265.4013936141353
119.0625,77,F5,1109.6558837890625,0.1596970558166504,1439.890144567856
119.25,60,C4,741.2324829101562,0.43815407156944275,1047.816176641609
119.25,57,A3,741.2324829101562,0.43815407156944275,1047.816176641609
119.25,64,E4,741.2324829101562,0.43815407156944275,1047.816176641609
119.25,59,B3,741.2324829101562,0.43815407156944275,1047.816176641609
119.4375,76,E5,370.3265380859375,0.325257807970047,921.6461615243686
119.625,76,E5,989.2064208984375,0.36960887908935547,2747.5829906987874
119.625,40,E2,989.2064208984375,0.36960887908935547,2747.5829906987874
119.8125,79,G5,552.9766235351562,0.33103305101394653,1486.916053753302
120.0,57,A3,741.8738403320312,0.330918550491333,1178.6916530230537
120.0,64,E4,741.8738403320312,0.330918550491333,1178.6916530230537
120.0,60,C4,741.8738403320312,0.330918550491333,1178.6916530230537
120.0,50,D3,741.8738403320312,0.330918550491333,1178.6916530230537
120.0,62,D4,741.8738403320312,0.330918550491333,1178.6916530230537
120.0,74,D5,741.8738403320312,0.330918550491333,1178.6916530230537
120.0,69,A4,741.8738403320312,0.330918550491333,1178.6916530230537
120.0,76,E5,741.8738403320312,0.330918550491333,1178.6916530230537
120.0,74,D5,741.8738403320312,0.330918550491333,1178.6916530230537
120.0,72,C5,741.8738403320312,0.330918550491333,1178.6916530230537
120.0,59,B3,741.8738403320312,0.330918550491333,1178.6916530230537
120.0,38,D2,741.8738403320312,0.330918550491333,1178.6916530230537
120.375,76,E5,494.7998046875,0.45023036003112793,1275.138084906091
120.5625,74,D5,740.1163940429688,0.2918758690357208,1031.4749292650097
120.75,57,A3,735.5531005859375,0.2918175160884857,990.5944735614976
120.75,60,C4,735.5531005859375,0.2918175160884857,990.5944735614976
120.75,64,E4,735.5531005859375,0.2918175160884857,990.5944735614976
120.75,59,B3,735.5531005859375,0.2918175160884857,990.5944735614976
120.75,74,D5,735.5531005859375,0.2918175160884857,990.5944735614976
121.125,74,D5,987.12548828125,0.336605429649353,3003.7239703956684
121.125,74,D5,987.12548828125,0.336605429649353,3003.7239703956684
121.3125,76,E5,989.728759765625,0.26223382353782654,1690.736250004652
121.5,57,A3,1112.918212890625,0.24358797073364258,1360.0077044092818
121.5,60,C4,1112.918212890625,0.24358797073364258,1360.0077044092818
121.5,64,E4,1112.918212890625,0.24358797073364258,1360.0077044092818
121.5,59,B3,1112.918212890625,0.24358797073364258,1360.0077044092818
121.5,77,F5,1112.918212890625,0.24358797073364258,1360.0077044092818
121.5,79,G5,1112.918212890625,0.24358797073364258,1360.0077044092818
121.6875,79,G5,1111.3673095703125,0.20391395688056946,1382.9457843123112
121.875,76,E5,1109.1641845703125,0.4162352681159973,1760.6830916728145
122.0625,74,D5,1109.6141357421875,0.26473596692085266,1262.8243388298056
122.25,57,A3,738.787109375,0.33474889397621155,1817.5239608411198
122.25,64,E4,738.787109375,0.33474889397621155,1817.5239608411198
122.25,60,C4,738.787109375,0.33474889397621155,1817.5239608411198
122.25,59,B3,738.787109375,0.33474889397621155,1817.5239608411198
122.625,79,G5,997.6182250976562,0.34128114581108093,2635.325488988952
122.625,76,E5,997.6182250976562,0.34128114581108093,2635.325488988952
122.8125,72,C5,987.208984375,0.3514123857021332,1745.1104735448762
123.0,55,G3,989.1669311523438,0.34303945302963257,2301.6666423712973
123.0,60,C4,989.1669311523438,0.34303945302963257,2301.6666423712973
123.0,48,C3,989.1669311523438,0.34303945302963257,2301.6666423712973
123.0,60,C4,989.1669311523438,0.34303945302963257,2301.6666423712973
123.0,72,C5,989.1669311523438,0.34303945302963257,2301.6666423712973
123.0,67,G4,989.1669311523438,0.34303945302963257,2301.6666423712973
123.0,72,C5,989.1669311523438,0.34303945302963257,2301.6666423712973
123.0,76,E5,989.1669311523438,0.34303945302963257,2301.6666423712973
123.0,59,B3,989.1669311523438,0.34303945302963257,2301.6666423712973
123.0,36,C2,989.1669311523438,0.34303945302963257,2301.6666423712973
123.0,76,E5,989.1669311523438,0.34303945302963257,2301.6666423712973
123.0,64,E4,989.1669311523438,0.34303945302963257,2301.6666423712973
123.0,67,G4,989.1669311523438,0.34303945302963257,2301.6666423712973
123.0,72,C5,989.1669311523438,0.34303945302963257,2301.6666423712973
123.0,36,C2,989.1669311523438,0.34303945302963257,2301.6666423712973
123.75,55,G3,987.6713256835938,0.2510918080806732,1113.3976445241442
123.75,60,C4,987.6713256835938,0.2510918080806732,1113.3976445241442
123.75,59,B3,987.6713256835938,0.2510918080806732,1113.3976445241442
124.5,55,G3,987.3309326171875,0.1845414936542511,1494.8741814802825
124.5,60,C4,987.3309326171875,0.1845414936542511,1494.8741814802825
124.5,67,G4,987.3309326171875,0.1845414936542511,1494.8741814802825
124.5,60,C4,987.3309326171875,0.1845414936542511,1494.8741814802825
124.5,77,F5,987.3309326171875,0.1845414936542511,1494.8741814802825
124.5,72,C5,987.3309326171875,0.1845414936542511,1494.8741814802825
124.5,59,B3,987.3309326171875,0.1845414936542511,1494.8741814802825
124.5,65,F4,987.3309326171875,0.1845414936542511,1494.8741814802825
125.25,55,G3,1111.4581298828125,0.14390583336353302,1370.8516436917166
125.25,60,C4,1111.4581298828125,0.14390583336353302,1370.8516436917166
125.25,38,D2,1111.4581298828125,0.14390583336353302,1370.8516436917166
125.25,59,B3,1111.4581298828125,0.14390583336353302,1370.8516436917166
125.625,36,C2,990.008544921875,0.2560555636882782,1031.1262315249342
125.625,31,G1,990.008544921875,0.2560555636882782,1031.1262315249342
126.0,55,G3,988.424072265625,0.19810815155506134,1454.3607476125999
126.0,60,C4,988.424072265625,0.19810815155506134,1454.3607476125999
126.0,48,C3,988.424072265625,0.19810815155506134,1454.3607476125999
126.0,72,C5,988.424072265625,0.19810815155506134,1454.3607476125999
126.0,60,C4,988.424072265625,0.19810815155506134,1454.3607476125999
126.0,67,G4,988.424072265625,0.19810815155506134,1454.3607476125999
126.0,72,C5,988.424072265625,0.19810815155506134,1454.3607476125999
126.0,76,E5,988.424072265625,0.19810815155506134,1454.3607476125999
126.0,59,B3,988.424072265625,0.19810815155506134,1454.3607476125999
126.0,36,C2,988.424072265625,0.19810815155506134,1454.3607476125999
126.0,64,E4,988.424072265625,0.19810815155506134,1454.3607476125999
126.0,72,C5,988.424072265625,0.19810815155506134,1454.3607476125999
126.0,36,C2,988.424072265625,0.19810815155506134,1454.3607476125999
126.75,55,G3,1111.28857421875,0.29240691661834717,934.6466849607325
126.75,60,C4,1111.28857421875,0.29240691661834717,934.6466849607325
126.75,59,B3,1111.28857421875,0.29240691661834717,934.6466849607325
127.5,60,C4,1168.0289306640625,0.2027929723262787,1533.7570734652077
127.5,55,G3,1168.0289306640625,0.2027929723262787,1533.7570734652077
127.5,59,B3,1168.0289306640625,0.2027929723262787,1533.7570734652077
127.5,62,D4,1168.0289306640625,0.2027929723262787,1533.7570734652077
128.0625,36,C2,1111.4141845703125,0.35471636056900024,1178.9633793401495
128.25,55,G3,1108.8262939453125,0.19850824773311615,1280.6578057025322
128.25,60,C4,1108.8262939453125,0.19850824773311615,1280.6578057025322
128.25,36,C2,1108.8262939453125,0.19850824773311615,1280.6578057025322
128.25,59,B3,1108.8262939453125,0.19850824773311615,1280.6578057025322
128.625,36,C2,556.9530029296875,0.3041020929813385,926.6597346754513
128.625,60,C4,556.9530029296875,0.3041020929813385,926.6597346754513
128.8125,72,C5,1109.96484375,0.3187965750694275,3071.1746639327484
129.0,57,A3,1109.6075439453125,0.27655163407325745,1563.5692223716323
129.0,64,E4,1109.6075439453125,0.27655163407325745,1563.5692223716323
129.0,60,C4,1109.6075439453125,0.27655163407325745,1563.5692223716323
129.0,53,F3,1109.6075439453125,0.27655163407325745,1563.5692223716323
129.0,65,F4,1109.6075439453125,0.27655163407325745,1563.5692223716323
129.0,77,F5,1109.6075439453125,0.27655163407325745,1563.5692223716323
129.0,69,A4,1109.6075439453125,0.27655163407325745,1563.5692223716323
129.0,76,E5,1109.6075439453125,0.27655163407325745,1563.5692223716323
129.0,77,F5,1109.6075439453125,0.27655163407325745,1563.5692223716323
129.0,72,C5,1109.6075439453125,0.27655163407325745,1563.5692223716323
129.0,59,B3,1109.6075439453125,0.27655163407325745,1563.5692223716323
129.0,36,C2,1109.6075439453125,0.27655163407325745,1563.5692223716323
129.0,81,A5,1109.6075439453125,0.27655163407325745,1563.5692223716323
129.0,41,F2,1109.6075439453125,0.27655163407325745,1563.5692223716323
129.1875,79,G5,278.92279052734375,0.4083491563796997,1381.5636293452217
129.375,81,A5,368.881103515625,0.32087746262550354,991.5861022869101
129.5625,79,G5,1108.7623291015625,0.3681909739971161,2125.35185804961
129.75,60,C4,989.7518920898438,0.364186555147171,913.1208713090381
129.75,64,E4,989.7518920898438,0.364186555147171,913.1208713090381
129.75,57,A3,989.7518920898438,0.364186555147171,913.1208713090381
129.75,59,B3,989.7518920898438,0.364186555147171,913.1208713090381
129.75,81,A5,989.7518920898438,0.364186555147171,913.1208713090381
130.125,81,A5,740.696533203125,0.32383692264556885,1110.6256414086806
130.5,60,C4,1110.0457763671875,0.27185073494911194,1956.8377439579313
130.5,64,E4,1110.0457763671875,0.27185073494911194,1956.8377439579313
130.5,57,A3,1110.0457763671875,0.27185073494911194,1956.8377439579313
130.5,59,B3,1110.0457763671875,0.27185073494911194,1956.8377439579313
130.5,81,A5,1110.0457763671875,0.27185073494911194,1956.8377439579313
130.6875,79,G5,931.2474365234375,0.25413253903388977,1654.7507277883656
130.875,81,A5,1100.84423828125,0.2317533791065216,1406.6319011596884
131.0625,79,G5,1106.6297607421875,0.2302011400461197,1324.2490317192646
131.25,60,C4,1108.1373291015625,0.3421688377857208,1130.6659707234667
131.25,57,A3,1108.1373291015625,0.3421688377857208,1130.6659707234667
131.25,64,E4,1108.1373291015625,0.3421688377857208,1130.6659707234667
131.25,38,D2,1108.1373291015625,0.3421688377857208,1130.6659707234667
131.25,59,B3,1108.1373291015625,0.3421688377857208,1130.6659707234667
131.25,81,A5,1108.1373291015625,0.3421688377857208,1130.6659707234667
131.625,36,C2,738.4911499023438,0.356167733669281,1172.3929074586308
131.625,81,A5,738.4911499023438,0.356167733669281,1172.3929074586308
131.625,40,E2,738.4911499023438,0.356167733669281,1172.3929074586308
132.0,57,A3,731.3858032226562,0.31775790452957153,2491.7223593860963
132.0,64,E4,731.3858032226562,0.31775790452957153,2491.7223593860963
132.0,60,C4,731.3858032226562,0.31775790452957153,2491.7223593860963
132.0,50,D3,731.3858032226562,0.31775790452957153,2491.7223593860963
132.0,62,D4,731.3858032226562,0.31775790452957153,2491.7223593860963
132.0,74,D5,731.3858032226562,0.31775790452957153,2491.7223593860963
132.0,69,A4,731.3858032226562,0.31775790452957153,2491.7223593860963
132.0,76,E5,731.3858032226562,0.31775790452957153,2491.7223593860963
132.0,74,D5,731.3858032226562,0.31775790452957153,2491.7223593860963
132.0,72,C5,731.3858032226562,0.31775790452957153,2491.7223593860963
132.0,59,B3,731.3858032226562,0.31775790452957153,2491.7223593860963
132.0,36,C2,731.3858032226562,0.31775790452957153,2491.7223593860963
132.0,81,A5,731.3858032226562,0.31775790452957153,2491.7223593860963
132.0,38,D2,731.3858032226562,0.31775790452957153,2491.7223593860963
132.1875,79,G5,369.9610900878906,0.28360432386398315,1442.499536207025
132.375,81,A5,368.07403564453125,0.4050227105617523,1149.7868416647175
132.5625,79,G5,736.60205078125,0.3164307475090027,1158.2013996073963
132.75,57,A3,622.5093994140625,0.41054025292396545,1100.2610841269259
132.75,60,C4,622.5093994140625,0.41054025292396545,1100.2610841269259
132.75,64,E4,622.5093994140625,0.41054025292396545,1100.2610841269259
132.75,59,B3,622.5093994140625,0.41054025292396545,1100.2610841269259
132.75,81,A5,622.5093994140625,0.41054025292396545,1100.2610841269259
133.125,81,A5,731.4537963867188,0.3275277316570282,998.5049905467736
133.5,57,A3,989.9168090820312,0.276163250207901,2841.0563365806984
133.5,60,C4,989.9168090820312,0.276163250207901,2841.0563365806984
133.5,64,E4,989.9168090820312,0.276163250207901,2841.0563365806984
133.5,59,B3,989.9168090820312,0.276163250207901,2841.0563365806984
133.5,81,A5,989.9168090820312,0.276163250207901,2841.0563365806984
133.6875,81,A5,988.4927978515625,0.2605760097503662,1530.3994413306634
133.875,84,C6,862.4711303710938,0.2643832564353943,1373.5492758999408
134.0625,81,A5,1107.921630859375,0.2731620967388153,1413.543429701424
134.25,57,A3,1110.4840087890625,0.36988189816474915,2686.354351771662
134.25,64,E4,1110.4840087890625,0.36988189816474915,2686.354351771662
134.25,60,C4,1110.4840087890625,0.36988189816474915,2686.354351771662
134.25,38,D2,1110.4840087890625,0.36988189816474915,2686.354351771662
134.25,59,B3,1110.4840087890625,0.36988189816474915,2686.354351771662
134.4375,79,G5,1110.998779296875,0.21126820147037506,1745.4689719566481
134.625,76,E5,863.7071533203125,0.3125183880329132,1483.0762893871145
134.8125,81,A5,1103.806396484375,0.2592270076274872,1364.8791894947026
135.0,55,G3,989.1527099609375,0.3727767765522003,1966.1386168448016
135.0,60,C4,989.1527099609375,0.3727767765522003,1966.1386168448016
135.0,48,C3,989.1527099609375,0.3727767765522003,1966.1386168448016
135.0,60,C4,989.1527099609375,0.3727767765522003,1966.1386168448016
135.0,72,C5,989.1527099609375,0.3727767765522003,1966.1386168448016
135.0,67,G4,989.1527099609375,0.3727767765522003,1966.1386168448016
135.0,72,C5,989.1527099609375,0.3727767765522003,1966.1386168448016
135.0,76,E5,989.1527099609375,0.3727767765522003,1966.1386168448016
135.0,59,B3,989.1527099609375,0.3727767765522003,1966.1386168448016
135.0,36,C2,989.1527099609375,0.3727767765522003,1966.1386168448016
135.0,64,E4,989.1527099609375,0.3727767765522003,1966.1386168448016
135.0,67,G4,989.1527099609375,0.3727767765522003,1966.1386168448016
135.0,72,C5,989.1527099609375,0.3727767765522003,1966.1386168448016
135.0,36,C2,989.1527099609375,0.3727767765522003,1966.1386168448016
135.1875,79,G5,556.4022827148438,0.3945051431655884,1743.7902265016305
135.75,55,G3,624.5072021484375,0.3586333692073822,2050.8260866438354
135.75,60,C4,624.5072021484375,0.3586333692073822,2050.8260866438354
135.75,59,B3,624.5072021484375,0.3586333692073822,2050.8260866438354
135.75,79,G5,624.5072021484375,0.3586333692073822,2050.8260866438354
136.5,55,G3,982.7199096679688,0.24104931950569153,2126.1590886070944
136.5,60,C4,982.7199096679688,0.24104931950569153,2126.1590886070944
136.5,67,G4,982.7199096679688,0.24104931950569153,2126.1590886070944
136.5,60,C4,982.7199096679688,0.24104931950569153,2126.1590886070944
136.5,77,F5,982.7199096679688,0.24104931950569153,2126.1590886070944
136.5,72,C5,982.7199096679688,0.24104931950569153,2126.1590886070944
136.5,59,B3,982.7199096679688,0.24104931950569153,2126.1590886070944
136.5,65,F4,982.7199096679688,0.24104931950569153,2126.1590886070944
137.25,55,G3,1158.0772705078125,0.18062834441661835,1529.850380147207
137.25,60,C4,1158.0772705078125,0.18062834441661835,1529.850380147207
137.25,38,D2,1158.0772705078125,0.18062834441661835,1529.850380147207
137.25,59,B3,1158.0772705078125,0.18062834441661835,1529.850380147207
137.25,77,F5,1158.0772705078125,0.18062834441661835,1529.850380147207
137.4375,77,F5,1153.1365966796875,0.1679101139307022,1520.4804525725035
137.625,36,C2,989.57373046875,0.14211136102676392,1604.8673613283138
137.625,79,G5,989.57373046875,0.14211136102676392,1604.8673613283138
137.625,31,G1,989.57373046875,0.14211136102676392,1604.8673613283138
137.8125,77,F5,1158.170166015625,0.16262966394424438,1453.6611190852595
138.0,55,G3,1155.853759765625,0.12948594987392426,1474.6767728376356
138.0,60,C4,1155.853759765625,0.12948594987392426,1474.6767728376356
138.0,48,C3,1155.853759765625,0.12948594987392426,1474.6767728376356
138.0,72,C5,1155.853759765625,0.12948594987392426,1474.6767728376356
138.0,60,C4,1155.853759765625,0.12948594987392426,1474.6767728376356
138.0,67,G4,1155.853759765625,0.12948594987392426,1474.6767728376356
138.0,72,C5,1155.853759765625,0.12948594987392426,1474.6767728376356
138.0,76,E5,1155.853759765625,0.12948594987392426,1474.6767728376356
138.0,59,B3,1155.853759765625,0.12948594987392426,1474.6767728376356
138.0,36,C2,1155.853759765625,0.12948594987392426,1474.6767728376356
138.0,64,E4,1155.853759765625,0.12948594987392426,1474.6767728376356
138.0,72,C5,1155.853759765625,0.12948594987392426,1474.6767728376356
138.0,36,C2,1155.853759765625,0.12948594987392426,1474.6767728376356
138.1875,76,E5,1023.3046875,0.17745967209339142,2749.093350388227
138.75,55,G3,932.74951171875,0.2827097773551941,1171.3485623341512
138.75,60,C4,932.74951171875,0.2827097773551941,1171.3485623341512
138.75,59,B3,932.74951171875,0.2827097773551941,1171.3485623341512
138.75,76,E5,932.74951171875,0.2827097773551941,1171.3485623341512
139.5,60,C4,834.0328979492188,0.254820853471756,1029.2535114173188
139.5,55,G3,834.0328979492188,0.254820853471756,1029.2535114173188
139.5,59,B3,834.0328979492188,0.254820853471756,1029.2535114173188
139.5,62,D4,834.0328979492188,0.254820853471756,1029.2535114173188
139.875,36,C2,1099.657958984375,0.21478049457073212,1277.1157690169123
140.25,55,G3,1108.9278564453125,0.17864295840263367,1428.6294155968533
140.25,60,C4,1108.9278564453125,0.17864295840263367,1428.6294155968533
140.25,36,C2,1108.9278564453125,0.17864295840263367,1428.6294155968533
140.25,59,B3,1108.9278564453125,0.17864295840263367,1428.6294155968533
140.4375,36,C2,1108.718017578125,0.1851605921983719,1480.8159471586564
140.625,36,C2,1120.237060546875,0.16114847362041473,1399.9271877734498
140.625,60,C4,1120.237060546875,0.16114847362041473,1399.9271877734498
140.8125,72,C5,1121.7933349609375,0.1736438274383545,1315.3758651971884
141.0,57,A3,1116.265869140625,0.18701332807540894,1242.165105962899
141.0,64,E4,1116.265869140625,0.18701332807540894,1242.165105962899
141.0,60,C4,1116.265869140625,0.18701332807540894,1242.165105962899
141.0,53,F3,1116.265869140625,0.18701332807540894,1242.165105962899
141.0,65,F4,1116.265869140625,0.18701332807540894,1242.165105962899
141.0,77,F5,1116.265869140625,0.18701332807540894,1242.165105962899
141.0,69,A4,1116.265869140625,0.18701332807540894,1242.165105962899
141.0,76,E5,1116.265869140625,0.18701332807540894,1242.165105962899
141.0,77,F5,1116.265869140625,0.18701332807540894,1242.165105962899
141.0,72,C5,1116.265869140625,0.18701332807540894,1242.165105962899
141.0,59,B3,1116.265869140625,0.18701332807540894,1242.165105962899
141.0,36,C2,1116.265869140625,0.18701332807540894,1242.165105962899
141.0,81,A5,1116.265869140625,0.18701332807540894,1242.165105962899
141.0,41,F2,1116.265869140625,0.18701332807540894,1242.165105962899
141.1875,79,G5,1098.503173828125,0.1416475623846054,1461.4634031764833
141.375,81,A5,1101.00439453125,0.15021587908267975,2598.8649861886324
141.5625,79,G5,988.5631103515625,0.14710962772369385,1607.8772353741879
141.75,60,C4,1102.1702880859375,0.11359356343746185,1557.872488692271
141.75,64,E4,1102.1702880859375,0.11359356343746185,1557.872488692271
141.75,57,A3,1102.1702880859375,0.11359356343746185,1557.872488692271
141.75,59,B3,1102.1702880859375,0.11359356343746185,1557.872488692271
141.75,81,A5,1102.1702880859375,0.11359356343746185,1557.872488692271
142.125,81,A5,620.3373413085938,0.3975073993206024,1097.744677806409
142.3125,79,G5,990.336181640625,0.3473220765590668,1037.6619248244194
142.5,60,C4,1097.852783203125,0.35785508155822754,1027.838247203442
142.5,64,E4,1097.852783203125,0.35785508155822754,1027.838247203442
142.5,57,A3,1097.852783203125,0.35785508155822754,1027.838247203442
142.5,59,B3,1097.852783203125,0.35785508155822754,1027.838247203442
142.5,81,A5,1097.852783203125,0.35785508155822754,1027.838247203442
142.6875,79,G5,368.1918640136719,0.29615092277526855,1101.3409881179816
142.875,81,A5,1110.0784912109375,0.29563474655151367,1313.8957961270494
143.0625,79,G5,989.7296142578125,0.28024759888648987,1152.0561393597134
143.25,60,C4,988.7929077148438,0.24670878052711487,1183.4971139731701
143.25,57,A3,988.7929077148438,0.24670878052711487,1183.4971139731701
143.25,64,E4,988.7929077148438,0.24670878052711487,1183.4971139731701
143.25,38,D2,988.7929077148438,0.24670878052711487,1183.4971139731701
143.25,59,B3,988.7929077148438,0.24670878052711487,1183.4971139731701
143.25,81,A5,988.7929077148438,0.24670878052711487,1183.4971139731701
143.625,36,C2,1104.960693359375,0.21013128757476807,1728.8329455418357
143.625,81,A5,1104.960693359375,0.21013128757476807,1728.8329455418357
143.625,40,E2,1104.960693359375,0.21013128757476807,1728.8329455418357
143.8125,79,G5,1110.207763671875,0.17965660989284515,1325.9421700804212
144.0,57,A3,981.8695678710938,0.1739024966955185,1321.8590669693776
144.0,64,E4,981.8695678710938,0.1739024966955185,1321.8590669693776
144.0,60,C4,981.8695678710938,0.1739024966955185,1321.8590669693776
144.0,50,D3,981.8695678710938,0.1739024966955185,1321.8590669693776
144.0,62,D4,981.8695678710938,0.1739024966955185,1321.8590669693776
144.0,74,D5,981.8695678710938,0.1739024966955185,1321.8590669693776
144.0,69,A4,981.8695678710938,0.1739024966955185,1321.8590669693776
144.0,76,E5,981.8695678710938,0.1739024966955185,1321.8590669693776
144.0,74,D5,981.8695678710938,0.1739024966955185,1321.8590669693776
144.0,72,C5,981.8695678710938,0.1739024966955185,1321.8590669693776
144.0,59,B3,981.8695678710938,0.1739024966955185,1321.8590669693776
144.0,36,C2,981.8695678710938,0.1739024966955185,1321.8590669693776
144.0,81,A5,981.8695678710938,0.1739024966955185,1321.8590669693776
144.0,38,D2,981.8695678710938,0.1739024966955185,1321.8590669693776
144.375,81,A5,991.8510131835938,0.24682867527008057,2167.5621534672596
144.75,57,A3,995.8726196289062,0.23950566351413727,1665.1490470429283
144.75,60,C4,995.8726196289062,0.23950566351413727,1665.1490470429283
144.75,64,E4,995.8726196289062,0.23950566351413727,1665.1490470429283
144.75,59,B3,995.8726196289062,0.23950566351413727,1665.1490470429283
144.75,81,A5,995.8726196289062,0.23950566351413727,1665.1490470429283
145.125,81,A5,990.0368041992188,0.3057224452495575,989.3520415221503
145.5,57,A3,990.5816040039062,0.34080931544303894,1017.6941957717718
145.5,60,C4,990.5816040039062,0.34080931544303894,1017.6941957717718
145.5,64,E4,990.5816040039062,0.34080931544303894,1017.6941957717718
145.5,59,B3,990.5816040039062,0.34080931544303894,1017.6941957717718
145.5,81,A5,990.5816040039062,0.34080931544303894,1017.6941957717718
145.6875,81,A5,739.0581665039062,0.30147814750671387,1156.8233608171781
145.875,81,A5,987.8284301757812,0.2692105770111084,1188.962341492318
146.25,57,A3,981.8026733398438,0.25452858209609985,1204.8947394839886
146.25,64,E4,981.8026733398438,0.25452858209609985,1204.8947394839886
146.25,60,C4,981.8026733398438,0.25452858209609985,1204.8947394839886
146.25,38,D2,981.8026733398438,0.25452858209609985,1204.8947394839886
146.25,59,B3,981.8026733398438,0.25452858209609985,1204.8947394839886
146.25,81,A5,981.8026733398438,0.25452858209609985,1204.8947394839886
146.4375,81,A5,923.0020141601562,0.27698907256126404,1127.9060359378443
146.8125,81,A5,1115.76611328125,0.24804779887199402,1243.125473338962
147.0,55,G3,1105.7642822265625,0.2354370504617691,1263.0206005464681
147.0,60,C4,1105.7642822265625,0.2354370504617691,1263.0206005464681
147.0,48,C3,1105.7642822265625,0.2354370504617691,1263.0206005464681
147.0,60,C4,1105.7642822265625,0.2354370504617691,1263.0206005464681
147.0,72,C5,1105.7642822265625,0.2354370504617691,1263.0206005464681
147.0,67,G4,1105.7642822265625,0.2354370504617691,1263.0206005464681
147.0,72,C5,1105.7642822265625,0.2354370504617691,1263.0206005464681
147.0,76,E5,1105.7642822265625,0.2354370504617691,1263.0206005464681
147.0,59,B3,1105.7642822265625,0.2354370504617691,1263.0206005464681
147.0,36,C2,1105.7642822265625,0.2354370504617691,1263.0206005464681
147.0,64,E4,1105.7642822265625,0.2354370504617691,1263.0206005464681
147.0,67,G4,1105.7642822265625,0.2354370504617691,1263.0206005464681
147.0,72,C5,1105.7642822265625,0.2354370504617691,1263.0206005464681
147.0,36,C2,1105.7642822265625,0.2354370504617691,1263.0206005464681
147.1875,79,G5,1109.09521484375,0.212218776345253,1237.2451095281453
147.75,55,G3,992.909912109375,0.27635470032691956,1556.942896532525
147.75,60,C4,992.909912109375,0.27635470032691956,1556.942896532525
147.75,59,B3,992.909912109375,0.27635470032691956,1556.942896532525
147.75,79,G5,992.909912109375,0.27635470032691956,1556.942896532525
148.5,55,G3,1111.2967529296875,0.25415894389152527,3093.7363755215915
148.5,60,C4,1111.2967529296875,0.25415894389152527,3093.7363755215915
148.5,67,G4,1111.2967529296875,0.25415894389152527,3093.7363755215915
148.5,60,C4,1111.2967529296875,0.25415894389152527,3093.7363755215915
148.5,77,F5,1111.2967529296875,0.25415894389152527,3093.7363755215915
148.5,72,C5,1111.2967529296875,0.25415894389152527,3093.7363755215915
148.5,59,B3,1111.2967529296875,0.25415894389152527,3093.7363755215915
148.5,65,F4,1111.2967529296875,0.25415894389152527,3093.7363755215915
149.25,55,G3,1003.5535278320312,0.19801835715770721,2017.5532946689837
149.25,60,C4,1003.5535278320312,0.19801835715770721,2017.5532946689837
149.25,38,D2,1003.5535278320312,0.19801835715770721,2017.5532946689837
149.25,59,B3,1003.5535278320312,0.19801835715770721,2017.5532946689837
149.25,77,F5,1003.5535278320312,0.19801835715770721,2017.5532946689837
149.4375,79,G5,997.7504272460938,0.18035268783569336,1790.1716704350958
149.625,36,C2,1000.6306762695312,0.17003437876701355,1708.6805814590825
149.625,31,G1,1000.6306762695312,0.17003437876701355,1708.6805814590825
149.8125,77,F5,999.2876586914062,0.1799846887588501,1539.0629340665155
150.0,55,G3,984.2652587890625,0.19492296874523163,1694.5363556567163
150.0,60,C4,984.2652587890625,0.19492296874523163,1694.5363556567163
150.0,48,C3,984.2652587890625,0.19492296874523163,1694.5363556567163
150.0,72,C5,984.2652587890625,0.19492296874523163,1694.5363556567163
150.0,60,C4,984.2652587890625,0.19492296874523163,1694.5363556567163
150.0,67,G4,984.2652587890625,0.19492296874523163,1694.5363556567163
150.0,72,C5,984.2652587890625,0.19492296874523163,1694.5363556567163
150.0,76,E5,984.2652587890625,0.19492296874523163,1694.5363556567163
150.0,59,B3,984.2652587890625,0.19492296874523163,1694.5363556567163
150.0,36,C2,984.2652587890625,0.19492296874523163,1694.5363556567163
150.0,64,E4,984.2652587890625,0.19492296874523163,1694.5363556567163
150.0,72,C5,984.2652587890625,0.19492296874523163,1694.5363556567163
150.0,36,C2,984.2652587890625,0.19492296874523163,1694.5363556567163
150.1875,76,E5,1011.9688720703125,0.16013962030410767,1648.3891249077344
150.75,55,G3,1000.9652709960938,0.1672848016023636,2483.024417582832
150.75,60,C4,1000.9652709960938,0.1672848016023636,2483.024417582832
150.75,59,B3,1000.9652709960938,0.1672848016023636,2483.024417582832
151.5,60,C4,987.0294799804688,0.32687482237815857,1159.494901222506
151.5,55,G3,987.0294799804688,0.32687482237815857,1159.494901222506
151.5,38,D2,987.0294799804688,0.32687482237815857,1159.494901222506
151.5,59,B3,987.0294799804688,0.32687482237815857,1159.494901222506
151.5,62,D4,987.0294799804688,0.32687482237815857,1159.494901222506
151.875,36,C2,1103.0631103515625,0.2713039517402649,1098.0634245624374
152.25,55,G3,1099.2962646484375,0.26196426153182983,1255.7188138896258
152.25,60,C4,1099.2962646484375,0.26196426153182983,1255.7188138896258
152.25,36,C2,1099.2962646484375,0.26196426153182983,1255.7188138896258
152.25,59,B3,1099.2962646484375,0.26196426153182983,1255.7188138896258
152.4375,36,C2,934.6140747070312,0.18864671885967255,1355.675051325626
152.625,36,C2,1101.12939453125,0.18486623466014862,1365.3657619943879
152.625,60,C4,1101.12939453125,0.18486623466014862,1365.3657619943879
153.0,53,F3,1107.7293701171875,0.18775469064712524,1464.049177081338
153.0,62,D4,1107.7293701171875,0.18775469064712524,1464.049177081338
153.0,57,A3,1107.7293701171875,0.18775469064712524,1464.049177081338
153.0,50,D3,1107.7293701171875,0.18775469064712524,1464.049177081338
153.0,62,D4,1107.7293701171875,0.18775469064712524,1464.049177081338
153.0,74,D5,1107.7293701171875,0.18775469064712524,1464.049177081338
153.0,69,A4,1107.7293701171875,0.18775469064712524,1464.049177081338
153.0,74,D5,1107.7293701171875,0.18775469064712524,1464.049177081338
153.0,77,F5,1107.7293701171875,0.18775469064712524,1464.049177081338
153.0,36,C2,1107.7293701171875,0.18775469064712524,1464.049177081338
153.0,59,B3,1107.7293701171875,0.18775469064712524,1464.049177081338
153.0,38,D2,1107.7293701171875,0.18775469064712524,1464.049177081338
153.75,53,F3,990.70458984375,0.25547435879707336,3005.5980469051415
153.75,57,A3,990.70458984375,0.25547435879707336,3005.5980469051415
153.75,62,D4,990.70458984375,0.25547435879707336,3005.5980469051415
153.75,59,B3,990.70458984375,0.25547435879707336,3005.5980469051415
153.75,38,D2,990.70458984375,0.25547435879707336,3005.5980469051415
153.75,38,D2,990.70458984375,0.25547435879707336,3005.5980469051415
154.3125,74,D5,1102.10888671875,0.2900020480155945,1024.2925187812248
154.5,53,F3,1106.9635009765625,0.33609530329704285,1789.2110688385753
154.5,57,A3,1106.9635009765625,0.33609530329704285,1789.2110688385753
154.5,62,D4,1106.9635009765625,0.33609530329704285,1789.2110688385753
154.5,36,C2,1106.9635009765625,0.33609530329704285,1789.2110688385753
154.5,59,B3,1106.9635009765625,0.33609530329704285,1789.2110688385753
154.5,79,G5,1106.9635009765625,0.33609530329704285,1789.2110688385753
154.5,38,D2,1106.9635009765625,0.33609530329704285,1789.2110688385753
154.875,36,C2,738.7423095703125,0.3427821099758148,976.452390983076
154.875,74,D5,738.7423095703125,0.3427821099758148,976.452390983076
154.875,38,D2,738.7423095703125,0.3427821099758148,976.452390983076
155.0625,76,E5,987.7935791015625,0.31750115752220154,1038.001396428101
155.25,53,F3,1107.88037109375,0.289348840713501,1106.292509202691
155.25,62,D4,1107.88037109375,0.289348840713501,1106.292509202691
155.25,57,A3,1107.88037109375,0.289348840713501,1106.292509202691
155.25,38,D2,1107.88037109375,0.289348840713501,1106.292509202691
155.25,59,B3,1107.88037109375,0.289348840713501,1106.292509202691
155.625,36,C2,1118.7901611328125,0.29864150285720825,1083.2206399338784
155.625,79,G5,1118.7901611328125,0.29864150285720825,1083.2206399338784
155.625,38,D2,1118.7901611328125,0.29864150285720825,1083.2206399338784
155.8125,76,E5,1106.90283203125,0.2703653872013092,1191.1713675940948
156.0,59,B3,1108.8135986328125,0.23259614408016205,1211.2664306649992
156.0,62,D4,1108.8135986328125,0.23259614408016205,1211.2664306649992
156.0,55,G3,1108.8135986328125,0.23259614408016205,1211.2664306649992
156.0,79,G5,1108.8135986328125,0.23259614408016205,1211.2664306649992
156.0,67,G4,1108.8135986328125,0.23259614408016205,1211.2664306649992
156.0,71,B4,1108.8135986328125,0.23259614408016205,1211.2664306649992
156.0,74,D5,1108.8135986328125,0.23259614408016205,1211.2664306649992
156.0,79,G5,1108.8135986328125,0.23259614408016205,1211.2664306649992
156.0,59,B3,1108.8135986328125,0.23259614408016205,1211.2664306649992
156.0,36,C2,1108.8135986328125,0.23259614408016205,1211.2664306649992
156.0,31,G1,1108.8135986328125,0.23259614408016205,1211.2664306649992
156.375,74,D5,992.5380859375,0.2035435438156128,1357.1094979306563
156.75,59,B3,996.1328735351562,0.19122762978076935,1336.5492183161589
156.75,62,D4,996.1328735351562,0.19122762978076935,1336.5492183161589
156.75,59,B3,996.1328735351562,0.19122762978076935,1336.5492183161589
156.75,38,D2,996.1328735351562,0.19122762978076935,1336.5492183161589
156.75,31,G1,996.1328735351562,0.19122762978076935,1336.5492183161589
157.125,74,D5,987.5401611328125,0.18476931750774384,1688.5702750547193
157.5,59,B3,1109.31005859375,0.30582472681999207,1057.3728875356478
157.5,62,D4,1109.31005859375,0.30582472681999207,1057.3728875356478
157.5,36,C2,1109.31005859375,0.30582472681999207,1057.3728875356478
157.5,59,B3,1109.31005859375,0.30582472681999207,1057.3728875356478
157.5,77,F5,1109.31005859375,0.30582472681999207,1057.3728875356478
157.5,31,G1,1109.31005859375,0.30582472681999207,1057.3728875356478
157.6875,76,E5,861.2439575195312,0.43837279081344604,1122.0333577570927
157.875,36,C2,931.2677612304688,0.3666633665561676,1025.6150377191166
157.875,31,G1,931.2677612304688,0.3666633665561676,1025.6150377191166
158.0625,74,D5,928.0247192382812,0.3074116110801697,1095.9806741289713
158.25,59,B3,1110.9859619140625,0.27071714401245117,1219.1623960478562
158.25,62,D4,1110.9859619140625,0.27071714401245117,1219.1623960478562
158.25,38,D2,1110.9859619140625,0.27071714401245117,1219.1623960478562
158.25,59,B3,1110.9859619140625,0.27071714401245117,1219.1623960478562
158.625,36,C2,988.9325561523438,0.28154435753822327,1176.7787873599505
158.625,76,E5,988.9325561523438,0.28154435753822327,1176.7787873599505
158.625,31,G1,988.9325561523438,0.28154435753822327,1176.7787873599505
158.8125,72,C5,989.8582763671875,0.2621932625770569,1134.7393515645506
159.0,55,G3,1107.9713134765625,0.23383937776088715,1269.395721488104
159.0,60,C4,1107.9713134765625,0.23383937776088715,1269.395721488104
159.0,48,C3,1107.9713134765625,0.23383937776088715,1269.395721488104
159.0,60,C4,1107.9713134765625,0.23383937776088715,1269.395721488104
159.0,72,C5,1107.9713134765625,0.23383937776088715,1269.395721488104
159.0,60,C4,1107.9713134765625,0.23383937776088715,1269.395721488104
159.0,76,E5,1107.9713134765625,0.23383937776088715,1269.395721488104
159.0,59,B3,1107.9713134765625,0.23383937776088715,1269.395721488104
159.0,36,C2,1107.9713134765625,0.23383937776088715,1269.395721488104
159.0,36,C2,1107.9713134765625,0.23383937776088715,1269.395721488104
159.375,64,E4,1119.0928955078125,0.22772084176540375,1238.4701237959773
159.75,55,G3,1117.4107666015625,0.2021985799074173,1380.9153679784656
159.75,60,C4,1117.4107666015625,0.2021985799074173,1380.9153679784656
159.75,67,G4,1117.4107666015625,0.2021985799074173,1380.9153679784656
159.75,67,G4,1117.4107666015625,0.2021985799074173,1380.9153679784656
159.75,59,B3,1117.4107666015625,0.2021985799074173,1380.9153679784656
159.75,38,D2,1117.4107666015625,0.2021985799074173,1380.9153679784656
159.75,36,C2,1117.4107666015625,0.2021985799074173,1380.9153679784656
160.125,72,C5,1110.8682861328125,0.3065096139907837,2140.646058782294
160.125,72,C5,1110.8682861328125,0.3065096139907837,2140.646058782294
160.5,55,G3,976.2503051757812,0.20280875265598297,1291.1400597036795
160.5,60,C4,976.2503051757812,0.20280875265598297,1291.1400597036795
160.5,67,G4,976.2503051757812,0.20280875265598297,1291.1400597036795
160.5,72,C5,976.2503051757812,0.20280875265598297,1291.1400597036795
160.5,77,F5,976.2503051757812,0.20280875265598297,1291.1400597036795
160.5,36,C2,976.2503051757812,0.20280875265598297,1291.1400597036795
160.5,59,B3,976.2503051757812,0.20280875265598297,1291.1400597036795
160.5,36,C2,976.2503051757812,0.20280875265598297,1291.1400597036795
160.875,36,C2,1116.52392578125,0.23529715836048126,2569.019905235685
160.875,36,C2,1116.52392578125,0.23529715836048126,2569.019905235685
161.25,55,G3,992.3560791015625,0.23024018108844757,2468.542503563461
161.25,60,C4,992.3560791015625,0.23024018108844757,2468.542503563461
161.25,38,D2,992.3560791015625,0.23024018108844757,2468.542503563461
161.25,59,B3,992.3560791015625,0.23024018108844757,2468.542503563461
161.625,36,C2,983.89013671875,0.2109561711549759,1795.1477596691016
161.625,36,C2,983.89013671875,0.2109561711549759,1795.1477596691016
162.0,55,G3,1154.056884765625,0.17872947454452515,1541.9435032907015
162.0,60,C4,1154.056884765625,0.17872947454452515,1541.9435032907015
162.0,48,C3,1154.056884765625,0.17872947454452515,1541.9435032907015
162.0,72,C5,1154.056884765625,0.17872947454452515,1541.9435032907015
162.0,60,C4,1154.056884765625,0.17872947454452515,1541.9435032907015
162.0,67,G4,1154.056884765625,0.17872947454452515,1541.9435032907015
162.0,72,C5,1154.056884765625,0.17872947454452515,1541.9435032907015
162.0,76,E5,1154.056884765625,0.17872947454452515,1541.9435032907015
162.0,59,B3,1154.056884765625,0.17872947454452515,1541.9435032907015
162.0,36,C2,1154.056884765625,0.17872947454452515,1541.9435032907015
162.0,36,C2,1154.056884765625,0.17872947454452515,1541.9435032907015
162.75,55,G3,1154.537109375,0.1732410043478012,1552.926030757429
162.75,60,C4,1154.537109375,0.1732410043478012,1552.926030757429
162.75,59,B3,1154.537109375,0.1732410043478012,1552.926030757429
162.75,38,D2,1154.537109375,0.1732410043478012,1552.926030757429
162.75,36,C2,1154.537109375,0.1732410043478012,1552.926030757429
163.5,55,G3,989.778076171875,0.3498121201992035,1171.6855820469254
163.5,60,C4,989.778076171875,0.3498121201992035,1171.6855820469254
163.5,38,D2,989.778076171875,0.3498121201992035,1171.6855820469254
163.5,59,B3,989.778076171875,0.3498121201992035,1171.6855820469254
163.5,36,C2,989.778076171875,0.3498121201992035,1171.6855820469254
163.875,36,C2,985.9151611328125,0.3381415605545044,1312.0165588216294
163.875,36,C2,985.9151611328125,0.3381415605545044,1312.0165588216294
164.25,55,G3,1106.99072265625,0.23937925696372986,1120.5935966048564
164.25,60,C4,1106.99072265625,0.23937925696372986,1120.5935966048564
164.25,36,C2,1106.99072265625,0.23937925696372986,1120.5935966048564
164.25,59,B3,1106.99072265625,0.23937925696372986,1120.5935966048564
164.4375,36,C2,838.2647705078125,0.2106030434370041,1188.5939440985749
164.625,36,C2,1095.6409912109375,0.2365068793296814,1689.429619879836
164.625,36,C2,1095.6409912109375,0.2365068793296814,1689.429619879836
165.0,53,F3,1115.985595703125,0.20348255336284637,1446.2795922531654
165.0,62,D4,1115.985595703125,0.20348255336284637,1446.2795922531654
165.0,57,A3,1115.985595703125,0.20348255336284637,1446.2795922531654
165.0,50,D3,1115.985595703125,0.20348255336284637,1446.2795922531654
165.0,62,D4,1115.985595703125,0.20348255336284637,1446.2795922531654
165.0,74,D5,1115.985595703125,0.20348255336284637,1446.2795922531654
165.0,69,A4,1115.985595703125,0.20348255336284637,1446.2795922531654
165.0,74,D5,1115.985595703125,0.20348255336284637,1446.2795922531654
165.0,77,F5,1115.985595703125,0.20348255336284637,1446.2795922531654
165.0,36,C2,1115.985595703125,0.20348255336284637,1446.2795922531654
165.0,59,B3,1115.985595703125,0.20348255336284637,1446.2795922531654
165.0,38,D2,1115.985595703125,0.20348255336284637,1446.2795922531654
165.75,53,F3,1127.5274658203125,0.16695557534694672,1316.620386764439
165.75,57,A3,1127.5274658203125,0.16695557534694672,1316.620386764439
165.75,62,D4,1127.5274658203125,0.16695557534694672,1316.620386764439
165.75,59,B3,1127.5274658203125,0.16695557534694672,1316.620386764439
165.75,38,D2,1127.5274658203125,0.16695557534694672,1316.620386764439
165.75,38,D2,1127.5274658203125,0.16695557534694672,1316.620386764439
166.3125,74,D5,1101.8966064453125,0.15943719446659088,2299.9564709570695
166.5,53,F3,1121.73486328125,0.14535614848136902,1587.3422114394257
166.5,57,A3,1121.73486328125,0.14535614848136902,1587.3422114394257
166.5,62,D4,1121.73486328125,0.14535614848136902,1587.3422114394257
166.5,36,C2,1121.73486328125,0.14535614848136902,1587.3422114394257
166.5,59,B3,1121.73486328125,0.14535614848136902,1587.3422114394257
166.5,76,E5,1121.73486328125,0.14535614848136902,1587.3422114394257
166.5,38,D2,1121.73486328125,0.14535614848136902,1587.3422114394257
166.6875,76,E5,1104.8470458984375,0.13495220243930817,1499.9022438724585
166.875,36,C2,1120.6541748046875,0.216213658452034,1710.016772290238
166.875,38,D2,1120.6541748046875,0.216213658452034,1710.016772290238
167.0625,76,E5,1102.217041015625,0.33373063802719116,1114.7770489128343
167.25,53,F3,989.1629028320312,0.33551323413848877,1100.8109639149343
167.25,62,D4,989.1629028320312,0.33551323413848877,1100.8109639149343
167.25,57,A3,989.1629028320312,0.33551323413848877,1100.8109639149343
167.25,38,D2,989.1629028320312,0.33551323413848877,1100.8109639149343
167.25,59,B3,989.1629028320312,0.33551323413848877,1100.8109639149343
167.4375,76,E5,988.6699829101562,0.30337271094322205,1162.6473221588021
167.625,36,C2,1107.7822265625,0.294044554233551,1090.9263411539569
167.625,38,D2,1107.7822265625,0.294044554233551,1090.9263411539569
167.8125,76,E5,987.7621459960938,0.2740637958049774,1187.7131186367733
168.0,59,B3,1108.457275390625,0.2779317796230316,1126.8045620817902
168.0,62,D4,1108.457275390625,0.2779317796230316,1126.8045620817902
168.0,55,G3,1108.457275390625,0.2779317796230316,1126.8045620817902
168.0,79,G5,1108.457275390625,0.2779317796230316,1126.8045620817902
168.0,67,G4,1108.457275390625,0.2779317796230316,1126.8045620817902
168.0,71,B4,1108.457275390625,0.2779317796230316,1126.8045620817902
168.0,74,D5,1108.457275390625,0.2779317796230316,1126.8045620817902
168.0,79,G5,1108.457275390625,0.2779317796230316,1126.8045620817902
168.0,59,B3,1108.457275390625,0.2779317796230316,1126.8045620817902
168.0,36,C2,1108.457275390625,0.2779317796230316,1126.8045620817902
168.0,31,G1,1108.457275390625,0.2779317796230316,1126.8045620817902
168.375,74,D5,1107.8841552734375,0.1924908459186554,1296.7967682991516
168.75,59,B3,982.340087890625,0.17887622117996216,1337.849625201664
168.75,62,D4,982.340087890625,0.17887622117996216,1337.849625201664
168.75,59,B3,982.340087890625,0.17887622117996216,1337.849625201664
168.75,38,D2,982.340087890625,0.17887622117996216,1337.849625201664
168.75,31,G1,982.340087890625,0.17887622117996216,1337.849625201664
169.125,74,D5,1109.7698974609375,0.17898228764533997,1295.2108649272366
169.3125,74,D5,739.015625,0.3895111382007599,2265.9601977048096
169.5,59,B3,984.7443237304688,0.2984987199306488,1291.8018089961006
169.5,62,D4,984.7443237304688,0.2984987199306488,1291.8018089961006
169.5,36,C2,984.7443237304688,0.2984987199306488,1291.8018089961006
169.5,59,B3,984.7443237304688,0.2984987199306488,1291.8018089961006
169.5,77,F5,984.7443237304688,0.2984987199306488,1291.8018089961006
169.5,31,G1,984.7443237304688,0.2984987199306488,1291.8018089961006
169.875,36,C2,1108.7601318359375,0.2889446020126343,1085.590984401522
169.875,76,E5,1108.7601318359375,0.2889446020126343,1085.590984401522
169.875,31,G1,1108.7601318359375,0.2889446020126343,1085.590984401522
170.25,59,B3,929.2946166992188,0.3657279312610626,1103.3301707499024
170.25,62,D4,929.2946166992188,0.3657279312610626,1103.3301707499024
170.25,38,D2,929.2946166992188,0.3657279312610626,1103.3301707499024
170.25,59,B3,929.2946166992188,0.3657279312610626,1103.3301707499024
170.25,74,D5,929.2946166992188,0.3657279312610626,1103.3301707499024
170.625,36,C2,936.6511840820312,0.32750651240348816,1130.6088613057643
170.625,76,E5,936.6511840820312,0.32750651240348816,1130.6088613057643
170.625,31,G1,936.6511840820312,0.32750651240348816,1130.6088613057643
170.8125,72,C5,987.306884765625,0.28629040718078613,1211.5329439760587
171.0,55,G3,991.0179443359375,0.27282387018203735,1117.1163461873543
171.0,60,C4,991.0179443359375,0.27282387018203735,1117.1163461873543
171.0,48,C3,991.0179443359375,0.27282387018203735,1117.1163461873543
171.0,60,C4,991.0179443359375,0.27282387018203735,1117.1163461873543
171.0,72,C5,991.0179443359375,0.27282387018203735,1117.1163461873543
171.0,60,C4,991.0179443359375,0.27282387018203735,1117.1163461873543
171.0,76,E5,991.0179443359375,0.27282387018203735,1117.1163461873543
171.0,59,B3,991.0179443359375,0.27282387018203735,1117.1163461873543
171.0,36,C2,991.0179443359375,0.27282387018203735,1117.1163461873543
171.0,36,C2,991.0179443359375,0.27282387018203735,1117.1163461873543
171.375,64,E4,935.1404418945312,0.3692793846130371,1176.8145853437752
171.75,55,G3,928.4183959960938,0.35161346197128296,1602.0588436233413
171.75,60,C4,928.4183959960938,0.35161346197128296,1602.0588436233413
171.75,67,G4,928.4183959960938,0.35161346197128296,1602.0588436233413
171.75,67,G4,928.4183959960938,0.35161346197128296,1602.0588436233413
171.75,59,B3,928.4183959960938,0.35161346197128296,1602.0588436233413
171.75,38,D2,928.4183959960938,0.35161346197128296,1602.0588436233413
171.75,36,C2,928.4183959960938,0.35161346197128296,1602.0588436233413
172.125,72,C5,1100.0057373046875,0.2842945456504822,1338.5257762128358
172.125,72,C5,1100.0057373046875,0.2842945456504822,1338.5257762128358
172.5,55,G3,991.41064453125,0.36532410979270935,2060.0687526248107
172.5,60,C4,991.41064453125,0.36532410979270935,2060.0687526248107
172.5,67,G4,991.41064453125,0.36532410979270935,2060.0687526248107
172.5,72,C5,991.41064453125,0.36532410979270935,2060.0687526248107
172.5,77,F5,991.41064453125,0.36532410979270935,2060.0687526248107
172.5,36,C2,991.41064453125,0.36532410979270935,2060.0687526248107
172.5,59,B3,991.41064453125,0.36532410979270935,2060.0687526248107
172.5,36,C2,991.41064453125,0.36532410979270935,2060.0687526248107
172.875,36,C2,862.7455444335938,0.32920607924461365,1076.8898758962291
172.875,36,C2,862.7455444335938,0.32920607924461365,1076.8898758962291
173.25,55,G3,1116.1103515625,0.30312496423721313,2826.449831840281
173.25,60,C4,1116.1103515625,0.30312496423721313,2826.449831840281
173.25,38,D2,1116.1103515625,0.30312496423721313,2826.449831840281
173.25,59,B3,1116.1103515625,0.30312496423721313,2826.449831840281
173.625,36,C2,1102.5487060546875,0.25728902220726013,2577.185731175632
173.625,36,C2,1102.5487060546875,0.25728902220726013,2577.185731175632
174.0,55,G3,1106.0357666015625,0.2241850644350052,2260.4978145836953
174.0,60,C4,1106.0357666015625,0.2241850644350052,2260.4978145836953
174.0,48,C3,1106.0357666015625,0.2241850644350052,2260.4978145836953
174.0,72,C5,1106.0357666015625,0.2241850644350052,2260.4978145836953
174.0,60,C4,1106.0357666015625,0.2241850644350052,2260.4978145836953
174.0,67,G4,1106.0357666015625,0.2241850644350052,2260.4978145836953
174.0,72,C5,1106.0357666015625,0.2241850644350052,2260.4978145836953
174.0,76,E5,1106.0357666015625,0.2241850644350052,2260.4978145836953
174.0,59,B3,1106.0357666015625,0.2241850644350052,2260.4978145836953
174.0,36,C2,1106.0357666015625,0.2241850644350052,2260.4978145836953
174.0,36,C2,1106.0357666015625,0.2241850644350052,2260.4978145836953
174.75,55,G3,1108.0970458984375,0.26152801513671875,1313.0664946834656
174.75,60,C4,1108.0970458984375,0.26152801513671875,1313.0664946834656
174.75,59,B3,1108.0970458984375,0.26152801513671875,1313.0664946834656
174.75,38,D2,1108.0970458984375,0.26152801513671875,1313.0664946834656
174.75,36,C2,1108.0970458984375,0.26152801513671875,1313.0664946834656
175.5,55,G3,1102.693115234375,0.2150932252407074,2323.1121044830043
175.5,60,C4,1102.693115234375,0.2150932252407074,2323.1121044830043
175.5,38,D2,1102.693115234375,0.2150932252407074,2323.1121044830043
175.5,59,B3,1102.693115234375,0.2150932252407074,2323.1121044830043
175.5,36,C2,1102.693115234375,0.2150932252407074,2323.1121044830043
175.875,36,C2,1114.254638671875,0.2786349356174469,1230.3465455635715
175.875,36,C2,1114.254638671875,0.2786349356174469,1230.3465455635715
176.25,55,G3,1108.612060546875,0.29960840940475464,1139.914644227868
176.25,60,C4,1108.612060546875,0.29960840940475464,1139.914644227868
176.25,36,C2,1108.612060546875,0.29960840940475464,1139.914644227868
176.25,59,B3,1108.612060546875,0.29960840940475464,1139.914644227868
176.25,72,C5,1108.612060546875,0.29960840940475464,1139.914644227868
176.4375,36,C2,1111.2791748046875,0.3129998743534088,1056.8217773045105
176.4375,74,D5,1111.2791748046875,0.3129998743534088,1056.8217773045105
176.625,36,C2,736.3834838867188,0.2686733305454254,1190.3167777843496
176.625,36,C2,736.3834838867188,0.2686733305454254,1190.3167777843496
176.8125,77,F5,736.9011840820312,0.2581382989883423,1252.6072031585204
177.0,41,F2,1110.2801513671875,0.2702368497848511,2492.81415569794
177.0,65,F4,1110.2801513671875,0.2702368497848511,2492.81415569794
177.0,53,F3,1110.2801513671875,0.2702368497848511,2492.81415569794
177.0,36,C2,1110.2801513671875,0.2702368497848511,2492.81415569794
177.0,53,F3,1110.2801513671875,0.2702368497848511,2492.81415569794
177.375,48,C3,1108.8150634765625,0.2516973316669464,1437.5731800412016
177.375,76,E5,1108.8150634765625,0.2516973316669464,1437.5731800412016
177.75,57,A3,1166.012939453125,0.33944883942604065,1287.58167398463
177.75,72,C5,1166.012939453125,0.33944883942604065,1287.58167398463
179.25,36,C2,926.9877319335938,0.414516419172287,1186.6569167013013
179.25,74,D5,926.9877319335938,0.414516419172287,1186.6569167013013
179.625,65,F4,862.5177612304688,0.35895591974258423,917.0881741577994
179.625,53,F3,862.5177612304688,0.35895591974258423,917.0881741577994
179.625,76,E5,862.5177612304688,0.35895591974258423,917.0881741577994
179.8125,74,D5,625.6499633789062,0.3455408215522766,909.9285228047119
180.0,43,G2,990.3447875976562,0.30540621280670166,2883.0271831422815
180.0,67,G4,990.3447875976562,0.30540621280670166,2883.0271831422815
180.0,55,G3,990.3447875976562,0.30540621280670166,2883.0271831422815
180.0,74,D5,990.3447875976562,0.30540621280670166,2883.0271831422815
180.0,55,G3,990.3447875976562,0.30540621280670166,2883.0271831422815
180.375,50,D3,987.8046875,0.2615099251270294,1453.0550430080957
180.75,59,B3,367.38360595703125,0.43831345438957214,1270.9281211664847
180.75,69,A4,367.38360595703125,0.43831345438957214,1270.9281211664847
180.75,57,A3,367.38360595703125,0.43831345438957214,1270.9281211664847
181.5,71,B4,552.47021484375,0.3442096710205078,3010.3761005391143
181.5,59,B3,552.47021484375,0.3442096710205078,3010.3761005391143
182.25,36,C2,862.1282348632812,0.40507715940475464,2038.047819208392
182.25,72,C5,862.1282348632812,0.40507715940475464,2038.047819208392
182.4375,74,D5,742.23779296875,0.33682695031166077,1013.4494352217905
182.625,36,C2,862.3927001953125,0.32932040095329285,1129.5027776798156
182.8125,77,F5,862.4647216796875,0.302379310131073,1032.1881532899386
183.0,41,F2,860.6686401367188,0.3185138702392578,2407.83848616846
183.0,65,F4,860.6686401367188,0.3185138702392578,2407.83848616846
183.0,53,F3,860.6686401367188,0.3185138702392578,2407.83848616846
183.0,36,C2,860.6686401367188,0.3185138702392578,2407.83848616846
183.0,53,F3,860.6686401367188,0.3185138702392578,2407.83848616846
183.375,48,C3,989.09814453125,0.29251807928085327,1450.9728611077467
183.375,76,E5,989.09814453125,0.29251807928085327,1450.9728611077467
183.75,57,A3,990.8952026367188,0.3118247091770172,2577.922677068149
183.75,72,C5,990.8952026367188,0.3118247091770172,2577.922677068149
185.25,36,C2,184.54925537109375,0.3638027608394623,1049.060294065619
185.25,72,C5,184.54925537109375,0.3638027608394623,1049.060294065619
185.625,67,G4,1104.5589599609375,0.2467966377735138,2610.7614828583364
185.625,55,G3,1104.5589599609375,0.2467966377735138,2610.7614828583364
185.625,69,A4,1104.5589599609375,0.2467966377735138,2610.7614828583364
185.8125,69,A4,829.830078125,0.23141519725322723,2465.5504985118732
186.0,43,G2,1107.001708984375,0.2378494143486023,2228.69907888614
186.0,69,A4,1107.001708984375,0.2378494143486023,2228.69907888614
186.0,57,A3,1107.001708984375,0.2378494143486023,2228.69907888614
186.0,55,G3,1107.001708984375,0.2378494143486023,2228.69907888614
186.375,50,D3,1117.635009765625,0.18981687724590302,1807.5936597338505
186.375,67,G4,1117.635009765625,0.18981687724590302,1807.5936597338505
186.75,59,B3,1116.7972412109375,0.16224361956119537,1709.70716715541
186.75,71,B4,1116.7972412109375,0.16224361956119537,1709.70716715541
186.75,59,B3,1116.7972412109375,0.16224361956119537,1709.70716715541
187.5,60,C4,983.6560668945312,0.2676456868648529,1174.5471284566606
187.5,72,C5,983.6560668945312,0.2676456868648529,1174.5471284566606
187.5,79,G5,983.6560668945312,0.2676456868648529,1174.5471284566606
187.875,77,F5,988.9581298828125,0.2103893905878067,1530.6284593310113
188.25,36,C2,1119.765625,0.18226096034049988,1853.8364645342153
188.25,77,F5,1119.765625,0.18226096034049988,1853.8364645342153
188.4375,77,F5,1107.969970703125,0.36689019203186035,1029.2177102593403
188.625,36,C2,1111.2774658203125,0.2763789892196655,1113.8636982566954
188.625,77,F5,1111.2774658203125,0.2763789892196655,1113.8636982566954
188.8125,74,D5,925.3270874023438,0.27025577425956726,1228.539695418388
189.0,41,F2,737.3075561523438,0.25862905383110046,1269.8386405643118
189.0,65,F4,737.3075561523438,0.25862905383110046,1269.8386405643118
189.0,53,F3,737.3075561523438,0.25862905383110046,1269.8386405643118
189.0,36,C2,737.3075561523438,0.25862905383110046,1269.8386405643118
189.0,77,F5,737.3075561523438,0.25862905383110046,1269.8386405643118
189.0,53,F3,737.3075561523438,0.25862905383110046,1269.8386405643118
189.375,48,C3,1108.0460205078125,0.2422383725643158,1547.300899163956
189.375,76,E5,1108.0460205078125,0.2422383725643158,1547.300899163956
189.75,57,A3,1110.68896484375,0.1921236664056778,1528.6972446364055
189.75,72,C5,1110.68896484375,0.1921236664056778,1528.6972446364055
191.25,36,C2,1109.068115234375,0.21730951964855194,2077.6603505300627
191.25,79,G5,1109.068115234375,0.21730951964855194,2077.6603505300627
191.625,65,F4,863.8978881835938,0.3411705493927002,983.7685814373233
191.625,53,F3,863.8978881835938,0.3411705493927002,983.7685814373233
191.625,76,E5,863.8978881835938,0.3411705493927002,983.7685814373233
191.8125,76,E5,738.7515258789062,0.2833110988140106,1159.4940267280822
192.0,43,G2,987.4912719726562,0.26100847125053406,1045.366456246299
192.0,67,G4,987.4912719726562,0.26100847125053406,1045.366456246299
192.0,55,G3,987.4912719726562,0.26100847125053406,1045.366456246299
192.0,55,G3,987.4912719726562,0.26100847125053406,1045.366456246299
192.375,50,D3,928.9605712890625,0.2531697750091553,2009.0963461947217
192.375,74,D5,928.9605712890625,0.2531697750091553,2009.0963461947217
192.75,59,B3,861.7850341796875,0.20517024397850037,1402.6534400821324
192.75,69,A4,861.7850341796875,0.20517024397850037,1402.6534400821324
192.75,57,A3,861.7850341796875,0.20517024397850037,1402.6534400821324
193.125,79,G5,1109.7696533203125,0.30483898520469666,1137.5681608869795
193.5,71,B4,861.3880004882812,0.32151371240615845,1116.3171296377682
193.5,59,B3,861.3880004882812,0.32151371240615845,1116.3171296377682
193.875,77,F5,987.5557861328125,0.29110050201416016,2360.8163334550463
194.25,36,C2,740.8887939453125,0.3155795931816101,1037.767191689638
194.25,77,F5,740.8887939453125,0.3155795931816101,1037.767191689638
194.4375,77,F5,982.7628784179688,0.2648942172527313,1053.4849188995306
194.625,36,C2,990.629150390625,0.38912737369537354,1146.4541405581956
194.625,77,F5,990.629150390625,0.38912737369537354,1146.4541405581956
194.8125,74,D5,933.2918090820312,0.35916510224342346,1019.1702169215731
195.0,41,F2,934.4785766601562,0.370991051197052,962.2226541276016
195.0,65,F4,934.4785766601562,0.370991051197052,962.2226541276016
195.0,53,F3,934.4785766601562,0.370991051197052,962.2226541276016
195.0,36,C2,934.4785766601562,0.370991051197052,962.2226541276016
195.0,77,F5,934.4785766601562,0.370991051197052,962.2226541276016
195.0,53,F3,934.4785766601562,0.370991051197052,962.2226541276016
195.375,48,C3,988.1619262695312,0.30009815096855164,2638.4227677481667
195.375,76,E5,988.1619262695312,0.30009815096855164,2638.4227677481667
195.75,57,A3,926.9381103515625,0.2293936163187027,1325.7604310158044
195.75,72,C5,926.9381103515625,0.2293936163187027,1325.7604310158044
197.25,36,C2,740.25,0.4001043736934662,1292.5903480558025
197.25,72,C5,740.25,0.4001043736934662,1292.5903480558025
197.625,67,G4,494.4990539550781,0.3660340905189514,2034.6709771550552
197.625,55,G3,494.4990539550781,0.3660340905189514,2034.6709771550552
197.625,69,A4,494.4990539550781,0.3660340905189514,2034.6709771550552
197.8125,69,A4,828.2762451171875,0.3059062957763672,2991.245917544924
198.0,43,G2,415.4427795410156,0.3058677315711975,2836.293630114442
198.0,55,G3,415.4427795410156,0.3058677315711975,2836.293630114442
198.0,59,B3,415.4427795410156,0.3058677315711975,2836.293630114442
198.0,69,A4,415.4427795410156,0.3058677315711975,2836.293630114442
198.0,57,A3,415.4427795410156,0.3058677315711975,2836.293630114442
198.0,38,D2,415.4427795410156,0.3058677315711975,2836.293630114442
198.0,36,C2,415.4427795410156,0.3058677315711975,2836.293630114442
198.0,59,B3,415.4427795410156,0.3058677315711975,2836.293630114442
198.0,57,A3,415.4427795410156,0.3058677315711975,2836.293630114442
198.375,43,G2,985.9638061523438,0.2710174024105072,2400.5642965888264
198.375,36,C2,985.9638061523438,0.2710174024105072,2400.5642965888264
198.375,67,G4,985.9638061523438,0.2710174024105072,2400.5642965888264
198.75,43,G2,654.3910522460938,0.2008655071258545,1781.9979210604547
198.75,57,A3,654.3910522460938,0.2008655071258545,1781.9979210604547
198.75,60,C4,654.3910522460938,0.2008655071258545,1781.9979210604547
198.75,71,B4,654.3910522460938,0.2008655071258545,1781.9979210604547
198.75,59,B3,654.3910522460938,0.2008655071258545,1781.9979210604547
198.75,36,C2,654.3910522460938,0.2008655071258545,1781.9979210604547
198.75,59,B3,654.3910522460938,0.2008655071258545,1781.9979210604547
198.75,59,B3,654.3910522460938,0.2008655071258545,1781.9979210604547
199.125,43,G2,1037.1678466796875,0.16646987199783325,1519.254614897225
199.125,36,C2,1037.1678466796875,0.16646987199783325,1519.254614897225
199.5,43,G2,991.4310913085938,0.15852749347686768,1684.1883505918331
199.5,59,B3,991.4310913085938,0.15852749347686768,1684.1883505918331
199.5,62,D4,991.4310913085938,0.15852749347686768,1684.1883505918331
199.5,72,C5,991.4310913085938,0.15852749347686768,1684.1883505918331
199.5,60,C4,991.4310913085938,0.15852749347686768,1684.1883505918331
199.5,36,C2,991.4310913085938,0.15852749347686768,1684.1883505918331
199.5,59,B3,991.4310913085938,0.15852749347686768,1684.1883505918331
199.5,60,C4,991.4310913085938,0.15852749347686768,1684.1883505918331
199.875,43,G2,659.0479736328125,0.16226059198379517,1443.6833826828001
199.875,36,C2,659.0479736328125,0.16226059198379517,1443.6833826828001
200.25,43,G2,824.9805908203125,0.1634344756603241,1552.7710429840492
200.25,60,C4,824.9805908203125,0.1634344756603241,1552.7710429840492
200.25,64,E4,824.9805908203125,0.1634344756603241,1552.7710429840492
200.25,74,D5,824.9805908203125,0.1634344756603241,1552.7710429840492
200.25,62,D4,824.9805908203125,0.1634344756603241,1552.7710429840492
200.25,38,D2,824.9805908203125,0.1634344756603241,1552.7710429840492
200.25,59,B3,824.9805908203125,0.1634344756603241,1552.7710429840492
200.25,62,D4,824.9805908203125,0.1634344756603241,1552.7710429840492
200.4375,38,D2,1116.911376953125,0.12952879071235657,1654.661983645253
200.625,43,G2,1118.4244384765625,0.12530693411827087,1552.7833796426266
200.625,36,C2,1118.4244384765625,0.12530693411827087,1552.7833796426266
201.0,52,E3,1109.0635986328125,0.28266018629074097,1160.9023735252326
201.0,55,G3,1109.0635986328125,0.28266018629074097,1160.9023735252326
201.0,59,B3,1109.0635986328125,0.28266018629074097,1160.9023735252326
201.0,36,C2,1109.0635986328125,0.28266018629074097,1160.9023735252326
201.0,59,B3,1109.0635986328125,0.28266018629074097,1160.9023735252326
201.0,40,E2,1109.0635986328125,0.28266018629074097,1160.9023735252326
201.0,52,E3,1109.0635986328125,0.28266018629074097,1160.9023735252326
201.0,55,G3,1109.0635986328125,0.28266018629074097,1160.9023735252326
201.0,59,B3,1109.0635986328125,0.28266018629074097,1160.9023735252326
201.75,38,D2,1110.06494140625,0.21730393171310425,1528.4550992089537
201.75,59,B3,1110.06494140625,0.21730393171310425,1528.4550992089537
201.75,76,E5,1110.06494140625,0.21730393171310425,1528.4550992089537
201.75,40,E2,1110.06494140625,0.21730393171310425,1528.4550992089537
201.9375,74,D5,929.0877075195312,0.201360285282135,1470.0133685327223
202.125,74,D5,1107.7032470703125,0.18755170702934265,1349.4307067079626
202.3125,74,D5,1118.7288818359375,0.18385863304138184,2450.0974944651666
202.5,53,F3,1112.323486328125,0.15031933784484863,1803.0474861391876
202.5,57,A3,1112.323486328125,0.15031933784484863,1803.0474861391876
202.5,60,C4,1112.323486328125,0.15031933784484863,1803.0474861391876
202.5,36,C2,1112.323486328125,0.15031933784484863,1803.0474861391876
202.5,59,B3,1112.323486328125,0.15031933784484863,1803.0474861391876
202.5,41,F2,1112.323486328125,0.15031933784484863,1803.0474861391876
202.5,53,F3,1112.323486328125,0.15031933784484863,1803.0474861391876
202.5,57,A3,1112.323486328125,0.15031933784484863,1803.0474861391876
202.5,60,C4,1112.323486328125,0.15031933784484863,1803.0474861391876
202.875,72,C5,1111.0887451171875,0.128558948636055,1766.0676436660692
203.0625,72,C5,1112.451416015625,0.21023418009281158,2692.953535648704
203.25,38,D2,1116.490966796875,0.24338433146476746,1609.1050916718043
203.25,59,B3,1116.490966796875,0.24338433146476746,1609.1050916718043
203.25,41,F2,1116.490966796875,0.24338433146476746,1609.1050916718043
203.625,74,D5,836.365478515625,0.18603801727294922,1392.5259320231607
203.8125,76,E5,1161.5643310546875,0.13444267213344574,1472.1903851190564
204.0,48,C3,991.0261840820312,0.2972859740257263,1247.0208768056723
204.0,52,E3,991.0261840820312,0.2972859740257263,1247.0208768056723
204.0,60,C4,991.0261840820312,0.2972859740257263,1247.0208768056723
204.0,55,G3,991.0261840820312,0.2972859740257263,1247.0208768056723
204.0,36,C2,991.0261840820312,0.2972859740257263,1247.0208768056723
204.0,59,B3,991.0261840820312,0.2972859740257263,1247.0208768056723
204.0,36,C2,991.0261840820312,0.2972859740257263,1247.0208768056723
204.0,55,G3,991.0261840820312,0.2972859740257263,1247.0208768056723
204.0,60,C4,991.0261840820312,0.2972859740257263,1247.0208768056723
204.0,48,C3,991.0261840820312,0.2972859740257263,1247.0208768056723
204.0,52,E3,991.0261840820312,0.2972859740257263,1247.0208768056723
204.375,79,G5,658.61767578125,0.3197796940803528,1129.3728530832905
204.5625,76,E5,830.27587890625,0.27457675337791443,1128.3795388374251
204.75,38,D2,990.0317993164062,0.26880306005477905,1531.1346946470699
204.75,59,B3,990.0317993164062,0.26880306005477905,1531.1346946470699
204.75,36,C2,990.0317993164062,0.26880306005477905,1531.1346946470699
205.3125,48,C3,991.4605102539062,0.174010768532753,1381.6001396084248
205.5,48,C3,988.4371337890625,0.17033013701438904,1882.9831882605106
205.5,36,C2,988.4371337890625,0.17033013701438904,1882.9831882605106
205.5,59,B3,988.4371337890625,0.17033013701438904,1882.9831882605106
205.5,36,C2,988.4371337890625,0.17033013701438904,1882.9831882605106
205.875,48,C3,989.4335327148438,0.15311743319034576,1560.9846735378626
205.875,36,C2,989.4335327148438,0.15311743319034576,1560.9846735378626
206.25,38,D2,1033.84326171875,0.18973663449287415,2017.5570077864445
206.25,59,B3,1033.84326171875,0.18973663449287415,2017.5570077864445
206.25,36,C2,1033.84326171875,0.18973663449287415,2017.5570077864445
207.0,52,E3,1109.1661376953125,0.30467697978019714,1498.0607643650228
207.0,55,G3,1109.1661376953125,0.30467697978019714,1498.0607643650228
207.0,59,B3,1109.1661376953125,0.30467697978019714,1498.0607643650228
207.0,36,C2,1109.1661376953125,0.30467697978019714,1498.0607643650228
207.0,59,B3,1109.1661376953125,0.30467697978019714,1498.0607643650228
207.0,40,E2,1109.1661376953125,0.30467697978019714,1498.0607643650228
207.0,52,E3,1109.1661376953125,0.30467697978019714,1498.0607643650228
207.0,55,G3,1109.1661376953125,0.30467697978019714,1498.0607643650228
207.0,59,B3,1109.1661376953125,0.30467697978019714,1498.0607643650228
207.5625,64,E4,928.4588012695312,0.23336458206176758,1209.496446803089
207.75,38,D2,1108.1575927734375,0.2322058230638504,2131.557499817277
207.75,59,B3,1108.1575927734375,0.2322058230638504,2131.557499817277
207.75,76,E5,1108.1575927734375,0.2322058230638504,2131.557499817277
207.75,40,E2,1108.1575927734375,0.2322058230638504,2131.557499817277
207.9375,74,D5,743.0752563476562,0.2085651010274887,1481.251945393768
208.3125,74,D5,1112.4090576171875,0.21258996427059174,1413.081668394792
208.5,53,F3,829.7896728515625,0.17673517763614655,2229.1838440148977
208.5,57,A3,829.7896728515625,0.17673517763614655,2229.1838440148977
208.5,60,C4,829.7896728515625,0.17673517763614655,2229.1838440148977
208.5,36,C2,829.7896728515625,0.17673517763614655,2229.1838440148977
208.5,59,B3,829.7896728515625,0.17673517763614655,2229.1838440148977
208.5,41,F2,829.7896728515625,0.17673517763614655,2229.1838440148977
208.5,53,F3,829.7896728515625,0.17673517763614655,2229.1838440148977
208.5,57,A3,829.7896728515625,0.17673517763614655,2229.1838440148977
208.5,60,C4,829.7896728515625,0.17673517763614655,2229.1838440148977
208.875,72,C5,1113.7215576171875,0.15881331264972687,1608.5200033278952
209.0625,72,C5,1160.982666015625,0.1404443383216858,1553.590809790231
209.25,38,D2,922.026123046875,0.12951809167861938,1563.8093045421629
209.25,59,B3,922.026123046875,0.12951809167861938,1563.8093045421629
209.25,41,F2,922.026123046875,0.12951809167861938,1563.8093045421629
209.625,69,A4,548.33056640625,0.1724722981452942,1465.4119245811767
209.8125,76,E5,1105.3544921875,0.2030646950006485,1315.2679735881397
210.0,50,D3,1172.3326416015625,0.14107534289360046,1452.6991099883185
210.0,53,F3,1172.3326416015625,0.14107534289360046,1452.6991099883185
210.0,57,A3,1172.3326416015625,0.14107534289360046,1452.6991099883185
210.0,36,C2,1172.3326416015625,0.14107534289360046,1452.6991099883185
210.0,59,B3,1172.3326416015625,0.14107534289360046,1452.6991099883185
210.0,38,D2,1172.3326416015625,0.14107534289360046,1452.6991099883185
210.0,50,D3,1172.3326416015625,0.14107534289360046,1452.6991099883185
210.0,53,F3,1172.3326416015625,0.14107534289360046,1452.6991099883185
210.0,57,A3,1172.3326416015625,0.14107534289360046,1452.6991099883185
210.375,74,D5,826.509033203125,0.296024352312088,1108.4252405326142
210.75,38,D2,741.3821411132812,0.2803184688091278,1143.9348526882586
210.75,59,B3,741.3821411132812,0.2803184688091278,1143.9348526882586
210.75,38,D2,741.3821411132812,0.2803184688091278,1143.9348526882586
210.75,62,D4,741.3821411132812,0.2803184688091278,1143.9348526882586
211.125,64,E4,986.7391357421875,0.23269547522068024,1345.5123829464105
211.5,36,C2,1033.968505859375,0.18961657583713531,1595.2653400789368
211.5,59,B3,1033.968505859375,0.18961657583713531,1595.2653400789368
211.5,38,D2,1033.968505859375,0.18961657583713531,1595.2653400789368
211.5,65,F4,1033.968505859375,0.18961657583713531,1595.2653400789368
211.875,36,C2,825.87841796875,0.15222321450710297,1852.2452246344783
211.875,64,E4,825.87841796875,0.15222321450710297,1852.2452246344783
212.25,38,D2,1037.8167724609375,0.16576285660266876,1540.4815378590006
212.25,59,B3,1037.8167724609375,0.16576285660266876,1540.4815378590006
212.25,38,D2,1037.8167724609375,0.16576285660266876,1540.4815378590006
212.25,62,D4,1037.8167724609375,0.16576285660266876,1540.4815378590006
212.4375,38,D2,416.6246643066406,0.22559033334255219,1916.6409280756945
212.625,36,C2,1041.8519287109375,0.17202125489711761,1781.3180110783378
212.625,60,C4,1041.8519287109375,0.17202125489711761,1781.3180110783378
213.0,52,E3,987.964111328125,0.11877749115228653,1658.833864940485
213.0,55,G3,987.964111328125,0.11877749115228653,1658.833864940485
213.0,59,B3,987.964111328125,0.11877749115228653,1658.833864940485
213.0,64,E4,987.964111328125,0.11877749115228653,1658.833864940485
213.0,36,C2,987.964111328125,0.11877749115228653,1658.833864940485
213.0,59,B3,987.964111328125,0.11877749115228653,1658.833864940485
213.0,40,E2,987.964111328125,0.11877749115228653,1658.833864940485
213.0,52,E3,987.964111328125,0.11877749115228653,1658.833864940485
213.0,55,G3,987.964111328125,0.11877749115228653,1658.833864940485
213.0,59,B3,987.964111328125,0.11877749115228653,1658.833864940485
213.375,67,G4,1110.002197265625,0.28895214200019836,1190.3440075035705
213.75,71,B4,700.1263427734375,0.28026556968688965,1105.2586907783007
213.75,38,D2,700.1263427734375,0.28026556968688965,1105.2586907783007
213.75,59,B3,700.1263427734375,0.28026556968688965,1105.2586907783007
213.75,76,E5,700.1263427734375,0.28026556968688965,1105.2586907783007
213.75,40,E2,700.1263427734375,0.28026556968688965,1105.2586907783007
213.9375,74,D5,1117.3968505859375,0.2457573115825653,1992.4104966837137
214.3125,74,D5,1112.588623046875,0.22038906812667847,1606.75280726567
214.5,53,F3,1118.525390625,0.18800905346870422,1368.7469592141367
214.5,57,A3,1118.525390625,0.18800905346870422,1368.7469592141367
214.5,60,C4,1118.525390625,0.18800905346870422,1368.7469592141367
214.5,65,F4,1118.525390625,0.18800905346870422,1368.7469592141367
214.5,36,C2,1118.525390625,0.18800905346870422,1368.7469592141367
214.5,59,B3,1118.525390625,0.18800905346870422,1368.7469592141367
214.5,41,F2,1118.525390625,0.18800905346870422,1368.7469592141367
214.5,53,F3,1118.525390625,0.18800905346870422,1368.7469592141367
214.5,57,A3,1118.525390625,0.18800905346870422,1368.7469592141367
214.5,60,C4,1118.525390625,0.18800905346870422,1368.7469592141367
214.875,69,A4,1113.404052734375,0.1496180146932602,1818.4226208449186
214.875,72,C5,1113.404052734375,0.1496180146932602,1818.4226208449186
215.0625,72,C5,1109.8577880859375,0.14811645448207855,1640.5559044544962
215.25,72,C5,1160.8330078125,0.1348363608121872,1502.562227494272
215.25,38,D2,1160.8330078125,0.1348363608121872,1502.562227494272
215.25,59,B3,1160.8330078125,0.1348363608121872,1502.562227494272
215.25,41,F2,1160.8330078125,0.1348363608121872,1502.562227494272
215.625,74,D5,551.273681640625,0.30131879448890686,1364.8584583225643
215.8125,76,E5,1102.85107421875,0.1485581248998642,2235.040070506933
216.0,48,C3,830.4584350585938,0.18338920176029205,1306.0784507837593
216.0,52,E3,830.4584350585938,0.18338920176029205,1306.0784507837593
216.0,60,C4,830.4584350585938,0.18338920176029205,1306.0784507837593
216.0,55,G3,830.4584350585938,0.18338920176029205,1306.0784507837593
216.0,60,C4,830.4584350585938,0.18338920176029205,1306.0784507837593
216.0,36,C2,830.4584350585938,0.18338920176029205,1306.0784507837593
216.0,59,B3,830.4584350585938,0.18338920176029205,1306.0784507837593
216.0,36,C2,830.4584350585938,0.18338920176029205,1306.0784507837593
216.0,55,G3,830.4584350585938,0.18338920176029205,1306.0784507837593
216.0,60,C4,830.4584350585938,0.18338920176029205,1306.0784507837593
216.0,48,C3,830.4584350585938,0.18338920176029205,1306.0784507837593
216.0,52,E3,830.4584350585938,0.18338920176029205,1306.0784507837593
216.375,64,E4,659.0360717773438,0.3082506060600281,1273.1358892170128
216.375,79,G5,659.0360717773438,0.3082506060600281,1273.1358892170128
216.5625,76,E5,826.420166015625,0.30987051129341125,1124.127076459612
216.75,67,G4,826.1092529296875,0.29080089926719666,1144.2596706218305
216.75,38,D2,826.1092529296875,0.29080089926719666,1144.2596706218305
216.75,59,B3,826.1092529296875,0.29080089926719666,1144.2596706218305
216.75,36,C2,826.1092529296875,0.29080089926719666,1144.2596706218305
217.125,72,C5,825.8792114257812,0.2607472836971283,1466.0262363739143
217.3125,48,C3,988.0803833007812,0.22778989374637604,1288.806754826925
217.5,48,C3,830.9407348632812,0.21055887639522552,1553.4105392759636
217.5,36,C2,830.9407348632812,0.21055887639522552,1553.4105392759636
217.5,59,B3,830.9407348632812,0.21055887639522552,1553.4105392759636
217.5,36,C2,830.9407348632812,0.21055887639522552,1553.4105392759636
217.875,48,C3,1039.5943603515625,0.18574346601963043,1833.9920420896644
217.875,36,C2,1039.5943603515625,0.18574346601963043,1833.9920420896644
218.25,38,D2,826.752197265625,0.16165198385715485,1680.9493108777724
218.25,59,B3,826.752197265625,0.16165198385715485,1680.9493108777724
218.25,36,C2,826.752197265625,0.16165198385715485,1680.9493108777724
219.0,52,E3,1098.971923828125,0.12375637143850327,1634.5151242850689
219.0,55,G3,1098.971923828125,0.12375637143850327,1634.5151242850689
219.0,59,B3,1098.971923828125,0.12375637143850327,1634.5151242850689
219.0,64,E4,1098.971923828125,0.12375637143850327,1634.5151242850689
219.0,36,C2,1098.971923828125,0.12375637143850327,1634.5151242850689
219.0,59,B3,1098.971923828125,0.12375637143850327,1634.5151242850689
219.0,40,E2,1098.971923828125,0.12375637143850327,1634.5151242850689
219.0,52,E3,1098.971923828125,0.12375637143850327,1634.5151242850689
219.0,55,G3,1098.971923828125,0.12375637143850327,1634.5151242850689
219.0,59,B3,1098.971923828125,0.12375637143850327,1634.5151242850689
219.375,67,G4,1108.25341796875,0.25243133306503296,2917.4537347516043
219.75,71,B4,742.3873291015625,0.27016106247901917,2556.7640399011448
219.75,38,D2,742.3873291015625,0.27016106247901917,2556.7640399011448
219.75,59,B3,742.3873291015625,0.27016106247901917,2556.7640399011448
219.75,76,E5,742.3873291015625,0.27016106247901917,2556.7640399011448
219.75,40,E2,742.3873291015625,0.27016106247901917,2556.7640399011448
219.9375,74,D5,730.7949829101562,0.1951586753129959,2103.477392241377
220.3125,74,D5,1114.233642578125,0.22731570899486542,1486.2533398186454
220.5,53,F3,373.9870300292969,0.330427885055542,2025.6674321899695
220.5,57,A3,373.9870300292969,0.330427885055542,2025.6674321899695
220.5,60,C4,373.9870300292969,0.330427885055542,2025.6674321899695
220.5,65,F4,373.9870300292969,0.330427885055542,2025.6674321899695
220.5,36,C2,373.9870300292969,0.330427885055542,2025.6674321899695
220.5,59,B3,373.9870300292969,0.330427885055542,2025.6674321899695
220.5,41,F2,373.9870300292969,0.330427885055542,2025.6674321899695
220.5,53,F3,373.9870300292969,0.330427885055542,2025.6674321899695
220.5,57,A3,373.9870300292969,0.330427885055542,2025.6674321899695
220.5,60,C4,373.9870300292969,0.330427885055542,2025.6674321899695
220.875,69,A4,1108.237060546875,0.2965489625930786,1983.0134747922714
220.875,72,C5,1108.237060546875,0.2965489625930786,1983.0134747922714
221.0625,72,C5,1111.35205078125,0.25453442335128784,1270.5078383738326
221.25,72,C5,831.21435546875,0.3112732768058777,2125.477494045169
221.25,38,D2,831.21435546875,0.3112732768058777,2125.477494045169
221.25,59,B3,831.21435546875,0.3112732768058777,2125.477494045169
221.25,41,F2,831.21435546875,0.3112732768058777,2125.477494045169
221.625,69,A4,1020.0291748046875,0.27998340129852295,2396.6592924720526
221.8125,76,E5,1111.4134521484375,0.2986800968647003,2321.6655405960564
222.0,55,G3,1116.64013671875,0.3046635091304779,1298.9704212411011
222.0,59,B3,1116.64013671875,0.3046635091304779,1298.9704212411011
222.0,62,D4,1116.64013671875,0.3046635091304779,1298.9704212411011
222.0,67,G4,1116.64013671875,0.3046635091304779,1298.9704212411011
222.0,71,B4,1116.64013671875,0.3046635091304779,1298.9704212411011
222.0,74,D5,1116.64013671875,0.3046635091304779,1298.9704212411011
222.0,36,C2,1116.64013671875,0.3046635091304779,1298.9704212411011
222.0,38,D2,1116.64013671875,0.3046635091304779,1298.9704212411011
222.0,59,B3,1116.64013671875,0.3046635091304779,1298.9704212411011
222.0,43,G2,1116.64013671875,0.3046635091304779,1298.9704212411011
222.0,59,B3,1116.64013671875,0.3046635091304779,1298.9704212411011
222.0,62,D4,1116.64013671875,0.3046635091304779,1298.9704212411011
222.0,55,G3,1116.64013671875,0.3046635091304779,1298.9704212411011
222.375,55,G3,934.178955078125,0.3806960880756378,2048.6104260814986
222.375,59,B3,934.178955078125,0.3806960880756378,2048.6104260814986
222.375,62,D4,934.178955078125,0.3806960880756378,2048.6104260814986
222.375,36,C2,934.178955078125,0.3806960880756378,2048.6104260814986
222.375,74,D5,934.178955078125,0.3806960880756378,2048.6104260814986
222.75,55,G3,625.2962036132812,0.3374957740306854,2341.9350507617037
222.75,59,B3,625.2962036132812,0.3374957740306854,2341.9350507617037
222.75,62,D4,625.2962036132812,0.3374957740306854,2341.9350507617037
222.75,36,C2,625.2962036132812,0.3374957740306854,2341.9350507617037
222.75,59,B3,625.2962036132812,0.3374957740306854,2341.9350507617037
222.75,43,G2,625.2962036132812,0.3374957740306854,2341.9350507617037
223.125,62,D4,935.0923461914062,0.26109984517097473,3117.8257890360246
223.125,55,G3,935.0923461914062,0.26109984517097473,3117.8257890360246
223.125,59,B3,935.0923461914062,0.26109984517097473,3117.8257890360246
223.125,36,C2,935.0923461914062,0.26109984517097473,3117.8257890360246
223.5,62,D4,775.9531860351562,0.16771017014980316,2299.6296433953457
223.5,55,G3,775.9531860351562,0.16771017014980316,2299.6296433953457
223.5,59,B3,775.9531860351562,0.16771017014980316,2299.6296433953457
223.5,36,C2,775.9531860351562,0.16771017014980316,2299.6296433953457
223.5,59,B3,775.9531860351562,0.16771017014980316,2299.6296433953457
223.5,76,E5,775.9531860351562,0.16771017014980316,2299.6296433953457
223.5,43,G2,775.9531860351562,0.16771017014980316,2299.6296433953457
223.875,62,D4,1048.026123046875,0.3236410915851593,2433.811051671534
223.875,59,B3,1048.026123046875,0.3236410915851593,2433.811051671534
223.875,55,G3,1048.026123046875,0.3236410915851593,2433.811051671534
223.875,36,C2,1048.026123046875,0.3236410915851593,2433.811051671534
224.25,62,D4,1048.8094482421875,0.2969861626625061,2548.3013628157955
224.25,55,G3,1048.8094482421875,0.2969861626625061,2548.3013628157955
224.25,59,B3,1048.8094482421875,0.2969861626625061,2548.3013628157955
224.25,36,C2,1048.8094482421875,0.2969861626625061,2548.3013628157955
224.25,59,B3,1048.8094482421875,0.2969861626625061,2548.3013628157955
224.25,79,G5,1048.8094482421875,0.2969861626625061,2548.3013628157955
224.25,43,G2,1048.8094482421875,0.2969861626625061,2548.3013628157955
224.625,62,D4,1032.3587646484375,0.2724192440509796,3282.0044150754993
224.625,55,G3,1032.3587646484375,0.2724192440509796,3282.0044150754993
224.625,59,B3,1032.3587646484375,0.2724192440509796,3282.0044150754993
224.625,36,C2,1032.3587646484375,0.2724192440509796,3282.0044150754993
225.0,55,G3,981.4939575195312,0.20772390067577362,2217.2028875207243
225.0,59,B3,981.4939575195312,0.20772390067577362,2217.2028875207243
225.0,62,D4,981.4939575195312,0.20772390067577362,2217.2028875207243
225.0,67,G4,981.4939575195312,0.20772390067577362,2217.2028875207243
225.0,71,B4,981.4939575195312,0.20772390067577362,2217.2028875207243
225.0,74,D5,981.4939575195312,0.20772390067577362,2217.2028875207243
225.0,36,C2,981.4939575195312,0.20772390067577362,2217.2028875207243
225.0,59,B3,981.4939575195312,0.20772390067577362,2217.2028875207243
225.0,76,E5,981.4939575195312,0.20772390067577362,2217.2028875207243
225.0,43,G2,981.4939575195312,0.20772390067577362,2217.2028875207243
225.0,55,G3,981.4939575195312,0.20772390067577362,2217.2028875207243
225.0,59,B3,981.4939575195312,0.20772390067577362,2217.2028875207243
225.0,62,D4,981.4939575195312,0.20772390067577362,2217.2028875207243
225.375,55,G3,556.51025390625,0.4198901355266571,2222.4797344018725
225.375,59,B3,556.51025390625,0.4198901355266571,2222.4797344018725
225.375,62,D4,556.51025390625,0.4198901355266571,2222.4797344018725
225.375,36,C2,556.51025390625,0.4198901355266571,2222.4797344018725
225.75,55,G3,931.3289184570312,0.3216570019721985,2590.6872157544312
225.75,59,B3,931.3289184570312,0.3216570019721985,2590.6872157544312
225.75,62,D4,931.3289184570312,0.3216570019721985,2590.6872157544312
225.75,36,C2,931.3289184570312,0.3216570019721985,2590.6872157544312
225.75,59,B3,931.3289184570312,0.3216570019721985,2590.6872157544312
225.75,43,G2,931.3289184570312,0.3216570019721985,2590.6872157544312
226.125,62,D4,624.1575927734375,0.2628538906574249,3435.0529506826724
226.125,55,G3,624.1575927734375,0.2628538906574249,3435.0529506826724
226.125,59,B3,624.1575927734375,0.2628538906574249,3435.0529506826724
226.125,36,C2,624.1575927734375,0.2628538906574249,3435.0529506826724
226.125,77,F5,624.1575927734375,0.2628538906574249,3435.0529506826724
226.3125,76,E5,930.9530029296875,0.23612962663173676,2564.0935480595294
226.5,62,D4,1014.5789794921875,0.23547667264938354,2130.238290764388
226.5,55,G3,1014.5789794921875,0.23547667264938354,2130.238290764388
226.5,59,B3,1014.5789794921875,0.23547667264938354,2130.238290764388
226.5,38,D2,1014.5789794921875,0.23547667264938354,2130.238290764388
226.5,59,B3,1014.5789794921875,0.23547667264938354,2130.238290764388
226.5,74,D5,1014.5789794921875,0.23547667264938354,2130.238290764388
226.5,43,G2,1014.5789794921875,0.23547667264938354,2130.238290764388
226.875,62,D4,184.43490600585938,0.40814241766929626,2132.185988277941
226.875,59,B3,184.43490600585938,0.40814241766929626,2132.185988277941
226.875,55,G3,184.43490600585938,0.40814241766929626,2132.185988277941
226.875,36,C2,184.43490600585938,0.40814241766929626,2132.185988277941
227.25,62,D4,368.532958984375,0.4464225172996521,1436.6385808168864
227.25,55,G3,368.532958984375,0.4464225172996521,1436.6385808168864
227.25,59,B3,368.532958984375,0.4464225172996521,1436.6385808168864
227.25,36,C2,368.532958984375,0.4464225172996521,1436.6385808168864
227.25,59,B3,368.532958984375,0.4464225172996521,1436.6385808168864
227.25,43,G2,368.532958984375,0.4464225172996521,1436.6385808168864
227.4375,36,C2,488.1044921875,0.34544989466667175,1441.6264688724787
227.625,62,D4,618.8994750976562,0.327915221452713,3281.7940597156357
227.625,55,G3,618.8994750976562,0.327915221452713,3281.7940597156357
227.625,59,B3,618.8994750976562,0.327915221452713,3281.7940597156357
227.625,36,C2,618.8994750976562,0.327915221452713,3281.7940597156357
228.0,57,A3,626.7870483398438,0.27615782618522644,2013.7942003199996
228.0,60,C4,626.7870483398438,0.27615782618522644,2013.7942003199996
228.0,53,F3,626.7870483398438,0.27615782618522644,2013.7942003199996
228.0,59,B3,626.7870483398438,0.27615782618522644,2013.7942003199996
228.0,36,C2,626.7870483398438,0.27615782618522644,2013.7942003199996
228.0,41,F2,626.7870483398438,0.27615782618522644,2013.7942003199996
228.0,53,F3,626.7870483398438,0.27615782618522644,2013.7942003199996
228.0,57,A3,626.7870483398438,0.27615782618522644,2013.7942003199996
228.0,60,C4,626.7870483398438,0.27615782618522644,2013.7942003199996
228.0,69,A4,626.7870483398438,0.27615782618522644,2013.7942003199996
228.75,60,C4,465.7135314941406,0.34385988116264343,2303.432333560792
228.75,57,A3,465.7135314941406,0.34385988116264343,2303.432333560792
228.75,59,B3,465.7135314941406,0.34385988116264343,2303.432333560792
228.75,38,D2,465.7135314941406,0.34385988116264343,2303.432333560792
228.75,41,F2,465.7135314941406,0.34385988116264343,2303.432333560792
229.125,69,A4,736.9204711914062,0.3165639042854309,3249.706997727011
229.3125,67,G4,702.7950439453125,0.26198509335517883,2343.733316486173
229.5,60,C4,927.3189086914062,0.2120606154203415,2160.980619484712
229.5,57,A3,927.3189086914062,0.2120606154203415,2160.980619484712
229.5,36,C2,927.3189086914062,0.2120606154203415,2160.980619484712
229.5,59,B3,927.3189086914062,0.2120606154203415,2160.980619484712
229.5,41,F2,927.3189086914062,0.2120606154203415,2160.980619484712
229.5,69,A4,927.3189086914062,0.2120606154203415,2160.980619484712
229.875,36,C2,734.1577758789062,0.3604852557182312,1885.1984130915293
229.875,41,F2,734.1577758789062,0.3604852557182312,1885.1984130915293
229.875,72,C5,734.1577758789062,0.3604852557182312,1885.1984130915293
230.0625,69,A4,989.4007568359375,0.29783958196640015,2700.7580836585344
230.25,60,C4,829.1409912109375,0.29031819105148315,2736.7511218109894
230.25,57,A3,829.1409912109375,0.29031819105148315,2736.7511218109894
230.25,38,D2,829.1409912109375,0.29031819105148315,2736.7511218109894
230.25,59,B3,829.1409912109375,0.29031819105148315,2736.7511218109894
230.625,36,C2,984.9147338867188,0.2776225805282593,3406.264620017004
230.625,40,E2,984.9147338867188,0.2776225805282593,3406.264620017004
230.625,67,G4,984.9147338867188,0.2776225805282593,3406.264620017004
230.8125,65,F4,1046.3497314453125,0.2399173080921173,2536.2730499698187
231.0,53,F3,743.6047973632812,0.22615917026996613,2134.7042156248444
231.0,62,D4,743.6047973632812,0.22615917026996613,2134.7042156248444
231.0,57,A3,743.6047973632812,0.22615917026996613,2134.7042156248444
231.0,50,D3,743.6047973632812,0.22615917026996613,2134.7042156248444
231.0,59,B3,743.6047973632812,0.22615917026996613,2134.7042156248444
231.0,36,C2,743.6047973632812,0.22615917026996613,2134.7042156248444
231.0,38,D2,743.6047973632812,0.22615917026996613,2134.7042156248444
231.0,50,D3,743.6047973632812,0.22615917026996613,2134.7042156248444
231.0,62,D4,743.6047973632812,0.22615917026996613,2134.7042156248444
231.0,57,A3,743.6047973632812,0.22615917026996613,2134.7042156248444
231.0,53,F3,743.6047973632812,0.22615917026996613,2134.7042156248444
231.0,69,A4,743.6047973632812,0.22615917026996613,2134.7042156248444
231.1875,67,G4,819.8565063476562,0.2067435383796692,1895.0898152196864
231.375,69,A4,827.534423828125,0.3535207211971283,2477.107963008665
231.75,62,D4,419.0363464355469,0.29089781641960144,2839.7319456559026
231.75,53,F3,419.0363464355469,0.29089781641960144,2839.7319456559026
231.75,57,A3,419.0363464355469,0.29089781641960144,2839.7319456559026
231.75,59,B3,419.0363464355469,0.29089781641960144,2839.7319456559026
231.75,38,D2,419.0363464355469,0.29089781641960144,2839.7319456559026
231.75,38,D2,419.0363464355469,0.29089781641960144,2839.7319456559026
232.125,69,A4,1112.6981201171875,0.31411388516426086,3294.3592352151327
232.3125,67,G4,1118.113037109375,0.3095596730709076,2484.256568140335
232.5,62,D4,935.4234008789062,0.2762134373188019,2351.101817575857
232.5,53,F3,935.4234008789062,0.2762134373188019,2351.101817575857
232.5,57,A3,935.4234008789062,0.2762134373188019,2351.101817575857
232.5,36,C2,935.4234008789062,0.2762134373188019,2351.101817575857
232.5,59,B3,935.4234008789062,0.2762134373188019,2351.101817575857
232.5,38,D2,935.4234008789062,0.2762134373188019,2351.101817575857
232.5,69,A4,935.4234008789062,0.2762134373188019,2351.101817575857
232.875,36,C2,991.1219482421875,0.3718463182449341,2389.2462757471985
232.875,38,D2,991.1219482421875,0.3718463182449341,2389.2462757471985
232.875,72,C5,991.1219482421875,0.3718463182449341,2389.2462757471985
233.0625,69,A4,1101.056884765625,0.23812568187713623,2297.929104757257
233.25,62,D4,933.1964721679688,0.3510989248752594,1723.2187877694364
233.25,57,A3,933.1964721679688,0.3510989248752594,1723.2187877694364
233.25,53,F3,933.1964721679688,0.3510989248752594,1723.2187877694364
233.25,38,D2,933.1964721679688,0.3510989248752594,1723.2187877694364
233.25,59,B3,933.1964721679688,0.3510989248752594,1723.2187877694364
233.4375,67,G4,937.1417846679688,0.33131659030914307,1863.3610251593261
233.625,36,C2,1108.8359375,0.3539762496948242,3013.90931009385
233.625,38,D2,1108.8359375,0.3539762496948242,3013.90931009385
233.625,64,E4,1108.8359375,0.3539762496948242,3013.90931009385
233.8125,65,F4,618.5252685546875,0.35460829734802246,2850.3409880957006
234.0,52,E3,699.741943359375,0.3546837568283081,2016.3696276218254
234.0,60,C4,699.741943359375,0.3546837568283081,2016.3696276218254
234.0,55,G3,699.741943359375,0.3546837568283081,2016.3696276218254
234.0,48,C3,699.741943359375,0.3546837568283081,2016.3696276218254
234.0,59,B3,699.741943359375,0.3546837568283081,2016.3696276218254
234.0,36,C2,699.741943359375,0.3546837568283081,2016.3696276218254
234.0,36,C2,699.741943359375,0.3546837568283081,2016.3696276218254
234.0,52,E3,699.741943359375,0.3546837568283081,2016.3696276218254
234.0,60,C4,699.741943359375,0.3546837568283081,2016.3696276218254
234.0,55,G3,699.741943359375,0.3546837568283081,2016.3696276218254
234.0,48,C3,699.741943359375,0.3546837568283081,2016.3696276218254
234.0,64,E4,699.741943359375,0.3546837568283081,2016.3696276218254
234.75,52,E3,740.1183471679688,0.34385669231414795,2551.1336302131235
234.75,55,G3,740.1183471679688,0.34385669231414795,2551.1336302131235
234.75,60,C4,740.1183471679688,0.34385669231414795,2551.1336302131235
234.75,59,B3,740.1183471679688,0.34385669231414795,2551.1336302131235
234.75,38,D2,740.1183471679688,0.34385669231414795,2551.1336302131235
234.75,36,C2,740.1183471679688,0.34385669231414795,2551.1336302131235
235.125,72,C5,775.946044921875,0.281333863735199,3413.6267508868073
235.5,60,C4,1167.0345458984375,0.31142204999923706,2099.936286788592
235.5,53,F3,1167.0345458984375,0.31142204999923706,2099.936286788592
235.5,55,G3,1167.0345458984375,0.31142204999923706,2099.936286788592
235.5,36,C2,1167.0345458984375,0.31142204999923706,2099.936286788592
235.5,59,B3,1167.0345458984375,0.31142204999923706,2099.936286788592
235.5,36,C2,1167.0345458984375,0.31142204999923706,2099.936286788592
235.5,53,F3,1167.0345458984375,0.31142204999923706,2099.936286788592
235.5,60,C4,1167.0345458984375,0.31142204999923706,2099.936286788592
235.5,55,G3,1167.0345458984375,0.31142204999923706,2099.936286788592
235.875,36,C2,1043.482177734375,0.3695591986179352,1956.6716805139063
235.875,36,C2,1043.482177734375,0.3695591986179352,1956.6716805139063
236.25,60,C4,988.3108520507812,0.32980045676231384,2572.317444877632
236.25,55,G3,988.3108520507812,0.32980045676231384,2572.317444877632
236.25,53,F3,988.3108520507812,0.32980045676231384,2572.317444877632
236.25,38,D2,988.3108520507812,0.32980045676231384,2572.317444877632
236.25,59,B3,988.3108520507812,0.32980045676231384,2572.317444877632
236.25,65,F4,988.3108520507812,0.32980045676231384,2572.317444877632
236.4375,64,E4,839.4757690429688,0.3157896399497986,2501.387436823571
236.625,36,C2,833.0939331054688,0.33278217911720276,3215.5414080718256
236.625,36,C2,833.0939331054688,0.33278217911720276,3215.5414080718256
236.625,65,F4,833.0939331054688,0.33278217911720276,3215.5414080718256
237.0,52,E3,986.609619140625,0.2803492546081543,2055.1710249331154
237.0,60,C4,986.609619140625,0.2803492546081543,2055.1710249331154
237.0,55,G3,986.609619140625,0.2803492546081543,2055.1710249331154
237.0,48,C3,986.609619140625,0.2803492546081543,2055.1710249331154
237.0,59,B3,986.609619140625,0.2803492546081543,2055.1710249331154
237.0,36,C2,986.609619140625,0.2803492546081543,2055.1710249331154
237.0,36,C2,986.609619140625,0.2803492546081543,2055.1710249331154
237.0,48,C3,986.609619140625,0.2803492546081543,2055.1710249331154
237.0,52,E3,986.609619140625,0.2803492546081543,2055.1710249331154
237.0,55,G3,986.609619140625,0.2803492546081543,2055.1710249331154
237.0,64,E4,986.609619140625,0.2803492546081543,2055.1710249331154
237.75,52,E3,1110.09814453125,0.3483681380748749,2327.2178650200567
237.75,55,G3,1110.09814453125,0.3483681380748749,2327.2178650200567
237.75,59,B3,1110.09814453125,0.3483681380748749,2327.2178650200567
237.75,38,D2,1110.09814453125,0.3483681380748749,2327.2178650200567
237.75,36,C2,1110.09814453125,0.3483681380748749,2327.2178650200567
238.125,62,D4,928.8783569335938,0.305997759103775,3083.838619959004
238.3125,60,C4,740.1153564453125,0.3138660192489624,2359.4975986173604
238.5,52,E3,742.9441528320312,0.2879861891269684,2218.8075209914105
238.5,55,G3,742.9441528320312,0.2879861891269684,2218.8075209914105
238.5,38,D2,742.9441528320312,0.2879861891269684,2218.8075209914105
238.5,59,B3,742.9441528320312,0.2879861891269684,2218.8075209914105
238.5,36,C2,742.9441528320312,0.2879861891269684,2218.8075209914105
238.5,62,D4,742.9441528320312,0.2879861891269684,2218.8075209914105
238.6875,64,E4,979.752685546875,0.349372923374176,1885.7322029611114
238.875,36,C2,492.85552978515625,0.40795376896858215,2221.510174134489
238.875,36,C2,492.85552978515625,0.40795376896858215,2221.510174134489
238.875,67,G4,492.85552978515625,0.40795376896858215,2221.510174134489
239.0625,62,D4,1195.7137451171875,0.21406257152557373,2379.178152399174
239.25,52,E3,734.957275390625,0.42618414759635925,1683.4544355226355
239.25,55,G3,734.957275390625,0.42618414759635925,1683.4544355226355
239.25,36,C2,734.957275390625,0.42618414759635925,1683.4544355226355
239.25,59,B3,734.957275390625,0.42618414759635925,1683.4544355226355
239.4375,36,C2,736.3538818359375,0.3642483353614807,1643.7883812357509
239.625,36,C2,621.7471923828125,0.3419119715690613,3000.376684858148
239.625,36,C2,621.7471923828125,0.3419119715690613,3000.376684858148
239.625,60,C4,621.7471923828125,0.3419119715690613,3000.376684858148
240.0,57,A3,1039.4942626953125,0.30184003710746765,2126.2687015311976
240.0,60,C4,1039.4942626953125,0.30184003710746765,2126.2687015311976
240.0,53,F3,1039.4942626953125,0.30184003710746765,2126.2687015311976
240.0,59,B3,1039.4942626953125,0.30184003710746765,2126.2687015311976
240.0,36,C2,1039.4942626953125,0.30184003710746765,2126.2687015311976
240.0,41,F2,1039.4942626953125,0.30184003710746765,2126.2687015311976
240.0,53,F3,1039.4942626953125,0.30184003710746765,2126.2687015311976
240.0,57,A3,1039.4942626953125,0.30184003710746765,2126.2687015311976
240.0,60,C4,1039.4942626953125,0.30184003710746765,2126.2687015311976
240.0,69,A4,1039.4942626953125,0.30184003710746765,2126.2687015311976
240.75,60,C4,1170.85595703125,0.3543528616428375,2438.2541012446063
240.75,57,A3,1170.85595703125,0.3543528616428375,2438.2541012446063
240.75,59,B3,1170.85595703125,0.3543528616428375,2438.2541012446063
240.75,38,D2,1170.85595703125,0.3543528616428375,2438.2541012446063
240.75,41,F2,1170.85595703125,0.3543528616428375,2438.2541012446063
241.125,69,A4,1168.61181640625,0.34018227458000183,2964.190957691405
241.3125,67,G4,1086.862548828125,0.2882474958896637,2311.2917384402276
241.5,60,C4,924.2360229492188,0.2807425558567047,2112.2592965122403
241.5,57,A3,924.2360229492188,0.2807425558567047,2112.2592965122403
241.5,36,C2,924.2360229492188,0.2807425558567047,2112.2592965122403
241.5,59,B3,924.2360229492188,0.2807425558567047,2112.2592965122403
241.5,41,F2,924.2360229492188,0.2807425558567047,2112.2592965122403
241.5,69,A4,924.2360229492188,0.2807425558567047,2112.2592965122403
241.875,36,C2,1064.2344970703125,0.36483848094940186,2169.646929820059
241.875,41,F2,1064.2344970703125,0.36483848094940186,2169.646929820059
241.875,72,C5,1064.2344970703125,0.36483848094940186,2169.646929820059
242.0625,69,A4,1043.9932861328125,0.34118905663490295,2590.402189626052
242.25,60,C4,988.9837646484375,0.3377636969089508,2620.400429835288
242.25,57,A3,988.9837646484375,0.3377636969089508,2620.400429835288
242.25,38,D2,988.9837646484375,0.3377636969089508,2620.400429835288
242.25,59,B3,988.9837646484375,0.3377636969089508,2620.400429835288
242.625,36,C2,990.7425537109375,0.31372296810150146,3069.7005999935845
242.625,40,E2,990.7425537109375,0.31372296810150146,3069.7005999935845
242.625,67,G4,990.7425537109375,0.31372296810150146,3069.7005999935845
242.8125,65,F4,980.9561157226562,0.28199997544288635,2379.1586265110727
243.0,53,F3,1162.1036376953125,0.2757539451122284,2180.780813053217
243.0,62,D4,1162.1036376953125,0.2757539451122284,2180.780813053217
243.0,57,A3,1162.1036376953125,0.2757539451122284,2180.780813053217
243.0,50,D3,1162.1036376953125,0.2757539451122284,2180.780813053217
243.0,59,B3,1162.1036376953125,0.2757539451122284,2180.780813053217
243.0,36,C2,1162.1036376953125,0.2757539451122284,2180.780813053217
243.0,38,D2,1162.1036376953125,0.2757539451122284,2180.780813053217
243.0,50,D3,1162.1036376953125,0.2757539451122284,2180.780813053217
243.0,62,D4,1162.1036376953125,0.2757539451122284,2180.780813053217
243.0,57,A3,1162.1036376953125,0.2757539451122284,2180.780813053217
243.0,53,F3,1162.1036376953125,0.2757539451122284,2180.780813053217
243.0,69,A4,1162.1036376953125,0.2757539451122284,2180.780813053217
243.1875,67,G4,832.4707641601562,0.29991602897644043,1846.965323770019
243.375,69,A4,1162.4351806640625,0.30661439895629883,2547.6118472236144
243.75,62,D4,1165.8616943359375,0.33257246017456055,2570.912617900891
243.75,53,F3,1165.8616943359375,0.33257246017456055,2570.912617900891
243.75,57,A3,1165.8616943359375,0.33257246017456055,2570.912617900891
243.75,59,B3,1165.8616943359375,0.33257246017456055,2570.912617900891
243.75,38,D2,1165.8616943359375,0.33257246017456055,2570.912617900891
243.75,38,D2,1165.8616943359375,0.33257246017456055,2570.912617900891
244.125,69,A4,1108.6175537109375,0.3466530740261078,2276.6971343101122
244.3125,67,G4,1107.8426513671875,0.2870493531227112,2064.599541877878
244.5,62,D4,1110.3330078125,0.3653077781200409,2200.3522465096617
244.5,53,F3,1110.3330078125,0.3653077781200409,2200.3522465096617
244.5,57,A3,1110.3330078125,0.3653077781200409,2200.3522465096617
244.5,36,C2,1110.3330078125,0.3653077781200409,2200.3522465096617
244.5,59,B3,1110.3330078125,0.3653077781200409,2200.3522465096617
244.5,38,D2,1110.3330078125,0.3653077781200409,2200.3522465096617
244.5,69,A4,1110.3330078125,0.3653077781200409,2200.3522465096617
244.875,36,C2,736.5733032226562,0.37410321831703186,2221.6952517207274
244.875,38,D2,736.5733032226562,0.37410321831703186,2221.6952517207274
244.875,72,C5,736.5733032226562,0.37410321831703186,2221.6952517207274
245.0625,74,D5,1108.6605224609375,0.32096412777900696,1521.7635073335055
245.25,62,D4,1109.0213623046875,0.3314012587070465,2292.7359754199824
245.25,57,A3,1109.0213623046875,0.3314012587070465,2292.7359754199824
245.25,53,F3,1109.0213623046875,0.3314012587070465,2292.7359754199824
245.25,38,D2,1109.0213623046875,0.3314012587070465,2292.7359754199824
245.25,59,B3,1109.0213623046875,0.3314012587070465,2292.7359754199824
245.625,36,C2,1107.5010986328125,0.33085864782333374,2066.1181565967204
245.625,38,D2,1107.5010986328125,0.33085864782333374,2066.1181565967204
245.625,72,C5,1107.5010986328125,0.33085864782333374,2066.1181565967204
246.0,52,E3,1107.83056640625,0.36250045895576477,2032.7248582686295
246.0,60,C4,1107.83056640625,0.36250045895576477,2032.7248582686295
246.0,55,G3,1107.83056640625,0.36250045895576477,2032.7248582686295
246.0,48,C3,1107.83056640625,0.36250045895576477,2032.7248582686295
246.0,59,B3,1107.83056640625,0.36250045895576477,2032.7248582686295
246.0,36,C2,1107.83056640625,0.36250045895576477,2032.7248582686295
246.0,36,C2,1107.83056640625,0.36250045895576477,2032.7248582686295
246.0,48,C3,1107.83056640625,0.36250045895576477,2032.7248582686295
246.0,52,E3,1107.83056640625,0.36250045895576477,2032.7248582686295
246.0,55,G3,1107.83056640625,0.36250045895576477,2032.7248582686295
246.0,76,E5,1107.83056640625,0.36250045895576477,2032.7248582686295
246.75,52,E3,1110.3638916015625,0.3659649193286896,2025.710820341243
246.75,55,G3,1110.3638916015625,0.3659649193286896,2025.710820341243
246.75,60,C4,1110.3638916015625,0.3659649193286896,2025.710820341243
246.75,59,B3,1110.3638916015625,0.3659649193286896,2025.710820341243
246.75,38,D2,1110.3638916015625,0.3659649193286896,2025.710820341243
246.75,36,C2,1110.3638916015625,0.3659649193286896,2025.710820341243
247.5,60,C4,1109.6365966796875,0.3873060941696167,1843.676171974768
247.5,55,G3,1109.6365966796875,0.3873060941696167,1843.676171974768
247.5,52,E3,1109.6365966796875,0.3873060941696167,1843.676171974768
247.5,36,C2,1109.6365966796875,0.3873060941696167,1843.676171974768
247.5,59,B3,1109.6365966796875,0.3873060941696167,1843.676171974768
247.5,36,C2,1109.6365966796875,0.3873060941696167,1843.676171974768
247.875,36,C2,1111.19970703125,0.4141123294830322,2678.9880915256376
247.875,36,C2,1111.19970703125,0.4141123294830322,2678.9880915256376
247.875,74,D5,1111.19970703125,0.4141123294830322,2678.9880915256376
248.25,60,C4,1109.78369140625,0.3692696690559387,1429.6782502920025
248.25,52,E3,1109.78369140625,0.3692696690559387,1429.6782502920025
248.25,55,G3,1109.78369140625,0.3692696690559387,1429.6782502920025
248.25,38,D2,1109.78369140625,0.3692696690559387,1429.6782502920025
248.25,59,B3,1109.78369140625,0.3692696690559387,1429.6782502920025
248.25,72,C5,1109.78369140625,0.3692696690559387,1429.6782502920025
248.4375,74,D5,1109.1641845703125,0.32522764801979065,1394.6618448385238
248.625,36,C2,1165.406982421875,0.3703403174877167,1335.1511741259155
248.625,36,C2,1165.406982421875,0.3703403174877167,1335.1511741259155
248.625,72,C5,1165.406982421875,0.3703403174877167,1335.1511741259155
248.8125,69,A4,1111.4200439453125,0.3669015169143677,1411.4544514785603
249.0,52,E3,1109.14453125,0.3619677424430847,1357.7599214755437
249.0,60,C4,1109.14453125,0.3619677424430847,1357.7599214755437
249.0,55,G3,1109.14453125,0.3619677424430847,1357.7599214755437
249.0,48,C3,1109.14453125,0.3619677424430847,1357.7599214755437
249.0,59,B3,1109.14453125,0.3619677424430847,1357.7599214755437
249.0,36,C2,1109.14453125,0.3619677424430847,1357.7599214755437
249.0,36,C2,1109.14453125,0.3619677424430847,1357.7599214755437
249.0,48,C3,1109.14453125,0.3619677424430847,1357.7599214755437
249.0,52,E3,1109.14453125,0.3619677424430847,1357.7599214755437
249.0,55,G3,1109.14453125,0.3619677424430847,1357.7599214755437
249.0,72,C5,1109.14453125,0.3619677424430847,1357.7599214755437
249.1875,72,C5,1165.4434814453125,0.36533620953559875,1328.99656389334
249.75,52,E3,830.4829711914062,0.33884868025779724,2403.618397147762
249.75,55,G3,830.4829711914062,0.33884868025779724,2403.618397147762
249.75,60,C4,830.4829711914062,0.33884868025779724,2403.618397147762
249.75,59,B3,830.4829711914062,0.33884868025779724,2403.618397147762
249.75,38,D2,830.4829711914062,0.33884868025779724,2403.618397147762
249.75,36,C2,830.4829711914062,0.33884868025779724,2403.618397147762
250.5,52,E3,985.8052368164062,0.29594430327415466,2263.551835120146
250.5,55,G3,985.8052368164062,0.29594430327415466,2263.551835120146
250.5,60,C4,985.8052368164062,0.29594430327415466,2263.551835120146
250.5,38,D2,985.8052368164062,0.29594430327415466,2263.551835120146
250.5,59,B3,985.8052368164062,0.29594430327415466,2263.551835120146
250.5,36,C2,985.8052368164062,0.29594430327415466,2263.551835120146
250.5,77,F5,985.8052368164062,0.29594430327415466,2263.551835120146
250.6875,76,E5,1131.011962890625,0.2718147337436676,2011.674338869187
250.875,36,C2,934.4260864257812,0.38303640484809875,2168.3949330875976
250.875,36,C2,934.4260864257812,0.38303640484809875,2168.3949330875976
250.875,72,C5,934.4260864257812,0.38303640484809875,2168.3949330875976
251.0625,77,F5,1197.3302001953125,0.2578905522823334,2367.9363616206
251.25,52,E3,658.5089721679688,0.3754868507385254,1960.1446262082713
251.25,60,C4,658.5089721679688,0.3754868507385254,1960.1446262082713
251.25,55,G3,658.5089721679688,0.3754868507385254,1960.1446262082713
251.25,36,C2,658.5089721679688,0.3754868507385254,1960.1446262082713
251.25,59,B3,658.5089721679688,0.3754868507385254,1960.1446262082713
251.25,76,E5,658.5089721679688,0.3754868507385254,1960.1446262082713
251.4375,36,C2,985.5538330078125,0.32668599486351013,1993.9631594945606
251.4375,72,C5,985.5538330078125,0.32668599486351013,1993.9631594945606
251.625,36,C2,991.6332397460938,0.3427821397781372,2915.4538464695743
251.625,36,C2,991.6332397460938,0.3427821397781372,2915.4538464695743
251.625,79,G5,991.6332397460938,0.3427821397781372,2915.4538464695743
252.0,53,F3,798.4324340820312,0.32958272099494934,2269.289702303655
252.0,62,D4,798.4324340820312,0.32958272099494934,2269.289702303655
252.0,57,A3,798.4324340820312,0.32958272099494934,2269.289702303655
252.0,50,D3,798.4324340820312,0.32958272099494934,2269.289702303655
252.0,59,B3,798.4324340820312,0.32958272099494934,2269.289702303655
252.0,36,C2,798.4324340820312,0.32958272099494934,2269.289702303655
252.0,38,D2,798.4324340820312,0.32958272099494934,2269.289702303655
252.0,50,D3,798.4324340820312,0.32958272099494934,2269.289702303655
252.0,62,D4,798.4324340820312,0.32958272099494934,2269.289702303655
252.0,57,A3,798.4324340820312,0.32958272099494934,2269.289702303655
252.0,53,F3,798.4324340820312,0.32958272099494934,2269.289702303655
252.0,77,F5,798.4324340820312,0.32958272099494934,2269.289702303655
252.375,73,C#5,987.0763549804688,0.3561731278896332,2390.959763442026
252.5625,73,C#5,933.7855834960938,0.3629288971424103,2148.8624067798182
252.75,62,D4,1119.4495849609375,0.3428207337856293,1908.6101220625908
252.75,53,F3,1119.4495849609375,0.3428207337856293,1908.6101220625908
252.75,57,A3,1119.4495849609375,0.3428207337856293,1908.6101220625908
252.75,62,D4,1119.4495849609375,0.3428207337856293,1908.6101220625908
252.75,59,B3,1119.4495849609375,0.3428207337856293,1908.6101220625908
252.75,38,D2,1119.4495849609375,0.3428207337856293,1908.6101220625908
252.75,38,D2,1119.4495849609375,0.3428207337856293,1908.6101220625908
252.75,73,C#5,1119.4495849609375,0.3428207337856293,1908.6101220625908
253.125,64,E4,990.8563232421875,0.35423344373703003,2571.582094583575
253.5,62,D4,1119.7791748046875,0.3067208230495453,2118.1308057697897
253.5,53,F3,1119.7791748046875,0.3067208230495453,2118.1308057697897
253.5,57,A3,1119.7791748046875,0.3067208230495453,2118.1308057697897
253.5,65,F4,1119.7791748046875,0.3067208230495453,2118.1308057697897
253.5,36,C2,1119.7791748046875,0.3067208230495453,2118.1308057697897
253.5,59,B3,1119.7791748046875,0.3067208230495453,2118.1308057697897
253.5,38,D2,1119.7791748046875,0.3067208230495453,2118.1308057697897
253.875,64,E4,1121.731201171875,0.3081846535205841,1969.1178512416195
253.875,36,C2,1121.731201171875,0.3081846535205841,1969.1178512416195
253.875,38,D2,1121.731201171875,0.3081846535205841,1969.1178512416195
253.875,74,D5,1121.731201171875,0.3081846535205841,1969.1178512416195
254.0625,76,E5,933.9597778320312,0.33561763167381287,2128.642646213842
254.25,62,D4,1121.718505859375,0.26122400164604187,2171.132504017227
254.25,57,A3,1121.718505859375,0.26122400164604187,2171.132504017227
254.25,53,F3,1121.718505859375,0.26122400164604187,2171.132504017227
254.25,62,D4,1121.718505859375,0.26122400164604187,2171.132504017227
254.25,38,D2,1121.718505859375,0.26122400164604187,2171.132504017227
254.25,59,B3,1121.718505859375,0.26122400164604187,2171.132504017227
254.25,77,F5,1121.718505859375,0.26122400164604187,2171.132504017227
254.625,60,C4,831.1774291992188,0.33845680952072144,1714.9971279308481
254.625,36,C2,831.1774291992188,0.33845680952072144,1714.9971279308481
254.625,38,D2,831.1774291992188,0.33845680952072144,1714.9971279308481
254.625,76,E5,831.1774291992188,0.33845680952072144,1714.9971279308481
255.0,59,B3,1119.25927734375,0.32558292150497437,1991.3681282177197
255.0,62,D4,1119.25927734375,0.32558292150497437,1991.3681282177197
255.0,55,G3,1119.25927734375,0.32558292150497437,1991.3681282177197
255.0,59,B3,1119.25927734375,0.32558292150497437,1991.3681282177197
255.0,36,C2,1119.25927734375,0.32558292150497437,1991.3681282177197
255.0,43,G2,1119.25927734375,0.32558292150497437,1991.3681282177197
255.0,55,G3,1119.25927734375,0.32558292150497437,1991.3681282177197
255.0,59,B3,1119.25927734375,0.32558292150497437,1991.3681282177197
255.0,62,D4,1119.25927734375,0.32558292150497437,1991.3681282177197
255.0,74,D5,1119.25927734375,0.32558292150497437,1991.3681282177197
255.75,62,D4,958.6968994140625,0.33922985196113586,2743.8823833129236
255.75,59,B3,958.6968994140625,0.33922985196113586,2743.8823833129236
255.75,59,B3,958.6968994140625,0.33922985196113586,2743.8823833129236
255.75,38,D2,958.6968994140625,0.33922985196113586,2743.8823833129236
255.75,43,G2,958.6968994140625,0.33922985196113586,2743.8823833129236
255.75,91,G6,958.6968994140625,0.33922985196113586,2743.8823833129236
256.125,74,D5,1106.8397216796875,0.3328891694545746,2434.693044703742
256.3125,76,E5,987.9247436523438,0.3164835572242737,2817.6102045660828
256.5,62,D4,988.8883056640625,0.2805023491382599,2293.3094457961206
256.5,59,B3,988.8883056640625,0.2805023491382599,2293.3094457961206
256.5,36,C2,988.8883056640625,0.2805023491382599,2293.3094457961206
256.5,59,B3,988.8883056640625,0.2805023491382599,2293.3094457961206
256.5,43,G2,988.8883056640625,0.2805023491382599,2293.3094457961206
256.5,77,F5,988.8883056640625,0.2805023491382599,2293.3094457961206
256.6875,79,G5,989.5346069335938,0.27122777700424194,2252.1860009179836
256.875,36,C2,1010.1964721679688,0.28150641918182373,1983.6365980114572
256.875,43,G2,1010.1964721679688,0.28150641918182373,1983.6365980114572
257.25,62,D4,1112.969970703125,0.25931400060653687,2283.694489033862
257.25,59,B3,1112.969970703125,0.25931400060653687,2283.694489033862
257.25,38,D2,1112.969970703125,0.25931400060653687,2283.694489033862
257.25,59,B3,1112.969970703125,0.25931400060653687,2283.694489033862
257.625,36,C2,1008.4080200195312,0.3467331826686859,1883.1326276839225
257.625,43,G2,1008.4080200195312,0.3467331826686859,1883.1326276839225
257.625,77,F5,1008.4080200195312,0.3467331826686859,1883.1326276839225
257.8125,76,E5,979.1314086914062,0.3384760618209839,3041.8755605179476
258.0,52,E3,938.3994750976562,0.32119911909103394,2428.5560679773157
258.0,60,C4,938.3994750976562,0.32119911909103394,2428.5560679773157
258.0,55,G3,938.3994750976562,0.32119911909103394,2428.5560679773157
258.0,48,C3,938.3994750976562,0.32119911909103394,2428.5560679773157
258.0,59,B3,938.3994750976562,0.32119911909103394,2428.5560679773157
258.0,36,C2,938.3994750976562,0.32119911909103394,2428.5560679773157
258.0,36,C2,938.3994750976562,0.32119911909103394,2428.5560679773157
258.0,48,C3,938.3994750976562,0.32119911909103394,2428.5560679773157
258.0,52,E3,938.3994750976562,0.32119911909103394,2428.5560679773157
258.0,55,G3,938.3994750976562,0.32119911909103394,2428.5560679773157
258.0,77,F5,938.3994750976562,0.32119911909103394,2428.5560679773157
258.375,76,E5,745.2724609375,0.35834088921546936,1948.2843686388967
258.75,52,E3,989.43896484375,0.36246258020401,2040.7015477516834
258.75,55,G3,989.43896484375,0.36246258020401,2040.7015477516834
258.75,60,C4,989.43896484375,0.36246258020401,2040.7015477516834
258.75,59,B3,989.43896484375,0.36246258020401,2040.7015477516834
258.75,38,D2,989.43896484375,0.36246258020401,2040.7015477516834
258.75,36,C2,989.43896484375,0.36246258020401,2040.7015477516834
259.125,84,C6,862.4679565429688,0.3368665874004364,1946.240333512565
259.3125,90,F#6,1012.8704223632812,0.3438263237476349,3066.15254408318
259.5,60,C4,986.3115234375,0.2868489623069763,2458.069868039611
259.5,55,G3,986.3115234375,0.2868489623069763,2458.069868039611
259.5,52,E3,986.3115234375,0.2868489623069763,2458.069868039611
259.5,36,C2,986.3115234375,0.2868489623069763,2458.069868039611
259.5,59,B3,986.3115234375,0.2868489623069763,2458.069868039611
259.5,36,C2,986.3115234375,0.2868489623069763,2458.069868039611
259.875,36,C2,1112.8282470703125,0.3169534206390381,2119.870563939482
259.875,36,C2,1112.8282470703125,0.3169534206390381,2119.870563939482
260.25,60,C4,1109.337646484375,0.31122151017189026,2250.276980302944
260.25,52,E3,1109.337646484375,0.31122151017189026,2250.276980302944
260.25,55,G3,1109.337646484375,0.31122151017189026,2250.276980302944
260.25,38,D2,1109.337646484375,0.31122151017189026,2250.276980302944
260.25,59,B3,1109.337646484375,0.31122151017189026,2250.276980302944
260.625,36,C2,744.0213012695312,0.38214966654777527,2031.1791503590018
260.625,36,C2,744.0213012695312,0.38214966654777527,2031.1791503590018
260.625,83,B5,744.0213012695312,0.38214966654777527,2031.1791503590018
260.8125,83,B5,840.3974609375,0.38708168268203735,2034.9769342664295
260.8125,91,G6,840.3974609375,0.38708168268203735,2034.9769342664295
261.0,52,E3,1120.1978759765625,0.3746054768562317,2125.1172526241426
261.0,60,C4,1120.1978759765625,0.3746054768562317,2125.1172526241426
261.0,55,G3,1120.1978759765625,0.3746054768562317,2125.1172526241426
261.0,48,C3,1120.1978759765625,0.3746054768562317,2125.1172526241426
261.0,59,B3,1120.1978759765625,0.3746054768562317,2125.1172526241426
261.0,36,C2,1120.1978759765625,0.3746054768562317,2125.1172526241426
261.0,36,C2,1120.1978759765625,0.3746054768562317,2125.1172526241426
261.0,48,C3,1120.1978759765625,0.3746054768562317,2125.1172526241426
261.0,52,E3,1120.1978759765625,0.3746054768562317,2125.1172526241426
261.0,55,G3,1120.1978759765625,0.3746054768562317,2125.1172526241426
261.0,83,B5,1120.1978759765625,0.3746054768562317,2125.1172526241426
261.1875,81,A5,746.3765869140625,0.4016186594963074,1814.4583246379907
261.375,81,A5,497.7542724609375,0.375515341758728,1721.228834683608
261.5625,81,A5,987.8828125,0.37627896666526794,2144.910077252728
261.5625,91,G6,987.8828125,0.37627896666526794,2144.910077252728
261.75,52,E3,1050.7530517578125,0.3435712158679962,2480.284698826388
261.75,55,G3,1050.7530517578125,0.3435712158679962,2480.284698826388
261.75,60,C4,1050.7530517578125,0.3435712158679962,2480.284698826388
261.75,59,B3,1050.7530517578125,0.3435712158679962,2480.284698826388
261.75,38,D2,1050.7530517578125,0.3435712158679962,2480.284698826388
261.75,36,C2,1050.7530517578125,0.3435712158679962,2480.284698826388
261.75,79,G5,1050.7530517578125,0.3435712158679962,2480.284698826388
261.9375,79,G5,822.1137084960938,0.3424126207828522,2500.005080737215
262.125,79,G5,768.9095458984375,0.33029383420944214,2285.6105177901372
262.125,91,G6,768.9095458984375,0.33029383420944214,2285.6105177901372
262.3125,77,F5,657.1603393554688,0.326018363237381,2431.158783332696
262.5,52,E3,989.2409057617188,0.33853188157081604,2544.366792440412
262.5,55,G3,989.2409057617188,0.33853188157081604,2544.366792440412
262.5,60,C4,989.2409057617188,0.33853188157081604,2544.366792440412
262.5,38,D2,989.2409057617188,0.33853188157081604,2544.366792440412
262.5,59,B3,989.2409057617188,0.33853188157081604,2544.366792440412
262.5,36,C2,989.2409057617188,0.33853188157081604,2544.366792440412
262.5,77,F5,989.2409057617188,0.33853188157081604,2544.366792440412
262.5,91,G6,989.2409057617188,0.33853188157081604,2544.366792440412
262.6875,77,F5,1049.5740966796875,0.27651259303092957,2346.493798449098
262.6875,92,G#6,1049.5740966796875,0.27651259303092957,2346.493798449098
262.875,36,C2,1048.4989013671875,0.2969444990158081,2154.9125670692606
262.875,76,E5,1048.4989013671875,0.2969444990158081,2154.9125670692606
263.0625,36,C2,1044.1080322265625,0.3167709410190582,2403.7510071849874
263.0625,76,E5,1044.1080322265625,0.3167709410190582,2403.7510071849874
263.25,52,E3,986.671142578125,0.32301998138427734,2126.3075829054123
263.25,60,C4,986.671142578125,0.32301998138427734,2126.3075829054123
263.25,55,G3,986.671142578125,0.32301998138427734,2126.3075829054123
263.25,36,C2,986.671142578125,0.32301998138427734,2126.3075829054123
263.25,59,B3,986.671142578125,0.32301998138427734,2126.3075829054123
263.25,76,E5,986.671142578125,0.32301998138427734,2126.3075829054123
263.4375,77,F5,1050.239501953125,0.29988399147987366,2398.204589560932
263.53125,76,E5,990.1173095703125,0.3565027117729187,1881.6912809130656
263.625,36,C2,654.5076904296875,0.35856297612190247,1930.5982152328488
263.625,36,C2,654.5076904296875,0.35856297612190247,1930.5982152328488
263.625,74,D5,654.5076904296875,0.35856297612190247,1930.5982152328488
263.8125,87,D#6,848.6290893554688,0.35015326738357544,1784.8019734978398
264.0,53,F3,989.6685791015625,0.3237605690956116,2649.63740137296
264.0,62,D4,989.6685791015625,0.3237605690956116,2649.63740137296
264.0,57,A3,989.6685791015625,0.3237605690956116,2649.63740137296
264.0,50,D3,989.6685791015625,0.3237605690956116,2649.63740137296
264.0,59,B3,989.6685791015625,0.3237605690956116,2649.63740137296
264.0,36,C2,989.6685791015625,0.3237605690956116,2649.63740137296
264.0,38,D2,989.6685791015625,0.3237605690956116,2649.63740137296
264.0,50,D3,989.6685791015625,0.3237605690956116,2649.63740137296
264.0,62,D4,989.6685791015625,0.3237605690956116,2649.63740137296
264.0,57,A3,989.6685791015625,0.3237605690956116,2649.63740137296
264.0,53,F3,989.6685791015625,0.3237605690956116,2649.63740137296
264.0,77,F5,989.6685791015625,0.3237605690956116,2649.63740137296
264.1875,91,G6,988.9336547851562,0.32221007347106934,2127.9787257553526
264.75,62,D4,978.7354125976562,0.35065898299217224,2331.8017068740237
264.75,53,F3,978.7354125976562,0.35065898299217224,2331.8017068740237
264.75,57,A3,978.7354125976562,0.35065898299217224,2331.8017068740237
264.75,62,D4,978.7354125976562,0.35065898299217224,2331.8017068740237
264.75,59,B3,978.7354125976562,0.35065898299217224,2331.8017068740237
264.75,38,D2,978.7354125976562,0.35065898299217224,2331.8017068740237
264.75,38,D2,978.7354125976562,0.35065898299217224,2331.8017068740237
265.125,64,E4,829.329833984375,0.3794381320476532,1737.8432225129866
265.5,62,D4,1112.3319091796875,0.3207419812679291,2854.352969744322
265.5,53,F3,1112.3319091796875,0.3207419812679291,2854.352969744322
265.5,57,A3,1112.3319091796875,0.3207419812679291,2854.352969744322
265.5,65,F4,1112.3319091796875,0.3207419812679291,2854.352969744322
265.5,36,C2,1112.3319091796875,0.3207419812679291,2854.352969744322
265.5,59,B3,1112.3319091796875,0.3207419812679291,2854.352969744322
265.5,38,D2,1112.3319091796875,0.3207419812679291,2854.352969744322
265.5,76,E5,1112.3319091796875,0.3207419812679291,2854.352969744322
265.6875,77,F5,1115.55712890625,0.3165047764778137,2142.4348379886956
265.6875,90,F#6,1115.55712890625,0.3165047764778137,2142.4348379886956
265.875,64,E4,1108.64453125,0.31023240089416504,2070.7266291791884
265.875,36,C2,1108.64453125,0.31023240089416504,2070.7266291791884
265.875,38,D2,1108.64453125,0.31023240089416504,2070.7266291791884
265.875,76,E5,1108.64453125,0.31023240089416504,2070.7266291791884
266.0625,77,F5,1131.3587646484375,0.2510579526424408,1982.6333625221687
266.15625,76,E5,1110.1923828125,0.3471354842185974,2537.4541964991463
266.25,62,D4,1108.6988525390625,0.35153594613075256,2077.7625690117557
266.25,57,A3,1108.6988525390625,0.35153594613075256,2077.7625690117557
266.25,53,F3,1108.6988525390625,0.35153594613075256,2077.7625690117557
266.25,62,D4,1108.6988525390625,0.35153594613075256,2077.7625690117557
266.25,38,D2,1108.6988525390625,0.35153594613075256,2077.7625690117557
266.25,59,B3,1108.6988525390625,0.35153594613075256,2077.7625690117557
266.25,74,D5,1108.6988525390625,0.35153594613075256,2077.7625690117557
266.4375,72,C5,1107.7025146484375,0.1927986443042755,2300.732292646685
266.625,60,C4,1100.3397216796875,0.33916500210762024,1824.571240791669
266.625,36,C2,1100.3397216796875,0.33916500210762024,1824.571240791669
266.625,38,D2,1100.3397216796875,0.33916500210762024,1824.571240791669
266.625,76,E5,1100.3397216796875,0.33916500210762024,1824.571240791669
266.8125,72,C5,969.3595581054688,0.34856265783309937,1703.886466402434
267.0,59,B3,1116.9298095703125,0.32605186104774475,2974.9272304126525
267.0,62,D4,1116.9298095703125,0.32605186104774475,2974.9272304126525
267.0,55,G3,1116.9298095703125,0.32605186104774475,2974.9272304126525
267.0,59,B3,1116.9298095703125,0.32605186104774475,2974.9272304126525
267.0,36,C2,1116.9298095703125,0.32605186104774475,2974.9272304126525
267.0,43,G2,1116.9298095703125,0.32605186104774475,2974.9272304126525
267.0,55,G3,1116.9298095703125,0.32605186104774475,2974.9272304126525
267.0,59,B3,1116.9298095703125,0.32605186104774475,2974.9272304126525
267.0,62,D4,1116.9298095703125,0.32605186104774475,2974.9272304126525
267.0,74,D5,1116.9298095703125,0.32605186104774475,2974.9272304126525
267.1875,76,E5,1102.812744140625,0.3297143280506134,2418.8923554891953
267.28125,74,D5,569.167724609375,0.3566908538341522,2275.882112469667
267.375,72,C5,988.7421875,0.3503147065639496,1909.2905423416457
267.5625,74,D5,837.99658203125,0.3663078248500824,1871.4987640267898
267.75,62,D4,928.7609252929688,0.4029119312763214,2198.097844546196
267.75,59,B3,928.7609252929688,0.4029119312763214,2198.097844546196
267.75,59,B3,928.7609252929688,0.4029119312763214,2198.097844546196
267.75,38,D2,928.7609252929688,0.4029119312763214,2198.097844546196
267.75,43,G2,928.7609252929688,0.4029119312763214,2198.097844546196
267.75,71,B4,928.7609252929688,0.4029119312763214,2198.097844546196
267.9375,72,C5,987.5397338867188,0.3657854497432709,2602.0222267528393
268.125,71,B4,982.2081909179688,0.3683682382106781,2258.327414207245
268.3125,72,C5,744.3169555664062,0.36360400915145874,2139.584583147227
268.40625,71,B4,987.375732421875,0.3391498029232025,2641.4401810795243
268.5,62,D4,988.5012817382812,0.3004083037376404,3101.363662182295
268.5,59,B3,988.5012817382812,0.3004083037376404,3101.363662182295
268.5,36,C2,988.5012817382812,0.3004083037376404,3101.363662182295
268.5,59,B3,988.5012817382812,0.3004083037376404,3101.363662182295
268.5,43,G2,988.5012817382812,0.3004083037376404,3101.363662182295
268.5,69,A4,988.5012817382812,0.3004083037376404,3101.363662182295
268.6875,67,G4,985.458740234375,0.2957032322883606,2632.6252875252244
268.6875,89,F6,985.458740234375,0.2957032322883606,2632.6252875252244
268.875,36,C2,933.429443359375,0.2773386538028717,2233.779526712831
268.875,43,G2,933.429443359375,0.2773386538028717,2233.779526712831
268.875,71,B4,933.429443359375,0.2773386538028717,2233.779526712831
269.0625,67,G4,998.2006225585938,0.2764700949192047,2194.0272584904515
269.25,62,D4,632.5968627929688,0.41492918133735657,2211.589154090577
269.25,59,B3,632.5968627929688,0.41492918133735657,2211.589154090577
269.25,38,D2,632.5968627929688,0.41492918133735657,2211.589154090577
269.25,59,B3,632.5968627929688,0.41492918133735657,2211.589154090577
269.25,69,A4,632.5968627929688,0.41492918133735657,2211.589154090577
269.4375,65,F4,1109.7564697265625,0.22742554545402527,2425.6183994045423
269.625,36,C2,623.9658203125,0.4223293960094452,1645.177530305267
269.625,43,G2,623.9658203125,0.4223293960094452,1645.177530305267
269.625,67,G4,623.9658203125,0.4223293960094452,1645.177530305267
269.8125,65,F4,986.453125,0.36039310693740845,1706.875920603031
269.8125,90,F#6,986.453125,0.36039310693740845,1706.875920603031
270.0,52,E3,988.43505859375,0.34942227602005005,3167.429597622954
270.0,60,C4,988.43505859375,0.34942227602005005,3167.429597622954
270.0,55,G3,988.43505859375,0.34942227602005005,3167.429597622954
270.0,48,C3,988.43505859375,0.34942227602005005,3167.429597622954
270.0,59,B3,988.43505859375,0.34942227602005005,3167.429597622954
270.0,36,C2,988.43505859375,0.34942227602005005,3167.429597622954
270.0,36,C2,988.43505859375,0.34942227602005005,3167.429597622954
270.0,48,C3,988.43505859375,0.34942227602005005,3167.429597622954
270.0,52,E3,988.43505859375,0.34942227602005005,3167.429597622954
270.0,55,G3,988.43505859375,0.34942227602005005,3167.429597622954
270.0,64,E4,988.43505859375,0.34942227602005005,3167.429597622954
270.75,52,E3,738.7996826171875,0.39870885014533997,2217.4716469322498
270.75,55,G3,738.7996826171875,0.39870885014533997,2217.4716469322498
270.75,60,C4,738.7996826171875,0.39870885014533997,2217.4716469322498
270.75,59,B3,738.7996826171875,0.39870885014533997,2217.4716469322498
270.75,38,D2,738.7996826171875,0.39870885014533997,2217.4716469322498
270.75,36,C2,738.7996826171875,0.39870885014533997,2217.4716469322498
270.75,64,E4,738.7996826171875,0.39870885014533997,2217.4716469322498
270.9375,67,G4,980.87744140625,0.3542522192001343,2028.5654790893193
271.03125,65,F4,1109.61865234375,0.35115861892700195,2086.39038111739
271.125,64,E4,743.118896484375,0.36177557706832886,1929.2587167841073
271.3125,72,C5,1028.3619384765625,0.33335089683532715,1942.871389960004
271.5,60,C4,1050.2974853515625,0.33514606952667236,3100.0458582936117
271.5,55,G3,1050.2974853515625,0.33514606952667236,3100.0458582936117
271.5,52,E3,1050.2974853515625,0.33514606952667236,3100.0458582936117
271.5,36,C2,1050.2974853515625,0.33514606952667236,3100.0458582936117
271.5,59,B3,1050.2974853515625,0.33514606952667236,3100.0458582936117
271.5,36,C2,1050.2974853515625,0.33514606952667236,3100.0458582936117
271.6875,89,F6,988.003662109375,0.3035697340965271,2383.521947202516
271.875,36,C2,978.539794921875,0.36155593395233154,1942.324519876392
271.875,36,C2,978.539794921875,0.36155593395233154,1942.324519876392
272.25,60,C4,1109.4830322265625,0.3538925051689148,2776.4908170531235
272.25,52,E3,1109.4830322265625,0.3538925051689148,2776.4908170531235
272.25,55,G3,1109.4830322265625,0.3538925051689148,2776.4908170531235
272.25,38,D2,1109.4830322265625,0.3538925051689148,2776.4908170531235
272.25,59,B3,1109.4830322265625,0.3538925051689148,2776.4908170531235
272.25,65,F4,1109.4830322265625,0.3538925051689148,2776.4908170531235
272.4375,67,G4,1109.24267578125,0.2983994781970978,2317.658988266011
272.53125,65,F4,1109.1048583984375,0.23292306065559387,2387.1681676485905
272.625,36,C2,1109.676513671875,0.3625754117965698,2050.830079870887
272.625,36,C2,1109.676513671875,0.3625754117965698,2050.830079870887
272.625,64,E4,1109.676513671875,0.3625754117965698,2050.830079870887
272.8125,72,C5,862.8173217773438,0.35621941089630127,1782.7288245062564
273.0,52,E3,989.7642822265625,0.3624153435230255,2284.377479680846
273.0,60,C4,989.7642822265625,0.3624153435230255,2284.377479680846
273.0,55,G3,989.7642822265625,0.3624153435230255,2284.377479680846
273.0,48,C3,989.7642822265625,0.3624153435230255,2284.377479680846
273.0,59,B3,989.7642822265625,0.3624153435230255,2284.377479680846
273.0,36,C2,989.7642822265625,0.3624153435230255,2284.377479680846
273.0,36,C2,989.7642822265625,0.3624153435230255,2284.377479680846
273.0,48,C3,989.7642822265625,0.3624153435230255,2284.377479680846
273.0,52,E3,989.7642822265625,0.3624153435230255,2284.377479680846
273.0,55,G3,989.7642822265625,0.3624153435230255,2284.377479680846
273.75,52,E3,934.13037109375,0.3760843873023987,2003.39083664589
273.75,55,G3,934.13037109375,0.3760843873023987,2003.39083664589
273.75,60,C4,934.13037109375,0.3760843873023987,2003.39083664589
273.75,59,B3,934.13037109375,0.3760843873023987,2003.39083664589
273.75,38,D2,934.13037109375,0.3760843873023987,2003.39083664589
273.75,36,C2,934.13037109375,0.3760843873023987,2003.39083664589
273.75,65,F4,934.13037109375,0.3760843873023987,2003.39083664589
273.75,89,F6,934.13037109375,0.3760843873023987,2003.39083664589
273.9375,67,G4,985.2469482421875,0.33931949734687805,2737.386774988285
274.03125,65,F4,986.0369873046875,0.3190695345401764,2735.1861534717887
274.125,64,E4,1110.326416015625,0.29476025700569153,2651.8606092184896
274.3125,76,E5,817.471923828125,0.28738710284233093,2569.3309257484384
274.5,52,E3,1118.1146240234375,0.2996075749397278,2992.359899079257
274.5,60,C4,1118.1146240234375,0.2996075749397278,2992.359899079257
274.5,55,G3,1118.1146240234375,0.2996075749397278,2992.359899079257
274.5,38,D2,1118.1146240234375,0.2996075749397278,2992.359899079257
274.5,59,B3,1118.1146240234375,0.2996075749397278,2992.359899079257
274.5,36,C2,1118.1146240234375,0.2996075749397278,2992.359899079257
274.875,36,C2,702.2199096679688,0.2848849594593048,2386.4168703281916
274.875,72,C5,702.2199096679688,0.2848849594593048,2386.4168703281916
274.875,36,C2,702.2199096679688,0.2848849594593048,2386.4168703281916
275.25,36,C2,1115.109375,0.36602509021759033,2374.9188152844854
275.25,59,B3,1115.109375,0.36602509021759033,2374.9188152844854
275.25,74,D5,1115.109375,0.36602509021759033,2374.9188152844854
275.4375,36,C2,1110.0521240234375,0.30860862135887146,2019.9149254557215
275.625,36,C2,1107.19287109375,0.37722647190093994,1952.0730861013262
275.625,72,C5,1107.19287109375,0.37722647190093994,1952.0730861013262
275.625,36,C2,1107.19287109375,0.37722647190093994,1952.0730861013262
275.625,89,F6,1107.19287109375,0.37722647190093994,1952.0730861013262
276.0,41,F2,838.6861572265625,0.3027327060699463,2874.448960429627
276.0,65,F4,838.6861572265625,0.3027327060699463,2874.448960429627
276.0,53,F3,838.6861572265625,0.3027327060699463,2874.448960429627
276.0,36,C2,838.6861572265625,0.3027327060699463,2874.448960429627
276.0,77,F5,838.6861572265625,0.3027327060699463,2874.448960429627
276.0,53,F3,838.6861572265625,0.3027327060699463,2874.448960429627
276.1875,86,D6,985.1300659179688,0.2926969826221466,2548.962545775102
276.375,48,C3,992.8355102539062,0.3386816680431366,2329.82413977148
276.375,76,E5,992.8355102539062,0.3386816680431366,2329.82413977148
276.75,57,A3,1186.6197509765625,0.34455835819244385,2344.7083384165458
276.75,72,C5,1186.6197509765625,0.34455835819244385,2344.7083384165458
277.3125,91,G6,1115.60693359375,0.3027656376361847,2003.7148574685143
277.5,86,D6,1108.0443115234375,0.31529906392097473,2102.8774153333798
278.25,36,C2,1166.8726806640625,0.29814594984054565,2424.1566838693284
278.25,74,D5,1166.8726806640625,0.29814594984054565,2424.1566838693284
278.25,88,E6,1166.8726806640625,0.29814594984054565,2424.1566838693284
278.625,65,F4,1167.58203125,0.29226821660995483,2271.2398322808913
278.625,53,F3,1167.58203125,0.29226821660995483,2271.2398322808913
278.625,76,E5,1167.58203125,0.29226821660995483,2271.2398322808913
278.8125,74,D5,752.3764038085938,0.3552305996417999,1787.8782041973843
279.0,43,G2,1107.87109375,0.31089073419570923,1788.543754449066
279.0,67,G4,1107.87109375,0.31089073419570923,1788.543754449066
279.0,55,G3,1107.87109375,0.31089073419570923,1788.543754449066
279.0,74,D5,1107.87109375,0.31089073419570923,1788.543754449066
279.0,55,G3,1107.87109375,0.31089073419570923,1788.543754449066
279.0,79,G5,1107.87109375,0.31089073419570923,1788.543754449066
279.375,50,D3,1168.8814697265625,0.3122764825820923,2143.480587664952
279.75,59,B3,1006.8496704101562,0.3309434950351715,1879.9259830624767
279.75,69,A4,1006.8496704101562,0.3309434950351715,1879.9259830624767
279.75,57,A3,1006.8496704101562,0.3309434950351715,1879.9259830624767
280.3125,87,D#6,987.8739624023438,0.3340178430080414,2465.84462175777
280.5,71,B4,864.8275756835938,0.32828283309936523,2211.214073890417
280.5,59,B3,864.8275756835938,0.32828283309936523,2211.214073890417
280.875,72,C5,742.5429077148438,0.310259073972702,2167.384480869811
281.25,36,C2,1009.6491088867188,0.2866005599498749,1913.5375580666641
281.25,74,D5,1009.6491088867188,0.2866005599498749,1913.5375580666641
281.625,36,C2,1109.1514892578125,0.24241851270198822,2290.721759007241
281.625,72,C5,1109.1514892578125,0.24241851270198822,2290.721759007241
282.0,41,F2,996.9696044921875,0.3672902286052704,1798.7585511530922
282.0,65,F4,996.9696044921875,0.3672902286052704,1798.7585511530922
282.0,53,F3,996.9696044921875,0.3672902286052704,1798.7585511530922
282.0,36,C2,996.9696044921875,0.3672902286052704,1798.7585511530922
282.0,77,F5,996.9696044921875,0.3672902286052704,1798.7585511530922
282.0,53,F3,996.9696044921875,0.3672902286052704,1798.7585511530922
282.0,77,F5,996.9696044921875,0.3672902286052704,1798.7585511530922
282.1875,89,F6,1113.2264404296875,0.3494564890861511,2795.6060521790173
282.375,48,C3,1109.576171875,0.32577282190322876,2079.3973968562186
282.375,76,E5,1109.576171875,0.32577282190322876,2079.3973968562186
282.375,76,E5,1109.576171875,0.32577282190322876,2079.3973968562186
282.75,57,A3,992.0972900390625,0.3176746368408203,1968.996568769016
282.75,72,C5,992.0972900390625,0.3176746368408203,1968.996568769016
282.75,72,C5,992.0972900390625,0.3176746368408203,1968.996568769016
283.125,69,A4,988.475830078125,0.33337196707725525,2020.8322540357972
283.3125,88,E6,1032.043212890625,0.338562935590744,1981.8283914612955
284.25,36,C2,863.1358032226562,0.3325807452201843,1860.6000826045843
284.25,72,C5,863.1358032226562,0.3325807452201843,1860.6000826045843
284.625,67,G4,1109.38330078125,0.2538107931613922,2254.697738951455
284.625,55,G3,1109.38330078125,0.2538107931613922,2254.697738951455
284.625,69,A4,1109.38330078125,0.2538107931613922,2254.697738951455
284.625,86,D6,1109.38330078125,0.2538107931613922,2254.697738951455
284.8125,69,A4,623.3851928710938,0.33704674243927,1904.05661252351
285.0,43,G2,737.3446655273438,0.35548609495162964,1756.5278976625584
285.0,69,A4,737.3446655273438,0.35548609495162964,1756.5278976625584
285.0,57,A3,737.3446655273438,0.35548609495162964,1756.5278976625584
285.0,55,G3,737.3446655273438,0.35548609495162964,1756.5278976625584
285.375,50,D3,988.5806274414062,0.3400270640850067,1627.9016513012684
285.375,67,G4,988.5806274414062,0.3400270640850067,1627.9016513012684
285.75,59,B3,982.9548950195312,0.3599664568901062,1544.4411709437204
285.75,71,B4,982.9548950195312,0.3599664568901062,1544.4411709437204
285.75,59,B3,982.9548950195312,0.3599664568901062,1544.4411709437204
285.75,88,E6,982.9548950195312,0.3599664568901062,1544.4411709437204
286.125,79,G5,1042.744384765625,0.30897846817970276,2567.936199627303
286.5,60,C4,1110.361083984375,0.3006063997745514,2236.13983770917
286.5,72,C5,1110.361083984375,0.3006063997745514,2236.13983770917
286.6875,88,E6,1119.033203125,0.29929065704345703,3087.4276886681587
286.875,77,F5,987.65185546875,0.31251490116119385,2328.979936761136
287.25,36,C2,1161.70654296875,0.26721736788749695,2096.2811051185645
287.25,77,F5,1161.70654296875,0.26721736788749695,2096.2811051185645
287.4375,77,F5,1106.2677001953125,0.3649227023124695,2237.1284221480787
287.625,36,C2,1108.3646240234375,0.25532323122024536,2273.5815783741746
287.625,77,F5,1108.3646240234375,0.25532323122024536,2273.5815783741746
287.8125,74,D5,829.5469360351562,0.3669845461845398,1883.9456925550792
288.0,41,F2,1116.899169921875,0.3110974431037903,1670.3247210786997
288.0,65,F4,1116.899169921875,0.3110974431037903,1670.3247210786997
288.0,53,F3,1116.899169921875,0.3110974431037903,1670.3247210786997
288.0,36,C2,1116.899169921875,0.3110974431037903,1670.3247210786997
288.0,77,F5,1116.899169921875,0.3110974431037903,1670.3247210786997
288.0,53,F3,1116.899169921875,0.3110974431037903,1670.3247210786997
288.0,77,F5,1116.899169921875,0.3110974431037903,1670.3247210786997
288.0,84,C6,1116.899169921875,0.3110974431037903,1670.3247210786997
288.375,48,C3,1108.074951171875,0.2751478850841522,2348.1221484331436
288.375,76,E5,1108.074951171875,0.2751478850841522,2348.1221484331436
288.375,76,E5,1108.074951171875,0.2751478850841522,2348.1221484331436
288.375,88,E6,1108.074951171875,0.2751478850841522,2348.1221484331436
288.75,57,A3,1099.60888671875,0.3417816460132599,2031.0611793261119
288.75,72,C5,1099.60888671875,0.3417816460132599,2031.0611793261119
288.75,72,C5,1099.60888671875,0.3417816460132599,2031.0611793261119
289.125,69,A4,1113.0517578125,0.35243651270866394,1917.4454162451616
289.5,84,C6,1014.1300659179688,0.3088279068470001,1847.9872853777204
290.25,36,C2,1165.9796142578125,0.27958276867866516,2118.8364844662597
290.25,79,G5,1165.9796142578125,0.27958276867866516,2118.8364844662597
290.625,65,F4,1168.32958984375,0.2863602936267853,2226.157124148165
290.625,53,F3,1168.32958984375,0.2863602936267853,2226.157124148165
290.625,76,E5,1168.32958984375,0.2863602936267853,2226.157124148165
290.8125,76,E5,840.470703125,0.3669498562812805,1858.8404881839265
291.0,43,G2,842.0411987304688,0.3436286151409149,1836.6523403941824
291.0,67,G4,842.0411987304688,0.3436286151409149,1836.6523403941824
291.0,55,G3,842.0411987304688,0.3436286151409149,1836.6523403941824
291.0,55,G3,842.0411987304688,0.3436286151409149,1836.6523403941824
291.0,67,G4,842.0411987304688,0.3436286151409149,1836.6523403941824
291.375,50,D3,1109.2567138671875,0.31869620084762573,2529.569008201125
291.375,74,D5,1109.2567138671875,0.31869620084762573,2529.569008201125
291.75,59,B3,932.341064453125,0.3315737545490265,1947.691315300991
291.75,69,A4,932.341064453125,0.3315737545490265,1947.691315300991
291.75,57,A3,932.341064453125,0.3315737545490265,1947.691315300991
292.125,79,G5,990.4675903320312,0.3234690725803375,2861.2051764148155
292.5,71,B4,986.6039428710938,0.34455087780952454,2486.5522839224645
292.5,59,B3,986.6039428710938,0.34455087780952454,2486.5522839224645
292.875,77,F5,1111.70068359375,0.3276634216308594,2678.4176317788583
293.25,36,C2,991.9247436523438,0.3447318375110626,2105.762494089323
293.25,77,F5,991.9247436523438,0.3447318375110626,2105.762494089323
293.4375,77,F5,745.8090209960938,0.3350869417190552,2338.4745609985057
293.625,36,C2,1109.3546142578125,0.31903937458992004,2108.4125328028967
293.625,77,F5,1109.3546142578125,0.31903937458992004,2108.4125328028967
293.8125,74,D5,1109.8873291015625,0.289754182100296,2245.893882772997
294.0,41,F2,1109.7269287109375,0.34097903966903687,1831.4464133797721
294.0,65,F4,1109.7269287109375,0.34097903966903687,1831.4464133797721
294.0,53,F3,1109.7269287109375,0.34097903966903687,1831.4464133797721
294.0,36,C2,1109.7269287109375,0.34097903966903687,1831.4464133797721
294.0,77,F5,1109.7269287109375,0.34097903966903687,1831.4464133797721
294.0,53,F3,1109.7269287109375,0.34097903966903687,1831.4464133797721
294.0,77,F5,1109.7269287109375,0.34097903966903687,1831.4464133797721
294.375,48,C3,621.726318359375,0.3213585913181305,2700.4857855069145
294.375,76,E5,621.726318359375,0.3213585913181305,2700.4857855069145
294.375,76,E5,621.726318359375,0.3213585913181305,2700.4857855069145
294.75,57,A3,990.7047119140625,0.3379199504852295,1966.0654721091294
294.75,72,C5,990.7047119140625,0.3379199504852295,1966.0654721091294
294.75,72,C5,990.7047119140625,0.3379199504852295,1966.0654721091294
295.125,69,A4,1116.0291748046875,0.36193016171455383,2224.629086070926
296.25,36,C2,995.5550537109375,0.2923762798309326,2011.1770444218332
296.25,72,C5,995.5550537109375,0.2923762798309326,2011.1770444218332
296.625,69,A4,1117.292236328125,0.37376853823661804,2577.6548552672307
296.8125,69,A4,1162.927001953125,0.26952284574508667,2182.201681442263
297.0,55,G3,618.0473022460938,0.38098254799842834,1801.390652833822
297.0,59,B3,618.0473022460938,0.38098254799842834,1801.390652833822
297.0,67,G4,618.0473022460938,0.38098254799842834,1801.390652833822
297.0,38,D2,618.0473022460938,0.38098254799842834,1801.390652833822
297.0,36,C2,618.0473022460938,0.38098254799842834,1801.390652833822
297.0,59,B3,618.0473022460938,0.38098254799842834,1801.390652833822
297.0,43,G2,618.0473022460938,0.38098254799842834,1801.390652833822
297.0,47,B2,618.0473022460938,0.38098254799842834,1801.390652833822
297.0,50,D3,618.0473022460938,0.38098254799842834,1801.390652833822
297.0,43,G2,618.0473022460938,0.38098254799842834,1801.390652833822
297.0,62,D4,618.0473022460938,0.38098254799842834,1801.390652833822
297.375,55,G3,989.5968627929688,0.38122856616973877,1563.8239524302758
297.375,59,B3,989.5968627929688,0.38122856616973877,1563.8239524302758
297.375,36,C2,989.5968627929688,0.38122856616973877,1563.8239524302758
297.375,67,G4,989.5968627929688,0.38122856616973877,1563.8239524302758
297.375,43,G2,989.5968627929688,0.38122856616973877,1563.8239524302758
297.75,55,G3,741.2835693359375,0.4173235297203064,1652.8531798055571
297.75,59,B3,741.2835693359375,0.4173235297203064,1652.8531798055571
297.75,36,C2,741.2835693359375,0.4173235297203064,1652.8531798055571
297.75,59,B3,741.2835693359375,0.4173235297203064,1652.8531798055571
297.75,43,G2,741.2835693359375,0.4173235297203064,1652.8531798055571
297.75,64,E4,741.2835693359375,0.4173235297203064,1652.8531798055571
298.125,55,G3,827.4299926757812,0.3664141297340393,2299.410367890105
298.125,59,B3,827.4299926757812,0.3664141297340393,2299.410367890105
298.125,36,C2,827.4299926757812,0.3664141297340393,2299.410367890105
298.125,43,G2,827.4299926757812,0.3664141297340393,2299.410367890105
298.5,55,G3,1154.20654296875,0.2631431818008423,2830.7242852082027
298.5,59,B3,1154.20654296875,0.2631431818008423,2830.7242852082027
298.5,62,D4,1154.20654296875,0.2631431818008423,2830.7242852082027
298.5,36,C2,1154.20654296875,0.2631431818008423,2830.7242852082027
298.5,59,B3,1154.20654296875,0.2631431818008423,2830.7242852082027
298.5,43,G2,1154.20654296875,0.2631431818008423,2830.7242852082027
298.5,65,F4,1154.20654296875,0.2631431818008423,2830.7242852082027
298.875,62,D4,986.624267578125,0.24375569820404053,2502.7128378921543
298.875,55,G3,986.624267578125,0.24375569820404053,2502.7128378921543
298.875,59,B3,986.624267578125,0.24375569820404053,2502.7128378921543
298.875,36,C2,986.624267578125,0.24375569820404053,2502.7128378921543
298.875,43,G2,986.624267578125,0.24375569820404053,2502.7128378921543
299.25,62,D4,989.7072143554688,0.22246448695659637,2285.4537274065347
299.25,55,G3,989.7072143554688,0.22246448695659637,2285.4537274065347
299.25,59,B3,989.7072143554688,0.22246448695659637,2285.4537274065347
299.25,36,C2,989.7072143554688,0.22246448695659637,2285.4537274065347
299.25,59,B3,989.7072143554688,0.22246448695659637,2285.4537274065347
299.25,43,G2,989.7072143554688,0.22246448695659637,2285.4537274065347
299.25,67,G4,989.7072143554688,0.22246448695659637,2285.4537274065347
299.625,62,D4,990.427734375,0.23263569176197052,2542.0849115914716
299.625,55,G3,990.427734375,0.23263569176197052,2542.0849115914716
299.625,59,B3,990.427734375,0.23263569176197052,2542.0849115914716
299.625,36,C2,990.427734375,0.23263569176197052,2542.0849115914716
299.625,43,G2,990.427734375,0.23263569176197052,2542.0849115914716
300.0,55,G3,981.937255859375,0.19995108246803284,2110.7233931568358
300.0,59,B3,981.937255859375,0.19995108246803284,2110.7233931568358
300.0,62,D4,981.937255859375,0.19995108246803284,2110.7233931568358
300.0,67,G4,981.937255859375,0.19995108246803284,2110.7233931568358
300.0,36,C2,981.937255859375,0.19995108246803284,2110.7233931568358
300.0,59,B3,981.937255859375,0.19995108246803284,2110.7233931568358
300.0,43,G2,981.937255859375,0.19995108246803284,2110.7233931568358
300.0,47,B2,981.937255859375,0.19995108246803284,2110.7233931568358
300.0,50,D3,981.937255859375,0.19995108246803284,2110.7233931568358
300.0,43,G2,981.937255859375,0.19995108246803284,2110.7233931568358
300.0,69,A4,981.937255859375,0.19995108246803284,2110.7233931568358
300.375,62,D4,995.3419799804688,0.20547927916049957,2125.1535220603955
300.375,55,G3,995.3419799804688,0.20547927916049957,2125.1535220603955
300.375,59,B3,995.3419799804688,0.20547927916049957,2125.1535220603955
300.375,36,C2,995.3419799804688,0.20547927916049957,2125.1535220603955
300.375,43,G2,995.3419799804688,0.20547927916049957,2125.1535220603955
300.75,62,D4,991.0833129882812,0.32620254158973694,1308.7281903040393
300.75,55,G3,991.0833129882812,0.32620254158973694,1308.7281903040393
300.75,59,B3,991.0833129882812,0.32620254158973694,1308.7281903040393
300.75,36,C2,991.0833129882812,0.32620254158973694,1308.7281903040393
300.75,59,B3,991.0833129882812,0.32620254158973694,1308.7281903040393
300.75,43,G2,991.0833129882812,0.32620254158973694,1308.7281903040393
300.75,71,B4,991.0833129882812,0.32620254158973694,1308.7281903040393
301.125,62,D4,514.1270141601562,0.3075709342956543,1380.5819746259149
301.125,55,G3,514.1270141601562,0.3075709342956543,1380.5819746259149
301.125,59,B3,514.1270141601562,0.3075709342956543,1380.5819746259149
301.125,36,C2,514.1270141601562,0.3075709342956543,1380.5819746259149
301.125,43,G2,514.1270141601562,0.3075709342956543,1380.5819746259149
301.5,55,G3,1113.5716552734375,0.30101895332336426,1247.5112348175373
301.5,59,B3,1113.5716552734375,0.30101895332336426,1247.5112348175373
301.5,62,D4,1113.5716552734375,0.30101895332336426,1247.5112348175373
301.5,38,D2,1113.5716552734375,0.30101895332336426,1247.5112348175373
301.5,36,C2,1113.5716552734375,0.30101895332336426,1247.5112348175373
301.5,59,B3,1113.5716552734375,0.30101895332336426,1247.5112348175373
301.5,43,G2,1113.5716552734375,0.30101895332336426,1247.5112348175373
301.5,72,C5,1113.5716552734375,0.30101895332336426,1247.5112348175373
301.875,62,D4,928.834716796875,0.2599170506000519,1367.8212255303333
301.875,55,G3,928.834716796875,0.2599170506000519,1367.8212255303333
301.875,59,B3,928.834716796875,0.2599170506000519,1367.8212255303333
301.875,36,C2,928.834716796875,0.2599170506000519,1367.8212255303333
301.875,43,G2,928.834716796875,0.2599170506000519,1367.8212255303333
302.25,62,D4,732.9945678710938,0.20060798525810242,1636.1067988547848
302.25,55,G3,732.9945678710938,0.20060798525810242,1636.1067988547848
302.25,59,B3,732.9945678710938,0.20060798525810242,1636.1067988547848
302.25,38,D2,732.9945678710938,0.20060798525810242,1636.1067988547848
302.25,36,C2,732.9945678710938,0.20060798525810242,1636.1067988547848
302.25,59,B3,732.9945678710938,0.20060798525810242,1636.1067988547848
302.25,43,G2,732.9945678710938,0.20060798525810242,1636.1067988547848
302.25,74,D5,732.9945678710938,0.20060798525810242,1636.1067988547848
302.4375,38,D2,924.966064453125,0.16602236032485962,1636.9455584504208
302.4375,36,C2,924.966064453125,0.16602236032485962,1636.9455584504208
302.625,62,D4,1096.24560546875,0.15778715908527374,1679.7915677228523
302.625,55,G3,1096.24560546875,0.15778715908527374,1679.7915677228523
302.625,59,B3,1096.24560546875,0.15778715908527374,1679.7915677228523
302.625,36,C2,1096.24560546875,0.15778715908527374,1679.7915677228523
302.625,43,G2,1096.24560546875,0.15778715908527374,1679.7915677228523
303.0,57,A3,1111.0931396484375,0.12800833582878113,2013.1070232795641
303.0,60,C4,1111.0931396484375,0.12800833582878113,2013.1070232795641
303.0,53,F3,1111.0931396484375,0.12800833582878113,2013.1070232795641
303.0,59,B3,1111.0931396484375,0.12800833582878113,2013.1070232795641
303.0,36,C2,1111.0931396484375,0.12800833582878113,2013.1070232795641
303.0,41,F2,1111.0931396484375,0.12800833582878113,2013.1070232795641
303.0,53,F3,1111.0931396484375,0.12800833582878113,2013.1070232795641
303.0,57,A3,1111.0931396484375,0.12800833582878113,2013.1070232795641
303.0,60,C4,1111.0931396484375,0.12800833582878113,2013.1070232795641
303.0,77,F5,1111.0931396484375,0.12800833582878113,2013.1070232795641
303.75,60,C4,740.306396484375,0.2241852581501007,1444.0866963057724
303.75,57,A3,740.306396484375,0.2241852581501007,1444.0866963057724
303.75,59,B3,740.306396484375,0.2241852581501007,1444.0866963057724
303.75,38,D2,740.306396484375,0.2241852581501007,1444.0866963057724
303.75,41,F2,740.306396484375,0.2241852581501007,1444.0866963057724
304.5,60,C4,836.6013793945312,0.2767910063266754,1596.8634611155253
304.5,57,A3,836.6013793945312,0.2767910063266754,1596.8634611155253
304.5,36,C2,836.6013793945312,0.2767910063266754,1596.8634611155253
304.5,59,B3,836.6013793945312,0.2767910063266754,1596.8634611155253
304.5,41,F2,836.6013793945312,0.2767910063266754,1596.8634611155253
304.875,36,C2,983.1766967773438,0.282097190618515,1402.0062090300933
304.875,41,F2,983.1766967773438,0.282097190618515,1402.0062090300933
305.25,60,C4,987.182373046875,0.24207451939582825,1638.159456926611
305.25,57,A3,987.182373046875,0.24207451939582825,1638.159456926611
305.25,38,D2,987.182373046875,0.24207451939582825,1638.159456926611
305.25,59,B3,987.182373046875,0.24207451939582825,1638.159456926611
305.25,81,A5,987.182373046875,0.24207451939582825,1638.159456926611
305.625,36,C2,983.1242065429688,0.1961672157049179,1566.7944862153838
305.625,40,E2,983.1242065429688,0.1961672157049179,1566.7944862153838
305.8125,84,C6,929.6055297851562,0.1777297705411911,2539.5864272658755
306.0,53,F3,982.3374633789062,0.16624675691127777,1900.2849884416455
306.0,62,D4,982.3374633789062,0.16624675691127777,1900.2849884416455
306.0,57,A3,982.3374633789062,0.16624675691127777,1900.2849884416455
306.0,50,D3,982.3374633789062,0.16624675691127777,1900.2849884416455
306.0,59,B3,982.3374633789062,0.16624675691127777,1900.2849884416455
306.0,36,C2,982.3374633789062,0.16624675691127777,1900.2849884416455
306.0,38,D2,982.3374633789062,0.16624675691127777,1900.2849884416455
306.0,50,D3,982.3374633789062,0.16624675691127777,1900.2849884416455
306.0,62,D4,982.3374633789062,0.16624675691127777,1900.2849884416455
306.0,57,A3,982.3374633789062,0.16624675691127777,1900.2849884416455
306.0,53,F3,982.3374633789062,0.16624675691127777,1900.2849884416455
306.0,79,G5,982.3374633789062,0.16624675691127777,1900.2849884416455
306.75,62,D4,164.30934143066406,0.3221687078475952,1342.880056784468
306.75,53,F3,164.30934143066406,0.3221687078475952,1342.880056784468
306.75,57,A3,164.30934143066406,0.3221687078475952,1342.880056784468
306.75,59,B3,164.30934143066406,0.3221687078475952,1342.880056784468
306.75,38,D2,164.30934143066406,0.3221687078475952,1342.880056784468
306.75,38,D2,164.30934143066406,0.3221687078475952,1342.880056784468
307.5,62,D4,1112.369873046875,0.31119829416275024,1429.8085065473852
307.5,53,F3,1112.369873046875,0.31119829416275024,1429.8085065473852
307.5,57,A3,1112.369873046875,0.31119829416275024,1429.8085065473852
307.5,36,C2,1112.369873046875,0.31119829416275024,1429.8085065473852
307.5,59,B3,1112.369873046875,0.31119829416275024,1429.8085065473852
307.5,38,D2,1112.369873046875,0.31119829416275024,1429.8085065473852
307.875,36,C2,734.2760620117188,0.2750338912010193,1554.019388967455
307.875,38,D2,734.2760620117188,0.2750338912010193,1554.019388967455
307.875,81,A5,734.2760620117188,0.2750338912010193,1554.019388967455
308.25,62,D4,1114.8377685546875,0.20130236446857452,1789.4030829482604
308.25,57,A3,1114.8377685546875,0.20130236446857452,1789.4030829482604
308.25,53,F3,1114.8377685546875,0.20130236446857452,1789.4030829482604
308.25,38,D2,1114.8377685546875,0.20130236446857452,1789.4030829482604
308.25,59,B3,1114.8377685546875,0.20130236446857452,1789.4030829482604
308.4375,84,C6,1113.77783203125,0.21913963556289673,1519.4659579938443
308.625,36,C2,1112.3897705078125,0.17435325682163239,1547.8240650571433
308.625,38,D2,1112.3897705078125,0.17435325682163239,1547.8240650571433
308.625,77,F5,1112.3897705078125,0.17435325682163239,1547.8240650571433
309.0,52,E3,1116.622314453125,0.1577397584915161,2036.7425100788764
309.0,60,C4,1116.622314453125,0.1577397584915161,2036.7425100788764
309.0,55,G3,1116.622314453125,0.1577397584915161,2036.7425100788764
309.0,48,C3,1116.622314453125,0.1577397584915161,2036.7425100788764
309.0,59,B3,1116.622314453125,0.1577397584915161,2036.7425100788764
309.0,36,C2,1116.622314453125,0.1577397584915161,2036.7425100788764
309.0,36,C2,1116.622314453125,0.1577397584915161,2036.7425100788764
309.0,52,E3,1116.622314453125,0.1577397584915161,2036.7425100788764
309.0,60,C4,1116.622314453125,0.1577397584915161,2036.7425100788764
309.0,55,G3,1116.622314453125,0.1577397584915161,2036.7425100788764
309.0,48,C3,1116.622314453125,0.1577397584915161,2036.7425100788764
309.0,76,E5,1116.622314453125,0.1577397584915161,2036.7425100788764
309.75,52,E3,551.01806640625,0.2874973714351654,1556.2359020739736
309.75,55,G3,551.01806640625,0.2874973714351654,1556.2359020739736
309.75,60,C4,551.01806640625,0.2874973714351654,1556.2359020739736
309.75,59,B3,551.01806640625,0.2874973714351654,1556.2359020739736
309.75,38,D2,551.01806640625,0.2874973714351654,1556.2359020739736
309.75,36,C2,551.01806640625,0.2874973714351654,1556.2359020739736
310.125,84,C6,738.4472045898438,0.296784907579422,1305.6698986658025
310.5,60,C4,1106.5855712890625,0.3277066946029663,2091.127534624053
310.5,53,F3,1106.5855712890625,0.3277066946029663,2091.127534624053
310.5,55,G3,1106.5855712890625,0.3277066946029663,2091.127534624053
310.5,36,C2,1106.5855712890625,0.3277066946029663,2091.127534624053
310.5,59,B3,1106.5855712890625,0.3277066946029663,2091.127534624053
310.5,36,C2,1106.5855712890625,0.3277066946029663,2091.127534624053
310.5,53,F3,1106.5855712890625,0.3277066946029663,2091.127534624053
310.5,60,C4,1106.5855712890625,0.3277066946029663,2091.127534624053
310.5,55,G3,1106.5855712890625,0.3277066946029663,2091.127534624053
310.875,36,C2,836.6762084960938,0.348054438829422,1778.3023078091837
310.875,36,C2,836.6762084960938,0.348054438829422,1778.3023078091837
311.25,60,C4,821.3448486328125,0.32055526971817017,2122.615129321098
311.25,55,G3,821.3448486328125,0.32055526971817017,2122.615129321098
311.25,53,F3,821.3448486328125,0.32055526971817017,2122.615129321098
311.25,38,D2,821.3448486328125,0.32055526971817017,2122.615129321098
311.25,59,B3,821.3448486328125,0.32055526971817017,2122.615129321098
311.625,36,C2,1049.2864990234375,0.28802382946014404,1906.1867434408864
311.625,36,C2,1049.2864990234375,0.28802382946014404,1906.1867434408864
312.0,52,E3,988.1591186523438,0.3037320077419281,2203.14050921293
312.0,60,C4,988.1591186523438,0.3037320077419281,2203.14050921293
312.0,55,G3,988.1591186523438,0.3037320077419281,2203.14050921293
312.0,48,C3,988.1591186523438,0.3037320077419281,2203.14050921293
312.0,59,B3,988.1591186523438,0.3037320077419281,2203.14050921293
312.0,36,C2,988.1591186523438,0.3037320077419281,2203.14050921293
312.0,36,C2,988.1591186523438,0.3037320077419281,2203.14050921293
312.0,48,C3,988.1591186523438,0.3037320077419281,2203.14050921293
312.0,52,E3,988.1591186523438,0.3037320077419281,2203.14050921293
312.0,55,G3,988.1591186523438,0.3037320077419281,2203.14050921293
312.75,52,E3,830.0991821289062,0.317696750164032,1843.2774945436308
312.75,55,G3,830.0991821289062,0.317696750164032,1843.2774945436308
312.75,60,C4,830.0991821289062,0.317696750164032,1843.2774945436308
312.75,59,B3,830.0991821289062,0.317696750164032,1843.2774945436308
312.75,38,D2,830.0991821289062,0.317696750164032,1843.2774945436308
312.75,36,C2,830.0991821289062,0.317696750164032,1843.2774945436308
313.5,52,E3,1099.8349609375,0.35322561860084534,1722.496888444117
313.5,55,G3,1099.8349609375,0.35322561860084534,1722.496888444117
313.5,60,C4,1099.8349609375,0.35322561860084534,1722.496888444117
313.5,36,C2,1099.8349609375,0.35322561860084534,1722.496888444117
313.5,59,B3,1099.8349609375,0.35322561860084534,1722.496888444117
313.5,36,C2,1099.8349609375,0.35322561860084534,1722.496888444117
313.875,36,C2,738.6177978515625,0.32161009311676025,1502.2571018591486
313.875,36,C2,738.6177978515625,0.32161009311676025,1502.2571018591486
313.875,77,F5,738.6177978515625,0.32161009311676025,1502.2571018591486
314.25,52,E3,1109.340576171875,0.33892303705215454,1369.5806385415385
314.25,60,C4,1109.340576171875,0.33892303705215454,1369.5806385415385
314.25,55,G3,1109.340576171875,0.33892303705215454,1369.5806385415385
314.25,38,D2,1109.340576171875,0.33892303705215454,1369.5806385415385
314.25,59,B3,1109.340576171875,0.33892303705215454,1369.5806385415385
314.4375,38,D2,740.3739013671875,0.3402916193008423,1574.0488444515909
314.625,36,C2,1110.1087646484375,0.3015030324459076,1470.7474347629905
314.625,36,C2,1110.1087646484375,0.3015030324459076,1470.7474347629905
314.625,76,E5,1110.1087646484375,0.3015030324459076,1470.7474347629905
315.0,57,A3,1102.231689453125,0.2715241014957428,1374.764018984463
315.0,60,C4,1102.231689453125,0.2715241014957428,1374.764018984463
315.0,53,F3,1102.231689453125,0.2715241014957428,1374.764018984463
315.0,59,B3,1102.231689453125,0.2715241014957428,1374.764018984463
315.0,36,C2,1102.231689453125,0.2715241014957428,1374.764018984463
315.0,41,F2,1102.231689453125,0.2715241014957428,1374.764018984463
315.0,53,F3,1102.231689453125,0.2715241014957428,1374.764018984463
315.0,57,A3,1102.231689453125,0.2715241014957428,1374.764018984463
315.0,60,C4,1102.231689453125,0.2715241014957428,1374.764018984463
315.0,77,F5,1102.231689453125,0.2715241014957428,1374.764018984463
315.75,60,C4,1107.1533203125,0.27239903807640076,1519.0525474416231
315.75,57,A3,1107.1533203125,0.27239903807640076,1519.0525474416231
315.75,59,B3,1107.1533203125,0.27239903807640076,1519.0525474416231
315.75,38,D2,1107.1533203125,0.27239903807640076,1519.0525474416231
315.75,41,F2,1107.1533203125,0.27239903807640076,1519.0525474416231
316.5,60,C4,656.57666015625,0.3047161102294922,1542.3383085089208
316.5,57,A3,656.57666015625,0.3047161102294922,1542.3383085089208
316.5,36,C2,656.57666015625,0.3047161102294922,1542.3383085089208
316.5,59,B3,656.57666015625,0.3047161102294922,1542.3383085089208
316.5,41,F2,656.57666015625,0.3047161102294922,1542.3383085089208
316.875,36,C2,661.7141723632812,0.3383762836456299,1712.4162281598553
316.875,41,F2,661.7141723632812,0.3383762836456299,1712.4162281598553
316.875,74,D5,661.7141723632812,0.3383762836456299,1712.4162281598553
317.0625,76,E5,820.9846801757812,0.327079176902771,1530.4401433871194
317.25,60,C4,821.9794311523438,0.31611937284469604,1608.3339768108322
317.25,57,A3,821.9794311523438,0.31611937284469604,1608.3339768108322
317.25,38,D2,821.9794311523438,0.31611937284469604,1608.3339768108322
317.25,59,B3,821.9794311523438,0.31611937284469604,1608.3339768108322
317.25,77,F5,821.9794311523438,0.31611937284469604,1608.3339768108322
317.4375,79,G5,984.231689453125,0.309868723154068,1966.060426826434
317.625,36,C2,660.61181640625,0.29053011536598206,1855.7382070943415
317.625,40,E2,660.61181640625,0.29053011536598206,1855.7382070943415
317.625,81,A5,660.61181640625,0.29053011536598206,1855.7382070943415
317.8125,77,F5,1044.3663330078125,0.27902182936668396,1881.1016521440126
318.0,53,F3,934.0033569335938,0.3091064691543579,1560.1875137367942
318.0,62,D4,934.0033569335938,0.3091064691543579,1560.1875137367942
318.0,57,A3,934.0033569335938,0.3091064691543579,1560.1875137367942
318.0,50,D3,934.0033569335938,0.3091064691543579,1560.1875137367942
318.0,59,B3,934.0033569335938,0.3091064691543579,1560.1875137367942
318.0,36,C2,934.0033569335938,0.3091064691543579,1560.1875137367942
318.0,38,D2,934.0033569335938,0.3091064691543579,1560.1875137367942
318.0,50,D3,934.0033569335938,0.3091064691543579,1560.1875137367942
318.0,62,D4,934.0033569335938,0.3091064691543579,1560.1875137367942
318.0,57,A3,934.0033569335938,0.3091064691543579,1560.1875137367942
318.0,53,F3,934.0033569335938,0.3091064691543579,1560.1875137367942
318.0,79,G5,934.0033569335938,0.3091064691543579,1560.1875137367942
318.1875,76,E5,621.914794921875,0.3314515948295593,1871.6652280178769
318.375,77,F5,828.7944946289062,0.33692073822021484,1590.3259926108485
318.5625,79,G5,833.396484375,0.3402039706707001,1518.6340962602171
318.75,62,D4,991.67236328125,0.3209056854248047,1516.2093780838468
318.75,53,F3,991.67236328125,0.3209056854248047,1516.2093780838468
318.75,57,A3,991.67236328125,0.3209056854248047,1516.2093780838468
318.75,59,B3,991.67236328125,0.3209056854248047,1516.2093780838468
318.75,38,D2,991.67236328125,0.3209056854248047,1516.2093780838468
318.75,38,D2,991.67236328125,0.3209056854248047,1516.2093780838468
318.75,76,E5,991.67236328125,0.3209056854248047,1516.2093780838468
318.9375,77,F5,208.2467041015625,0.41111841797828674,1406.326741306773
319.125,76,E5,827.8341064453125,0.36559662222862244,1321.1303832795666
319.5,62,D4,656.0673217773438,0.3501747250556946,1302.0136315627315
319.5,53,F3,656.0673217773438,0.3501747250556946,1302.0136315627315
319.5,57,A3,656.0673217773438,0.3501747250556946,1302.0136315627315
319.5,36,C2,656.0673217773438,0.3501747250556946,1302.0136315627315
319.5,59,B3,656.0673217773438,0.3501747250556946,1302.0136315627315
319.5,38,D2,656.0673217773438,0.3501747250556946,1302.0136315627315
319.5,74,D5,656.0673217773438,0.3501747250556946,1302.0136315627315
319.6875,76,E5,1163.13916015625,0.3284413516521454,3056.9740898452383
319.875,36,C2,1112.5333251953125,0.27862289547920227,2814.121097221664
319.875,38,D2,1112.5333251953125,0.27862289547920227,2814.121097221664
319.875,74,D5,1112.5333251953125,0.27862289547920227,2814.121097221664
320.0625,72,C5,1113.5958251953125,0.3126327693462372,2777.5185672207244
320.25,62,D4,1111.314453125,0.2680843770503998,2312.3361600510743
320.25,57,A3,1111.314453125,0.2680843770503998,2312.3361600510743
320.25,53,F3,1111.314453125,0.2680843770503998,2312.3361600510743
320.25,38,D2,1111.314453125,0.2680843770503998,2312.3361600510743
320.25,59,B3,1111.314453125,0.2680843770503998,2312.3361600510743
320.25,74,D5,1111.314453125,0.2680843770503998,2312.3361600510743
320.4375,72,C5,1107.2928466796875,0.32842764258384705,2538.2377626097095
320.625,36,C2,1110.3817138671875,0.27151739597320557,1918.701504823835
320.625,38,D2,1110.3817138671875,0.27151739597320557,1918.701504823835
320.625,69,A4,1110.3817138671875,0.27151739597320557,1918.701504823835
320.8125,72,C5,1112.1619873046875,0.304909884929657,2438.906327993436
321.0,52,E3,933.384765625,0.26589176058769226,1843.0065833011126
321.0,60,C4,933.384765625,0.26589176058769226,1843.0065833011126
321.0,55,G3,933.384765625,0.26589176058769226,1843.0065833011126
321.0,48,C3,933.384765625,0.26589176058769226,1843.0065833011126
321.0,59,B3,933.384765625,0.26589176058769226,1843.0065833011126
321.0,36,C2,933.384765625,0.26589176058769226,1843.0065833011126
321.0,36,C2,933.384765625,0.26589176058769226,1843.0065833011126
321.0,52,E3,933.384765625,0.26589176058769226,1843.0065833011126
321.0,60,C4,933.384765625,0.26589176058769226,1843.0065833011126
321.0,55,G3,933.384765625,0.26589176058769226,1843.0065833011126
321.0,48,C3,933.384765625,0.26589176058769226,1843.0065833011126
321.0,79,G5,933.384765625,0.26589176058769226,1843.0065833011126
321.1875,72,C5,1106.560546875,0.3259018659591675,2284.169554620331
321.5625,72,C5,1003.544921875,0.35253140330314636,2314.701740631225
321.75,52,E3,1116.6768798828125,0.2998271882534027,1704.2916099005138
321.75,55,G3,1116.6768798828125,0.2998271882534027,1704.2916099005138
321.75,60,C4,1116.6768798828125,0.2998271882534027,1704.2916099005138
321.75,59,B3,1116.6768798828125,0.2998271882534027,1704.2916099005138
321.75,38,D2,1116.6768798828125,0.2998271882534027,1704.2916099005138
321.75,36,C2,1116.6768798828125,0.2998271882534027,1704.2916099005138
322.125,69,A4,1121.2613525390625,0.29331696033477783,1877.9189083244976
322.3125,72,C5,1107.137939453125,0.3630256950855255,2285.046982603925
322.5,60,C4,1111.0498046875,0.30338767170906067,1859.795820139659
322.5,53,F3,1111.0498046875,0.30338767170906067,1859.795820139659
322.5,55,G3,1111.0498046875,0.30338767170906067,1859.795820139659
322.5,36,C2,1111.0498046875,0.30338767170906067,1859.795820139659
322.5,59,B3,1111.0498046875,0.30338767170906067,1859.795820139659
322.5,36,C2,1111.0498046875,0.30338767170906067,1859.795820139659
322.5,53,F3,1111.0498046875,0.30338767170906067,1859.795820139659
322.5,60,C4,1111.0498046875,0.30338767170906067,1859.795820139659
322.5,55,G3,1111.0498046875,0.30338767170906067,1859.795820139659
322.5,79,G5,1111.0498046875,0.30338767170906067,1859.795820139659
322.6875,72,C5,1169.75732421875,0.32858431339263916,2292.1422100521086
322.875,36,C2,1109.6885986328125,0.32044216990470886,1754.9883739523436
322.875,36,C2,1109.6885986328125,0.32044216990470886,1754.9883739523436
323.0625,72,C5,1111.576416015625,0.33129578828811646,2197.049594497201
323.25,60,C4,873.5122680664062,0.3423665761947632,1725.7914946760309
323.25,55,G3,873.5122680664062,0.3423665761947632,1725.7914946760309
323.25,53,F3,873.5122680664062,0.3423665761947632,1725.7914946760309
323.25,38,D2,873.5122680664062,0.3423665761947632,1725.7914946760309
323.25,59,B3,873.5122680664062,0.3423665761947632,1725.7914946760309
323.4375,72,C5,1108.0399169921875,0.3515806198120117,2195.3236663582225
323.625,36,C2,1166.9508056640625,0.320107102394104,1798.7830623742132
323.625,36,C2,1166.9508056640625,0.320107102394104,1798.7830623742132
323.625,69,A4,1166.9508056640625,0.320107102394104,1798.7830623742132
323.8125,72,C5,1111.66845703125,0.358256459236145,2022.0819414161024
324.0,52,E3,1110.742431640625,0.3229947090148926,1837.7497937319329
324.0,60,C4,1110.742431640625,0.3229947090148926,1837.7497937319329
324.0,55,G3,1110.742431640625,0.3229947090148926,1837.7497937319329
324.0,48,C3,1110.742431640625,0.3229947090148926,1837.7497937319329
324.0,59,B3,1110.742431640625,0.3229947090148926,1837.7497937319329
324.0,36,C2,1110.742431640625,0.3229947090148926,1837.7497937319329
324.0,36,C2,1110.742431640625,0.3229947090148926,1837.7497937319329
324.0,48,C3,1110.742431640625,0.3229947090148926,1837.7497937319329
324.0,52,E3,1110.742431640625,0.3229947090148926,1837.7497937319329
324.0,55,G3,1110.742431640625,0.3229947090148926,1837.7497937319329
324.0,81,A5,1110.742431640625,0.3229947090148926,1837.7497937319329
324.375,79,G5,1108.499755859375,0.3226637840270996,1750.5000656863135
324.75,52,E3,1022.585693359375,0.3120768666267395,1763.749475694916
324.75,55,G3,1022.585693359375,0.3120768666267395,1763.749475694916
324.75,60,C4,1022.585693359375,0.3120768666267395,1763.749475694916
324.75,59,B3,1022.585693359375,0.3120768666267395,1763.749475694916
324.75,38,D2,1022.585693359375,0.3120768666267395,1763.749475694916
324.75,36,C2,1022.585693359375,0.3120768666267395,1763.749475694916
324.75,77,F5,1022.585693359375,0.3120768666267395,1763.749475694916
324.9375,79,G5,1024.056396484375,0.3627285659313202,2384.2610412721697
325.03125,77,F5,1111.7406005859375,0.35216373205184937,2431.0142137300472
325.125,76,E5,1108.490966796875,0.3625454604625702,1724.1996993931612
325.3125,77,F5,1102.468017578125,0.37694719433784485,1666.0025172526096
325.5,52,E3,1163.3590087890625,0.3289909362792969,1706.6076568520448
325.5,55,G3,1163.3590087890625,0.3289909362792969,1706.6076568520448
325.5,60,C4,1163.3590087890625,0.3289909362792969,1706.6076568520448
325.5,38,D2,1163.3590087890625,0.3289909362792969,1706.6076568520448
325.5,59,B3,1163.3590087890625,0.3289909362792969,1706.6076568520448
325.5,36,C2,1163.3590087890625,0.3289909362792969,1706.6076568520448
325.5,76,E5,1163.3590087890625,0.3289909362792969,1706.6076568520448
325.6875,77,F5,990.1018676757812,0.3629153370857239,2298.9955425896105
325.78125,76,E5,935.3683471679688,0.33309242129325867,2748.8013187696856
325.875,36,C2,988.4974975585938,0.3385816216468811,2647.8261456068813
325.875,74,D5,988.4974975585938,0.3385816216468811,2647.8261456068813
326.0625,38,D2,991.9376220703125,0.3409492075443268,2584.9986562399454
326.0625,76,E5,991.9376220703125,0.3409492075443268,2584.9986562399454
326.25,52,E3,839.3778686523438,0.35230204463005066,2399.8715487574873
326.25,60,C4,839.3778686523438,0.35230204463005066,2399.8715487574873
326.25,55,G3,839.3778686523438,0.35230204463005066,2399.8715487574873
326.25,38,D2,839.3778686523438,0.35230204463005066,2399.8715487574873
326.25,59,B3,839.3778686523438,0.35230204463005066,2399.8715487574873
326.25,76,E5,839.3778686523438,0.35230204463005066,2399.8715487574873
326.625,36,C2,984.4054565429688,0.30176982283592224,2404.3072637296013
326.625,36,C2,984.4054565429688,0.30176982283592224,2404.3072637296013
326.625,79,G5,984.4054565429688,0.30176982283592224,2404.3072637296013
326.8125,74,D5,990.7423095703125,0.2791689336299896,2287.684743091075
327.0,57,A3,990.6779174804688,0.2769140899181366,2235.2968341005285
327.0,60,C4,990.6779174804688,0.2769140899181366,2235.2968341005285
327.0,64,E4,990.6779174804688,0.2769140899181366,2235.2968341005285
327.0,53,F3,990.6779174804688,0.2769140899181366,2235.2968341005285
327.0,65,F4,990.6779174804688,0.2769140899181366,2235.2968341005285
327.0,77,F5,990.6779174804688,0.2769140899181366,2235.2968341005285
327.0,69,A4,990.6779174804688,0.2769140899181366,2235.2968341005285
327.0,76,E5,990.6779174804688,0.2769140899181366,2235.2968341005285
327.0,77,F5,990.6779174804688,0.2769140899181366,2235.2968341005285
327.0,72,C5,990.6779174804688,0.2769140899181366,2235.2968341005285
327.0,59,B3,990.6779174804688,0.2769140899181366,2235.2968341005285
327.0,36,C2,990.6779174804688,0.2769140899181366,2235.2968341005285
327.0,41,F2,990.6779174804688,0.2769140899181366,2235.2968341005285
327.75,64,E4,993.0092163085938,0.324034184217453,1733.070128790902
327.75,60,C4,993.0092163085938,0.324034184217453,1733.070128790902
327.75,57,A3,993.0092163085938,0.324034184217453,1733.070128790902
327.75,59,B3,993.0092163085938,0.324034184217453,1733.070128790902
327.75,38,D2,993.0092163085938,0.324034184217453,1733.070128790902
327.75,72,C5,993.0092163085938,0.324034184217453,1733.070128790902
328.3125,72,C5,815.7803344726562,0.3807462453842163,1901.1978041102893
328.5,57,A3,990.6959228515625,0.34119999408721924,1987.8775380933266
328.5,60,C4,990.6959228515625,0.34119999408721924,1987.8775380933266
328.5,64,E4,990.6959228515625,0.34119999408721924,1987.8775380933266
328.5,36,C2,990.6959228515625,0.34119999408721924,1987.8775380933266
328.5,59,B3,990.6959228515625,0.34119999408721924,1987.8775380933266
328.5,81,A5,990.6959228515625,0.34119999408721924,1987.8775380933266
328.6875,79,G5,1108.0113525390625,0.36884111166000366,2291.5455658121614
328.875,36,C2,1117.9808349609375,0.34645265340805054,2002.3243483094463
329.0625,77,F5,1117.45458984375,0.351328581571579,1923.1792989142696
329.25,57,A3,990.6480712890625,0.3401934504508972,1939.7350294183748
329.25,64,E4,990.6480712890625,0.3401934504508972,1939.7350294183748
329.25,60,C4,990.6480712890625,0.3401934504508972,1939.7350294183748
329.25,38,D2,990.6480712890625,0.3401934504508972,1939.7350294183748
329.25,59,B3,990.6480712890625,0.3401934504508972,1939.7350294183748
329.625,36,C2,1105.3226318359375,0.33153897523880005,2371.7903492201876
329.625,76,E5,1105.3226318359375,0.33153897523880005,2371.7903492201876
329.625,40,E2,1105.3226318359375,0.33153897523880005,2371.7903492201876
329.8125,76,E5,979.158203125,0.29921039938926697,2253.1190745392014
330.0,53,F3,1098.5018310546875,0.37328198552131653,2078.2920501415333
330.0,57,A3,1098.5018310546875,0.37328198552131653,2078.2920501415333
330.0,62,D4,1098.5018310546875,0.37328198552131653,2078.2920501415333
330.0,50,D3,1098.5018310546875,0.37328198552131653,2078.2920501415333
330.0,62,D4,1098.5018310546875,0.37328198552131653,2078.2920501415333
330.0,74,D5,1098.5018310546875,0.37328198552131653,2078.2920501415333
330.0,69,A4,1098.5018310546875,0.37328198552131653,2078.2920501415333
330.0,65,F4,1098.5018310546875,0.37328198552131653,2078.2920501415333
330.0,62,D4,1098.5018310546875,0.37328198552131653,2078.2920501415333
330.0,74,D5,1098.5018310546875,0.37328198552131653,2078.2920501415333
330.0,59,B3,1098.5018310546875,0.37328198552131653,2078.2920501415333
330.0,36,C2,1098.5018310546875,0.37328198552131653,2078.2920501415333
330.0,38,D2,1098.5018310546875,0.37328198552131653,2078.2920501415333
330.1875,74,D5,749.0675048828125,0.3298366069793701,2435.2190356525252
330.75,62,D4,1098.1917724609375,0.34079810976982117,1683.7768027795
330.75,57,A3,1098.1917724609375,0.34079810976982117,1683.7768027795
330.75,53,F3,1098.1917724609375,0.34079810976982117,1683.7768027795
330.75,59,B3,1098.1917724609375,0.34079810976982117,1683.7768027795
330.75,38,D2,1098.1917724609375,0.34079810976982117,1683.7768027795
331.125,74,D5,1097.3848876953125,0.342749685049057,2331.148289887106
331.5,53,F3,830.596435546875,0.3482458293437958,1691.6748171840854
331.5,57,A3,830.596435546875,0.3482458293437958,1691.6748171840854
331.5,62,D4,830.596435546875,0.3482458293437958,1691.6748171840854
331.5,36,C2,830.596435546875,0.3482458293437958,1691.6748171840854
331.5,59,B3,830.596435546875,0.3482458293437958,1691.6748171840854
331.5,79,G5,830.596435546875,0.3482458293437958,1691.6748171840854
331.6875,76,E5,989.43994140625,0.3840566873550415,2094.2438997976606
331.875,36,C2,989.246337890625,0.33153384923934937,2885.3837480456928
332.0625,74,D5,741.592041015625,0.3270847499370575,2815.7258944836667
332.25,62,D4,743.0396728515625,0.3217465579509735,2711.8595876650675
332.25,53,F3,743.0396728515625,0.3217465579509735,2711.8595876650675
332.25,57,A3,743.0396728515625,0.3217465579509735,2711.8595876650675
332.25,38,D2,743.0396728515625,0.3217465579509735,2711.8595876650675
332.25,59,B3,743.0396728515625,0.3217465579509735,2711.8595876650675
332.625,36,C2,1111.510986328125,0.3141322433948517,2733.254812227398
332.625,76,E5,1111.510986328125,0.3141322433948517,2733.254812227398
332.8125,72,C5,1048.2332763671875,0.31581929326057434,2255.1378863394543
333.0,60,C4,735.4537963867188,0.33656197786331177,2294.074099705902
333.0,55,G3,735.4537963867188,0.33656197786331177,2294.074099705902
333.0,48,C3,735.4537963867188,0.33656197786331177,2294.074099705902
333.0,72,C5,735.4537963867188,0.33656197786331177,2294.074099705902
333.0,60,C4,735.4537963867188,0.33656197786331177,2294.074099705902
333.0,76,E5,735.4537963867188,0.33656197786331177,2294.074099705902
333.0,59,B3,735.4537963867188,0.33656197786331177,2294.074099705902
333.0,36,C2,735.4537963867188,0.33656197786331177,2294.074099705902
333.0,64,E4,735.4537963867188,0.33656197786331177,2294.074099705902
333.0,67,G4,735.4537963867188,0.33656197786331177,2294.074099705902
333.0,72,C5,735.4537963867188,0.33656197786331177,2294.074099705902
333.0,36,C2,735.4537963867188,0.33656197786331177,2294.074099705902
333.375,64,E4,1113.7952880859375,0.3148883879184723,2076.2940927861
333.75,60,C4,990.2090454101562,0.3291117548942566,2056.1300925989085
333.75,55,G3,990.2090454101562,0.3291117548942566,2056.1300925989085
333.75,67,G4,990.2090454101562,0.3291117548942566,2056.1300925989085
333.75,67,G4,990.2090454101562,0.3291117548942566,2056.1300925989085
333.75,59,B3,990.2090454101562,0.3291117548942566,2056.1300925989085
333.75,38,D2,990.2090454101562,0.3291117548942566,2056.1300925989085
334.125,72,C5,1002.411376953125,0.34010255336761475,2449.7652773830387
334.125,72,C5,1002.411376953125,0.34010255336761475,2449.7652773830387
334.5,60,C4,987.5018920898438,0.3555819094181061,2009.3334890278898
334.5,55,G3,987.5018920898438,0.3555819094181061,2009.3334890278898
334.5,67,G4,987.5018920898438,0.3555819094181061,2009.3334890278898
334.5,60,C4,987.5018920898438,0.3555819094181061,2009.3334890278898
334.5,77,F5,987.5018920898438,0.3555819094181061,2009.3334890278898
334.5,72,C5,987.5018920898438,0.3555819094181061,2009.3334890278898
334.5,36,C2,987.5018920898438,0.3555819094181061,2009.3334890278898
334.5,59,B3,987.5018920898438,0.3555819094181061,2009.3334890278898
334.5,65,F4,987.5018920898438,0.3555819094181061,2009.3334890278898
334.875,36,C2,1111.6060791015625,0.3305460214614868,2370.3743421723034
335.25,60,C4,985.5147094726562,0.3639710247516632,1768.8669585032271
335.25,55,G3,985.5147094726562,0.3639710247516632,1768.8669585032271
335.25,38,D2,985.5147094726562,0.3639710247516632,1768.8669585032271
335.25,59,B3,985.5147094726562,0.3639710247516632,1768.8669585032271
335.625,36,C2,987.2796020507812,0.30345627665519714,2614.21997225458
335.625,31,G1,987.2796020507812,0.30345627665519714,2614.21997225458
336.0,60,C4,985.0392456054688,0.35833320021629333,2015.275472576193
336.0,55,G3,985.0392456054688,0.35833320021629333,2015.275472576193
336.0,48,C3,985.0392456054688,0.35833320021629333,2015.275472576193
336.0,72,C5,985.0392456054688,0.35833320021629333,2015.275472576193
336.0,60,C4,985.0392456054688,0.35833320021629333,2015.275472576193
336.0,67,G4,985.0392456054688,0.35833320021629333,2015.275472576193
336.0,72,C5,985.0392456054688,0.35833320021629333,2015.275472576193
336.0,76,E5,985.0392456054688,0.35833320021629333,2015.275472576193
336.0,59,B3,985.0392456054688,0.35833320021629333,2015.275472576193
336.0,36,C2,985.0392456054688,0.35833320021629333,2015.275472576193
336.0,64,E4,985.0392456054688,0.35833320021629333,2015.275472576193
336.0,72,C5,985.0392456054688,0.35833320021629333,2015.275472576193
336.0,36,C2,985.0392456054688,0.35833320021629333,2015.275472576193
336.75,60,C4,982.0586547851562,0.3745860457420349,1824.0085519470344
336.75,55,G3,982.0586547851562,0.3745860457420349,1824.0085519470344
336.75,59,B3,982.0586547851562,0.3745860457420349,1824.0085519470344
336.75,38,D2,982.0586547851562,0.3745860457420349,1824.0085519470344
337.5,60,C4,1110.918212890625,0.3312687873840332,1704.9558124678476
337.5,55,G3,1110.918212890625,0.3312687873840332,1704.9558124678476
337.5,38,D2,1110.918212890625,0.3312687873840332,1704.9558124678476
337.5,59,B3,1110.918212890625,0.3312687873840332,1704.9558124678476
337.5,62,D4,1110.918212890625,0.3312687873840332,1704.9558124678476
337.875,38,D2,935.558349609375,0.33267733454704285,2416.7965202080677
338.25,60,C4,821.0276489257812,0.33856263756752014,2316.4792783665607
338.25,55,G3,821.0276489257812,0.33856263756752014,2316.4792783665607
338.25,36,C2,821.0276489257812,0.33856263756752014,2316.4792783665607
338.25,59,B3,821.0276489257812,0.33856263756752014,2316.4792783665607
338.4375,36,C2,988.01806640625,0.3276336193084717,2504.1563874257126
338.625,36,C2,990.8604736328125,0.3049359917640686,2706.328480533403
338.625,60,C4,990.8604736328125,0.3049359917640686,2706.328480533403
339.0,57,A3,836.2974853515625,0.2758375108242035,2334.790288439642
339.0,60,C4,836.2974853515625,0.2758375108242035,2334.790288439642
339.0,64,E4,836.2974853515625,0.2758375108242035,2334.790288439642
339.0,53,F3,836.2974853515625,0.2758375108242035,2334.790288439642
339.0,65,F4,836.2974853515625,0.2758375108242035,2334.790288439642
339.0,77,F5,836.2974853515625,0.2758375108242035,2334.790288439642
339.0,69,A4,836.2974853515625,0.2758375108242035,2334.790288439642
339.0,76,E5,836.2974853515625,0.2758375108242035,2334.790288439642
339.0,77,F5,836.2974853515625,0.2758375108242035,2334.790288439642
339.0,72,C5,836.2974853515625,0.2758375108242035,2334.790288439642
339.0,59,B3,836.2974853515625,0.2758375108242035,2334.790288439642
339.0,36,C2,836.2974853515625,0.2758375108242035,2334.790288439642
339.0,41,F2,836.2974853515625,0.2758375108242035,2334.790288439642
339.75,64,E4,832.5726928710938,0.3359984755516052,1873.0263759306167
339.75,60,C4,832.5726928710938,0.3359984755516052,1873.0263759306167
339.75,57,A3,832.5726928710938,0.3359984755516052,1873.0263759306167
339.75,59,B3,832.5726928710938,0.3359984755516052,1873.0263759306167
339.75,38,D2,832.5726928710938,0.3359984755516052,1873.0263759306167
340.3125,72,C5,814.6441650390625,0.3636314570903778,2226.035771075994
340.5,57,A3,827.0147705078125,0.3447014093399048,2064.8338090285165
340.5,60,C4,827.0147705078125,0.3447014093399048,2064.8338090285165
340.5,64,E4,827.0147705078125,0.3447014093399048,2064.8338090285165
340.5,36,C2,827.0147705078125,0.3447014093399048,2064.8338090285165
340.5,59,B3,827.0147705078125,0.3447014093399048,2064.8338090285165
340.5,74,D5,827.0147705078125,0.3447014093399048,2064.8338090285165
340.875,36,C2,985.7681274414062,0.33382222056388855,2203.9243111803567
340.875,72,C5,985.7681274414062,0.33382222056388855,2203.9243111803567
341.0625,74,D5,1103.4500732421875,0.3232468068599701,2035.8007383409554
341.25,57,A3,1106.841552734375,0.3456394076347351,1957.7552922393784
341.25,64,E4,1106.841552734375,0.3456394076347351,1957.7552922393784
341.25,60,C4,1106.841552734375,0.3456394076347351,1957.7552922393784
341.25,38,D2,1106.841552734375,0.3456394076347351,1957.7552922393784
341.25,59,B3,1106.841552734375,0.3456394076347351,1957.7552922393784
341.4375,76,E5,1098.4134521484375,0.32945123314857483,2182.0065241152083
341.625,36,C2,1093.947998046875,0.33019348978996277,2711.7218717354617
341.625,40,E2,1093.947998046875,0.33019348978996277,2711.7218717354617
342.0,53,F3,827.760498046875,0.3045920431613922,2136.1571613201886
342.0,57,A3,827.760498046875,0.3045920431613922,2136.1571613201886
342.0,62,D4,827.760498046875,0.3045920431613922,2136.1571613201886
342.0,50,D3,827.760498046875,0.3045920431613922,2136.1571613201886
342.0,62,D4,827.760498046875,0.3045920431613922,2136.1571613201886
342.0,74,D5,827.760498046875,0.3045920431613922,2136.1571613201886
342.0,69,A4,827.760498046875,0.3045920431613922,2136.1571613201886
342.0,65,F4,827.760498046875,0.3045920431613922,2136.1571613201886
342.0,62,D4,827.760498046875,0.3045920431613922,2136.1571613201886
342.0,74,D5,827.760498046875,0.3045920431613922,2136.1571613201886
342.0,59,B3,827.760498046875,0.3045920431613922,2136.1571613201886
342.0,36,C2,827.760498046875,0.3045920431613922,2136.1571613201886
342.0,72,C5,827.760498046875,0.3045920431613922,2136.1571613201886
342.0,38,D2,827.760498046875,0.3045920431613922,2136.1571613201886
342.375,69,A4,1109.883544921875,0.3258209526538849,2172.2827150247012
342.75,62,D4,1097.5872802734375,0.3294656574726105,1856.0924042532852
342.75,57,A3,1097.5872802734375,0.3294656574726105,1856.0924042532852
342.75,53,F3,1097.5872802734375,0.3294656574726105,1856.0924042532852
342.75,59,B3,1097.5872802734375,0.3294656574726105,1856.0924042532852
342.75,38,D2,1097.5872802734375,0.3294656574726105,1856.0924042532852
343.125,69,A4,989.8861694335938,0.3313492238521576,2632.1773172284807
343.3125,69,A4,1112.9989013671875,0.3277181386947632,2165.2500729539065
343.5,53,F3,1110.2991943359375,0.3628654479980469,1822.8361968507431
343.5,57,A3,1110.2991943359375,0.3628654479980469,1822.8361968507431
343.5,62,D4,1110.2991943359375,0.3628654479980469,1822.8361968507431
343.5,36,C2,1110.2991943359375,0.3628654479980469,1822.8361968507431
343.5,59,B3,1110.2991943359375,0.3628654479980469,1822.8361968507431
343.5,77,F5,1110.2991943359375,0.3628654479980469,1822.8361968507431
343.875,36,C2,1110.2542724609375,0.314874529838562,2714.601514125086
343.875,76,E5,1110.2542724609375,0.314874529838562,2714.601514125086
344.25,62,D4,1001.6739501953125,0.32083413004875183,2428.013665956589
344.25,53,F3,1001.6739501953125,0.32083413004875183,2428.013665956589
344.25,57,A3,1001.6739501953125,0.32083413004875183,2428.013665956589
344.25,38,D2,1001.6739501953125,0.32083413004875183,2428.013665956589
344.25,59,B3,1001.6739501953125,0.32083413004875183,2428.013665956589
344.25,74,D5,1001.6739501953125,0.32083413004875183,2428.013665956589
344.625,36,C2,989.819580078125,0.2881934344768524,2859.7513653865344
344.625,72,C5,989.819580078125,0.2881934344768524,2859.7513653865344
344.8125,72,C5,865.7564086914062,0.304338276386261,2357.4600730607945
345.0,60,C4,837.7623291015625,0.2872942090034485,2030.9010627831003
345.0,55,G3,837.7623291015625,0.2872942090034485,2030.9010627831003
345.0,48,C3,837.7623291015625,0.2872942090034485,2030.9010627831003
345.0,72,C5,837.7623291015625,0.2872942090034485,2030.9010627831003
345.0,60,C4,837.7623291015625,0.2872942090034485,2030.9010627831003
345.0,76,E5,837.7623291015625,0.2872942090034485,2030.9010627831003
345.0,59,B3,837.7623291015625,0.2872942090034485,2030.9010627831003
345.0,36,C2,837.7623291015625,0.2872942090034485,2030.9010627831003
345.0,64,E4,837.7623291015625,0.2872942090034485,2030.9010627831003
345.0,67,G4,837.7623291015625,0.2872942090034485,2030.9010627831003
345.0,72,C5,837.7623291015625,0.2872942090034485,2030.9010627831003
345.0,36,C2,837.7623291015625,0.2872942090034485,2030.9010627831003
345.1875,69,A4,980.5618286132812,0.3171539306640625,1976.1376518249522
345.375,64,E4,989.4194946289062,0.35554829239845276,2175.0199280822894
345.375,67,G4,989.4194946289062,0.35554829239845276,2175.0199280822894
345.75,60,C4,1112.8543701171875,0.32589223980903625,1954.6799796817263
345.75,55,G3,1112.8543701171875,0.32589223980903625,1954.6799796817263
345.75,67,G4,1112.8543701171875,0.32589223980903625,1954.6799796817263
345.75,67,G4,1112.8543701171875,0.32589223980903625,1954.6799796817263
345.75,59,B3,1112.8543701171875,0.32589223980903625,1954.6799796817263
345.75,38,D2,1112.8543701171875,0.32589223980903625,1954.6799796817263
346.125,72,C5,990.0715942382812,0.3459095060825348,2644.6926890718396
346.125,72,C5,990.0715942382812,0.3459095060825348,2644.6926890718396
346.5,60,C4,1109.5504150390625,0.35571953654289246,1627.4450532510634
346.5,55,G3,1109.5504150390625,0.35571953654289246,1627.4450532510634
346.5,67,G4,1109.5504150390625,0.35571953654289246,1627.4450532510634
346.5,60,C4,1109.5504150390625,0.35571953654289246,1627.4450532510634
346.5,77,F5,1109.5504150390625,0.35571953654289246,1627.4450532510634
346.5,72,C5,1109.5504150390625,0.35571953654289246,1627.4450532510634
346.5,36,C2,1109.5504150390625,0.35571953654289246,1627.4450532510634
346.5,59,B3,1109.5504150390625,0.35571953654289246,1627.4450532510634
346.5,65,F4,1109.5504150390625,0.35571953654289246,1627.4450532510634
346.875,36,C2,1113.747802734375,0.3354884386062622,2263.7378048825194
347.25,60,C4,988.4207153320312,0.35597559809684753,1851.7127359618044
347.25,55,G3,988.4207153320312,0.35597559809684753,1851.7127359618044
347.25,38,D2,988.4207153320312,0.35597559809684753,1851.7127359618044
347.25,59,B3,988.4207153320312,0.35597559809684753,1851.7127359618044
347.625,36,C2,988.9347534179688,0.30101627111434937,3034.3407845501188
347.625,31,G1,988.9347534179688,0.30101627111434937,3034.3407845501188
348.0,60,C4,991.1747436523438,0.2722738981246948,2208.6609058681197
348.0,55,G3,991.1747436523438,0.2722738981246948,2208.6609058681197
348.0,48,C3,991.1747436523438,0.2722738981246948,2208.6609058681197
348.0,72,C5,991.1747436523438,0.2722738981246948,2208.6609058681197
348.0,60,C4,991.1747436523438,0.2722738981246948,2208.6609058681197
348.0,67,G4,991.1747436523438,0.2722738981246948,2208.6609058681197
348.0,72,C5,991.1747436523438,0.2722738981246948,2208.6609058681197
348.0,76,E5,991.1747436523438,0.2722738981246948,2208.6609058681197
348.0,59,B3,991.1747436523438,0.2722738981246948,2208.6609058681197
348.0,36,C2,991.1747436523438,0.2722738981246948,2208.6609058681197
348.0,64,E4,991.1747436523438,0.2722738981246948,2208.6609058681197
348.0,72,C5,991.1747436523438,0.2722738981246948,2208.6609058681197
348.0,36,C2,991.1747436523438,0.2722738981246948,2208.6609058681197
348.75,60,C4,582.006591796875,0.3705999553203583,2436.424035697658
348.75,55,G3,582.006591796875,0.3705999553203583,2436.424035697658
348.75,59,B3,582.006591796875,0.3705999553203583,2436.424035697658
348.75,38,D2,582.006591796875,0.3705999553203583,2436.424035697658
349.5,60,C4,494.17449951171875,0.4030957520008087,1868.1126806188909
349.5,55,G3,494.17449951171875,0.4030957520008087,1868.1126806188909
349.5,38,D2,494.17449951171875,0.4030957520008087,1868.1126806188909
349.5,59,B3,494.17449951171875,0.4030957520008087,1868.1126806188909
349.5,62,D4,494.17449951171875,0.4030957520008087,1868.1126806188909
350.0625,36,C2,989.2859497070312,0.32530730962753296,2736.0795423741374
350.25,60,C4,657.633544921875,0.33090731501579285,2585.668152343423
350.25,55,G3,657.633544921875,0.33090731501579285,2585.668152343423
350.25,36,C2,657.633544921875,0.33090731501579285,2585.668152343423
350.25,59,B3,657.633544921875,0.33090731501579285,2585.668152343423
350.625,36,C2,990.342041015625,0.32499220967292786,2859.670611562414
350.625,60,C4,990.342041015625,0.32499220967292786,2859.670611562414
351.0,53,F3,827.32177734375,0.2574830949306488,2395.557210244585
351.0,57,A3,827.32177734375,0.2574830949306488,2395.557210244585
351.0,62,D4,827.32177734375,0.2574830949306488,2395.557210244585
351.0,50,D3,827.32177734375,0.2574830949306488,2395.557210244585
351.0,62,D4,827.32177734375,0.2574830949306488,2395.557210244585
351.0,74,D5,827.32177734375,0.2574830949306488,2395.557210244585
351.0,77,F5,827.32177734375,0.2574830949306488,2395.557210244585
351.0,65,F4,827.32177734375,0.2574830949306488,2395.557210244585
351.0,62,D4,827.32177734375,0.2574830949306488,2395.557210244585
351.0,59,B3,827.32177734375,0.2574830949306488,2395.557210244585
351.0,36,C2,827.32177734375,0.2574830949306488,2395.557210244585
351.0,38,D2,827.32177734375,0.2574830949306488,2395.557210244585
351.1875,69,A4,989.285400390625,0.23628896474838257,2110.9319392852008
351.375,74,D5,988.9569702148438,0.3454965353012085,2013.1798383287735
351.5625,77,F5,988.5906372070312,0.20073486864566803,2264.6684450855782
351.75,62,D4,658.60302734375,0.35188204050064087,1560.5253341703053
351.75,57,A3,658.60302734375,0.35188204050064087,1560.5253341703053
351.75,53,F3,658.60302734375,0.35188204050064087,1560.5253341703053
351.75,77,F5,658.60302734375,0.35188204050064087,1560.5253341703053
351.75,59,B3,658.60302734375,0.35188204050064087,1560.5253341703053
351.75,38,D2,658.60302734375,0.35188204050064087,1560.5253341703053
351.9375,69,A4,825.038330078125,0.32094091176986694,1548.6786716039107
352.125,74,D5,988.023681640625,0.31834524869918823,3049.1171566783746
352.3125,77,F5,826.9893798828125,0.28946375846862793,2105.7736638182296
352.3125,74,D5,826.9893798828125,0.28946375846862793,2105.7736638182296
352.5,53,F3,490.2484130859375,0.3590398132801056,1591.8527157029757
352.5,57,A3,490.2484130859375,0.3590398132801056,1591.8527157029757
352.5,62,D4,490.2484130859375,0.3590398132801056,1591.8527157029757
352.5,77,F5,490.2484130859375,0.3590398132801056,1591.8527157029757
352.5,36,C2,490.2484130859375,0.3590398132801056,1591.8527157029757
352.5,59,B3,490.2484130859375,0.3590398132801056,1591.8527157029757
352.5,76,E5,490.2484130859375,0.3590398132801056,1591.8527157029757
352.6875,69,A4,826.7994995117188,0.2953239381313324,1656.1313604414386
352.875,74,D5,1104.8973388671875,0.32727712392807007,2084.905137777059
352.875,36,C2,1104.8973388671875,0.32727712392807007,2084.905137777059
352.875,74,D5,1104.8973388671875,0.32727712392807007,2084.905137777059
353.0625,77,F5,990.9019165039062,0.31716737151145935,1703.6336535484388
353.0625,76,E5,990.9019165039062,0.31716737151145935,1703.6336535484388
353.25,62,D4,826.60986328125,0.3115721046924591,1504.7369432371638
353.25,53,F3,826.60986328125,0.3115721046924591,1504.7369432371638
353.25,57,A3,826.60986328125,0.3115721046924591,1504.7369432371638
353.25,77,F5,826.60986328125,0.3115721046924591,1504.7369432371638
353.25,38,D2,826.60986328125,0.3115721046924591,1504.7369432371638
353.25,59,B3,826.60986328125,0.3115721046924591,1504.7369432371638
353.4375,69,A4,1103.960205078125,0.28761616349220276,1407.5867242419636
353.4375,69,A4,1103.960205078125,0.28761616349220276,1407.5867242419636
353.625,74,D5,930.3613891601562,0.3087460696697235,3317.4381427460385
353.625,74,D5,930.3613891601562,0.3087460696697235,3317.4381427460385
353.625,36,C2,930.3613891601562,0.3087460696697235,3317.4381427460385
353.625,79,G5,930.3613891601562,0.3087460696697235,3317.4381427460385
353.625,38,D2,930.3613891601562,0.3087460696697235,3317.4381427460385
353.8125,77,F5,1109.4202880859375,0.2646740972995758,2302.0748625409133
353.8125,76,E5,1109.4202880859375,0.2646740972995758,2302.0748625409133
354.0,59,B3,1118.924072265625,0.2398884892463684,2078.0556530532485
354.0,62,D4,1118.924072265625,0.2398884892463684,2078.0556530532485
354.0,55,G3,1118.924072265625,0.2398884892463684,2078.0556530532485
354.0,67,G4,1118.924072265625,0.2398884892463684,2078.0556530532485
354.0,79,G5,1118.924072265625,0.2398884892463684,2078.0556530532485
354.0,79,G5,1118.924072265625,0.2398884892463684,2078.0556530532485
354.0,67,G4,1118.924072265625,0.2398884892463684,2078.0556530532485
354.0,62,D4,1118.924072265625,0.2398884892463684,2078.0556530532485
354.0,59,B3,1118.924072265625,0.2398884892463684,2078.0556530532485
354.0,36,C2,1118.924072265625,0.2398884892463684,2078.0556530532485
354.0,43,G2,1118.924072265625,0.2398884892463684,2078.0556530532485
354.1875,71,B4,1110.552978515625,0.2162729948759079,1832.891563365658
354.375,74,D5,1104.053955078125,0.33864662051200867,2396.057636193333
354.375,74,D5,1104.053955078125,0.33864662051200867,2396.057636193333
354.5625,79,G5,1126.84228515625,0.23551154136657715,2120.946141619634
354.75,59,B3,835.8234252929688,0.30492356419563293,1915.485240124926
354.75,62,D4,835.8234252929688,0.30492356419563293,1915.485240124926
354.75,79,G5,835.8234252929688,0.30492356419563293,1915.485240124926
354.75,59,B3,835.8234252929688,0.30492356419563293,1915.485240124926
354.75,38,D2,835.8234252929688,0.30492356419563293,1915.485240124926
354.9375,71,B4,1107.72216796875,0.31262773275375366,1435.8331935397305
355.125,74,D5,988.44189453125,0.32593515515327454,2713.2935247203577
355.3125,79,G5,1117.1324462890625,0.30078843235969543,2438.0697192691705
355.3125,72,C5,1117.1324462890625,0.30078843235969543,2438.0697192691705
355.5,59,B3,986.0147705078125,0.3094496726989746,2355.6484845866194
355.5,62,D4,986.0147705078125,0.3094496726989746,2355.6484845866194
355.5,79,G5,986.0147705078125,0.3094496726989746,2355.6484845866194
355.5,36,C2,986.0147705078125,0.3094496726989746,2355.6484845866194
355.5,59,B3,986.0147705078125,0.3094496726989746,2355.6484845866194
355.5,77,F5,986.0147705078125,0.3094496726989746,2355.6484845866194
355.6875,71,B4,1101.1649169921875,0.3107609748840332,1562.077630686288
355.875,74,D5,990.5455322265625,0.358509361743927,2162.822268833215
355.875,36,C2,990.5455322265625,0.358509361743927,2162.822268833215
355.875,76,E5,990.5455322265625,0.358509361743927,2162.822268833215
356.0625,79,G5,928.3077392578125,0.3124412000179291,2438.3906142602755
356.25,59,B3,738.5143432617188,0.29104188084602356,2542.281100006006
356.25,62,D4,738.5143432617188,0.29104188084602356,2542.281100006006
356.25,79,G5,738.5143432617188,0.29104188084602356,2542.281100006006
356.25,38,D2,738.5143432617188,0.29104188084602356,2542.281100006006
356.25,59,B3,738.5143432617188,0.29104188084602356,2542.281100006006
356.25,74,D5,738.5143432617188,0.29104188084602356,2542.281100006006
356.4375,71,B4,740.0200805664062,0.3148956000804901,2368.1770007507157
356.4375,71,B4,740.0200805664062,0.3148956000804901,2368.1770007507157
356.625,74,D5,1103.8050537109375,0.3183686435222626,2205.2526063650357
356.625,74,D5,1103.8050537109375,0.3183686435222626,2205.2526063650357
356.625,36,C2,1103.8050537109375,0.3183686435222626,2205.2526063650357
356.625,76,E5,1103.8050537109375,0.3183686435222626,2205.2526063650357
356.625,43,G2,1103.8050537109375,0.3183686435222626,2205.2526063650357
356.8125,79,G5,1098.447265625,0.2959735691547394,2510.683936223051
356.8125,72,C5,1098.447265625,0.2959735691547394,2510.683936223051
357.0,60,C4,998.5413208007812,0.2642596662044525,2136.3841249532425
357.0,55,G3,998.5413208007812,0.2642596662044525,2136.3841249532425
357.0,48,C3,998.5413208007812,0.2642596662044525,2136.3841249532425
357.0,60,C4,998.5413208007812,0.2642596662044525,2136.3841249532425
357.0,72,C5,998.5413208007812,0.2642596662044525,2136.3841249532425
357.0,72,C5,998.5413208007812,0.2642596662044525,2136.3841249532425
357.0,76,E5,998.5413208007812,0.2642596662044525,2136.3841249532425
357.0,59,B3,998.5413208007812,0.2642596662044525,2136.3841249532425
357.0,36,C2,998.5413208007812,0.2642596662044525,2136.3841249532425
357.0,36,C2,998.5413208007812,0.2642596662044525,2136.3841249532425
357.1875,64,E4,1108.61279296875,0.26251235604286194,1851.0267778758805
357.375,67,G4,1108.97900390625,0.2389870434999466,1787.2998016620925
357.5625,72,C5,997.494140625,0.2956107556819916,2291.6035547387096
357.75,60,C4,1110.0595703125,0.14761470258235931,2235.592302802312
357.75,55,G3,1110.0595703125,0.14761470258235931,2235.592302802312
357.75,72,C5,1110.0595703125,0.14761470258235931,2235.592302802312
357.75,67,G4,1110.0595703125,0.14761470258235931,2235.592302802312
357.75,59,B3,1110.0595703125,0.14761470258235931,2235.592302802312
357.75,38,D2,1110.0595703125,0.14761470258235931,2235.592302802312
357.9375,64,E4,977.6712646484375,0.32135602831840515,1701.9099186806902
358.125,67,G4,979.9143676757812,0.3149232864379883,1504.8503962677974
358.125,67,G4,979.9143676757812,0.3149232864379883,1504.8503962677974
358.3125,72,C5,987.5076293945312,0.31159335374832153,2644.1561224111983
358.3125,72,C5,987.5076293945312,0.31159335374832153,2644.1561224111983
358.3125,72,C5,987.5076293945312,0.31159335374832153,2644.1561224111983
358.5,60,C4,978.1069946289062,0.30064550042152405,2026.4463056368854
358.5,55,G3,978.1069946289062,0.30064550042152405,2026.4463056368854
358.5,72,C5,978.1069946289062,0.30064550042152405,2026.4463056368854
358.5,60,C4,978.1069946289062,0.30064550042152405,2026.4463056368854
358.5,77,F5,978.1069946289062,0.30064550042152405,2026.4463056368854
358.5,36,C2,978.1069946289062,0.30064550042152405,2026.4463056368854
358.5,59,B3,978.1069946289062,0.30064550042152405,2026.4463056368854
358.6875,64,E4,987.7363891601562,0.3365984559059143,1486.5584891713193
358.875,67,G4,999.2084350585938,0.26834815740585327,1670.057614530999
358.875,36,C2,999.2084350585938,0.26834815740585327,1670.057614530999
359.0625,72,C5,994.87109375,0.3510483205318451,2086.382028386991
359.25,60,C4,989.9327392578125,0.32597616314888,1770.8822633691404
359.25,55,G3,989.9327392578125,0.32597616314888,1770.8822633691404
359.25,72,C5,989.9327392578125,0.32597616314888,1770.8822633691404
359.25,38,D2,989.9327392578125,0.32597616314888,1770.8822633691404
359.25,59,B3,989.9327392578125,0.32597616314888,1770.8822633691404
359.4375,64,E4,998.48974609375,0.3167136311531067,1653.1149004275749
359.625,67,G4,861.8319091796875,0.2953120470046997,1663.1554021124057
359.625,67,G4,861.8319091796875,0.2953120470046997,1663.1554021124057
359.625,36,C2,861.8319091796875,0.2953120470046997,1663.1554021124057
359.625,31,G1,861.8319091796875,0.2953120470046997,1663.1554021124057
359.8125,72,C5,991.299072265625,0.2970632314682007,2876.5983405975494
359.8125,72,C5,991.299072265625,0.2970632314682007,2876.5983405975494
360.0,60,C4,989.6582641601562,0.25678011775016785,2226.610265359883
360.0,55,G3,989.6582641601562,0.25678011775016785,2226.610265359883
360.0,48,C3,989.6582641601562,0.25678011775016785,2226.610265359883
360.0,60,C4,989.6582641601562,0.25678011775016785,2226.610265359883
360.0,72,C5,989.6582641601562,0.25678011775016785,2226.610265359883
360.0,72,C5,989.6582641601562,0.25678011775016785,2226.610265359883
360.0,76,E5,989.6582641601562,0.25678011775016785,2226.610265359883
360.0,59,B3,989.6582641601562,0.25678011775016785,2226.610265359883
360.0,36,C2,989.6582641601562,0.25678011775016785,2226.610265359883
360.0,36,C2,989.6582641601562,0.25678011775016785,2226.610265359883
360.1875,64,E4,986.228515625,0.2398698776960373,2012.6310678928598
360.375,67,G4,990.7869262695312,0.23681817948818207,1788.3873216870813
360.5625,72,C5,1111.658935546875,0.34747615456581116,2766.8265039187436
360.75,60,C4,1107.4879150390625,0.2048797607421875,2176.909693900849
360.75,55,G3,1107.4879150390625,0.2048797607421875,2176.909693900849
360.75,72,C5,1107.4879150390625,0.2048797607421875,2176.909693900849
360.75,59,B3,1107.4879150390625,0.2048797607421875,2176.909693900849
360.75,38,D2,1107.4879150390625,0.2048797607421875,2176.909693900849
360.9375,64,E4,1111.04736328125,0.35829588770866394,2440.715390240538
361.125,67,G4,991.2395629882812,0.32100340723991394,1691.4201056270776
361.3125,72,C5,988.8936767578125,0.30385079979896545,2701.697691659486
361.5,60,C4,996.7330322265625,0.3005107343196869,2780.0746472673745
361.5,55,G3,996.7330322265625,0.3005107343196869,2780.0746472673745
361.5,72,C5,996.7330322265625,0.3005107343196869,2780.0746472673745
361.5,38,D2,996.7330322265625,0.3005107343196869,2780.0746472673745
361.5,59,B3,996.7330322265625,0.3005107343196869,2780.0746472673745
361.6875,64,E4,862.8259887695312,0.33216020464897156,1469.3994191415761
361.875,67,G4,996.3884887695312,0.28546425700187683,1471.9174259960323
362.0625,72,C5,1114.7467041015625,0.3493036925792694,1981.145809888547
362.0625,38,D2,1114.7467041015625,0.3493036925792694,1981.145809888547
362.25,60,C4,1106.529052734375,0.30123984813690186,2530.0264490390823
362.25,55,G3,1106.529052734375,0.30123984813690186,2530.0264490390823
362.25,72,C5,1106.529052734375,0.30123984813690186,2530.0264490390823
362.25,38,D2,1106.529052734375,0.30123984813690186,2530.0264490390823
362.25,59,B3,1106.529052734375,0.30123984813690186,2530.0264490390823
362.4375,64,E4,1108.8529052734375,0.3052268624305725,2436.578887028439
362.625,67,G4,991.9525146484375,0.29106274247169495,2224.822202869031
362.625,67,G4,991.9525146484375,0.29106274247169495,2224.822202869031
362.625,36,C2,991.9525146484375,0.29106274247169495,2224.822202869031
362.8125,72,C5,991.9190063476562,0.2943651080131531,3373.8322352306777
362.8125,72,C5,991.9190063476562,0.2943651080131531,3373.8322352306777
363.0,53,F3,982.0100708007812,0.25002002716064453,2514.5964931760727
363.0,57,A3,982.0100708007812,0.25002002716064453,2514.5964931760727
363.0,62,D4,982.0100708007812,0.25002002716064453,2514.5964931760727
363.0,50,D3,982.0100708007812,0.25002002716064453,2514.5964931760727
363.0,62,D4,982.0100708007812,0.25002002716064453,2514.5964931760727
363.0,74,D5,982.0100708007812,0.25002002716064453,2514.5964931760727
363.0,77,F5,982.0100708007812,0.25002002716064453,2514.5964931760727
363.0,65,F4,982.0100708007812,0.25002002716064453,2514.5964931760727
363.0,62,D4,982.0100708007812,0.25002002716064453,2514.5964931760727
363.0,59,B3,982.0100708007812,0.25002002716064453,2514.5964931760727
363.0,36,C2,982.0100708007812,0.25002002716064453,2514.5964931760727
363.0,38,D2,982.0100708007812,0.25002002716064453,2514.5964931760727
363.1875,69,A4,1000.610595703125,0.20945219695568085,2239.689992487844
363.375,74,D5,997.7770385742188,0.1770375818014145,2191.2411985749027
363.5625,77,F5,989.65966796875,0.3642916977405548,2106.789331060647
363.75,62,D4,996.4226684570312,0.15157721936702728,2505.8351727677637
363.75,57,A3,996.4226684570312,0.15157721936702728,2505.8351727677637
363.75,53,F3,996.4226684570312,0.15157721936702728,2505.8351727677637
363.75,77,F5,996.4226684570312,0.15157721936702728,2505.8351727677637
363.75,59,B3,996.4226684570312,0.15157721936702728,2505.8351727677637
363.75,38,D2,996.4226684570312,0.15157721936702728,2505.8351727677637
363.9375,69,A4,991.3773193359375,0.3969545066356659,1600.9354727600094
364.125,74,D5,992.4680786132812,0.2888709604740143,1606.2190255163966
364.3125,77,F5,931.923095703125,0.31060993671417236,3142.6457953112536
364.5,53,F3,988.5606079101562,0.2835614085197449,2317.5765896625862
364.5,57,A3,988.5606079101562,0.2835614085197449,2317.5765896625862
364.5,62,D4,988.5606079101562,0.2835614085197449,2317.5765896625862
364.5,77,F5,988.5606079101562,0.2835614085197449,2317.5765896625862
364.5,36,C2,988.5606079101562,0.2835614085197449,2317.5765896625862
364.5,59,B3,988.5606079101562,0.2835614085197449,2317.5765896625862
364.5,76,E5,988.5606079101562,0.2835614085197449,2317.5765896625862
364.6875,69,A4,820.7748413085938,0.4045677185058594,1845.9966360950557
364.6875,74,D5,820.7748413085938,0.4045677185058594,1845.9966360950557
364.875,74,D5,984.6141967773438,0.29463428258895874,1754.660640500167
364.875,36,C2,984.6141967773438,0.29463428258895874,1754.660640500167
365.0625,77,F5,992.5723266601562,0.35408636927604675,2359.8577952542273
365.0625,76,E5,992.5723266601562,0.35408636927604675,2359.8577952542273
365.25,62,D4,1120.6876220703125,0.319425493478775,1855.4451510941615
365.25,53,F3,1120.6876220703125,0.319425493478775,1855.4451510941615
365.25,57,A3,1120.6876220703125,0.319425493478775,1855.4451510941615
365.25,77,F5,1120.6876220703125,0.319425493478775,1855.4451510941615
365.25,38,D2,1120.6876220703125,0.319425493478775,1855.4451510941615
365.25,59,B3,1120.6876220703125,0.319425493478775,1855.4451510941615
365.4375,69,A4,1111.1563720703125,0.2964218556880951,1673.4703176871271
365.4375,69,A4,1111.1563720703125,0.2964218556880951,1673.4703176871271
365.625,74,D5,653.3539428710938,0.30470460653305054,1374.5881970234732
365.625,74,D5,653.3539428710938,0.30470460653305054,1374.5881970234732
365.625,36,C2,653.3539428710938,0.30470460653305054,1374.5881970234732
365.625,79,G5,653.3539428710938,0.30470460653305054,1374.5881970234732
365.625,38,D2,653.3539428710938,0.30470460653305054,1374.5881970234732
365.8125,77,F5,1121.0966796875,0.31285518407821655,3024.5184984721236
365.8125,76,E5,1121.0966796875,0.31285518407821655,3024.5184984721236
366.0,59,B3,1104.276123046875,0.2860129773616791,2281.785120438027
366.0,62,D4,1104.276123046875,0.2860129773616791,2281.785120438027
366.0,55,G3,1104.276123046875,0.2860129773616791,2281.785120438027
366.0,67,G4,1104.276123046875,0.2860129773616791,2281.785120438027
366.0,79,G5,1104.276123046875,0.2860129773616791,2281.785120438027
366.0,79,G5,1104.276123046875,0.2860129773616791,2281.785120438027
366.0,67,G4,1104.276123046875,0.2860129773616791,2281.785120438027
366.0,62,D4,1104.276123046875,0.2860129773616791,2281.785120438027
366.0,59,B3,1104.276123046875,0.2860129773616791,2281.785120438027
366.0,36,C2,1104.276123046875,0.2860129773616791,2281.785120438027
366.0,43,G2,1104.276123046875,0.2860129773616791,2281.785120438027
366.1875,71,B4,1114.107177734375,0.24411576986312866,2058.800409285911
366.375,74,D5,1099.1751708984375,0.2225288301706314,1829.7347347360294
366.375,74,D5,1099.1751708984375,0.2225288301706314,1829.7347347360294
366.5625,79,G5,1111.6749267578125,0.281950443983078,2534.5899301023264
366.75,59,B3,973.0859375,0.2669294476509094,2004.6627527124929
366.75,62,D4,973.0859375,0.2669294476509094,2004.6627527124929
366.75,79,G5,973.0859375,0.2669294476509094,2004.6627527124929
366.75,59,B3,973.0859375,0.2669294476509094,2004.6627527124929
366.75,38,D2,973.0859375,0.2669294476509094,2004.6627527124929
366.9375,71,B4,1101.34716796875,0.2828499972820282,2240.316389112242
367.125,74,D5,969.9658813476562,0.32029083371162415,1413.4812180760287
367.125,74,D5,969.9658813476562,0.32029083371162415,1413.4812180760287
367.3125,79,G5,1094.188720703125,0.323890745639801,2488.0092659063694
367.3125,74,D5,1094.188720703125,0.323890745639801,2488.0092659063694
367.5,59,B3,1099.8363037109375,0.2992667853832245,2614.561856301274
367.5,62,D4,1099.8363037109375,0.2992667853832245,2614.561856301274
367.5,79,G5,1099.8363037109375,0.2992667853832245,2614.561856301274
367.5,38,D2,1099.8363037109375,0.2992667853832245,2614.561856301274
367.5,59,B3,1099.8363037109375,0.2992667853832245,2614.561856301274
367.5,77,F5,1099.8363037109375,0.2992667853832245,2614.561856301274
367.6875,71,B4,1105.11865234375,0.33735841512680054,2323.487026756462
367.875,74,D5,973.7618408203125,0.3052937388420105,1694.442725376863
367.875,36,C2,973.7618408203125,0.3052937388420105,1694.442725376863
367.875,76,E5,973.7618408203125,0.3052937388420105,1694.442725376863
368.0625,79,G5,829.8314819335938,0.32315853238105774,1586.5515009632945
368.25,59,B3,990.9048461914062,0.34547853469848633,2399.1474344599637
368.25,62,D4,990.9048461914062,0.34547853469848633,2399.1474344599637
368.25,79,G5,990.9048461914062,0.34547853469848633,2399.1474344599637
368.25,36,C2,990.9048461914062,0.34547853469848633,2399.1474344599637
368.25,59,B3,990.9048461914062,0.34547853469848633,2399.1474344599637
368.25,74,D5,990.9048461914062,0.34547853469848633,2399.1474344599637
368.4375,71,B4,931.4041748046875,0.314915269613266,2432.2493139590006
368.4375,71,B4,931.4041748046875,0.314915269613266,2432.2493139590006
368.4375,36,C2,931.4041748046875,0.314915269613266,2432.2493139590006
368.625,74,D5,1107.977294921875,0.33146220445632935,2267.4017098261647
368.625,74,D5,1107.977294921875,0.33146220445632935,2267.4017098261647
368.625,36,C2,1107.977294921875,0.33146220445632935,2267.4017098261647
368.625,76,E5,1107.977294921875,0.33146220445632935,2267.4017098261647
368.625,43,G2,1107.977294921875,0.33146220445632935,2267.4017098261647
368.8125,79,G5,1110.7467041015625,0.291816383600235,2156.7311696447073
369.0,48,C3,936.4659423828125,0.2915319502353668,2703.4442261734353
369.0,64,E4,936.4659423828125,0.2915319502353668,2703.4442261734353
369.0,55,G3,936.4659423828125,0.2915319502353668,2703.4442261734353
369.0,60,C4,936.4659423828125,0.2915319502353668,2703.4442261734353
369.0,72,C5,936.4659423828125,0.2915319502353668,2703.4442261734353
369.0,60,C4,936.4659423828125,0.2915319502353668,2703.4442261734353
369.0,67,G4,936.4659423828125,0.2915319502353668,2703.4442261734353
369.0,59,B3,936.4659423828125,0.2915319502353668,2703.4442261734353
369.0,36,C2,936.4659423828125,0.2915319502353668,2703.4442261734353
369.0,72,C5,936.4659423828125,0.2915319502353668,2703.4442261734353
369.0,60,C4,936.4659423828125,0.2915319502353668,2703.4442261734353
369.0,48,C3,936.4659423828125,0.2915319502353668,2703.4442261734353
369.0,40,E2,936.4659423828125,0.2915319502353668,2703.4442261734353
369.0,48,C3,936.4659423828125,0.2915319502353668,2703.4442261734353
369.75,48,C3,991.2695922851562,0.32543066143989563,2036.2177830413116
369.75,59,B3,991.2695922851562,0.32543066143989563,2036.2177830413116
369.75,38,D2,991.2695922851562,0.32543066143989563,2036.2177830413116
369.75,48,C3,991.2695922851562,0.32543066143989563,2036.2177830413116
370.5,47,B2,650.8123168945312,0.31664755940437317,2737.8879862280446
370.5,62,D4,650.8123168945312,0.31664755940437317,2737.8879862280446
370.5,67,G4,650.8123168945312,0.31664755940437317,2737.8879862280446
370.5,62,D4,650.8123168945312,0.31664755940437317,2737.8879862280446
370.5,55,G3,650.8123168945312,0.31664755940437317,2737.8879862280446
370.5,59,B3,650.8123168945312,0.31664755940437317,2737.8879862280446
370.5,36,C2,650.8123168945312,0.31664755940437317,2737.8879862280446
370.5,59,B3,650.8123168945312,0.31664755940437317,2737.8879862280446
370.5,47,B2,650.8123168945312,0.31664755940437317,2737.8879862280446
370.5,38,D2,650.8123168945312,0.31664755940437317,2737.8879862280446
370.5,43,G2,650.8123168945312,0.31664755940437317,2737.8879862280446
371.25,47,B2,1110.132568359375,0.31190186738967896,2000.8390488616105
371.25,59,B3,1110.132568359375,0.31190186738967896,2000.8390488616105
371.25,38,D2,1110.132568359375,0.31190186738967896,2000.8390488616105
371.25,47,B2,1110.132568359375,0.31190186738967896,2000.8390488616105
372.0,45,A2,997.9789428710938,0.2756219208240509,2746.6454289669955
372.0,60,C4,997.9789428710938,0.2756219208240509,2746.6454289669955
372.0,64,E4,997.9789428710938,0.2756219208240509,2746.6454289669955
372.0,64,E4,997.9789428710938,0.2756219208240509,2746.6454289669955
372.0,57,A3,997.9789428710938,0.2756219208240509,2746.6454289669955
372.0,59,B3,997.9789428710938,0.2756219208240509,2746.6454289669955
372.0,36,C2,997.9789428710938,0.2756219208240509,2746.6454289669955
372.0,57,A3,997.9789428710938,0.2756219208240509,2746.6454289669955
372.0,45,A2,997.9789428710938,0.2756219208240509,2746.6454289669955
372.0,36,C2,997.9789428710938,0.2756219208240509,2746.6454289669955
372.0,40,E2,997.9789428710938,0.2756219208240509,2746.6454289669955
372.75,45,A2,862.8154296875,0.35378819704055786,2832.759124578368
372.75,59,B3,862.8154296875,0.35378819704055786,2832.759124578368
372.75,38,D2,862.8154296875,0.35378819704055786,2832.759124578368
372.75,45,A2,862.8154296875,0.35378819704055786,2832.759124578368
373.5,43,G2,990.264404296875,0.3188104033470154,1480.6925125526564
373.5,59,B3,990.264404296875,0.3188104033470154,1480.6925125526564
373.5,62,D4,990.264404296875,0.3188104033470154,1480.6925125526564
373.5,67,G4,990.264404296875,0.3188104033470154,1480.6925125526564
373.5,67,G4,990.264404296875,0.3188104033470154,1480.6925125526564
373.5,62,D4,990.264404296875,0.3188104033470154,1480.6925125526564
373.5,38,D2,990.264404296875,0.3188104033470154,1480.6925125526564
373.5,59,B3,990.264404296875,0.3188104033470154,1480.6925125526564
373.5,55,G3,990.264404296875,0.3188104033470154,1480.6925125526564
373.5,43,G2,990.264404296875,0.3188104033470154,1480.6925125526564
373.5,35,B1,990.264404296875,0.3188104033470154,1480.6925125526564
373.5,38,D2,990.264404296875,0.3188104033470154,1480.6925125526564
373.5,43,G2,990.264404296875,0.3188104033470154,1480.6925125526564
373.875,36,C2,984.29296875,0.3867797553539276,1214.1900871529574
374.25,43,G2,1131.0611572265625,0.3219517767429352,2280.168294171587
374.25,36,C2,1131.0611572265625,0.3219517767429352,2280.168294171587
374.25,59,B3,1131.0611572265625,0.3219517767429352,2280.168294171587
374.25,43,G2,1131.0611572265625,0.3219517767429352,2280.168294171587
374.4375,36,C2,1108.2869873046875,0.30752798914909363,2339.8339881570164
374.625,36,C2,1126.3193359375,0.2690311074256897,2247.1225692895678
375.0,41,F2,1115.1744384765625,0.23334680497646332,3062.180679331691
375.0,57,A3,1115.1744384765625,0.23334680497646332,3062.180679331691
375.0,65,F4,1115.1744384765625,0.23334680497646332,3062.180679331691
375.0,60,C4,1115.1744384765625,0.23334680497646332,3062.180679331691
375.0,57,A3,1115.1744384765625,0.23334680497646332,3062.180679331691
375.0,60,C4,1115.1744384765625,0.23334680497646332,3062.180679331691
375.0,65,F4,1115.1744384765625,0.23334680497646332,3062.180679331691
375.0,59,B3,1115.1744384765625,0.23334680497646332,3062.180679331691
375.0,36,C2,1115.1744384765625,0.23334680497646332,3062.180679331691
375.0,53,F3,1115.1744384765625,0.23334680497646332,3062.180679331691
375.0,41,F2,1115.1744384765625,0.23334680497646332,3062.180679331691
375.0,36,C2,1115.1744384765625,0.23334680497646332,3062.180679331691
375.0,41,F2,1115.1744384765625,0.23334680497646332,3062.180679331691
375.0,45,A2,1115.1744384765625,0.23334680497646332,3062.180679331691
375.75,41,F2,1109.1038818359375,0.30374768376350403,2180.898555955773
375.75,59,B3,1109.1038818359375,0.30374768376350403,2180.898555955773
375.75,38,D2,1109.1038818359375,0.30374768376350403,2180.898555955773
375.75,41,F2,1109.1038818359375,0.30374768376350403,2180.898555955773
376.5,41,F2,1110.4981689453125,0.26716989278793335,2979.0298095785265
376.5,59,B3,1110.4981689453125,0.26716989278793335,2979.0298095785265
376.5,36,C2,1110.4981689453125,0.26716989278793335,2979.0298095785265
376.5,41,F2,1110.4981689453125,0.26716989278793335,2979.0298095785265
376.875,41,F2,817.8956909179688,0.2942180335521698,1797.3721882605046
376.875,41,F2,817.8956909179688,0.2942180335521698,1797.3721882605046
377.25,59,B3,1110.381591796875,0.3606400489807129,1773.7984991407611
377.25,38,D2,1110.381591796875,0.3606400489807129,1773.7984991407611
377.625,41,F2,1109.4473876953125,0.28429824113845825,1599.5625592317078
377.625,41,F2,1109.4473876953125,0.28429824113845825,1599.5625592317078
378.0,43,G2,1109.9510498046875,0.30781957507133484,2913.7859150937957
378.0,59,B3,1109.9510498046875,0.30781957507133484,2913.7859150937957
378.0,62,D4,1109.9510498046875,0.30781957507133484,2913.7859150937957
378.0,67,G4,1109.9510498046875,0.30781957507133484,2913.7859150937957
378.0,59,B3,1109.9510498046875,0.30781957507133484,2913.7859150937957
378.0,62,D4,1109.9510498046875,0.30781957507133484,2913.7859150937957
378.0,67,G4,1109.9510498046875,0.30781957507133484,2913.7859150937957
378.0,36,C2,1109.9510498046875,0.30781957507133484,2913.7859150937957
378.0,59,B3,1109.9510498046875,0.30781957507133484,2913.7859150937957
378.0,55,G3,1109.9510498046875,0.30781957507133484,2913.7859150937957
378.0,43,G2,1109.9510498046875,0.30781957507133484,2913.7859150937957
378.0,38,D2,1109.9510498046875,0.30781957507133484,2913.7859150937957
378.0,43,G2,1109.9510498046875,0.30781957507133484,2913.7859150937957
378.0,47,B2,1109.9510498046875,0.30781957507133484,2913.7859150937957
378.375,43,G2,1110.6962890625,0.24890676140785217,2009.735464085357
378.375,36,C2,1110.6962890625,0.24890676140785217,2009.735464085357
378.375,38,D2,1110.6962890625,0.24890676140785217,2009.735464085357
378.375,43,G2,1110.6962890625,0.24890676140785217,2009.735464085357
378.75,59,B3,1111.2242431640625,0.35937902331352234,1874.1534698840524
378.9375,43,G2,1111.59326171875,0.19259381294250488,2105.7745737074947
378.9375,36,C2,1111.59326171875,0.19259381294250488,2105.7745737074947
378.9375,43,G2,1111.59326171875,0.19259381294250488,2105.7745737074947
379.5,43,G2,1020.4620971679688,0.29173776507377625,2888.0938599046685
379.5,38,D2,1020.4620971679688,0.29173776507377625,2888.0938599046685
379.5,59,B3,1020.4620971679688,0.29173776507377625,2888.0938599046685
379.5,43,G2,1020.4620971679688,0.29173776507377625,2888.0938599046685
379.875,43,G2,1107.0701904296875,0.32072603702545166,1523.4673254679528
379.875,36,C2,1107.0701904296875,0.32072603702545166,1523.4673254679528
379.875,43,G2,1107.0701904296875,0.32072603702545166,1523.4673254679528
380.25,43,G2,992.0358276367188,0.3589878976345062,2152.9066914074033
380.25,36,C2,992.0358276367188,0.3589878976345062,2152.9066914074033
380.25,59,B3,992.0358276367188,0.3589878976345062,2152.9066914074033
380.25,43,G2,992.0358276367188,0.3589878976345062,2152.9066914074033
380.4375,43,G2,991.001220703125,0.32989680767059326,2471.5376729544387
380.4375,36,C2,991.001220703125,0.32989680767059326,2471.5376729544387
380.4375,43,G2,991.001220703125,0.32989680767059326,2471.5376729544387
380.625,43,G2,982.1307373046875,0.32875195145606995,2233.924810589994
380.625,36,C2,982.1307373046875,0.32875195145606995,2233.924810589994
380.625,43,G2,982.1307373046875,0.32875195145606995,2233.924810589994
381.0,48,C3,1111.90234375,0.2927030920982361,2915.777018916727
381.0,64,E4,1111.90234375,0.2927030920982361,2915.777018916727
381.0,55,G3,1111.90234375,0.2927030920982361,2915.777018916727
381.0,60,C4,1111.90234375,0.2927030920982361,2915.777018916727
381.0,72,C5,1111.90234375,0.2927030920982361,2915.777018916727
381.0,60,C4,1111.90234375,0.2927030920982361,2915.777018916727
381.0,67,G4,1111.90234375,0.2927030920982361,2915.777018916727
381.0,59,B3,1111.90234375,0.2927030920982361,2915.777018916727
381.0,36,C2,1111.90234375,0.2927030920982361,2915.777018916727
381.0,60,C4,1111.90234375,0.2927030920982361,2915.777018916727
381.0,48,C3,1111.90234375,0.2927030920982361,2915.777018916727
381.0,40,E2,1111.90234375,0.2927030920982361,2915.777018916727
381.0,48,C3,1111.90234375,0.2927030920982361,2915.777018916727
381.75,48,C3,1110.896240234375,0.36068105697631836,1994.6257140336309
381.75,59,B3,1110.896240234375,0.36068105697631836,1994.6257140336309
381.75,38,D2,1110.896240234375,0.36068105697631836,1994.6257140336309
381.75,48,C3,1110.896240234375,0.36068105697631836,1994.6257140336309
382.5,47,B2,981.5474853515625,0.3304865062236786,2903.826216378752
382.5,62,D4,981.5474853515625,0.3304865062236786,2903.826216378752
382.5,67,G4,981.5474853515625,0.3304865062236786,2903.826216378752
382.5,62,D4,981.5474853515625,0.3304865062236786,2903.826216378752
382.5,55,G3,981.5474853515625,0.3304865062236786,2903.826216378752
382.5,59,B3,981.5474853515625,0.3304865062236786,2903.826216378752
382.5,36,C2,981.5474853515625,0.3304865062236786,2903.826216378752
382.5,59,B3,981.5474853515625,0.3304865062236786,2903.826216378752
382.5,47,B2,981.5474853515625,0.3304865062236786,2903.826216378752
382.5,38,D2,981.5474853515625,0.3304865062236786,2903.826216378752
382.5,43,G2,981.5474853515625,0.3304865062236786,2903.826216378752
383.25,47,B2,992.9873657226562,0.32370635867118835,2118.7695265171587
383.25,59,B3,992.9873657226562,0.32370635867118835,2118.7695265171587
383.25,38,D2,992.9873657226562,0.32370635867118835,2118.7695265171587
383.25,47,B2,992.9873657226562,0.32370635867118835,2118.7695265171587
384.0,45,A2,983.11572265625,0.28824618458747864,2831.906879561826
384.0,60,C4,983.11572265625,0.28824618458747864,2831.906879561826
384.0,64,E4,983.11572265625,0.28824618458747864,2831.906879561826
384.0,64,E4,983.11572265625,0.28824618458747864,2831.906879561826
384.0,57,A3,983.11572265625,0.28824618458747864,2831.906879561826
384.0,59,B3,983.11572265625,0.28824618458747864,2831.906879561826
384.0,36,C2,983.11572265625,0.28824618458747864,2831.906879561826
384.0,57,A3,983.11572265625,0.28824618458747864,2831.906879561826
384.0,45,A2,983.11572265625,0.28824618458747864,2831.906879561826
384.0,36,C2,983.11572265625,0.28824618458747864,2831.906879561826
384.0,40,E2,983.11572265625,0.28824618458747864,2831.906879561826
384.75,45,A2,1111.60205078125,0.3759270906448364,2102.0181955675325
384.75,59,B3,1111.60205078125,0.3759270906448364,2102.0181955675325
384.75,38,D2,1111.60205078125,0.3759270906448364,2102.0181955675325
384.75,45,A2,1111.60205078125,0.3759270906448364,2102.0181955675325
385.5,43,G2,989.4754638671875,0.334773451089859,2212.9020656503476
385.5,59,B3,989.4754638671875,0.334773451089859,2212.9020656503476
385.5,62,D4,989.4754638671875,0.334773451089859,2212.9020656503476
385.5,67,G4,989.4754638671875,0.334773451089859,2212.9020656503476
385.5,67,G4,989.4754638671875,0.334773451089859,2212.9020656503476
385.5,62,D4,989.4754638671875,0.334773451089859,2212.9020656503476
385.5,38,D2,989.4754638671875,0.334773451089859,2212.9020656503476
385.5,59,B3,989.4754638671875,0.334773451089859,2212.9020656503476
385.5,55,G3,989.4754638671875,0.334773451089859,2212.9020656503476
385.5,43,G2,989.4754638671875,0.334773451089859,2212.9020656503476
385.5,35,B1,989.4754638671875,0.334773451089859,2212.9020656503476
385.5,38,D2,989.4754638671875,0.334773451089859,2212.9020656503476
385.5,43,G2,989.4754638671875,0.334773451089859,2212.9020656503476
385.875,36,C2,744.94775390625,0.41417214274406433,1232.2051924965997
386.25,43,G2,1117.2991943359375,0.3152405023574829,2634.339744307946
386.25,36,C2,1117.2991943359375,0.3152405023574829,2634.339744307946
386.25,59,B3,1117.2991943359375,0.3152405023574829,2634.339744307946
386.25,43,G2,1117.2991943359375,0.3152405023574829,2634.339744307946
386.4375,36,C2,1099.1461181640625,0.28707215189933777,2753.1401952081605
386.625,36,C2,1097.4505615234375,0.2512090802192688,2657.2664232359793
387.0,41,F2,1118.009033203125,0.24165591597557068,2916.682974529108
387.0,57,A3,1118.009033203125,0.24165591597557068,2916.682974529108
387.0,65,F4,1118.009033203125,0.24165591597557068,2916.682974529108
387.0,60,C4,1118.009033203125,0.24165591597557068,2916.682974529108
387.0,57,A3,1118.009033203125,0.24165591597557068,2916.682974529108
387.0,60,C4,1118.009033203125,0.24165591597557068,2916.682974529108
387.0,65,F4,1118.009033203125,0.24165591597557068,2916.682974529108
387.0,59,B3,1118.009033203125,0.24165591597557068,2916.682974529108
387.0,36,C2,1118.009033203125,0.24165591597557068,2916.682974529108
387.0,60,C4,1118.009033203125,0.24165591597557068,2916.682974529108
387.0,53,F3,1118.009033203125,0.24165591597557068,2916.682974529108
387.0,41,F2,1118.009033203125,0.24165591597557068,2916.682974529108
387.0,36,C2,1118.009033203125,0.24165591597557068,2916.682974529108
387.0,41,F2,1118.009033203125,0.24165591597557068,2916.682974529108
387.0,45,A2,1118.009033203125,0.24165591597557068,2916.682974529108
387.75,41,F2,1109.2742919921875,0.29810282588005066,2140.5998916840485
387.75,59,B3,1109.2742919921875,0.29810282588005066,2140.5998916840485
387.75,38,D2,1109.2742919921875,0.29810282588005066,2140.5998916840485
387.75,41,F2,1109.2742919921875,0.29810282588005066,2140.5998916840485
388.5,41,F2,1103.7083740234375,0.2558876574039459,2839.0995630238785
388.5,36,C2,1103.7083740234375,0.2558876574039459,2839.0995630238785
388.5,59,B3,1103.7083740234375,0.2558876574039459,2839.0995630238785
388.5,41,F2,1103.7083740234375,0.2558876574039459,2839.0995630238785
388.875,41,F2,662.52734375,0.3084803521633148,1733.400802066696
388.875,36,C2,662.52734375,0.3084803521633148,1733.400802066696
388.875,41,F2,662.52734375,0.3084803521633148,1733.400802066696
389.25,59,B3,934.7713623046875,0.3576526641845703,1870.0595269819828
389.25,38,D2,934.7713623046875,0.3576526641845703,1870.0595269819828
389.625,41,F2,1110.5478515625,0.23571360111236572,1776.5151684983061
389.625,41,F2,1110.5478515625,0.23571360111236572,1776.5151684983061
390.0,43,G2,1109.947509765625,0.2564612925052643,2678.401540330665
390.0,59,B3,1109.947509765625,0.2564612925052643,2678.401540330665
390.0,62,D4,1109.947509765625,0.2564612925052643,2678.401540330665
390.0,67,G4,1109.947509765625,0.2564612925052643,2678.401540330665
390.0,59,B3,1109.947509765625,0.2564612925052643,2678.401540330665
390.0,62,D4,1109.947509765625,0.2564612925052643,2678.401540330665
390.0,67,G4,1109.947509765625,0.2564612925052643,2678.401540330665
390.0,59,B3,1109.947509765625,0.2564612925052643,2678.401540330665
390.0,36,C2,1109.947509765625,0.2564612925052643,2678.401540330665
390.0,62,D4,1109.947509765625,0.2564612925052643,2678.401540330665
390.0,55,G3,1109.947509765625,0.2564612925052643,2678.401540330665
390.0,43,G2,1109.947509765625,0.2564612925052643,2678.401540330665
390.0,38,D2,1109.947509765625,0.2564612925052643,2678.401540330665
390.0,43,G2,1109.947509765625,0.2564612925052643,2678.401540330665
390.0,47,B2,1109.947509765625,0.2564612925052643,2678.401540330665
390.375,43,G2,1117.5107421875,0.27578461170196533,2229.1991668736355
390.375,43,G2,1117.5107421875,0.27578461170196533,2229.1991668736355
390.75,43,G2,831.0747680664062,0.25855016708374023,2592.8856420064053
390.75,59,B3,831.0747680664062,0.25855016708374023,2592.8856420064053
390.75,38,D2,831.0747680664062,0.25855016708374023,2592.8856420064053
390.75,43,G2,831.0747680664062,0.25855016708374023,2592.8856420064053
391.125,43,G2,1111.833251953125,0.34185177087783813,1549.969793772466
391.125,43,G2,1111.833251953125,0.34185177087783813,1549.969793772466
391.5,43,G2,1166.54345703125,0.223955899477005,2368.96034549528
391.5,55,G3,1166.54345703125,0.223955899477005,2368.96034549528
391.5,38,D2,1166.54345703125,0.223955899477005,2368.96034549528
391.5,59,B3,1166.54345703125,0.223955899477005,2368.96034549528
391.5,43,G2,1166.54345703125,0.223955899477005,2368.96034549528
391.875,43,G2,1019.3038330078125,0.3313736021518707,1218.602396585446
391.875,57,A3,1019.3038330078125,0.3313736021518707,1218.602396585446
391.875,36,C2,1019.3038330078125,0.3313736021518707,1218.602396585446
391.875,43,G2,1019.3038330078125,0.3313736021518707,1218.602396585446
392.25,43,G2,932.9662475585938,0.303715318441391,2776.358470031863
392.25,59,B3,932.9662475585938,0.303715318441391,2776.358470031863
392.25,36,C2,932.9662475585938,0.303715318441391,2776.358470031863
392.25,59,B3,932.9662475585938,0.303715318441391,2776.358470031863
392.25,43,G2,932.9662475585938,0.303715318441391,2776.358470031863
392.4375,36,C2,863.0465087890625,0.3201718032360077,2817.694494832324
392.625,43,G2,862.3270874023438,0.28962934017181396,2727.242767646291
392.625,60,C4,862.3270874023438,0.28962934017181396,2727.242767646291
392.625,36,C2,862.3270874023438,0.28962934017181396,2727.242767646291
392.625,43,G2,862.3270874023438,0.28962934017181396,2727.242767646291
393.0,36,C2,992.8348388671875,0.2746013104915619,2907.8371037541697
393.0,55,G3,992.8348388671875,0.2746013104915619,2907.8371037541697
393.0,64,E4,992.8348388671875,0.2746013104915619,2907.8371037541697
393.0,60,C4,992.8348388671875,0.2746013104915619,2907.8371037541697
393.0,48,C3,992.8348388671875,0.2746013104915619,2907.8371037541697
393.0,60,C4,992.8348388671875,0.2746013104915619,2907.8371037541697
393.0,64,E4,992.8348388671875,0.2746013104915619,2907.8371037541697
393.0,67,G4,992.8348388671875,0.2746013104915619,2907.8371037541697
393.0,36,C2,992.8348388671875,0.2746013104915619,2907.8371037541697
393.0,38,D2,992.8348388671875,0.2746013104915619,2907.8371037541697
393.0,59,B3,992.8348388671875,0.2746013104915619,2907.8371037541697
393.0,57,A3,992.8348388671875,0.2746013104915619,2907.8371037541697
393.0,55,G3,992.8348388671875,0.2746013104915619,2907.8371037541697
393.0,60,C4,992.8348388671875,0.2746013104915619,2907.8371037541697
393.0,64,E4,992.8348388671875,0.2746013104915619,2907.8371037541697
393.0,48,C3,992.8348388671875,0.2746013104915619,2907.8371037541697
393.0,48,C3,992.8348388671875,0.2746013104915619,2907.8371037541697
393.0,43,G2,992.8348388671875,0.2746013104915619,2907.8371037541697
393.0,40,E2,992.8348388671875,0.2746013104915619,2907.8371037541697
396.0,60,C4,1041.764404296875,0.26977309584617615,2201.048099896995
396.0,55,G3,1041.764404296875,0.26977309584617615,2201.048099896995
396.0,36,C2,1041.764404296875,0.26977309584617615,2201.048099896995
396.0,48,C3,1041.764404296875,0.26977309584617615,2201.048099896995
396.0,48,C3,1041.764404296875,0.26977309584617615,2201.048099896995
396.75,60,C4,1111.791015625,0.30578920245170593,2812.614367742407
396.75,55,G3,1111.791015625,0.30578920245170593,2812.614367742407
396.75,36,C2,1111.791015625,0.30578920245170593,2812.614367742407
396.75,48,C3,1111.791015625,0.30578920245170593,2812.614367742407
396.75,48,C3,1111.791015625,0.30578920245170593,2812.614367742407
397.5,55,G3,733.40771484375,0.3975098133087158,1734.1985440185601
397.5,58,A#3,733.40771484375,0.3975098133087158,1734.1985440185601
397.5,36,C2,733.40771484375,0.3975098133087158,1734.1985440185601
397.5,48,C3,733.40771484375,0.3975098133087158,1734.1985440185601
397.5,46,A#2,733.40771484375,0.3975098133087158,1734.1985440185601
397.6875,55,G3,1110.24169921875,0.3820030987262726,1519.6121326412606
397.6875,60,C4,1110.24169921875,0.3820030987262726,1519.6121326412606
397.6875,48,C3,1110.24169921875,0.3820030987262726,1519.6121326412606
398.0625,55,G3,1042.634765625,0.35025346279144287,2003.9121670689774
398.0625,60,C4,1042.634765625,0.35025346279144287,2003.9121670689774
398.0625,48,C3,1042.634765625,0.35025346279144287,2003.9121670689774
398.25,48,C3,987.7955322265625,0.29477864503860474,2580.852336098826
398.25,36,C2,987.7955322265625,0.29477864503860474,2580.852336098826
398.25,60,C4,987.7955322265625,0.29477864503860474,2580.852336098826
398.25,67,G4,987.7955322265625,0.29477864503860474,2580.852336098826
398.625,40,E2,827.9895629882812,0.28628093004226685,2204.800084666144
398.8125,40,E2,1040.931396484375,0.27967169880867004,3113.460038873026
399.0,44,G#2,1155.4324951171875,0.2495558112859726,2272.4762693894645
399.0,63,D#4,1155.4324951171875,0.2495558112859726,2272.4762693894645
399.0,60,C4,1155.4324951171875,0.2495558112859726,2272.4762693894645
399.0,32,G#1,1155.4324951171875,0.2495558112859726,2272.4762693894645
399.0,56,G#3,1155.4324951171875,0.2495558112859726,2272.4762693894645
399.0,63,D#4,1155.4324951171875,0.2495558112859726,2272.4762693894645
399.0,40,E2,1155.4324951171875,0.2495558112859726,2272.4762693894645
399.0,44,G#2,1155.4324951171875,0.2495558112859726,2272.4762693894645
399.375,56,G#3,827.52490234375,0.2005750834941864,1856.3419367291551
399.375,63,D#4,827.52490234375,0.2005750834941864,1856.3419367291551
399.375,40,E2,827.52490234375,0.2005750834941864,1856.3419367291551
399.75,44,G#2,1041.7509765625,0.14113172888755798,3476.3324504969596
399.75,63,D#4,1041.7509765625,0.14113172888755798,3476.3324504969596
399.75,60,C4,1041.7509765625,0.14113172888755798,3476.3324504969596
399.75,32,G#1,1041.7509765625,0.14113172888755798,3476.3324504969596
399.75,56,G#3,1041.7509765625,0.14113172888755798,3476.3324504969596
399.75,63,D#4,1041.7509765625,0.14113172888755798,3476.3324504969596
399.75,40,E2,1041.7509765625,0.14113172888755798,3476.3324504969596
399.75,44,G#2,1041.7509765625,0.14113172888755798,3476.3324504969596
400.125,40,E2,414.63494873046875,0.3132492005825043,2230.64891430663
400.3125,40,E2,989.7534790039062,0.30627354979515076,2772.2070535309654
400.5,58,A#3,1041.0615234375,0.2686976194381714,2299.3241715087615
400.5,62,D4,1041.0615234375,0.2686976194381714,2299.3241715087615
400.5,46,A#2,1041.0615234375,0.2686976194381714,2299.3241715087615
400.5,34,A#1,1041.0615234375,0.2686976194381714,2299.3241715087615
400.5,58,A#3,1041.0615234375,0.2686976194381714,2299.3241715087615
400.5,65,F4,1041.0615234375,0.2686976194381714,2299.3241715087615
400.5,36,C2,1041.0615234375,0.2686976194381714,2299.3241715087615
400.5,46,A#2,1041.0615234375,0.2686976194381714,2299.3241715087615
400.6875,58,A#3,827.6763916015625,0.3219439685344696,1742.5197681053096
400.6875,62,D4,827.6763916015625,0.3219439685344696,1742.5197681053096
400.6875,40,E2,827.6763916015625,0.3219439685344696,1742.5197681053096
400.6875,46,A#2,827.6763916015625,0.3219439685344696,1742.5197681053096
400.875,58,A#3,658.1213989257812,0.32736262679100037,1846.3159012069368
400.875,62,D4,658.1213989257812,0.32736262679100037,1846.3159012069368
400.875,65,F4,658.1213989257812,0.32736262679100037,1846.3159012069368
400.875,58,A#3,658.1213989257812,0.32736262679100037,1846.3159012069368
400.875,40,E2,658.1213989257812,0.32736262679100037,1846.3159012069368
400.875,46,A#2,658.1213989257812,0.32736262679100037,1846.3159012069368
401.0625,63,D#4,1164.0633544921875,0.3126310408115387,2602.9880135802223
401.0625,58,A#3,1164.0633544921875,0.3126310408115387,2602.9880135802223
401.0625,36,C2,1164.0633544921875,0.3126310408115387,2602.9880135802223
401.0625,46,A#2,1164.0633544921875,0.3126310408115387,2602.9880135802223
401.25,46,A#2,1109.348388671875,0.3225553631782532,2650.4287664227254
401.25,34,A#1,1109.348388671875,0.3225553631782532,2650.4287664227254
401.25,58,A#3,1109.348388671875,0.3225553631782532,2650.4287664227254
401.25,65,F4,1109.348388671875,0.3225553631782532,2650.4287664227254
401.25,40,E2,1109.348388671875,0.3225553631782532,2650.4287664227254
401.4375,62,D4,1115.7147216796875,0.3005097508430481,2602.976614732059
401.4375,58,A#3,1115.7147216796875,0.3005097508430481,2602.976614732059
401.4375,46,A#2,1115.7147216796875,0.3005097508430481,2602.976614732059
401.625,40,E2,1019.2263793945312,0.2642471194267273,2954.1506958916525
401.8125,40,E2,1110.47802734375,0.25818222761154175,3078.15832365209
402.0,60,C4,830.274658203125,0.2516971528530121,2140.5696064620515
402.0,55,G3,830.274658203125,0.2516971528530121,2140.5696064620515
402.0,36,C2,830.274658203125,0.2516971528530121,2140.5696064620515
402.0,48,C3,830.274658203125,0.2516971528530121,2140.5696064620515
402.0,60,C4,830.274658203125,0.2516971528530121,2140.5696064620515
402.0,67,G4,830.274658203125,0.2516971528530121,2140.5696064620515
402.0,40,E2,830.274658203125,0.2516971528530121,2140.5696064620515
402.0,48,C3,830.274658203125,0.2516971528530121,2140.5696064620515
402.375,40,E2,1171.597412109375,0.27691054344177246,2487.1303020423748
402.75,60,C4,1110.4295654296875,0.23455943167209625,3226.9515908837284
402.75,55,G3,1110.4295654296875,0.23455943167209625,3226.9515908837284
402.75,36,C2,1110.4295654296875,0.23455943167209625,3226.9515908837284
402.75,48,C3,1110.4295654296875,0.23455943167209625,3226.9515908837284
402.75,40,E2,1110.4295654296875,0.23455943167209625,3226.9515908837284
402.75,48,C3,1110.4295654296875,0.23455943167209625,3226.9515908837284
403.125,40,E2,1117.693359375,0.24442031979560852,2953.8589509486287
403.3125,40,E2,1107.7635498046875,0.3692552149295807,2072.366661263236
403.5,55,G3,1111.8983154296875,0.2956361174583435,1938.5041589822656
403.5,58,A#3,1111.8983154296875,0.2956361174583435,1938.5041589822656
403.5,36,C2,1111.8983154296875,0.2956361174583435,1938.5041589822656
403.5,48,C3,1111.8983154296875,0.2956361174583435,1938.5041589822656
403.5,36,C2,1111.8983154296875,0.2956361174583435,1938.5041589822656
403.5,46,A#2,1111.8983154296875,0.2956361174583435,1938.5041589822656
403.6875,55,G3,1169.2637939453125,0.17848065495491028,1851.0656324225483
403.6875,60,C4,1169.2637939453125,0.17848065495491028,1851.0656324225483
403.6875,40,E2,1169.2637939453125,0.17848065495491028,1851.0656324225483
403.6875,48,C3,1169.2637939453125,0.17848065495491028,1851.0656324225483
403.78125,40,E2,1099.5009765625,0.14764165878295898,1955.5401100331492
403.875,40,E2,989.254150390625,0.36753854155540466,2006.2413636808474
403.96875,40,E2,985.6908569335938,0.3486248850822449,2399.8299954261947
404.0625,60,C4,988.9104614257812,0.3259745240211487,2485.516574626482
404.0625,55,G3,988.9104614257812,0.3259745240211487,2485.516574626482
404.0625,36,C2,988.9104614257812,0.3259745240211487,2485.516574626482
404.0625,48,C3,988.9104614257812,0.3259745240211487,2485.516574626482
404.25,48,C3,990.323486328125,0.32437533140182495,2561.209825398439
404.25,36,C2,990.323486328125,0.32437533140182495,2561.209825398439
404.25,67,G4,990.323486328125,0.32437533140182495,2561.209825398439
404.25,60,C4,990.323486328125,0.32437533140182495,2561.209825398439
404.25,40,E2,990.323486328125,0.32437533140182495,2561.209825398439
404.625,40,E2,933.8289184570312,0.31782978773117065,3101.6205236212363
404.8125,40,E2,984.4928588867188,0.2757682800292969,2498.8728724399616
405.0,44,G#2,976.1697387695312,0.2521463930606842,2264.304732141338
405.0,63,D#4,976.1697387695312,0.2521463930606842,2264.304732141338
405.0,60,C4,976.1697387695312,0.2521463930606842,2264.304732141338
405.0,32,G#1,976.1697387695312,0.2521463930606842,2264.304732141338
405.0,56,G#3,976.1697387695312,0.2521463930606842,2264.304732141338
405.0,63,D#4,976.1697387695312,0.2521463930606842,2264.304732141338
405.0,40,E2,976.1697387695312,0.2521463930606842,2264.304732141338
405.0,44,G#2,976.1697387695312,0.2521463930606842,2264.304732141338
405.375,56,G#3,1109.369140625,0.329776406288147,2003.1534001014252
405.375,63,D#4,1109.369140625,0.329776406288147,2003.1534001014252
405.375,40,E2,1109.369140625,0.329776406288147,2003.1534001014252
405.75,44,G#2,699.1295166015625,0.2834951877593994,2757.8536523913426
405.75,63,D#4,699.1295166015625,0.2834951877593994,2757.8536523913426
405.75,60,C4,699.1295166015625,0.2834951877593994,2757.8536523913426
405.75,32,G#1,699.1295166015625,0.2834951877593994,2757.8536523913426
405.75,56,G#3,699.1295166015625,0.2834951877593994,2757.8536523913426
405.75,63,D#4,699.1295166015625,0.2834951877593994,2757.8536523913426
405.75,40,E2,699.1295166015625,0.2834951877593994,2757.8536523913426
405.75,44,G#2,699.1295166015625,0.2834951877593994,2757.8536523913426
406.125,40,E2,1108.9476318359375,0.2895938456058502,3379.900625428553
406.21875,40,E2,1108.920654296875,0.25016874074935913,2990.638682999298
406.3125,40,E2,1165.2332763671875,0.24089893698692322,2595.8242017972343
406.40625,40,E2,1110.9254150390625,0.22686904668807983,2307.7634957767555
406.5,58,A#3,813.6823120117188,0.22596117854118347,2161.3507009476043
406.5,62,D4,813.6823120117188,0.22596117854118347,2161.3507009476043
406.5,46,A#2,813.6823120117188,0.22596117854118347,2161.3507009476043
406.5,34,A#1,813.6823120117188,0.22596117854118347,2161.3507009476043
406.5,58,A#3,813.6823120117188,0.22596117854118347,2161.3507009476043
406.5,65,F4,813.6823120117188,0.22596117854118347,2161.3507009476043
406.5,36,C2,813.6823120117188,0.22596117854118347,2161.3507009476043
406.5,46,A#2,813.6823120117188,0.22596117854118347,2161.3507009476043
406.6875,58,A#3,1169.9141845703125,0.2190590798854828,1958.917540999766
406.6875,62,D4,1169.9141845703125,0.2190590798854828,1958.917540999766
406.6875,40,E2,1169.9141845703125,0.2190590798854828,1958.917540999766
406.6875,46,A#2,1169.9141845703125,0.2190590798854828,1958.917540999766
406.78125,40,E2,1164.1973876953125,0.26027485728263855,1899.2760121960164
406.875,58,A#3,1042.2987060546875,0.3329123556613922,2234.0551718387655
406.875,62,D4,1042.2987060546875,0.3329123556613922,2234.0551718387655
406.875,65,F4,1042.2987060546875,0.3329123556613922,2234.0551718387655
406.875,58,A#3,1042.2987060546875,0.3329123556613922,2234.0551718387655
406.875,40,E2,1042.2987060546875,0.3329123556613922,2234.0551718387655
406.875,46,A#2,1042.2987060546875,0.3329123556613922,2234.0551718387655
406.96875,40,E2,989.7678833007812,0.29594963788986206,2720.864650385972
407.0625,63,D#4,985.3108520507812,0.2931622564792633,3104.602708082297
407.0625,58,A#3,985.3108520507812,0.2931622564792633,3104.602708082297
407.0625,36,C2,985.3108520507812,0.2931622564792633,3104.602708082297
407.0625,46,A#2,985.3108520507812,0.2931622564792633,3104.602708082297
407.25,46,A#2,1040.222900390625,0.30862516164779663,3236.327424232069
407.25,34,A#1,1040.222900390625,0.30862516164779663,3236.327424232069
407.25,58,A#3,1040.222900390625,0.30862516164779663,3236.327424232069
407.25,65,F4,1040.222900390625,0.30862516164779663,3236.327424232069
407.25,40,E2,1040.222900390625,0.30862516164779663,3236.327424232069
407.4375,62,D4,826.0255737304688,0.2739069163799286,2564.3984985172356
407.4375,58,A#3,826.0255737304688,0.2739069163799286,2564.3984985172356
407.4375,46,A#2,826.0255737304688,0.2739069163799286,2564.3984985172356
407.625,40,E2,1044.612060546875,0.2439534217119217,3112.2315065192474
407.8125,40,E2,824.11083984375,0.26518434286117554,2423.828059976037
408.0,60,C4,1041.1435546875,0.21631374955177307,2248.6104507199825
408.0,55,G3,1041.1435546875,0.21631374955177307,2248.6104507199825
408.0,36,C2,1041.1435546875,0.21631374955177307,2248.6104507199825
408.0,48,C3,1041.1435546875,0.21631374955177307,2248.6104507199825
408.0,60,C4,1041.1435546875,0.21631374955177307,2248.6104507199825
408.0,67,G4,1041.1435546875,0.21631374955177307,2248.6104507199825
408.0,40,E2,1041.1435546875,0.21631374955177307,2248.6104507199825
408.0,48,C3,1041.1435546875,0.21631374955177307,2248.6104507199825
408.375,40,E2,1110.5120849609375,0.333922803401947,2648.607015524154
408.75,60,C4,1109.801025390625,0.2649349570274353,2565.7265250485334
408.75,55,G3,1109.801025390625,0.2649349570274353,2565.7265250485334
408.75,36,C2,1109.801025390625,0.2649349570274353,2565.7265250485334
408.75,48,C3,1109.801025390625,0.2649349570274353,2565.7265250485334
408.75,40,E2,1109.801025390625,0.2649349570274353,2565.7265250485334
408.75,48,C3,1109.801025390625,0.2649349570274353,2565.7265250485334
408.9375,40,E2,1114.622314453125,0.23653647303581238,2515.623243597295
409.125,40,E2,1109.9552001953125,0.3732444941997528,1786.6158656069495
409.21875,40,E2,1110.559814453125,0.3912219703197479,2061.985055763257
409.3125,40,E2,1109.132568359375,0.3686176836490631,1581.090529710404
409.40625,40,E2,551.0333862304688,0.38191401958465576,1677.6814902733884
409.5,55,G3,1110.8883056640625,0.31194427609443665,1574.1959660446903
409.5,58,A#3,1110.8883056640625,0.31194427609443665,1574.1959660446903
409.5,36,C2,1110.8883056640625,0.31194427609443665,1574.1959660446903
409.5,48,C3,1110.8883056640625,0.31194427609443665,1574.1959660446903
409.5,36,C2,1110.8883056640625,0.31194427609443665,1574.1959660446903
409.5,46,A#2,1110.8883056640625,0.31194427609443665,1574.1959660446903
409.6875,55,G3,1166.9105224609375,0.2010996788740158,1709.4407012490929
409.6875,60,C4,1166.9105224609375,0.2010996788740158,1709.4407012490929
409.6875,40,E2,1166.9105224609375,0.2010996788740158,1709.4407012490929
409.6875,48,C3,1166.9105224609375,0.2010996788740158,1709.4407012490929
409.78125,40,E2,463.8994445800781,0.3070589601993561,2063.9696705193064
409.875,40,E2,1040.5433349609375,0.33481141924858093,2104.1217550760853
409.96875,40,E2,1041.9403076171875,0.30213451385498047,2435.028517404786
410.0625,60,C4,990.2432861328125,0.30184468626976013,2715.1618837937
410.0625,55,G3,990.2432861328125,0.30184468626976013,2715.1618837937
410.0625,36,C2,990.2432861328125,0.30184468626976013,2715.1618837937
410.0625,48,C3,990.2432861328125,0.30184468626976013,2715.1618837937
410.25,48,C3,1043.17041015625,0.3159421980381012,2311.5860761789118
410.25,36,C2,1043.17041015625,0.3159421980381012,2311.5860761789118
410.25,67,G4,1043.17041015625,0.3159421980381012,2311.5860761789118
410.25,60,C4,1043.17041015625,0.3159421980381012,2311.5860761789118
410.25,40,E2,1043.17041015625,0.3159421980381012,2311.5860761789118
410.625,40,E2,1042.03564453125,0.29499849677085876,3221.4817505580945
410.8125,40,E2,1042.7586669921875,0.2457011193037033,2305.3662821975972
411.0,44,G#2,1041.364013671875,0.2381933480501175,2071.2236997045384
411.0,63,D#4,1041.364013671875,0.2381933480501175,2071.2236997045384
411.0,60,C4,1041.364013671875,0.2381933480501175,2071.2236997045384
411.0,32,G#1,1041.364013671875,0.2381933480501175,2071.2236997045384
411.0,56,G#3,1041.364013671875,0.2381933480501175,2071.2236997045384
411.0,63,D#4,1041.364013671875,0.2381933480501175,2071.2236997045384
411.0,40,E2,1041.364013671875,0.2381933480501175,2071.2236997045384
411.0,44,G#2,1041.364013671875,0.2381933480501175,2071.2236997045384
411.375,56,G#3,1042.99951171875,0.35317039489746094,2096.58542233959
411.375,63,D#4,1042.99951171875,0.35317039489746094,2096.58542233959
411.375,40,E2,1042.99951171875,0.35317039489746094,2096.58542233959
411.75,44,G#2,829.2472534179688,0.32812952995300293,2559.7453427656274
411.75,63,D#4,829.2472534179688,0.32812952995300293,2559.7453427656274
411.75,60,C4,829.2472534179688,0.32812952995300293,2559.7453427656274
411.75,32,G#1,829.2472534179688,0.32812952995300293,2559.7453427656274
411.75,56,G#3,829.2472534179688,0.32812952995300293,2559.7453427656274
411.75,63,D#4,829.2472534179688,0.32812952995300293,2559.7453427656274
411.75,40,E2,829.2472534179688,0.32812952995300293,2559.7453427656274
411.75,44,G#2,829.2472534179688,0.32812952995300293,2559.7453427656274
411.9375,40,E2,827.1754150390625,0.3066954016685486,2441.379410232754
412.125,40,E2,1042.24609375,0.313693106174469,2998.3649984601952
412.21875,40,E2,990.3908081054688,0.29476091265678406,2772.1238577665395
412.3125,40,E2,1043.683837890625,0.2812105119228363,2325.542276740091
412.40625,40,E2,646.661376953125,0.28365612030029297,2265.272642401088
412.5,58,A#3,987.20654296875,0.2647913098335266,2014.2121438350346
412.5,62,D4,987.20654296875,0.2647913098335266,2014.2121438350346
412.5,46,A#2,987.20654296875,0.2647913098335266,2014.2121438350346
412.5,34,A#1,987.20654296875,0.2647913098335266,2014.2121438350346
412.5,58,A#3,987.20654296875,0.2647913098335266,2014.2121438350346
412.5,65,F4,987.20654296875,0.2647913098335266,2014.2121438350346
412.5,36,C2,987.20654296875,0.2647913098335266,2014.2121438350346
412.5,46,A#2,987.20654296875,0.2647913098335266,2014.2121438350346
412.6875,58,A#3,1043.9151611328125,0.24149879813194275,1862.3596933479494
412.6875,62,D4,1043.9151611328125,0.24149879813194275,1862.3596933479494
412.6875,40,E2,1043.9151611328125,0.24149879813194275,1862.3596933479494
412.6875,46,A#2,1043.9151611328125,0.24149879813194275,1862.3596933479494
412.78125,40,E2,1168.965576171875,0.31988534331321716,2266.4686933524717
412.875,58,A#3,1110.0050048828125,0.3482692241668701,2275.297007460229
412.875,62,D4,1110.0050048828125,0.3482692241668701,2275.297007460229
412.875,65,F4,1110.0050048828125,0.3482692241668701,2275.297007460229
412.875,58,A#3,1110.0050048828125,0.3482692241668701,2275.297007460229
412.875,40,E2,1110.0050048828125,0.3482692241668701,2275.297007460229
412.875,46,A#2,1110.0050048828125,0.3482692241668701,2275.297007460229
412.96875,40,E2,831.1192016601562,0.3217451274394989,2738.9671834189166
413.0625,63,D#4,1112.039306640625,0.29959407448768616,2938.356087559108
413.0625,58,A#3,1112.039306640625,0.29959407448768616,2938.356087559108
413.0625,36,C2,1112.039306640625,0.29959407448768616,2938.356087559108
413.0625,46,A#2,1112.039306640625,0.29959407448768616,2938.356087559108
413.25,46,A#2,1107.193603515625,0.2737255394458771,3081.0239910528626
413.25,34,A#1,1107.193603515625,0.2737255394458771,3081.0239910528626
413.25,58,A#3,1107.193603515625,0.2737255394458771,3081.0239910528626
413.25,65,F4,1107.193603515625,0.2737255394458771,3081.0239910528626
413.25,40,E2,1107.193603515625,0.2737255394458771,3081.0239910528626
413.4375,62,D4,1019.8715209960938,0.25702348351478577,2547.292106672432
413.4375,58,A#3,1019.8715209960938,0.25702348351478577,2547.292106672432
413.4375,46,A#2,1019.8715209960938,0.25702348351478577,2547.292106672432
413.625,40,E2,1112.2481689453125,0.25237417221069336,2845.284803698273
413.8125,40,E2,1111.893310546875,0.2797310948371887,2103.222724014485
414.0,60,C4,1107.7183837890625,0.20673350989818573,2148.8770952343184
414.0,55,G3,1107.7183837890625,0.20673350989818573,2148.8770952343184
414.0,36,C2,1107.7183837890625,0.20673350989818573,2148.8770952343184
414.0,48,C3,1107.7183837890625,0.20673350989818573,2148.8770952343184
414.0,60,C4,1107.7183837890625,0.20673350989818573,2148.8770952343184
414.0,67,G4,1107.7183837890625,0.20673350989818573,2148.8770952343184
414.0,40,E2,1107.7183837890625,0.20673350989818573,2148.8770952343184
414.0,48,C3,1107.7183837890625,0.20673350989818573,2148.8770952343184
414.375,40,E2,1109.3929443359375,0.3442435562610626,2536.894025865371
414.75,60,C4,1110.4373779296875,0.3746444582939148,2124.6632135934506
414.75,55,G3,1110.4373779296875,0.3746444582939148,2124.6632135934506
414.75,36,C2,1110.4373779296875,0.3746444582939148,2124.6632135934506
414.75,48,C3,1110.4373779296875,0.3746444582939148,2124.6632135934506
414.75,40,E2,1110.4373779296875,0.3746444582939148,2124.6632135934506
414.75,48,C3,1110.4373779296875,0.3746444582939148,2124.6632135934506
414.9375,40,E2,737.7267456054688,0.2762645184993744,2229.5273070027943
415.125,40,E2,1109.00927734375,0.38905707001686096,1640.1470668452907
415.21875,40,E2,1105.279052734375,0.39033904671669006,1514.222362209313
415.3125,40,E2,368.79205322265625,0.4053974449634552,1451.089237651606
415.40625,40,E2,1107.7410888671875,0.3535507917404175,1396.1119395652472
415.5,55,G3,1017.7136840820312,0.3591945171356201,1316.2148094894735
415.5,58,A#3,1017.7136840820312,0.3591945171356201,1316.2148094894735
415.5,36,C2,1017.7136840820312,0.3591945171356201,1316.2148094894735
415.5,48,C3,1017.7136840820312,0.3591945171356201,1316.2148094894735
415.5,36,C2,1017.7136840820312,0.3591945171356201,1316.2148094894735
415.5,46,A#2,1017.7136840820312,0.3591945171356201,1316.2148094894735
415.6875,55,G3,743.2014770507812,0.3251129388809204,1434.9714252940657
415.6875,60,C4,743.2014770507812,0.3251129388809204,1434.9714252940657
415.6875,40,E2,743.2014770507812,0.3251129388809204,1434.9714252940657
415.6875,48,C3,743.2014770507812,0.3251129388809204,1434.9714252940657
415.78125,40,E2,732.5786743164062,0.33487468957901,1441.1365440659727
415.875,40,E2,1108.3321533203125,0.3894772529602051,2969.773140620606
415.96875,40,E2,1112.5869140625,0.3370060920715332,3341.595302482223
416.0625,60,C4,987.7953491210938,0.3582238256931305,2974.498231881211
416.0625,55,G3,987.7953491210938,0.3582238256931305,2974.498231881211
416.0625,36,C2,987.7953491210938,0.3582238256931305,2974.498231881211
416.0625,48,C3,987.7953491210938,0.3582238256931305,2974.498231881211
416.25,48,C3,369.81768798828125,0.35920023918151855,2660.251881331482
416.25,36,C2,369.81768798828125,0.35920023918151855,2660.251881331482
416.25,67,G4,369.81768798828125,0.35920023918151855,2660.251881331482
416.25,60,C4,369.81768798828125,0.35920023918151855,2660.251881331482
416.25,40,E2,369.81768798828125,0.35920023918151855,2660.251881331482
416.625,40,E2,982.21875,0.2514285743236542,2131.9248736363684
416.8125,40,E2,983.22119140625,0.2096177190542221,1964.3243577694866
417.0,44,G#2,987.7896118164062,0.19940084218978882,1914.7348281508732
417.0,63,D#4,987.7896118164062,0.19940084218978882,1914.7348281508732
417.0,60,C4,987.7896118164062,0.19940084218978882,1914.7348281508732
417.0,32,G#1,987.7896118164062,0.19940084218978882,1914.7348281508732
417.0,56,G#3,987.7896118164062,0.19940084218978882,1914.7348281508732
417.0,63,D#4,987.7896118164062,0.19940084218978882,1914.7348281508732
417.0,40,E2,987.7896118164062,0.19940084218978882,1914.7348281508732
417.0,44,G#2,987.7896118164062,0.19940084218978882,1914.7348281508732
417.375,56,G#3,982.3551635742188,0.19221776723861694,2047.007759928939
417.375,63,D#4,982.3551635742188,0.19221776723861694,2047.007759928939
417.375,40,E2,982.3551635742188,0.19221776723861694,2047.007759928939
417.75,44,G#2,1102.0806884765625,0.16279993951320648,1729.0100293766204
417.75,63,D#4,1102.0806884765625,0.16279993951320648,1729.0100293766204
417.75,60,C4,1102.0806884765625,0.16279993951320648,1729.0100293766204
417.75,32,G#1,1102.0806884765625,0.16279993951320648,1729.0100293766204
417.75,56,G#3,1102.0806884765625,0.16279993951320648,1729.0100293766204
417.75,63,D#4,1102.0806884765625,0.16279993951320648,1729.0100293766204
417.75,40,E2,1102.0806884765625,0.16279993951320648,1729.0100293766204
417.75,44,G#2,1102.0806884765625,0.16279993951320648,1729.0100293766204
417.9375,40,E2,1107.7314453125,0.15169964730739594,1546.4273020734374
418.125,40,E2,1117.404296875,0.12432260811328888,1652.8760953495612
418.21875,40,E2,1110.9248046875,0.13624653220176697,1577.9884879783149
418.3125,40,E2,992.8990478515625,0.1423366665840149,1490.7101365628214
418.40625,40,E2,865.0822143554688,0.13216371834278107,1608.718735969469
418.5,58,A#3,1110.9449462890625,0.12605254352092743,1591.5792553760266
418.5,62,D4,1110.9449462890625,0.12605254352092743,1591.5792553760266
418.5,46,A#2,1110.9449462890625,0.12605254352092743,1591.5792553760266
418.5,34,A#1,1110.9449462890625,0.12605254352092743,1591.5792553760266
418.5,58,A#3,1110.9449462890625,0.12605254352092743,1591.5792553760266
418.5,65,F4,1110.9449462890625,0.12605254352092743,1591.5792553760266
418.5,36,C2,1110.9449462890625,0.12605254352092743,1591.5792553760266
418.5,46,A#2,1110.9449462890625,0.12605254352092743,1591.5792553760266
418.6875,58,A#3,1111.8031005859375,0.10461962223052979,1542.7237984771784
418.6875,62,D4,1111.8031005859375,0.10461962223052979,1542.7237984771784
418.6875,40,E2,1111.8031005859375,0.10461962223052979,1542.7237984771784
418.6875,46,A#2,1111.8031005859375,0.10461962223052979,1542.7237984771784
418.78125,40,E2,1107.9912109375,0.09446533769369125,1602.8823577410096
418.875,58,A#3,1108.3277587890625,0.08884907513856888,1575.9609639231733
418.875,62,D4,1108.3277587890625,0.08884907513856888,1575.9609639231733
418.875,65,F4,1108.3277587890625,0.08884907513856888,1575.9609639231733
418.875,58,A#3,1108.3277587890625,0.08884907513856888,1575.9609639231733
418.875,40,E2,1108.3277587890625,0.08884907513856888,1575.9609639231733
418.875,46,A#2,1108.3277587890625,0.08884907513856888,1575.9609639231733
418.96875,40,E2,1108.5048828125,0.09956737607717514,1570.5795550374937
419.0625,63,D#4,1102.41015625,0.08999630808830261,1584.9174690358655
419.0625,58,A#3,1102.41015625,0.08999630808830261,1584.9174690358655
419.0625,36,C2,1102.41015625,0.08999630808830261,1584.9174690358655
419.0625,46,A#2,1102.41015625,0.08999630808830261,1584.9174690358655
419.25,46,A#2,1110.982666015625,0.07727682590484619,1689.8815818099433
419.25,34,A#1,1110.982666015625,0.07727682590484619,1689.8815818099433
419.25,58,A#3,1110.982666015625,0.07727682590484619,1689.8815818099433
419.25,65,F4,1110.982666015625,0.07727682590484619,1689.8815818099433
419.25,40,E2,1110.982666015625,0.07727682590484619,1689.8815818099433
419.4375,62,D4,1013.9085083007812,0.08456296473741531,1642.563334740943
419.4375,58,A#3,1013.9085083007812,0.08456296473741531,1642.563334740943
419.4375,46,A#2,1013.9085083007812,0.08456296473741531,1642.563334740943
419.625,36,C2,984.166259765625,0.09590461105108261,1527.8477275110881
419.8125,36,C2,974.55859375,0.10607171058654785,1546.1166859174077
420.0,48,C3,985.865478515625,0.10725139826536179,1426.8586542891294
420.0,36,C2,985.865478515625,0.10725139826536179,1426.8586542891294
420.0,48,C3,985.865478515625,0.10725139826536179,1426.8586542891294
420.0,36,C2,985.865478515625,0.10725139826536179,1426.8586542891294
420.0,84,C6,985.865478515625,0.10725139826536179,1426.8586542891294
420.375,55,G3,979.5245361328125,0.08750185370445251,1368.6444877410477
420.375,60,C4,979.5245361328125,0.08750185370445251,1368.6444877410477
420.375,63,D#4,979.5245361328125,0.08750185370445251,1368.6444877410477
420.375,36,C2,979.5245361328125,0.08750185370445251,1368.6444877410477
420.375,48,C3,979.5245361328125,0.08750185370445251,1368.6444877410477
420.75,63,D#4,980.1459350585938,0.08183159679174423,1237.616571718927
420.75,60,C4,980.1459350585938,0.08183159679174423,1237.616571718927
420.75,55,G3,980.1459350585938,0.08183159679174423,1237.616571718927
420.75,38,D2,980.1459350585938,0.08183159679174423,1237.616571718927
420.75,48,C3,980.1459350585938,0.08183159679174423,1237.616571718927
421.5,43,G2,1109.7686767578125,0.06460446119308472,1152.657190235687
421.5,36,C2,1109.7686767578125,0.06460446119308472,1152.657190235687
421.5,43,G2,1109.7686767578125,0.06460446119308472,1152.657190235687
421.5,43,G2,1109.7686767578125,0.06460446119308472,1152.657190235687
421.5,83,B5,1109.7686767578125,0.06460446119308472,1152.657190235687
421.875,50,D3,981.0197143554688,0.04423132538795471,1666.878451518268
421.875,55,G3,981.0197143554688,0.04423132538795471,1666.878451518268
421.875,59,B3,981.0197143554688,0.04423132538795471,1666.878451518268
421.875,36,C2,981.0197143554688,0.04423132538795471,1666.878451518268
421.875,43,G2,981.0197143554688,0.04423132538795471,1666.878451518268
422.25,50,D3,1110.8350830078125,0.034419916570186615,1479.3631412841637
422.25,55,G3,1110.8350830078125,0.034419916570186615,1479.3631412841637
422.25,59,B3,1110.8350830078125,0.034419916570186615,1479.3631412841637
422.25,38,D2,1110.8350830078125,0.034419916570186615,1479.3631412841637
422.25,43,G2,1110.8350830078125,0.034419916570186615,1479.3631412841637
422.625,84,C6,873.38671875,0.02449136972427368,1649.286576009734
423.0,41,F2,1109.596435546875,0.02371128462255001,1965.4848344659079
423.0,36,C2,1109.596435546875,0.02371128462255001,1965.4848344659079
423.0,41,F2,1109.596435546875,0.02371128462255001,1965.4848344659079
423.0,41,F2,1109.596435546875,0.02371128462255001,1965.4848344659079
423.0,86,D6,1109.596435546875,0.02371128462255001,1965.4848344659079
423.375,48,C3,1111.40625,0.023043449968099594,1917.4128505703393
423.375,53,F3,1111.40625,0.023043449968099594,1917.4128505703393
423.375,57,A3,1111.40625,0.023043449968099594,1917.4128505703393
423.375,36,C2,1111.40625,0.023043449968099594,1917.4128505703393
423.375,41,F2,1111.40625,0.023043449968099594,1917.4128505703393
423.75,48,C3,1117.8853759765625,0.025830596685409546,1916.868147508045
423.75,53,F3,1117.8853759765625,0.025830596685409546,1916.868147508045
423.75,57,A3,1117.8853759765625,0.025830596685409546,1916.868147508045
423.75,38,D2,1117.8853759765625,0.025830596685409546,1916.868147508045
423.75,41,F2,1117.8853759765625,0.025830596685409546,1916.868147508045
423.75,84,C6,1117.8853759765625,0.025830596685409546,1916.868147508045
424.125,83,B5,1184.484130859375,0.04385339841246605,2266.9659031614515
424.5,39,D#2,1175.538330078125,0.04432442784309387,2360.14329009497
424.5,36,C2,1175.538330078125,0.04432442784309387,2360.14329009497
424.5,39,D#2,1175.538330078125,0.04432442784309387,2360.14329009497
424.5,39,D#2,1175.538330078125,0.04432442784309387,2360.14329009497
424.5,84,C6,1175.538330078125,0.04432442784309387,2360.14329009497
424.875,46,A#2,1176.4415283203125,0.05165914073586464,2014.2823065909806
424.875,51,D#3,1176.4415283203125,0.05165914073586464,2014.2823065909806
424.875,55,G3,1176.4415283203125,0.05165914073586464,2014.2823065909806
424.875,36,C2,1176.4415283203125,0.05165914073586464,2014.2823065909806
424.875,39,D#2,1176.4415283203125,0.05165914073586464,2014.2823065909806
424.875,79,G5,1176.4415283203125,0.05165914073586464,2014.2823065909806
425.25,46,A#2,1178.0177001953125,0.042666852474212646,2546.9180577651314
425.25,51,D#3,1178.0177001953125,0.042666852474212646,2546.9180577651314
425.25,55,G3,1178.0177001953125,0.042666852474212646,2546.9180577651314
425.25,38,D2,1178.0177001953125,0.042666852474212646,2546.9180577651314
425.25,39,D#2,1178.0177001953125,0.042666852474212646,2546.9180577651314
425.25,75,D#5,1178.0177001953125,0.042666852474212646,2546.9180577651314
425.625,79,G5,1177.8553466796875,0.055170781910419464,2111.2276821640385
426.0,44,G#2,1163.6495361328125,0.09030964225530624,2562.883235949371
426.0,36,C2,1163.6495361328125,0.09030964225530624,2562.883235949371
426.0,44,G#2,1163.6495361328125,0.09030964225530624,2562.883235949371
426.0,32,G#1,1163.6495361328125,0.09030964225530624,2562.883235949371
426.0,80,G#5,1163.6495361328125,0.09030964225530624,2562.883235949371
426.375,51,D#3,1176.021728515625,0.09435319900512695,1742.6250283779634
426.375,56,G#3,1176.021728515625,0.09435319900512695,1742.6250283779634
426.375,60,C4,1176.021728515625,0.09435319900512695,1742.6250283779634
426.375,36,C2,1176.021728515625,0.09435319900512695,1742.6250283779634
426.375,44,G#2,1176.021728515625,0.09435319900512695,1742.6250283779634
426.75,60,C4,1175.0115966796875,0.0888061448931694,1810.3218927922474
426.75,56,G#3,1175.0115966796875,0.0888061448931694,1810.3218927922474
426.75,51,D#3,1175.0115966796875,0.0888061448931694,1810.3218927922474
426.75,38,D2,1175.0115966796875,0.0888061448931694,1810.3218927922474
426.75,44,G#2,1175.0115966796875,0.0888061448931694,1810.3218927922474
427.125,79,G5,366.7361145019531,0.3508799374103546,1559.8506266664072
427.21875,80,G#5,859.4598388671875,0.39267516136169434,1769.9892883372818
427.3125,79,G5,554.8452758789062,0.31703105568885803,1642.433822758724
427.40625,77,F5,989.7442016601562,0.320751816034317,1583.1535139773173
427.5,46,A#2,862.970947265625,0.2910855710506439,1707.5019293076307
427.5,36,C2,862.970947265625,0.2910855710506439,1707.5019293076307
427.5,46,A#2,862.970947265625,0.2910855710506439,1707.5019293076307
427.5,34,A#1,862.970947265625,0.2910855710506439,1707.5019293076307
427.5,79,G5,862.970947265625,0.2910855710506439,1707.5019293076307
427.875,53,F3,367.1182556152344,0.3930431604385376,1987.9314508217162
427.875,62,D4,367.1182556152344,0.3930431604385376,1987.9314508217162
427.875,58,A#3,367.1182556152344,0.3930431604385376,1987.9314508217162
427.875,36,C2,367.1182556152344,0.3930431604385376,1987.9314508217162
427.875,46,A#2,367.1182556152344,0.3930431604385376,1987.9314508217162
428.25,53,F3,1104.922119140625,0.20967482030391693,1779.3144236747735
428.25,62,D4,1104.922119140625,0.20967482030391693,1779.3144236747735
428.25,58,A#3,1104.922119140625,0.20967482030391693,1779.3144236747735
428.25,38,D2,1104.922119140625,0.20967482030391693,1779.3144236747735
428.25,46,A#2,1104.922119140625,0.20967482030391693,1779.3144236747735
428.625,38,D2,1107.97607421875,0.24497771263122559,1548.9843839258601
428.625,77,F5,1107.97607421875,0.24497771263122559,1548.9843839258601
428.8125,38,D2,1106.0823974609375,0.19293510913848877,1724.0152110142853
428.8125,79,G5,1106.0823974609375,0.19293510913848877,1724.0152110142853
429.0,36,C2,1110.8643798828125,0.22797895967960358,1713.1705579896047
429.0,48,C3,1110.8643798828125,0.22797895967960358,1713.1705579896047
429.0,36,C2,1110.8643798828125,0.22797895967960358,1713.1705579896047
429.0,48,C3,1110.8643798828125,0.22797895967960358,1713.1705579896047
429.0,36,C2,1110.8643798828125,0.22797895967960358,1713.1705579896047
429.0,80,G#5,1110.8643798828125,0.22797895967960358,1713.1705579896047
429.09375,79,G5,988.1124267578125,0.2192467302083969,1481.9836012401033
429.1875,77,F5,864.0537109375,0.2918670177459717,2273.530516996292
429.28125,79,G5,1098.97216796875,0.22125381231307983,2082.6019847196185
429.375,58,A#3,1107.345458984375,0.20321044325828552,1752.724694938628
429.375,55,G3,1107.345458984375,0.20321044325828552,1752.724694938628
429.375,36,C2,1107.345458984375,0.20321044325828552,1752.724694938628
429.375,48,C3,1107.345458984375,0.20321044325828552,1752.724694938628
429.375,77,F5,1107.345458984375,0.20321044325828552,1752.724694938628
429.46875,79,G5,988.8556518554688,0.2016008049249649,1482.674804926438
429.5625,77,F5,1109.2171630859375,0.18339426815509796,1881.566907393833
429.65625,75,D#5,1109.042236328125,0.1777065396308899,1834.118871347921
429.75,60,C4,1103.746826171875,0.1558372676372528,2080.5892087836423
429.75,55,G3,1103.746826171875,0.1558372676372528,2080.5892087836423
429.75,36,C2,1103.746826171875,0.1558372676372528,2080.5892087836423
429.75,48,C3,1103.746826171875,0.1558372676372528,2080.5892087836423
429.75,38,D2,1103.746826171875,0.1558372676372528,2080.5892087836423
429.75,48,C3,1103.746826171875,0.1558372676372528,2080.5892087836423
429.75,79,G5,1103.746826171875,0.1558372676372528,2080.5892087836423
429.84375,77,F5,1175.6158447265625,0.2794838845729828,2199.19181314245
429.9375,36,C2,1175.86328125,0.3229067921638489,1753.5765636236122
429.9375,75,D#5,1175.86328125,0.3229067921638489,1753.5765636236122
430.03125,77,F5,1176.533447265625,0.31379637122154236,1271.171589807816
430.125,55,G3,1176.2557373046875,0.2689811587333679,1261.501793820568
430.125,58,A#3,1176.2557373046875,0.2689811587333679,1261.501793820568
430.125,75,D#5,1176.2557373046875,0.2689811587333679,1261.501793820568
430.21875,77,F5,991.4298706054688,0.30743226408958435,1821.6213264328317
430.3125,55,G3,987.1063232421875,0.32616618275642395,1265.6422662000064
430.3125,60,C4,987.1063232421875,0.32616618275642395,1265.6422662000064
430.3125,75,D#5,987.1063232421875,0.32616618275642395,1265.6422662000064
430.40625,74,D5,586.8176879882812,0.28369849920272827,1198.9053069022339
430.5,48,C3,1078.4779052734375,0.3232332766056061,1209.8015504019497
430.5,36,C2,1078.4779052734375,0.3232332766056061,1209.8015504019497
430.5,36,C2,1078.4779052734375,0.3232332766056061,1209.8015504019497
430.5,48,C3,1078.4779052734375,0.3232332766056061,1209.8015504019497
430.5,77,F5,1078.4779052734375,0.3232332766056061,1209.8015504019497
430.59375,79,G5,882.7386474609375,0.2613232135772705,2462.367359530664
430.6875,55,G3,685.6439819335938,0.2290370762348175,1380.4444201253598
430.6875,58,A#3,685.6439819335938,0.2290370762348175,1380.4444201253598
430.6875,77,F5,685.6439819335938,0.2290370762348175,1380.4444201253598
430.78125,75,D#5,367.6672668457031,0.19898806512355804,1167.934930168824
430.875,55,G3,1177.312255859375,0.2116190493106842,2000.3293401466444
430.875,60,C4,1177.312255859375,0.2116190493106842,2000.3293401466444
430.875,48,C3,1177.312255859375,0.2116190493106842,2000.3293401466444
430.875,74,D5,1177.312255859375,0.2116190493106842,2000.3293401466444
430.96875,77,F5,1177.8807373046875,0.20754402875900269,1574.3266482125607
431.0625,36,C2,1177.010986328125,0.16472859680652618,1491.8011838479092
431.0625,75,D#5,1177.010986328125,0.16472859680652618,1491.8011838479092
431.15625,74,D5,1177.61962890625,0.2408509999513626,1724.5048210235318
431.25,55,G3,1109.3468017578125,0.3099881410598755,2052.8566628692442
431.25,58,A#3,1109.3468017578125,0.3099881410598755,2052.8566628692442
431.25,48,C3,1109.3468017578125,0.3099881410598755,2052.8566628692442
431.25,36,C2,1109.3468017578125,0.3099881410598755,2052.8566628692442
431.25,38,D2,1109.3468017578125,0.3099881410598755,2052.8566628692442
431.25,48,C3,1109.3468017578125,0.3099881410598755,2052.8566628692442
431.25,74,D5,1109.3468017578125,0.3099881410598755,2052.8566628692442
431.34375,72,C5,1107.69677734375,0.2980071008205414,1671.9845187833669
431.4375,55,G3,1110.670654296875,0.32188165187835693,1950.5190833007564
431.4375,60,C4,1110.670654296875,0.32188165187835693,1950.5190833007564
431.4375,36,C2,1110.670654296875,0.32188165187835693,1950.5190833007564
431.4375,79,G5,1110.670654296875,0.32188165187835693,1950.5190833007564
431.53125,75,D#5,1107.919921875,0.3076809346675873,1589.178809629739
431.625,77,F5,1109.5606689453125,0.30127638578414917,1352.5963544879992
431.71875,74,D5,1177.4381103515625,0.29177936911582947,1601.8990560714801
431.8125,75,D#5,1174.9825439453125,0.281594842672348,1218.3493000341145
431.90625,72,C5,1175.82470703125,0.2916642725467682,2684.526616234654
432.0,36,C2,1175.5926513671875,0.22272682189941406,1863.2659852623633
432.0,48,C3,1175.5926513671875,0.22272682189941406,1863.2659852623633
432.0,36,C2,1175.5926513671875,0.22272682189941406,1863.2659852623633
432.0,48,C3,1175.5926513671875,0.22272682189941406,1863.2659852623633
432.0,36,C2,1175.5926513671875,0.22272682189941406,1863.2659852623633
432.0,74,D5,1175.5926513671875,0.22272682189941406,1863.2659852623633
432.09375,77,F5,1110.8310546875,0.22920246422290802,1589.1508958605414
432.1875,75,D#5,1109.47412109375,0.23202644288539886,1343.9507024563163
432.28125,74,D5,1107.31640625,0.24111683666706085,1341.9372569069692
432.375,58,A#3,1102.7454833984375,0.20879411697387695,1995.9245358937471
432.375,55,G3,1102.7454833984375,0.20879411697387695,1995.9245358937471
432.375,48,C3,1102.7454833984375,0.20879411697387695,1995.9245358937471
432.375,72,C5,1102.7454833984375,0.20879411697387695,1995.9245358937471
432.46875,74,D5,1105.5755615234375,0.20041576027870178,1845.976377960922
432.5625,75,D#5,876.1981811523438,0.38475653529167175,2150.2886563664033
432.65625,77,F5,879.4931030273438,0.3088877499103546,1694.171062313344
432.75,60,C4,988.9342651367188,0.34289512038230896,1516.5068083738847
432.75,55,G3,988.9342651367188,0.34289512038230896,1516.5068083738847
432.75,36,C2,988.9342651367188,0.34289512038230896,1516.5068083738847
432.75,48,C3,988.9342651367188,0.34289512038230896,1516.5068083738847
432.75,38,D2,988.9342651367188,0.34289512038230896,1516.5068083738847
432.75,48,C3,988.9342651367188,0.34289512038230896,1516.5068083738847
432.75,75,D#5,988.9342651367188,0.34289512038230896,1516.5068083738847
432.84375,74,D5,922.4700927734375,0.3216255009174347,1546.5302512209125
432.9375,70,A#4,1109.53369140625,0.3234010636806488,1719.7871721377544
433.03125,72,C5,859.4728393554688,0.3339737057685852,1527.9472705027706
433.125,55,G3,1100.51611328125,0.34434041380882263,1389.1557190014792
433.125,58,A#3,1100.51611328125,0.34434041380882263,1389.1557190014792
433.125,74,D5,1100.51611328125,0.34434041380882263,1389.1557190014792
433.21875,75,D#5,368.6893310546875,0.3869643807411194,2185.922181759652
433.3125,55,G3,860.8837280273438,0.33787888288497925,1683.747773956774
433.3125,60,C4,860.8837280273438,0.33787888288497925,1683.747773956774
433.3125,36,C2,860.8837280273438,0.33787888288497925,1683.747773956774
433.3125,74,D5,860.8837280273438,0.33787888288497925,1683.747773956774
433.40625,77,F5,1108.6683349609375,0.29147765040397644,1941.1068037437833
433.5,48,C3,988.2282104492188,0.29196101427078247,1739.245573746347
433.5,36,C2,988.2282104492188,0.29196101427078247,1739.245573746347
433.5,38,D2,988.2282104492188,0.29196101427078247,1739.245573746347
433.5,48,C3,988.2282104492188,0.29196101427078247,1739.245573746347
433.5,75,D#5,988.2282104492188,0.29196101427078247,1739.245573746347
433.6875,55,G3,1106.2119140625,0.277690589427948,1846.799116141505
433.6875,58,A#3,1106.2119140625,0.277690589427948,1846.799116141505
433.6875,75,D#5,1106.2119140625,0.277690589427948,1846.799116141505
433.875,55,G3,861.5858764648438,0.3466600179672241,1877.7409743283151
433.875,60,C4,861.5858764648438,0.3466600179672241,1877.7409743283151
433.875,38,D2,861.5858764648438,0.3466600179672241,1877.7409743283151
433.875,48,C3,861.5858764648438,0.3466600179672241,1877.7409743283151
433.875,72,C5,861.5858764648438,0.3466600179672241,1877.7409743283151
434.25,55,G3,1106.499755859375,0.24326016008853912,1968.6421940526493
434.25,58,A#3,1106.499755859375,0.24326016008853912,1968.6421940526493
434.25,48,C3,1106.499755859375,0.24326016008853912,1968.6421940526493
434.25,36,C2,1106.499755859375,0.24326016008853912,1968.6421940526493
434.25,36,C2,1106.499755859375,0.24326016008853912,1968.6421940526493
434.25,48,C3,1106.499755859375,0.24326016008853912,1968.6421940526493
434.25,74,D5,1106.499755859375,0.24326016008853912,1968.6421940526493
434.4375,55,G3,988.798828125,0.21955756843090057,1570.52322297507
434.4375,60,C4,988.798828125,0.21955756843090057,1570.52322297507
434.4375,36,C2,988.798828125,0.21955756843090057,1570.52322297507
434.4375,74,D5,988.798828125,0.21955756843090057,1570.52322297507
434.625,36,C2,1101.5377197265625,0.22971148788928986,2544.2117010719476
434.625,72,C5,1101.5377197265625,0.22971148788928986,2544.2117010719476
435.0,48,C3,1164.0411376953125,0.20567364990711212,1868.3051642752987
435.0,36,C2,1164.0411376953125,0.20567364990711212,1868.3051642752987
435.0,48,C3,1164.0411376953125,0.20567364990711212,1868.3051642752987
435.0,36,C2,1164.0411376953125,0.20567364990711212,1868.3051642752987
435.0,84,C6,1164.0411376953125,0.20567364990711212,1868.3051642752987
435.375,55,G3,587.1447143554688,0.285785973072052,1285.561629067202
435.375,60,C4,587.1447143554688,0.285785973072052,1285.561629067202
435.375,63,D#4,587.1447143554688,0.285785973072052,1285.561629067202
435.375,36,C2,587.1447143554688,0.285785973072052,1285.561629067202
435.375,48,C3,587.1447143554688,0.285785973072052,1285.561629067202
435.75,63,D#4,1176.2933349609375,0.28673744201660156,1054.3590480124067
435.75,60,C4,1176.2933349609375,0.28673744201660156,1054.3590480124067
435.75,55,G3,1176.2933349609375,0.28673744201660156,1054.3590480124067
435.75,38,D2,1176.2933349609375,0.28673744201660156,1054.3590480124067
435.75,48,C3,1176.2933349609375,0.28673744201660156,1054.3590480124067
436.5,43,G2,1175.076171875,0.253561407327652,2212.528282423995
436.5,36,C2,1175.076171875,0.253561407327652,2212.528282423995
436.5,43,G2,1175.076171875,0.253561407327652,2212.528282423995
436.5,43,G2,1175.076171875,0.253561407327652,2212.528282423995
436.5,83,B5,1175.076171875,0.253561407327652,2212.528282423995
436.875,50,D3,1109.360595703125,0.3262574374675751,1473.447891251788
436.875,55,G3,1109.360595703125,0.3262574374675751,1473.447891251788
436.875,59,B3,1109.360595703125,0.3262574374675751,1473.447891251788
436.875,36,C2,1109.360595703125,0.3262574374675751,1473.447891251788
436.875,43,G2,1109.360595703125,0.3262574374675751,1473.447891251788
437.25,50,D3,1173.9725341796875,0.3007182478904724,3059.034564379675
437.25,55,G3,1173.9725341796875,0.3007182478904724,3059.034564379675
437.25,59,B3,1173.9725341796875,0.3007182478904724,3059.034564379675
437.25,38,D2,1173.9725341796875,0.3007182478904724,3059.034564379675
437.25,43,G2,1173.9725341796875,0.3007182478904724,3059.034564379675
437.625,84,C6,1109.21484375,0.22781409323215485,1889.2313689707357
438.0,41,F2,1102.25244140625,0.3165989816188812,1781.4664513228377
438.0,36,C2,1102.25244140625,0.3165989816188812,1781.4664513228377
438.0,41,F2,1102.25244140625,0.3165989816188812,1781.4664513228377
438.0,41,F2,1102.25244140625,0.3165989816188812,1781.4664513228377
438.0,86,D6,1102.25244140625,0.3165989816188812,1781.4664513228377
438.375,48,C3,1103.4755859375,0.2846643924713135,1682.3777470486164
438.375,53,F3,1103.4755859375,0.2846643924713135,1682.3777470486164
438.375,57,A3,1103.4755859375,0.2846643924713135,1682.3777470486164
438.375,36,C2,1103.4755859375,0.2846643924713135,1682.3777470486164
438.375,41,F2,1103.4755859375,0.2846643924713135,1682.3777470486164
438.75,48,C3,1109.00244140625,0.34306466579437256,1805.8345804250189
438.75,53,F3,1109.00244140625,0.34306466579437256,1805.8345804250189
438.75,57,A3,1109.00244140625,0.34306466579437256,1805.8345804250189
438.75,38,D2,1109.00244140625,0.34306466579437256,1805.8345804250189
438.75,41,F2,1109.00244140625,0.34306466579437256,1805.8345804250189
438.75,84,C6,1109.00244140625,0.34306466579437256,1805.8345804250189
439.125,83,B5,1110.2454833984375,0.20591923594474792,1937.5047103096144
439.5,39,D#2,1106.6224365234375,0.17018269002437592,2510.188176862867
439.5,36,C2,1106.6224365234375,0.17018269002437592,2510.188176862867
439.5,39,D#2,1106.6224365234375,0.17018269002437592,2510.188176862867
439.5,39,D#2,1106.6224365234375,0.17018269002437592,2510.188176862867
439.5,84,C6,1106.6224365234375,0.17018269002437592,2510.188176862867
439.875,46,A#2,1106.0941162109375,0.3039666712284088,2013.3632656089799
439.875,51,D#3,1106.0941162109375,0.3039666712284088,2013.3632656089799
439.875,55,G3,1106.0941162109375,0.3039666712284088,2013.3632656089799
439.875,36,C2,1106.0941162109375,0.3039666712284088,2013.3632656089799
439.875,39,D#2,1106.0941162109375,0.3039666712284088,2013.3632656089799
439.875,79,G5,1106.0941162109375,0.3039666712284088,2013.3632656089799
440.25,46,A#2,1106.658203125,0.21413230895996094,2401.148968049162
440.25,51,D#3,1106.658203125,0.21413230895996094,2401.148968049162
440.25,55,G3,1106.658203125,0.21413230895996094,2401.148968049162
440.25,38,D2,1106.658203125,0.21413230895996094,2401.148968049162
440.25,39,D#2,1106.658203125,0.21413230895996094,2401.148968049162
440.25,75,D#5,1106.658203125,0.21413230895996094,2401.148968049162
440.625,79,G5,1180.8309326171875,0.3071557581424713,2817.8721692707213
441.0,44,G#2,982.7155151367188,0.34790316224098206,1839.5564054797865
441.0,36,C2,982.7155151367188,0.34790316224098206,1839.5564054797865
441.0,44,G#2,982.7155151367188,0.34790316224098206,1839.5564054797865
441.0,32,G#1,982.7155151367188,0.34790316224098206,1839.5564054797865
441.0,80,G#5,982.7155151367188,0.34790316224098206,1839.5564054797865
441.375,51,D#3,743.506591796875,0.32478097081184387,2361.894406389121
441.375,56,G#3,743.506591796875,0.32478097081184387,2361.894406389121
441.375,60,C4,743.506591796875,0.32478097081184387,2361.894406389121
441.375,36,C2,743.506591796875,0.32478097081184387,2361.894406389121
441.375,44,G#2,743.506591796875,0.32478097081184387,2361.894406389121
441.75,60,C4,1180.7996826171875,0.3086404800415039,3071.7262936317784
441.75,56,G#3,1180.7996826171875,0.3086404800415039,3071.7262936317784
441.75,51,D#3,1180.7996826171875,0.3086404800415039,3071.7262936317784
441.75,38,D2,1180.7996826171875,0.3086404800415039,3071.7262936317784
441.75,44,G#2,1180.7996826171875,0.3086404800415039,3071.7262936317784
442.125,79,G5,665.1261596679688,0.35974183678627014,2119.27385077654
442.21875,80,G#5,1154.0155029296875,0.3595506548881531,2893.2375016869737
442.3125,79,G5,558.6378784179688,0.359540730714798,2358.0653844041008
442.40625,77,F5,1108.8494873046875,0.348066508769989,2884.7341273076518
442.5,46,A#2,1107.8157958984375,0.3176553249359131,2625.29144645814
442.5,36,C2,1107.8157958984375,0.3176553249359131,2625.29144645814
442.5,46,A#2,1107.8157958984375,0.3176553249359131,2625.29144645814
442.5,34,A#1,1107.8157958984375,0.3176553249359131,2625.29144645814
442.5,79,G5,1107.8157958984375,0.3176553249359131,2625.29144645814
442.875,53,F3,764.6517333984375,0.3595881760120392,2582.098334596075
442.875,62,D4,764.6517333984375,0.3595881760120392,2582.098334596075
442.875,58,A#3,764.6517333984375,0.3595881760120392,2582.098334596075
442.875,36,C2,764.6517333984375,0.3595881760120392,2582.098334596075
442.875,46,A#2,764.6517333984375,0.3595881760120392,2582.098334596075
443.25,53,F3,986.9676513671875,0.41808125376701355,2618.720369552807
443.25,62,D4,986.9676513671875,0.41808125376701355,2618.720369552807
443.25,58,A#3,986.9676513671875,0.41808125376701355,2618.720369552807
443.25,38,D2,986.9676513671875,0.41808125376701355,2618.720369552807
443.25,46,A#2,986.9676513671875,0.41808125376701355,2618.720369552807
443.625,38,D2,985.0172119140625,0.39203980565071106,2452.476756414158
443.625,77,F5,985.0172119140625,0.39203980565071106,2452.476756414158
443.8125,38,D2,981.890625,0.36266741156578064,2439.1498043011875
443.8125,79,G5,981.890625,0.36266741156578064,2439.1498043011875
444.0,36,C2,981.0542602539062,0.35056358575820923,3523.6776340201623
444.0,48,C3,981.0542602539062,0.35056358575820923,3523.6776340201623
444.0,36,C2,981.0542602539062,0.35056358575820923,3523.6776340201623
444.0,48,C3,981.0542602539062,0.35056358575820923,3523.6776340201623
444.0,36,C2,981.0542602539062,0.35056358575820923,3523.6776340201623
444.0,80,G#5,981.0542602539062,0.35056358575820923,3523.6776340201623
444.0,36,C2,981.0542602539062,0.35056358575820923,3523.6776340201623
444.09375,79,G5,982.9132080078125,0.32179370522499084,3361.7752060550374
444.1875,77,F5,981.1598510742188,0.3130844235420227,3310.4796494617967
444.28125,79,G5,984.3084716796875,0.3073389530181885,3220.1412588260146
444.375,58,A#3,997.7576904296875,0.2965575158596039,2990.102124797576
444.375,55,G3,997.7576904296875,0.2965575158596039,2990.102124797576
444.375,36,C2,997.7576904296875,0.2965575158596039,2990.102124797576
444.375,48,C3,997.7576904296875,0.2965575158596039,2990.102124797576
444.375,77,F5,997.7576904296875,0.2965575158596039,2990.102124797576
444.375,51,D#3,997.7576904296875,0.2965575158596039,2990.102124797576
444.375,48,C3,997.7576904296875,0.2965575158596039,2990.102124797576
444.46875,79,G5,1009.3302612304688,0.2806229591369629,2819.5037393951666
444.5625,77,F5,1111.7547607421875,0.3536733090877533,2680.633130828647
444.65625,75,D#5,1164.6533203125,0.3253905177116394,2554.6397392504286
444.75,60,C4,1162.5968017578125,0.29202598333358765,2518.22617741798
444.75,55,G3,1162.5968017578125,0.29202598333358765,2518.22617741798
444.75,36,C2,1162.5968017578125,0.29202598333358765,2518.22617741798
444.75,48,C3,1162.5968017578125,0.29202598333358765,2518.22617741798
444.75,38,D2,1162.5968017578125,0.29202598333358765,2518.22617741798
444.75,48,C3,1162.5968017578125,0.29202598333358765,2518.22617741798
444.75,79,G5,1162.5968017578125,0.29202598333358765,2518.22617741798
444.75,51,D#3,1162.5968017578125,0.29202598333358765,2518.22617741798
444.75,36,C2,1162.5968017578125,0.29202598333358765,2518.22617741798
444.84375,77,F5,1019.6556396484375,0.2851051986217499,2546.743587063163
444.9375,36,C2,1106.91064453125,0.3370472192764282,2299.001331231326
444.9375,75,D#5,1106.91064453125,0.3370472192764282,2299.001331231326
445.03125,77,F5,958.8168334960938,0.31850776076316833,2293.798423526013
445.125,55,G3,938.4453125,0.3227728307247162,2180.1008579410172
445.125,58,A#3,938.4453125,0.3227728307247162,2180.1008579410172
445.125,75,D#5,938.4453125,0.3227728307247162,2180.1008579410172
445.125,48,C3,938.4453125,0.3227728307247162,2180.1008579410172
445.125,48,C3,938.4453125,0.3227728307247162,2180.1008579410172
445.21875,77,F5,1105.61572265625,0.33801209926605225,3172.6973621925217
445.3125,55,G3,1162.806884765625,0.3066699206829071,3277.110082433812
445.3125,60,C4,1162.806884765625,0.3066699206829071,3277.110082433812
445.3125,75,D#5,1162.806884765625,0.3066699206829071,3277.110082433812
445.3125,46,A#2,1162.806884765625,0.3066699206829071,3277.110082433812
445.40625,74,D5,1108.00341796875,0.26515087485313416,3347.8707931943627
445.5,48,C3,1165.2806396484375,0.24412018060684204,3258.5416469353004
445.5,36,C2,1165.2806396484375,0.24412018060684204,3258.5416469353004
445.5,36,C2,1165.2806396484375,0.24412018060684204,3258.5416469353004
445.5,48,C3,1165.2806396484375,0.24412018060684204,3258.5416469353004
445.5,77,F5,1165.2806396484375,0.24412018060684204,3258.5416469353004
445.5,36,C2,1165.2806396484375,0.24412018060684204,3258.5416469353004
445.59375,79,G5,1109.576171875,0.23861664533615112,3115.1338188446507
445.6875,55,G3,975.940185546875,0.2310509979724884,3010.405291875377
445.6875,58,A#3,975.940185546875,0.2310509979724884,3010.405291875377
445.6875,77,F5,975.940185546875,0.2310509979724884,3010.405291875377
445.78125,75,D#5,1168.2581787109375,0.20577652752399445,3078.974941481847
445.875,55,G3,1162.8822021484375,0.2999424934387207,2903.880828021329
445.875,60,C4,1162.8822021484375,0.2999424934387207,2903.880828021329
445.875,48,C3,1162.8822021484375,0.2999424934387207,2903.880828021329
445.875,74,D5,1162.8822021484375,0.2999424934387207,2903.880828021329
445.875,51,D#3,1162.8822021484375,0.2999424934387207,2903.880828021329
445.875,48,C3,1162.8822021484375,0.2999424934387207,2903.880828021329
445.96875,77,F5,1161.253173828125,0.3240939974784851,2479.308176282315
446.0625,36,C2,1062.8704833984375,0.30881965160369873,2387.5160448494644
446.0625,75,D#5,1062.8704833984375,0.30881965160369873,2387.5160448494644
446.0625,48,C3,1062.8704833984375,0.30881965160369873,2387.5160448494644
446.15625,74,D5,1072.56005859375,0.3577500283718109,2305.3279553933735
446.25,55,G3,1075.6468505859375,0.3764238953590393,2306.828892468786
446.25,58,A#3,1075.6468505859375,0.3764238953590393,2306.828892468786
446.25,48,C3,1075.6468505859375,0.3764238953590393,2306.828892468786
446.25,36,C2,1075.6468505859375,0.3764238953590393,2306.828892468786
446.25,38,D2,1075.6468505859375,0.3764238953590393,2306.828892468786
446.25,48,C3,1075.6468505859375,0.3764238953590393,2306.828892468786
446.25,74,D5,1075.6468505859375,0.3764238953590393,2306.828892468786
446.25,36,C2,1075.6468505859375,0.3764238953590393,2306.828892468786
446.34375,72,C5,1077.26953125,0.3654435873031616,2067.2161492783102
446.4375,55,G3,1085.248779296875,0.33836427330970764,2100.827898866708
446.4375,60,C4,1085.248779296875,0.33836427330970764,2100.827898866708
446.4375,36,C2,1085.248779296875,0.33836427330970764,2100.827898866708
446.4375,79,G5,1085.248779296875,0.33836427330970764,2100.827898866708
446.53125,75,D#5,1100.900146484375,0.35096150636672974,2345.7544347680087
446.625,77,F5,1035.89453125,0.34840404987335205,3150.148931175626
446.625,48,C3,1035.89453125,0.34840404987335205,3150.148931175626
446.71875,74,D5,1000.48095703125,0.3457109034061432,3303.291589264189
446.8125,75,D#5,991.3617553710938,0.3345259428024292,3171.880647249657
446.90625,72,C5,330.685302734375,0.3158785402774811,3199.5987554173225
447.0,36,C2,936.262939453125,0.26948341727256775,3137.5868851206087
447.0,48,C3,936.262939453125,0.26948341727256775,3137.5868851206087
447.0,36,C2,936.262939453125,0.26948341727256775,3137.5868851206087
447.0,48,C3,936.262939453125,0.26948341727256775,3137.5868851206087
447.0,36,C2,936.262939453125,0.26948341727256775,3137.5868851206087
447.0,74,D5,936.262939453125,0.26948341727256775,3137.5868851206087
447.0,36,C2,936.262939453125,0.26948341727256775,3137.5868851206087
447.09375,77,F5,1153.4490966796875,0.24469749629497528,3137.6064559511606
447.1875,75,D#5,1161.5242919921875,0.26746582984924316,2907.848179339081
447.28125,74,D5,1109.3372802734375,0.363764226436615,2522.6965247117887
447.375,58,A#3,995.673095703125,0.329293817281723,2561.2208567366556
447.375,55,G3,995.673095703125,0.329293817281723,2561.2208567366556
447.375,48,C3,995.673095703125,0.329293817281723,2561.2208567366556
447.375,72,C5,995.673095703125,0.329293817281723,2561.2208567366556
447.375,51,D#3,995.673095703125,0.329293817281723,2561.2208567366556
447.375,48,C3,995.673095703125,0.329293817281723,2561.2208567366556
447.46875,74,D5,1096.7882080078125,0.2990715205669403,2392.692432768221
447.5625,75,D#5,1100.1392822265625,0.37405553460121155,2409.203130802127
447.65625,77,F5,583.396484375,0.33363741636276245,2282.9223119722146
447.75,60,C4,740.309326171875,0.2928561568260193,2176.923143017888
447.75,55,G3,740.309326171875,0.2928561568260193,2176.923143017888
447.75,36,C2,740.309326171875,0.2928561568260193,2176.923143017888
447.75,48,C3,740.309326171875,0.2928561568260193,2176.923143017888
447.75,38,D2,740.309326171875,0.2928561568260193,2176.923143017888
447.75,48,C3,740.309326171875,0.2928561568260193,2176.923143017888
447.75,75,D#5,740.309326171875,0.2928561568260193,2176.923143017888
447.75,51,D#3,740.309326171875,0.2928561568260193,2176.923143017888
447.75,36,C2,740.309326171875,0.2928561568260193,2176.923143017888
447.84375,74,D5,873.1175537109375,0.28988972306251526,2098.589551982265
447.9375,70,A#4,1183.9781494140625,0.3628765940666199,3047.569780392919
448.03125,72,C5,1175.44873046875,0.3246803283691406,3103.275172342049
448.125,55,G3,1172.6002197265625,0.31875962018966675,3033.4975121260354
448.125,58,A#3,1172.6002197265625,0.31875962018966675,3033.4975121260354
448.125,74,D5,1172.6002197265625,0.31875962018966675,3033.4975121260354
448.125,48,C3,1172.6002197265625,0.31875962018966675,3033.4975121260354
448.125,48,C3,1172.6002197265625,0.31875962018966675,3033.4975121260354
448.21875,75,D#5,1170.3795166015625,0.2880823314189911,3014.9111811512253
448.3125,55,G3,1170.7103271484375,0.28649336099624634,2895.102542360016
448.3125,60,C4,1170.7103271484375,0.28649336099624634,2895.102542360016
448.3125,36,C2,1170.7103271484375,0.28649336099624634,2895.102542360016
448.3125,74,D5,1170.7103271484375,0.28649336099624634,2895.102542360016
448.3125,46,A#2,1170.7103271484375,0.28649336099624634,2895.102542360016
448.40625,77,F5,1173.0792236328125,0.2808725833892822,2821.8970755494615
448.5,48,C3,586.455322265625,0.2858698070049286,2684.4126821439513
448.5,36,C2,586.455322265625,0.2858698070049286,2684.4126821439513
448.5,38,D2,586.455322265625,0.2858698070049286,2684.4126821439513
448.5,48,C3,586.455322265625,0.2858698070049286,2684.4126821439513
448.5,79,G5,586.455322265625,0.2858698070049286,2684.4126821439513
448.5,36,C2,586.455322265625,0.2858698070049286,2684.4126821439513
448.6875,55,G3,881.8576049804688,0.3153264820575714,2636.992763189175
448.6875,58,A#3,881.8576049804688,0.3153264820575714,2636.992763189175
448.6875,75,D#5,881.8576049804688,0.3153264820575714,2636.992763189175
448.875,55,G3,1174.1968994140625,0.34244242310523987,2246.858077713073
448.875,60,C4,1174.1968994140625,0.34244242310523987,2246.858077713073
448.875,38,D2,1174.1968994140625,0.34244242310523987,2246.858077713073
448.875,48,C3,1174.1968994140625,0.34244242310523987,2246.858077713073
448.875,72,C5,1174.1968994140625,0.34244242310523987,2246.858077713073
448.875,51,D#3,1174.1968994140625,0.34244242310523987,2246.858077713073
448.875,48,C3,1174.1968994140625,0.34244242310523987,2246.858077713073
449.0625,48,C3,978.3046264648438,0.3038114309310913,2194.465909769828
449.25,55,G3,1177.9312744140625,0.3290432095527649,3234.859577746959
449.25,58,A#3,1177.9312744140625,0.3290432095527649,3234.859577746959
449.25,48,C3,1177.9312744140625,0.3290432095527649,3234.859577746959
449.25,36,C2,1177.9312744140625,0.3290432095527649,3234.859577746959
449.25,36,C2,1177.9312744140625,0.3290432095527649,3234.859577746959
449.25,48,C3,1177.9312744140625,0.3290432095527649,3234.859577746959
449.25,75,D#5,1177.9312744140625,0.3290432095527649,3234.859577746959
449.25,48,C3,1177.9312744140625,0.3290432095527649,3234.859577746959
449.25,36,C2,1177.9312744140625,0.3290432095527649,3234.859577746959
449.4375,55,G3,1175.3594970703125,0.24389781057834625,3580.857831877459
449.4375,60,C4,1175.3594970703125,0.24389781057834625,3580.857831877459
449.4375,36,C2,1175.3594970703125,0.24389781057834625,3580.857831877459
449.4375,74,D5,1175.3594970703125,0.24389781057834625,3580.857831877459
449.625,36,C2,1174.2569580078125,0.2302018105983734,3383.636769215484
449.625,72,C5,1174.2569580078125,0.2302018105983734,3383.636769215484
449.625,48,C3,1174.2569580078125,0.2302018105983734,3383.636769215484
450.0,48,C3,1110.4112548828125,0.3398765027523041,2766.5687519764147
450.0,36,C2,1110.4112548828125,0.3398765027523041,2766.5687519764147
450.0,48,C3,1110.4112548828125,0.3398765027523041,2766.5687519764147
450.0,36,C2,1110.4112548828125,0.3398765027523041,2766.5687519764147
450.0,84,C6,1110.4112548828125,0.3398765027523041,2766.5687519764147
450.0,36,C2,1110.4112548828125,0.3398765027523041,2766.5687519764147
450.375,55,G3,1108.6964111328125,0.3497140407562256,2297.6137460029668
450.375,60,C4,1108.6964111328125,0.3497140407562256,2297.6137460029668
450.375,63,D#4,1108.6964111328125,0.3497140407562256,2297.6137460029668
450.375,36,C2,1108.6964111328125,0.3497140407562256,2297.6137460029668
450.375,48,C3,1108.6964111328125,0.3497140407562256,2297.6137460029668
450.375,51,D#3,1108.6964111328125,0.3497140407562256,2297.6137460029668
450.375,48,C3,1108.6964111328125,0.3497140407562256,2297.6137460029668
450.5625,51,D#3,281.7415771484375,0.31824901700019836,2420.315034274145
450.75,63,D#4,1107.5704345703125,0.2945316731929779,3183.085913600895
450.75,60,C4,1107.5704345703125,0.2945316731929779,3183.085913600895
450.75,55,G3,1107.5704345703125,0.2945316731929779,3183.085913600895
450.75,38,D2,1107.5704345703125,0.2945316731929779,3183.085913600895
450.75,48,C3,1107.5704345703125,0.2945316731929779,3183.085913600895
450.75,51,D#3,1107.5704345703125,0.2945316731929779,3183.085913600895
450.75,36,C2,1107.5704345703125,0.2945316731929779,3183.085913600895
451.125,50,D3,987.6085205078125,0.26573893427848816,3225.940537506658
451.125,48,C3,987.6085205078125,0.26573893427848816,3225.940537506658
451.3125,48,C3,1104.4013671875,0.3801850974559784,2860.0952632296385
451.5,43,G2,1104.8231201171875,0.35569095611572266,2560.545393308044
451.5,36,C2,1104.8231201171875,0.35569095611572266,2560.545393308044
451.5,43,G2,1104.8231201171875,0.35569095611572266,2560.545393308044
451.5,43,G2,1104.8231201171875,0.35569095611572266,2560.545393308044
451.5,83,B5,1104.8231201171875,0.35569095611572266,2560.545393308044
451.5,43,G2,1104.8231201171875,0.35569095611572266,2560.545393308044
451.5,31,G1,1104.8231201171875,0.35569095611572266,2560.545393308044
451.875,50,D3,1171.4644775390625,0.39961883425712585,2035.7930277548508
451.875,55,G3,1171.4644775390625,0.39961883425712585,2035.7930277548508
451.875,59,B3,1171.4644775390625,0.39961883425712585,2035.7930277548508
451.875,36,C2,1171.4644775390625,0.39961883425712585,2035.7930277548508
451.875,43,G2,1171.4644775390625,0.39961883425712585,2035.7930277548508
451.875,50,D3,1171.4644775390625,0.39961883425712585,2035.7930277548508
451.875,43,G2,1171.4644775390625,0.39961883425712585,2035.7930277548508
452.25,50,D3,1104.395751953125,0.320326566696167,2842.909167584051
452.25,55,G3,1104.395751953125,0.320326566696167,2842.909167584051
452.25,59,B3,1104.395751953125,0.320326566696167,2842.909167584051
452.25,38,D2,1104.395751953125,0.320326566696167,2842.909167584051
452.25,43,G2,1104.395751953125,0.320326566696167,2842.909167584051
452.25,50,D3,1104.395751953125,0.320326566696167,2842.909167584051
452.25,31,G1,1104.395751953125,0.320326566696167,2842.909167584051
452.625,84,C6,1166.8956298828125,0.37520715594291687,2580.0148878221344
452.625,48,C3,1166.8956298828125,0.37520715594291687,2580.0148878221344
452.625,43,G2,1166.8956298828125,0.37520715594291687,2580.0148878221344
453.0,41,F2,1100.550048828125,0.30828672647476196,2281.8993496327294
453.0,36,C2,1100.550048828125,0.30828672647476196,2281.8993496327294
453.0,41,F2,1100.550048828125,0.30828672647476196,2281.8993496327294
453.0,41,F2,1100.550048828125,0.30828672647476196,2281.8993496327294
453.0,86,D6,1100.550048828125,0.30828672647476196,2281.8993496327294
453.0,29,F1,1100.550048828125,0.30828672647476196,2281.8993496327294
453.375,48,C3,1097.7244873046875,0.3505327105522156,2751.8353568499597
453.375,53,F3,1097.7244873046875,0.3505327105522156,2751.8353568499597
453.375,57,A3,1097.7244873046875,0.3505327105522156,2751.8353568499597
453.375,36,C2,1097.7244873046875,0.3505327105522156,2751.8353568499597
453.375,41,F2,1097.7244873046875,0.3505327105522156,2751.8353568499597
453.375,53,F3,1097.7244873046875,0.3505327105522156,2751.8353568499597
453.375,41,F2,1097.7244873046875,0.3505327105522156,2751.8353568499597
453.5625,53,F3,988.5008544921875,0.3499595522880554,2785.5376201429926
453.75,48,C3,1172.2056884765625,0.3577597439289093,2487.2893593448007
453.75,53,F3,1172.2056884765625,0.3577597439289093,2487.2893593448007
453.75,57,A3,1172.2056884765625,0.3577597439289093,2487.2893593448007
453.75,38,D2,1172.2056884765625,0.3577597439289093,2487.2893593448007
453.75,41,F2,1172.2056884765625,0.3577597439289093,2487.2893593448007
453.75,84,C6,1172.2056884765625,0.3577597439289093,2487.2893593448007
453.75,53,F3,1172.2056884765625,0.3577597439289093,2487.2893593448007
453.75,29,F1,1172.2056884765625,0.3577597439289093,2487.2893593448007
454.125,83,B5,1172.37646484375,0.3654952645301819,2217.322150857175
454.125,51,D#3,1172.37646484375,0.3654952645301819,2217.322150857175
454.125,41,F2,1172.37646484375,0.3654952645301819,2217.322150857175
454.3125,50,D3,989.3396606445312,0.3179769515991211,2250.796036362335
454.5,39,D#2,1138.775634765625,0.33157822489738464,2622.5084337276153
454.5,36,C2,1138.775634765625,0.33157822489738464,2622.5084337276153
454.5,39,D#2,1138.775634765625,0.33157822489738464,2622.5084337276153
454.5,39,D#2,1138.775634765625,0.33157822489738464,2622.5084337276153
454.5,84,C6,1138.775634765625,0.33157822489738464,2622.5084337276153
454.5,43,G2,1138.775634765625,0.33157822489738464,2622.5084337276153
454.5,27,D#1,1138.775634765625,0.33157822489738464,2622.5084337276153
454.875,46,A#2,1095.7774658203125,0.34116461873054504,2824.1372934300434
454.875,51,D#3,1095.7774658203125,0.34116461873054504,2824.1372934300434
454.875,55,G3,1095.7774658203125,0.34116461873054504,2824.1372934300434
454.875,36,C2,1095.7774658203125,0.34116461873054504,2824.1372934300434
454.875,39,D#2,1095.7774658203125,0.34116461873054504,2824.1372934300434
454.875,79,G5,1095.7774658203125,0.34116461873054504,2824.1372934300434
454.875,51,D#3,1095.7774658203125,0.34116461873054504,2824.1372934300434
454.875,39,D#2,1095.7774658203125,0.34116461873054504,2824.1372934300434
455.25,46,A#2,987.1683349609375,0.3381471335887909,3132.2211361612212
455.25,51,D#3,987.1683349609375,0.3381471335887909,3132.2211361612212
455.25,55,G3,987.1683349609375,0.3381471335887909,3132.2211361612212
455.25,38,D2,987.1683349609375,0.3381471335887909,3132.2211361612212
455.25,39,D#2,987.1683349609375,0.3381471335887909,3132.2211361612212
455.25,75,D#5,987.1683349609375,0.3381471335887909,3132.2211361612212
455.25,51,D#3,987.1683349609375,0.3381471335887909,3132.2211361612212
455.25,27,D#1,987.1683349609375,0.3381471335887909,3132.2211361612212
455.625,79,G5,861.6732788085938,0.3392699658870697,2273.860204549525
455.625,39,D#2,861.6732788085938,0.3392699658870697,2273.860204549525
456.0,44,G#2,1108.3828125,0.36182519793510437,3093.1579397316086
456.0,36,C2,1108.3828125,0.36182519793510437,3093.1579397316086
456.0,44,G#2,1108.3828125,0.36182519793510437,3093.1579397316086
456.0,32,G#1,1108.3828125,0.36182519793510437,3093.1579397316086
456.0,80,G#5,1108.3828125,0.36182519793510437,3093.1579397316086
456.0,32,G#1,1108.3828125,0.36182519793510437,3093.1579397316086
456.375,51,D#3,1100.2432861328125,0.36217615008354187,1983.09774188846
456.375,56,G#3,1100.2432861328125,0.36217615008354187,1983.09774188846
456.375,60,C4,1100.2432861328125,0.36217615008354187,1983.09774188846
456.375,36,C2,1100.2432861328125,0.36217615008354187,1983.09774188846
456.375,44,G#2,1100.2432861328125,0.36217615008354187,1983.09774188846
456.375,51,D#3,1100.2432861328125,0.36217615008354187,1983.09774188846
456.375,44,G#2,1100.2432861328125,0.36217615008354187,1983.09774188846
456.5625,51,D#3,936.0703735351562,0.37288203835487366,2731.93767449573
456.75,60,C4,984.99462890625,0.31143683195114136,3241.1248286636846
456.75,56,G#3,984.99462890625,0.31143683195114136,3241.1248286636846
456.75,51,D#3,984.99462890625,0.31143683195114136,3241.1248286636846
456.75,38,D2,984.99462890625,0.31143683195114136,3241.1248286636846
456.75,44,G#2,984.99462890625,0.31143683195114136,3241.1248286636846
456.75,51,D#3,984.99462890625,0.31143683195114136,3241.1248286636846
456.75,32,G#1,984.99462890625,0.31143683195114136,3241.1248286636846
457.125,79,G5,369.8975830078125,0.3645031452178955,3066.677165108598
457.125,48,C3,369.8975830078125,0.3645031452178955,3066.677165108598
457.125,44,G#2,369.8975830078125,0.3645031452178955,3066.677165108598
457.21875,80,G#5,982.1838989257812,0.3537343740463257,3437.431195849539
457.3125,79,G5,990.90576171875,0.3280140161514282,3333.823710779121
457.3125,50,D3,990.90576171875,0.3280140161514282,3333.823710779121
457.40625,77,F5,985.5562133789062,0.3244529962539673,3264.293524181739
457.5,46,A#2,932.2347412109375,0.3128693401813507,3348.985709765482
457.5,36,C2,932.2347412109375,0.3128693401813507,3348.985709765482
457.5,46,A#2,932.2347412109375,0.3128693401813507,3348.985709765482
457.5,34,A#1,932.2347412109375,0.3128693401813507,3348.985709765482
457.5,79,G5,932.2347412109375,0.3128693401813507,3348.985709765482
457.5,34,A#1,932.2347412109375,0.3128693401813507,3348.985709765482
457.875,53,F3,1108.583740234375,0.3256060779094696,2707.615327258707
457.875,62,D4,1108.583740234375,0.3256060779094696,2707.615327258707
457.875,58,A#3,1108.583740234375,0.3256060779094696,2707.615327258707
457.875,36,C2,1108.583740234375,0.3256060779094696,2707.615327258707
457.875,46,A#2,1108.583740234375,0.3256060779094696,2707.615327258707
457.875,51,D#3,1108.583740234375,0.3256060779094696,2707.615327258707
457.875,46,A#2,1108.583740234375,0.3256060779094696,2707.615327258707
458.25,53,F3,1110.4127197265625,0.30825546383857727,2574.7461578396496
458.25,62,D4,1110.4127197265625,0.30825546383857727,2574.7461578396496
458.25,58,A#3,1110.4127197265625,0.30825546383857727,2574.7461578396496
458.25,38,D2,1110.4127197265625,0.30825546383857727,2574.7461578396496
458.25,46,A#2,1110.4127197265625,0.30825546383857727,2574.7461578396496
458.25,50,D3,1110.4127197265625,0.30825546383857727,2574.7461578396496
458.25,34,A#1,1110.4127197265625,0.30825546383857727,2574.7461578396496
458.625,38,D2,1164.06494140625,0.2948366403579712,3288.1190691498477
458.625,77,F5,1164.06494140625,0.2948366403579712,3288.1190691498477
458.625,46,A#2,1164.06494140625,0.2948366403579712,3288.1190691498477
458.625,46,A#2,1164.06494140625,0.2948366403579712,3288.1190691498477
458.8125,38,D2,1161.0330810546875,0.2773873209953308,3274.286824087294
458.8125,79,G5,1161.0330810546875,0.2773873209953308,3274.286824087294
459.0,36,C2,1111.7799072265625,0.26405882835388184,3058.2028611776923
459.0,48,C3,1111.7799072265625,0.26405882835388184,3058.2028611776923
459.0,36,C2,1111.7799072265625,0.26405882835388184,3058.2028611776923
459.0,48,C3,1111.7799072265625,0.26405882835388184,3058.2028611776923
459.0,36,C2,1111.7799072265625,0.26405882835388184,3058.2028611776923
459.0,80,G#5,1111.7799072265625,0.26405882835388184,3058.2028611776923
459.0,36,C2,1111.7799072265625,0.26405882835388184,3058.2028611776923
459.09375,79,G5,987.1522827148438,0.2634938657283783,2937.161230678871
459.1875,77,F5,1154.723388671875,0.3005383014678955,2713.1758044125977
459.28125,79,G5,1053.1295166015625,0.32646873593330383,2592.4574506715476
459.375,58,A#3,1050.380126953125,0.30211108922958374,2655.696079018536
459.375,55,G3,1050.380126953125,0.30211108922958374,2655.696079018536
459.375,36,C2,1050.380126953125,0.30211108922958374,2655.696079018536
459.375,48,C3,1050.380126953125,0.30211108922958374,2655.696079018536
459.375,77,F5,1050.380126953125,0.30211108922958374,2655.696079018536
459.375,51,D#3,1050.380126953125,0.30211108922958374,2655.696079018536
459.375,48,C3,1050.380126953125,0.30211108922958374,2655.696079018536
459.46875,79,G5,1062.852783203125,0.29001814126968384,2706.6630814684254
459.5625,77,F5,1158.6591796875,0.3433598279953003,2572.0285301120575
459.65625,75,D#5,1161.5650634765625,0.27615854144096375,3182.6174670102696
459.75,60,C4,1151.653564453125,0.2399924397468567,2811.5920180299463
459.75,55,G3,1151.653564453125,0.2399924397468567,2811.5920180299463
459.75,36,C2,1151.653564453125,0.2399924397468567,2811.5920180299463
459.75,48,C3,1151.653564453125,0.2399924397468567,2811.5920180299463
459.75,38,D2,1151.653564453125,0.2399924397468567,2811.5920180299463
459.75,48,C3,1151.653564453125,0.2399924397468567,2811.5920180299463
459.75,79,G5,1151.653564453125,0.2399924397468567,2811.5920180299463
459.75,51,D#3,1151.653564453125,0.2399924397468567,2811.5920180299463
459.75,36,C2,1151.653564453125,0.2399924397468567,2811.5920180299463
459.84375,77,F5,1064.4776611328125,0.3244274854660034,3313.1755300258396
459.9375,36,C2,1147.3260498046875,0.29320743680000305,3435.3746883125086
459.9375,75,D#5,1147.3260498046875,0.29320743680000305,3435.3746883125086
460.03125,77,F5,1039.66064453125,0.2818021774291992,3469.3859726795677
460.125,55,G3,1135.492431640625,0.279786616563797,3540.4403889176506
460.125,58,A#3,1135.492431640625,0.279786616563797,3540.4403889176506
460.125,75,D#5,1135.492431640625,0.279786616563797,3540.4403889176506
460.125,48,C3,1135.492431640625,0.279786616563797,3540.4403889176506
460.125,48,C3,1135.492431640625,0.279786616563797,3540.4403889176506
460.21875,77,F5,1121.7713623046875,0.2479703426361084,3792.6674497273398
460.3125,55,G3,1105.752197265625,0.25880327820777893,3599.854479193433
460.3125,60,C4,1105.752197265625,0.25880327820777893,3599.854479193433
460.3125,75,D#5,1105.752197265625,0.25880327820777893,3599.854479193433
460.3125,46,A#2,1105.752197265625,0.25880327820777893,3599.854479193433
460.40625,74,D5,1076.9998779296875,0.2509002983570099,3770.8278237985423
460.5,48,C3,1171.2977294921875,0.30284714698791504,3465.4448031649827
460.5,36,C2,1171.2977294921875,0.30284714698791504,3465.4448031649827
460.5,36,C2,1171.2977294921875,0.30284714698791504,3465.4448031649827
460.5,48,C3,1171.2977294921875,0.30284714698791504,3465.4448031649827
460.5,77,F5,1171.2977294921875,0.30284714698791504,3465.4448031649827
460.5,36,C2,1171.2977294921875,0.30284714698791504,3465.4448031649827
460.59375,79,G5,587.3250732421875,0.36377814412117004,3167.36287951558
460.6875,55,G3,1098.7515869140625,0.34365639090538025,3582.8949923878045
460.6875,58,A#3,1098.7515869140625,0.34365639090538025,3582.8949923878045
460.6875,77,F5,1098.7515869140625,0.34365639090538025,3582.8949923878045
460.78125,75,D#5,1172.6328125,0.34928587079048157,3164.628654815544
460.875,55,G3,1094.144775390625,0.3609442710876465,2704.1258132703942
460.875,60,C4,1094.144775390625,0.3609442710876465,2704.1258132703942
460.875,48,C3,1094.144775390625,0.3609442710876465,2704.1258132703942
460.875,74,D5,1094.144775390625,0.3609442710876465,2704.1258132703942
460.875,51,D#3,1094.144775390625,0.3609442710876465,2704.1258132703942
460.875,48,C3,1094.144775390625,0.3609442710876465,2704.1258132703942
460.96875,77,F5,292.82220458984375,0.37717005610466003,2659.6586512550066
461.0625,36,C2,292.0516662597656,0.37026816606521606,2440.3283259747304
461.0625,75,D#5,292.0516662597656,0.37026816606521606,2440.3283259747304
461.0625,48,C3,292.0516662597656,0.37026816606521606,2440.3283259747304
461.15625,74,D5,589.7031860351562,0.37925365567207336,2873.78164159016
461.25,55,G3,1174.474853515625,0.3548004627227783,3130.626943702978
461.25,58,A#3,1174.474853515625,0.3548004627227783,3130.626943702978
461.25,48,C3,1174.474853515625,0.3548004627227783,3130.626943702978
461.25,36,C2,1174.474853515625,0.3548004627227783,3130.626943702978
461.25,38,D2,1174.474853515625,0.3548004627227783,3130.626943702978
461.25,48,C3,1174.474853515625,0.3548004627227783,3130.626943702978
461.25,74,D5,1174.474853515625,0.3548004627227783,3130.626943702978
461.25,36,C2,1174.474853515625,0.3548004627227783,3130.626943702978
461.34375,72,C5,1171.0980224609375,0.3401184380054474,3534.5200701024974
461.4375,55,G3,1172.1795654296875,0.32370302081108093,3262.5432528921315
461.4375,60,C4,1172.1795654296875,0.32370302081108093,3262.5432528921315
461.4375,36,C2,1172.1795654296875,0.32370302081108093,3262.5432528921315
461.4375,79,G5,1172.1795654296875,0.32370302081108093,3262.5432528921315
461.53125,75,D#5,661.095947265625,0.3150019943714142,3371.031095931591
461.625,77,F5,1171.0748291015625,0.31549394130706787,3223.148820796618
461.625,48,C3,1171.0748291015625,0.31549394130706787,3223.148820796618
461.71875,74,D5,744.269287109375,0.3148432672023773,3057.7521772805744
461.8125,75,D#5,366.6915283203125,0.3284507095813751,3179.9080262384605
461.90625,72,C5,1077.9425048828125,0.3099648058414459,2942.9465288053752
462.0,36,C2,1174.15966796875,0.30698874592781067,2846.548543680424
462.0,48,C3,1174.15966796875,0.30698874592781067,2846.548543680424
462.0,36,C2,1174.15966796875,0.30698874592781067,2846.548543680424
462.0,48,C3,1174.15966796875,0.30698874592781067,2846.548543680424
462.0,36,C2,1174.15966796875,0.30698874592781067,2846.548543680424
462.0,74,D5,1174.15966796875,0.30698874592781067,2846.548543680424
462.0,36,C2,1174.15966796875,0.30698874592781067,2846.548543680424
462.09375,77,F5,1176.634033203125,0.32768863439559937,2611.4026226433893
462.1875,75,D#5,1178.5142822265625,0.28221285343170166,2659.6064521530407
462.28125,74,D5,1171.3836669921875,0.26684942841529846,2690.6405566023127
462.375,58,A#3,1171.778564453125,0.27714401483535767,2601.6630304300857
462.375,55,G3,1171.778564453125,0.27714401483535767,2601.6630304300857
462.375,48,C3,1171.778564453125,0.27714401483535767,2601.6630304300857
462.375,72,C5,1171.778564453125,0.27714401483535767,2601.6630304300857
462.375,51,D#3,1171.778564453125,0.27714401483535767,2601.6630304300857
462.375,48,C3,1171.778564453125,0.27714401483535767,2601.6630304300857
462.46875,74,D5,1164.2530517578125,0.30531808733940125,3098.5659034011533
462.5625,75,D#5,1174.5279541015625,0.28177547454833984,3676.1536234546234
462.65625,77,F5,1178.8253173828125,0.2868366539478302,3685.5771367062653
462.75,60,C4,1174.8607177734375,0.27861344814300537,3510.8037602710583
462.75,55,G3,1174.8607177734375,0.27861344814300537,3510.8037602710583
462.75,36,C2,1174.8607177734375,0.27861344814300537,3510.8037602710583
462.75,48,C3,1174.8607177734375,0.27861344814300537,3510.8037602710583
462.75,38,D2,1174.8607177734375,0.27861344814300537,3510.8037602710583
462.75,48,C3,1174.8607177734375,0.27861344814300537,3510.8037602710583
462.75,75,D#5,1174.8607177734375,0.27861344814300537,3510.8037602710583
462.75,51,D#3,1174.8607177734375,0.27861344814300537,3510.8037602710583
462.75,36,C2,1174.8607177734375,0.27861344814300537,3510.8037602710583
462.84375,74,D5,1176.967529296875,0.2880072295665741,3556.3647184536308
462.9375,70,A#4,1172.8028564453125,0.270494669675827,3642.34362832571
463.03125,72,C5,1000.077392578125,0.24489453434944153,3396.2700822336783
463.125,55,G3,1108.5440673828125,0.2701931595802307,3445.06881019831
463.125,58,A#3,1108.5440673828125,0.2701931595802307,3445.06881019831
463.125,74,D5,1108.5440673828125,0.2701931595802307,3445.06881019831
463.125,48,C3,1108.5440673828125,0.2701931595802307,3445.06881019831
463.125,48,C3,1108.5440673828125,0.2701931595802307,3445.06881019831
463.21875,75,D#5,1109.89404296875,0.3486803472042084,2897.200869582356
463.3125,55,G3,1158.0118408203125,0.3505995273590088,2908.5860652211413
463.3125,60,C4,1158.0118408203125,0.3505995273590088,2908.5860652211413
463.3125,36,C2,1158.0118408203125,0.3505995273590088,2908.5860652211413
463.3125,77,F5,1158.0118408203125,0.3505995273590088,2908.5860652211413
463.3125,46,A#2,1158.0118408203125,0.3505995273590088,2908.5860652211413
463.40625,79,G5,1107.5516357421875,0.347747266292572,2650.7840279043394
463.5,48,C3,733.2257080078125,0.36524713039398193,2931.650991002485
463.5,36,C2,733.2257080078125,0.36524713039398193,2931.650991002485
463.5,38,D2,733.2257080078125,0.36524713039398193,2931.650991002485
463.5,48,C3,733.2257080078125,0.36524713039398193,2931.650991002485
463.5,80,G#5,733.2257080078125,0.36524713039398193,2931.650991002485
463.5,36,C2,733.2257080078125,0.36524713039398193,2931.650991002485
463.6875,55,G3,1101.8175048828125,0.33710309863090515,2943.7604500159205
463.6875,58,A#3,1101.8175048828125,0.33710309863090515,2943.7604500159205
463.6875,80,G#5,1101.8175048828125,0.33710309863090515,2943.7604500159205
463.875,55,G3,985.4819946289062,0.3260694444179535,3157.9806617964487
463.875,60,C4,985.4819946289062,0.3260694444179535,3157.9806617964487
463.875,38,D2,985.4819946289062,0.3260694444179535,3157.9806617964487
463.875,48,C3,985.4819946289062,0.3260694444179535,3157.9806617964487
463.875,84,C6,985.4819946289062,0.3260694444179535,3157.9806617964487
463.875,51,D#3,985.4819946289062,0.3260694444179535,3157.9806617964487
463.875,48,C3,985.4819946289062,0.3260694444179535,3157.9806617964487
464.0625,48,C3,1106.510986328125,0.30984941124916077,3480.3803937875227
464.25,55,G3,1102.779296875,0.297444224357605,3286.9212276846574
464.25,58,A#3,1102.779296875,0.297444224357605,3286.9212276846574
464.25,48,C3,1102.779296875,0.297444224357605,3286.9212276846574
464.25,36,C2,1102.779296875,0.297444224357605,3286.9212276846574
464.25,36,C2,1102.779296875,0.297444224357605,3286.9212276846574
464.25,48,C3,1102.779296875,0.297444224357605,3286.9212276846574
464.25,82,A#5,1102.779296875,0.297444224357605,3286.9212276846574
464.25,36,C2,1102.779296875,0.297444224357605,3286.9212276846574
464.4375,55,G3,655.8239135742188,0.29032188653945923,3470.725795287877
464.4375,60,C4,655.8239135742188,0.29032188653945923,3470.725795287877
464.4375,36,C2,655.8239135742188,0.29032188653945923,3470.725795287877
464.4375,82,A#5,655.8239135742188,0.29032188653945923,3470.725795287877
464.625,36,C2,1106.9765625,0.3191251754760742,3102.3388278548346
464.625,84,C6,1106.9765625,0.3191251754760742,3102.3388278548346
464.625,48,C3,1106.9765625,0.3191251754760742,3102.3388278548346
465.0,48,C3,367.4110412597656,0.406842976808548,2664.211454484799
465.0,36,C2,367.4110412597656,0.406842976808548,2664.211454484799
465.0,48,C3,367.4110412597656,0.406842976808548,2664.211454484799
465.0,36,C2,367.4110412597656,0.406842976808548,2664.211454484799
465.0,84,C6,367.4110412597656,0.406842976808548,2664.211454484799
465.0,36,C2,367.4110412597656,0.406842976808548,2664.211454484799
465.375,55,G3,986.5936889648438,0.35089367628097534,3664.463296662998
465.375,60,C4,986.5936889648438,0.35089367628097534,3664.463296662998
465.375,63,D#4,986.5936889648438,0.35089367628097534,3664.463296662998
465.375,36,C2,986.5936889648438,0.35089367628097534,3664.463296662998
465.375,48,C3,986.5936889648438,0.35089367628097534,3664.463296662998
465.375,51,D#3,986.5936889648438,0.35089367628097534,3664.463296662998
465.375,48,C3,986.5936889648438,0.35089367628097534,3664.463296662998
465.5625,51,D#3,892.5733642578125,0.34950950741767883,3523.6493431705862
465.75,63,D#4,1171.819091796875,0.3546130061149597,3223.103057196126
465.75,60,C4,1171.819091796875,0.3546130061149597,3223.103057196126
465.75,55,G3,1171.819091796875,0.3546130061149597,3223.103057196126
465.75,38,D2,1171.819091796875,0.3546130061149597,3223.103057196126
465.75,48,C3,1171.819091796875,0.3546130061149597,3223.103057196126
465.75,51,D#3,1171.819091796875,0.3546130061149597,3223.103057196126
465.75,36,C2,1171.819091796875,0.3546130061149597,3223.103057196126
466.125,50,D3,895.8068237304688,0.28344255685806274,3243.995011710741
466.125,48,C3,895.8068237304688,0.28344255685806274,3243.995011710741
466.3125,48,C3,986.450439453125,0.36553966999053955,2749.141262582077
466.5,43,G2,922.933349609375,0.3410285413265228,3323.5870608852106
466.5,36,C2,922.933349609375,0.3410285413265228,3323.5870608852106
466.5,43,G2,922.933349609375,0.3410285413265228,3323.5870608852106
466.5,43,G2,922.933349609375,0.3410285413265228,3323.5870608852106
466.5,83,B5,922.933349609375,0.3410285413265228,3323.5870608852106
466.5,43,G2,922.933349609375,0.3410285413265228,3323.5870608852106
466.5,31,G1,922.933349609375,0.3410285413265228,3323.5870608852106
466.875,50,D3,861.3901977539062,0.35036975145339966,3057.304600659385
466.875,55,G3,861.3901977539062,0.35036975145339966,3057.304600659385
466.875,59,B3,861.3901977539062,0.35036975145339966,3057.304600659385
466.875,36,C2,861.3901977539062,0.35036975145339966,3057.304600659385
466.875,43,G2,861.3901977539062,0.35036975145339966,3057.304600659385
466.875,50,D3,861.3901977539062,0.35036975145339966,3057.304600659385
466.875,43,G2,861.3901977539062,0.35036975145339966,3057.304600659385
467.25,50,D3,1106.4554443359375,0.34196358919143677,2764.247151265291
467.25,55,G3,1106.4554443359375,0.34196358919143677,2764.247151265291
467.25,59,B3,1106.4554443359375,0.34196358919143677,2764.247151265291
467.25,38,D2,1106.4554443359375,0.34196358919143677,2764.247151265291
467.25,43,G2,1106.4554443359375,0.34196358919143677,2764.247151265291
467.25,50,D3,1106.4554443359375,0.34196358919143677,2764.247151265291
467.25,31,G1,1106.4554443359375,0.34196358919143677,2764.247151265291
467.625,84,C6,991.3819580078125,0.42426598072052,2137.8992814470776
467.625,48,C3,991.3819580078125,0.42426598072052,2137.8992814470776
467.625,43,G2,991.3819580078125,0.42426598072052,2137.8992814470776
468.0,41,F2,1108.74365234375,0.3538895547389984,2831.8783625595183
468.0,36,C2,1108.74365234375,0.3538895547389984,2831.8783625595183
468.0,41,F2,1108.74365234375,0.3538895547389984,2831.8783625595183
468.0,41,F2,1108.74365234375,0.3538895547389984,2831.8783625595183
468.0,86,D6,1108.74365234375,0.3538895547389984,2831.8783625595183
468.0,29,F1,1108.74365234375,0.3538895547389984,2831.8783625595183
468.375,48,C3,988.787353515625,0.3495447635650635,2835.094945679651
468.375,53,F3,988.787353515625,0.3495447635650635,2835.094945679651
468.375,57,A3,988.787353515625,0.3495447635650635,2835.094945679651
468.375,36,C2,988.787353515625,0.3495447635650635,2835.094945679651
468.375,41,F2,988.787353515625,0.3495447635650635,2835.094945679651
468.375,53,F3,988.787353515625,0.3495447635650635,2835.094945679651
468.375,41,F2,988.787353515625,0.3495447635650635,2835.094945679651
468.5625,53,F3,742.6216430664062,0.3750615119934082,2874.1404412610755
468.75,48,C3,992.7109985351562,0.36574095487594604,2868.4578025543547
468.75,53,F3,992.7109985351562,0.36574095487594604,2868.4578025543547
468.75,57,A3,992.7109985351562,0.36574095487594604,2868.4578025543547
468.75,38,D2,992.7109985351562,0.36574095487594604,2868.4578025543547
468.75,41,F2,992.7109985351562,0.36574095487594604,2868.4578025543547
468.75,84,C6,992.7109985351562,0.36574095487594604,2868.4578025543547
468.75,53,F3,992.7109985351562,0.36574095487594604,2868.4578025543547
468.75,29,F1,992.7109985351562,0.36574095487594604,2868.4578025543547
469.125,83,B5,859.5617065429688,0.3507442772388458,3154.64328457587
469.125,51,D#3,859.5617065429688,0.3507442772388458,3154.64328457587
469.125,41,F2,859.5617065429688,0.3507442772388458,3154.64328457587
469.3125,50,D3,1177.6986083984375,0.36503493785858154,2770.1933765535164
469.5,39,D#2,1054.673828125,0.3874170184135437,2039.6052961073003
469.5,36,C2,1054.673828125,0.3874170184135437,2039.6052961073003
469.5,39,D#2,1054.673828125,0.3874170184135437,2039.6052961073003
469.5,39,D#2,1054.673828125,0.3874170184135437,2039.6052961073003
469.5,84,C6,1054.673828125,0.3874170184135437,2039.6052961073003
469.5,43,G2,1054.673828125,0.3874170184135437,2039.6052961073003
469.5,27,D#1,1054.673828125,0.3874170184135437,2039.6052961073003
469.875,46,A#2,924.2804565429688,0.34567317366600037,2948.2618432183212
469.875,51,D#3,924.2804565429688,0.34567317366600037,2948.2618432183212
469.875,55,G3,924.2804565429688,0.34567317366600037,2948.2618432183212
469.875,36,C2,924.2804565429688,0.34567317366600037,2948.2618432183212
469.875,39,D#2,924.2804565429688,0.34567317366600037,2948.2618432183212
469.875,79,G5,924.2804565429688,0.34567317366600037,2948.2618432183212
469.875,51,D#3,924.2804565429688,0.34567317366600037,2948.2618432183212
469.875,39,D#2,924.2804565429688,0.34567317366600037,2948.2618432183212
470.25,46,A#2,976.9922485351562,0.38942623138427734,2737.356499674113
470.25,51,D#3,976.9922485351562,0.38942623138427734,2737.356499674113
470.25,55,G3,976.9922485351562,0.38942623138427734,2737.356499674113
470.25,38,D2,976.9922485351562,0.38942623138427734,2737.356499674113
470.25,39,D#2,976.9922485351562,0.38942623138427734,2737.356499674113
470.25,75,D#5,976.9922485351562,0.38942623138427734,2737.356499674113
470.25,51,D#3,976.9922485351562,0.38942623138427734,2737.356499674113
470.25,27,D#1,976.9922485351562,0.38942623138427734,2737.356499674113
470.625,79,G5,978.3326416015625,0.3149907886981964,3166.635509349323
470.625,39,D#2,978.3326416015625,0.3149907886981964,3166.635509349323
471.0,44,G#2,983.88671875,0.29002198576927185,2928.1140577210836
471.0,36,C2,983.88671875,0.29002198576927185,2928.1140577210836
471.0,44,G#2,983.88671875,0.29002198576927185,2928.1140577210836
471.0,32,G#1,983.88671875,0.29002198576927185,2928.1140577210836
471.0,80,G#5,983.88671875,0.29002198576927185,2928.1140577210836
471.0,32,G#1,983.88671875,0.29002198576927185,2928.1140577210836
471.375,51,D#3,1108.1131591796875,0.37456014752388,2327.5538099314113
471.375,56,G#3,1108.1131591796875,0.37456014752388,2327.5538099314113
471.375,60,C4,1108.1131591796875,0.37456014752388,2327.5538099314113
471.375,36,C2,1108.1131591796875,0.37456014752388,2327.5538099314113
471.375,44,G#2,1108.1131591796875,0.37456014752388,2327.5538099314113
471.375,51,D#3,1108.1131591796875,0.37456014752388,2327.5538099314113
471.375,44,G#2,1108.1131591796875,0.37456014752388,2327.5538099314113
471.5625,51,D#3,1111.0123291015625,0.3421947658061981,2189.0362010071312
471.75,60,C4,1109.997314453125,0.3158515989780426,3171.898958429775
471.75,56,G#3,1109.997314453125,0.3158515989780426,3171.898958429775
471.75,51,D#3,1109.997314453125,0.3158515989780426,3171.898958429775
471.75,38,D2,1109.997314453125,0.3158515989780426,3171.898958429775
471.75,44,G#2,1109.997314453125,0.3158515989780426,3171.898958429775
471.75,51,D#3,1109.997314453125,0.3158515989780426,3171.898958429775
471.75,32,G#1,1109.997314453125,0.3158515989780426,3171.898958429775
472.125,79,G5,1106.6239013671875,0.2429911196231842,3359.8598172848015
472.125,48,C3,1106.6239013671875,0.2429911196231842,3359.8598172848015
472.125,44,G#2,1106.6239013671875,0.2429911196231842,3359.8598172848015
472.21875,80,G#5,1172.8095703125,0.23603571951389313,3067.136329843971
472.3125,79,G5,1012.3478393554688,0.22344528138637543,2994.67788467066
472.3125,50,D3,1012.3478393554688,0.22344528138637543,2994.67788467066
472.40625,77,F5,1167.318359375,0.33479300141334534,2592.173656536128
472.5,46,A#2,989.5122680664062,0.38141536712646484,2380.268566396512
472.5,36,C2,989.5122680664062,0.38141536712646484,2380.268566396512
472.5,46,A#2,989.5122680664062,0.38141536712646484,2380.268566396512
472.5,34,A#1,989.5122680664062,0.38141536712646484,2380.268566396512
472.5,79,G5,989.5122680664062,0.38141536712646484,2380.268566396512
472.5,34,A#1,989.5122680664062,0.38141536712646484,2380.268566396512
472.875,53,F3,1076.0067138671875,0.3001987934112549,2468.9503467315235
472.875,62,D4,1076.0067138671875,0.3001987934112549,2468.9503467315235
472.875,58,A#3,1076.0067138671875,0.3001987934112549,2468.9503467315235
472.875,36,C2,1076.0067138671875,0.3001987934112549,2468.9503467315235
472.875,46,A#2,1076.0067138671875,0.3001987934112549,2468.9503467315235
472.875,51,D#3,1076.0067138671875,0.3001987934112549,2468.9503467315235
472.875,46,A#2,1076.0067138671875,0.3001987934112549,2468.9503467315235
473.25,53,F3,987.6892700195312,0.3262416124343872,3096.306468148618
473.25,62,D4,987.6892700195312,0.3262416124343872,3096.306468148618
473.25,58,A#3,987.6892700195312,0.3262416124343872,3096.306468148618
473.25,38,D2,987.6892700195312,0.3262416124343872,3096.306468148618
473.25,46,A#2,987.6892700195312,0.3262416124343872,3096.306468148618
473.25,50,D3,987.6892700195312,0.3262416124343872,3096.306468148618
473.25,34,A#1,987.6892700195312,0.3262416124343872,3096.306468148618
473.625,38,D2,1043.5506591796875,0.24944758415222168,2695.0147277030046
473.625,77,F5,1043.5506591796875,0.24944758415222168,2695.0147277030046
473.625,46,A#2,1043.5506591796875,0.24944758415222168,2695.0147277030046
473.625,46,A#2,1043.5506591796875,0.24944758415222168,2695.0147277030046
473.8125,38,D2,884.08447265625,0.3739282786846161,2528.5150163673543
473.8125,79,G5,884.08447265625,0.3739282786846161,2528.5150163673543
474.0,36,C2,1133.225830078125,0.3621405363082886,3274.7562285706317
474.0,48,C3,1133.225830078125,0.3621405363082886,3274.7562285706317
474.0,36,C2,1133.225830078125,0.3621405363082886,3274.7562285706317
474.0,48,C3,1133.225830078125,0.3621405363082886,3274.7562285706317
474.0,36,C2,1133.225830078125,0.3621405363082886,3274.7562285706317
474.0,80,G#5,1133.225830078125,0.3621405363082886,3274.7562285706317
474.0,36,C2,1133.225830078125,0.3621405363082886,3274.7562285706317
474.09375,79,G5,1141.291748046875,0.3646358549594879,2258.904106305533
474.1875,77,F5,1147.64453125,0.28077685832977295,2173.7213288491007
474.28125,79,G5,1154.3525390625,0.2681053876876831,1999.119840389515
474.375,58,A#3,1182.83154296875,0.30170774459838867,2195.212920342376
474.375,55,G3,1182.83154296875,0.30170774459838867,2195.212920342376
474.375,36,C2,1182.83154296875,0.30170774459838867,2195.212920342376
474.375,48,C3,1182.83154296875,0.30170774459838867,2195.212920342376
474.375,77,F5,1182.83154296875,0.30170774459838867,2195.212920342376
474.375,51,D#3,1182.83154296875,0.30170774459838867,2195.212920342376
474.375,48,C3,1182.83154296875,0.30170774459838867,2195.212920342376
474.46875,79,G5,1151.8316650390625,0.3113071322441101,3109.8746536625613
474.5625,77,F5,1176.065673828125,0.3183998465538025,3298.9549435854133
474.65625,75,D#5,1166.5782470703125,0.3048991560935974,3234.6584048849063
474.75,60,C4,734.044921875,0.30501705408096313,3138.8404739536545
474.75,55,G3,734.044921875,0.30501705408096313,3138.8404739536545
474.75,36,C2,734.044921875,0.30501705408096313,3138.8404739536545
474.75,48,C3,734.044921875,0.30501705408096313,3138.8404739536545
474.75,38,D2,734.044921875,0.30501705408096313,3138.8404739536545
474.75,48,C3,734.044921875,0.30501705408096313,3138.8404739536545
474.75,79,G5,734.044921875,0.30501705408096313,3138.8404739536545
474.75,51,D#3,734.044921875,0.30501705408096313,3138.8404739536545
474.75,36,C2,734.044921875,0.30501705408096313,3138.8404739536545
474.84375,77,F5,550.027099609375,0.30069205164909363,2924.1660618046317
474.9375,36,C2,883.0416870117188,0.2860158681869507,2939.31034212171
474.9375,75,D#5,883.0416870117188,0.2860158681869507,2939.31034212171
475.03125,77,F5,882.9131469726562,0.30868473649024963,2839.557418950656
475.125,55,G3,1176.488525390625,0.2917509078979492,2703.0475429641306
475.125,58,A#3,1176.488525390625,0.2917509078979492,2703.0475429641306
475.125,75,D#5,1176.488525390625,0.2917509078979492,2703.0475429641306
475.125,48,C3,1176.488525390625,0.2917509078979492,2703.0475429641306
475.125,48,C3,1176.488525390625,0.2917509078979492,2703.0475429641306
475.21875,77,F5,1170.576416015625,0.3204875588417053,2453.6395985582003
475.3125,55,G3,1170.0408935546875,0.29542165994644165,2390.394326175093
475.3125,60,C4,1170.0408935546875,0.29542165994644165,2390.394326175093
475.3125,75,D#5,1170.0408935546875,0.29542165994644165,2390.394326175093
475.3125,46,A#2,1170.0408935546875,0.29542165994644165,2390.394326175093
475.40625,74,D5,296.986083984375,0.34407299757003784,2400.1456139594384
475.5,48,C3,1165.8714599609375,0.2576175332069397,2543.2001825678935
475.5,36,C2,1165.8714599609375,0.2576175332069397,2543.2001825678935
475.5,36,C2,1165.8714599609375,0.2576175332069397,2543.2001825678935
475.5,48,C3,1165.8714599609375,0.2576175332069397,2543.2001825678935
475.5,77,F5,1165.8714599609375,0.2576175332069397,2543.2001825678935
475.5,36,C2,1165.8714599609375,0.2576175332069397,2543.2001825678935
475.59375,79,G5,1171.6807861328125,0.274155855178833,2672.36273243442
475.6875,55,G3,1163.2838134765625,0.251410573720932,2118.138664386982
475.6875,58,A#3,1163.2838134765625,0.251410573720932,2118.138664386982
475.6875,77,F5,1163.2838134765625,0.251410573720932,2118.138664386982
475.78125,75,D#5,1165.415771484375,0.3054562509059906,3111.7618802726283
475.875,55,G3,1171.75146484375,0.2905004024505615,3329.5094086299905
475.875,60,C4,1171.75146484375,0.2905004024505615,3329.5094086299905
475.875,48,C3,1171.75146484375,0.2905004024505615,3329.5094086299905
475.875,74,D5,1171.75146484375,0.2905004024505615,3329.5094086299905
475.875,51,D#3,1171.75146484375,0.2905004024505615,3329.5094086299905
475.875,48,C3,1171.75146484375,0.2905004024505615,3329.5094086299905
475.96875,77,F5,1173.4189453125,0.29860761761665344,3130.3649016405734
476.0625,36,C2,1175.78271484375,0.29859501123428345,3321.6145591547274
476.0625,75,D#5,1175.78271484375,0.29859501123428345,3321.6145591547274
476.0625,48,C3,1175.78271484375,0.29859501123428345,3321.6145591547274
476.15625,74,D5,1167.191162109375,0.28099939227104187,2909.716244942844
476.25,55,G3,298.05291748046875,0.2893890142440796,3438.9835338798002
476.25,58,A#3,298.05291748046875,0.2893890142440796,3438.9835338798002
476.25,48,C3,298.05291748046875,0.2893890142440796,3438.9835338798002
476.25,36,C2,298.05291748046875,0.2893890142440796,3438.9835338798002
476.25,38,D2,298.05291748046875,0.2893890142440796,3438.9835338798002
476.25,48,C3,298.05291748046875,0.2893890142440796,3438.9835338798002
476.25,74,D5,298.05291748046875,0.2893890142440796,3438.9835338798002
476.25,36,C2,298.05291748046875,0.2893890142440796,3438.9835338798002
476.34375,72,C5,1169.584228515625,0.23881885409355164,3127.2231589071207
476.4375,55,G3,1183.9117431640625,0.3242197632789612,2932.8801115228016
476.4375,60,C4,1183.9117431640625,0.3242197632789612,2932.8801115228016
476.4375,36,C2,1183.9117431640625,0.3242197632789612,2932.8801115228016
476.4375,79,G5,1183.9117431640625,0.3242197632789612,2932.8801115228016
476.53125,75,D#5,987.42431640625,0.33654236793518066,2670.94273699856
476.625,77,F5,1105.130859375,0.3278604745864868,2718.6203935631056
476.625,48,C3,1105.130859375,0.3278604745864868,2718.6203935631056
476.71875,74,D5,1176.429443359375,0.3474884629249573,3189.327580301937
476.8125,75,D#5,1101.11572265625,0.29306966066360474,2551.787517716559
476.90625,72,C5,1106.156494140625,0.2889851927757263,2496.5166748414804
477.0,36,C2,876.4038696289062,0.2819414734840393,2346.954858232309
477.0,48,C3,876.4038696289062,0.2819414734840393,2346.954858232309
477.0,36,C2,876.4038696289062,0.2819414734840393,2346.954858232309
477.0,48,C3,876.4038696289062,0.2819414734840393,2346.954858232309
477.0,36,C2,876.4038696289062,0.2819414734840393,2346.954858232309
477.0,74,D5,876.4038696289062,0.2819414734840393,2346.954858232309
477.0,36,C2,876.4038696289062,0.2819414734840393,2346.954858232309
477.09375,77,F5,1106.943115234375,0.3230959177017212,3027.759929853715
477.1875,75,D#5,1107.9442138671875,0.31686705350875854,3244.1127556002057
477.28125,74,D5,991.4580078125,0.32556524872779846,3269.0625912396854
477.375,58,A#3,1106.05078125,0.3075706958770752,3355.728662940269
477.375,55,G3,1106.05078125,0.3075706958770752,3355.728662940269
477.375,48,C3,1106.05078125,0.3075706958770752,3355.728662940269
477.375,72,C5,1106.05078125,0.3075706958770752,3355.728662940269
477.375,51,D#3,1106.05078125,0.3075706958770752,3355.728662940269
477.375,48,C3,1106.05078125,0.3075706958770752,3355.728662940269
477.46875,74,D5,1189.0694580078125,0.2861643433570862,3178.2706069481465
477.5625,75,D#5,1160.4541015625,0.25444433093070984,3001.791250771256
477.65625,77,F5,1172.296630859375,0.22740885615348816,3017.9268109306013
477.75,60,C4,1102.213134765625,0.3639293313026428,2884.2725024727442
477.75,55,G3,1102.213134765625,0.3639293313026428,2884.2725024727442
477.75,36,C2,1102.213134765625,0.3639293313026428,2884.2725024727442
477.75,48,C3,1102.213134765625,0.3639293313026428,2884.2725024727442
477.75,38,D2,1102.213134765625,0.3639293313026428,2884.2725024727442
477.75,48,C3,1102.213134765625,0.3639293313026428,2884.2725024727442
477.75,75,D#5,1102.213134765625,0.3639293313026428,2884.2725024727442
477.75,51,D#3,1102.213134765625,0.3639293313026428,2884.2725024727442
477.75,36,C2,1102.213134765625,0.3639293313026428,2884.2725024727442
477.84375,74,D5,1011.6590576171875,0.34226101636886597,3001.958195203219
477.9375,77,F5,1162.35400390625,0.37148329615592957,2599.1792501652903
478.03125,79,G5,739.954345703125,0.39157572388648987,2377.6212373275093
478.125,55,G3,986.7600708007812,0.33942484855651855,2427.033340746737
478.125,58,A#3,986.7600708007812,0.33942484855651855,2427.033340746737
478.125,80,G#5,986.7600708007812,0.33942484855651855,2427.033340746737
478.125,48,C3,986.7600708007812,0.33942484855651855,2427.033340746737
478.125,48,C3,986.7600708007812,0.33942484855651855,2427.033340746737
478.21875,79,G5,1097.763916015625,0.39861032366752625,2429.4863849406465
478.3125,55,G3,985.9096069335938,0.38384994864463806,1861.338915857095
478.3125,60,C4,985.9096069335938,0.38384994864463806,1861.338915857095
478.3125,36,C2,985.9096069335938,0.38384994864463806,1861.338915857095
478.3125,77,F5,985.9096069335938,0.38384994864463806,1861.338915857095
478.3125,46,A#2,985.9096069335938,0.38384994864463806,1861.338915857095
478.40625,79,G5,1109.07666015625,0.357276052236557,2954.6351294740007
478.5,48,C3,984.37890625,0.32955288887023926,2929.308360956892
478.5,36,C2,984.37890625,0.32955288887023926,2929.308360956892
478.5,38,D2,984.37890625,0.32955288887023926,2929.308360956892
478.5,48,C3,984.37890625,0.32955288887023926,2929.308360956892
478.5,80,G#5,984.37890625,0.32955288887023926,2929.308360956892
478.5,36,C2,984.37890625,0.32955288887023926,2929.308360956892
478.6875,55,G3,970.7341918945312,0.3107469081878662,3040.0934334496847
478.6875,58,A#3,970.7341918945312,0.3107469081878662,3040.0934334496847
478.6875,79,G5,970.7341918945312,0.3107469081878662,3040.0934334496847
478.875,55,G3,1107.6812744140625,0.32738128304481506,2808.4578645412935
478.875,60,C4,1107.6812744140625,0.32738128304481506,2808.4578645412935
478.875,38,D2,1107.6812744140625,0.32738128304481506,2808.4578645412935
478.875,48,C3,1107.6812744140625,0.32738128304481506,2808.4578645412935
478.875,75,D#5,1107.6812744140625,0.32738128304481506,2808.4578645412935
478.875,51,D#3,1107.6812744140625,0.32738128304481506,2808.4578645412935
478.875,48,C3,1107.6812744140625,0.32738128304481506,2808.4578645412935
479.0625,48,C3,973.39794921875,0.34817227721214294,3526.6030723540716
479.25,55,G3,1107.4417724609375,0.30711567401885986,2701.802350561069
479.25,58,A#3,1107.4417724609375,0.30711567401885986,2701.802350561069
479.25,48,C3,1107.4417724609375,0.30711567401885986,2701.802350561069
479.25,36,C2,1107.4417724609375,0.30711567401885986,2701.802350561069
479.25,36,C2,1107.4417724609375,0.30711567401885986,2701.802350561069
479.25,48,C3,1107.4417724609375,0.30711567401885986,2701.802350561069
479.25,79,G5,1107.4417724609375,0.30711567401885986,2701.802350561069
479.25,36,C2,1107.4417724609375,0.30711567401885986,2701.802350561069
479.4375,55,G3,985.7508544921875,0.26671427488327026,2761.901189256943
479.4375,60,C4,985.7508544921875,0.26671427488327026,2761.901189256943
479.4375,36,C2,985.7508544921875,0.26671427488327026,2761.901189256943
479.4375,75,D#5,985.7508544921875,0.26671427488327026,2761.901189256943
479.625,36,C2,980.4390258789062,0.3749706447124481,2512.311043137352
479.625,72,C5,980.4390258789062,0.3749706447124481,2512.311043137352
479.625,48,C3,980.4390258789062,0.3749706447124481,2512.311043137352
480.0,48,C3,738.4591674804688,0.3224019408226013,2873.3901158550816
480.0,36,C2,738.4591674804688,0.3224019408226013,2873.3901158550816
480.0,48,C3,738.4591674804688,0.3224019408226013,2873.3901158550816
480.0,36,C2,738.4591674804688,0.3224019408226013,2873.3901158550816
480.0,84,C6,738.4591674804688,0.3224019408226013,2873.3901158550816
480.0,36,C2,738.4591674804688,0.3224019408226013,2873.3901158550816
480.375,55,G3,1100.0498046875,0.35055357217788696,3175.48872639089
480.375,60,C4,1100.0498046875,0.35055357217788696,3175.48872639089
480.375,63,D#4,1100.0498046875,0.35055357217788696,3175.48872639089
480.375,36,C2,1100.0498046875,0.35055357217788696,3175.48872639089
480.375,48,C3,1100.0498046875,0.35055357217788696,3175.48872639089
480.375,51,D#3,1100.0498046875,0.35055357217788696,3175.48872639089
480.375,48,C3,1100.0498046875,0.35055357217788696,3175.48872639089
480.5625,51,D#3,1111.1221923828125,0.2994617521762848,2701.94627867334
480.75,63,D#4,1001.6553344726562,0.30650052428245544,2311.357275632743
480.75,60,C4,1001.6553344726562,0.30650052428245544,2311.357275632743
480.75,55,G3,1001.6553344726562,0.30650052428245544,2311.357275632743
480.75,38,D2,1001.6553344726562,0.30650052428245544,2311.357275632743
480.75,48,C3,1001.6553344726562,0.30650052428245544,2311.357275632743
480.75,51,D#3,1001.6553344726562,0.30650052428245544,2311.357275632743
480.75,36,C2,1001.6553344726562,0.30650052428245544,2311.357275632743
481.125,50,D3,979.7689208984375,0.34494680166244507,2945.0947322212733
481.125,48,C3,979.7689208984375,0.34494680166244507,2945.0947322212733
481.3125,48,C3,861.9268188476562,0.33414408564567566,2909.1153158645893
481.5,43,G2,1110.068359375,0.36893126368522644,2690.2117522224926
481.5,36,C2,1110.068359375,0.36893126368522644,2690.2117522224926
481.5,43,G2,1110.068359375,0.36893126368522644,2690.2117522224926
481.5,43,G2,1110.068359375,0.36893126368522644,2690.2117522224926
481.5,83,B5,1110.068359375,0.36893126368522644,2690.2117522224926
481.5,43,G2,1110.068359375,0.36893126368522644,2690.2117522224926
481.5,31,G1,1110.068359375,0.36893126368522644,2690.2117522224926
481.875,50,D3,738.5210571289062,0.3972696363925934,2527.854916997654
481.875,55,G3,738.5210571289062,0.3972696363925934,2527.854916997654
481.875,59,B3,738.5210571289062,0.3972696363925934,2527.854916997654
481.875,36,C2,738.5210571289062,0.3972696363925934,2527.854916997654
481.875,43,G2,738.5210571289062,0.3972696363925934,2527.854916997654
481.875,50,D3,738.5210571289062,0.3972696363925934,2527.854916997654
481.875,43,G2,738.5210571289062,0.3972696363925934,2527.854916997654
482.25,50,D3,1170.1158447265625,0.2955128848552704,2655.259080978873
482.25,55,G3,1170.1158447265625,0.2955128848552704,2655.259080978873
482.25,59,B3,1170.1158447265625,0.2955128848552704,2655.259080978873
482.25,38,D2,1170.1158447265625,0.2955128848552704,2655.259080978873
482.25,43,G2,1170.1158447265625,0.2955128848552704,2655.259080978873
482.25,50,D3,1170.1158447265625,0.2955128848552704,2655.259080978873
482.25,31,G1,1170.1158447265625,0.2955128848552704,2655.259080978873
482.625,84,C6,987.5625610351562,0.359203040599823,2619.752857577017
482.625,48,C3,987.5625610351562,0.359203040599823,2619.752857577017
482.625,43,G2,987.5625610351562,0.359203040599823,2619.752857577017
483.0,41,F2,491.9396057128906,0.4363720417022705,2741.1926439997947
483.0,36,C2,491.9396057128906,0.4363720417022705,2741.1926439997947
483.0,41,F2,491.9396057128906,0.4363720417022705,2741.1926439997947
483.0,41,F2,491.9396057128906,0.4363720417022705,2741.1926439997947
483.0,86,D6,491.9396057128906,0.4363720417022705,2741.1926439997947
483.0,29,F1,491.9396057128906,0.4363720417022705,2741.1926439997947
483.375,48,C3,980.8591918945312,0.30580106377601624,2714.1626630744586
483.375,53,F3,980.8591918945312,0.30580106377601624,2714.1626630744586
483.375,57,A3,980.8591918945312,0.30580106377601624,2714.1626630744586
483.375,36,C2,980.8591918945312,0.30580106377601624,2714.1626630744586
483.375,41,F2,980.8591918945312,0.30580106377601624,2714.1626630744586
483.375,53,F3,980.8591918945312,0.30580106377601624,2714.1626630744586
483.375,41,F2,980.8591918945312,0.30580106377601624,2714.1626630744586
483.5625,53,F3,979.4969482421875,0.3541642725467682,2552.2903706989323
483.75,48,C3,934.1222534179688,0.3556133210659027,3141.522157355171
483.75,53,F3,934.1222534179688,0.3556133210659027,3141.522157355171
483.75,57,A3,934.1222534179688,0.3556133210659027,3141.522157355171
483.75,38,D2,934.1222534179688,0.3556133210659027,3141.522157355171
483.75,41,F2,934.1222534179688,0.3556133210659027,3141.522157355171
483.75,84,C6,934.1222534179688,0.3556133210659027,3141.522157355171
483.75,53,F3,934.1222534179688,0.3556133210659027,3141.522157355171
483.75,29,F1,934.1222534179688,0.3556133210659027,3141.522157355171
484.125,83,B5,991.4475708007812,0.31503358483314514,3122.30597401512
484.125,51,D#3,991.4475708007812,0.31503358483314514,3122.30597401512
484.125,41,F2,991.4475708007812,0.31503358483314514,3122.30597401512
484.3125,50,D3,1111.3199462890625,0.366954505443573,2593.092581014025
484.5,39,D#2,1109.06787109375,0.30702728033065796,2792.062576833283
484.5,36,C2,1109.06787109375,0.30702728033065796,2792.062576833283
484.5,39,D#2,1109.06787109375,0.30702728033065796,2792.062576833283
484.5,39,D#2,1109.06787109375,0.30702728033065796,2792.062576833283
484.5,84,C6,1109.06787109375,0.30702728033065796,2792.062576833283
484.5,43,G2,1109.06787109375,0.30702728033065796,2792.062576833283
484.5,27,D#1,1109.06787109375,0.30702728033065796,2792.062576833283
484.875,46,A#2,950.8255004882812,0.3296402096748352,2095.5196342742115
484.875,51,D#3,950.8255004882812,0.3296402096748352,2095.5196342742115
484.875,55,G3,950.8255004882812,0.3296402096748352,2095.5196342742115
484.875,36,C2,950.8255004882812,0.3296402096748352,2095.5196342742115
484.875,39,D#2,950.8255004882812,0.3296402096748352,2095.5196342742115
484.875,79,G5,950.8255004882812,0.3296402096748352,2095.5196342742115
484.875,51,D#3,950.8255004882812,0.3296402096748352,2095.5196342742115
484.875,39,D#2,950.8255004882812,0.3296402096748352,2095.5196342742115
485.25,46,A#2,1165.7049560546875,0.27349767088890076,3041.3536642720346
485.25,51,D#3,1165.7049560546875,0.27349767088890076,3041.3536642720346
485.25,55,G3,1165.7049560546875,0.27349767088890076,3041.3536642720346
485.25,38,D2,1165.7049560546875,0.27349767088890076,3041.3536642720346
485.25,39,D#2,1165.7049560546875,0.27349767088890076,3041.3536642720346
485.25,75,D#5,1165.7049560546875,0.27349767088890076,3041.3536642720346
485.25,51,D#3,1165.7049560546875,0.27349767088890076,3041.3536642720346
485.25,27,D#1,1165.7049560546875,0.27349767088890076,3041.3536642720346
485.625,79,G5,991.1253051757812,0.27149927616119385,2869.01931929804
485.625,39,D#2,991.1253051757812,0.27149927616119385,2869.01931929804
486.0,44,G#2,1075.5042724609375,0.3170238435268402,2235.250365142034
486.0,36,C2,1075.5042724609375,0.3170238435268402,2235.250365142034
486.0,44,G#2,1075.5042724609375,0.3170238435268402,2235.250365142034
486.0,32,G#1,1075.5042724609375,0.3170238435268402,2235.250365142034
486.0,80,G#5,1075.5042724609375,0.3170238435268402,2235.250365142034
486.0,32,G#1,1075.5042724609375,0.3170238435268402,2235.250365142034
486.375,51,D#3,1042.7142333984375,0.3151729702949524,3203.4884634542796
486.375,56,G#3,1042.7142333984375,0.3151729702949524,3203.4884634542796
486.375,60,C4,1042.7142333984375,0.3151729702949524,3203.4884634542796
486.375,36,C2,1042.7142333984375,0.3151729702949524,3203.4884634542796
486.375,44,G#2,1042.7142333984375,0.3151729702949524,3203.4884634542796
486.375,51,D#3,1042.7142333984375,0.3151729702949524,3203.4884634542796
486.375,44,G#2,1042.7142333984375,0.3151729702949524,3203.4884634542796
486.5625,51,D#3,985.179931640625,0.2926192283630371,3120.1430987135645
486.75,60,C4,985.950439453125,0.27252694964408875,3191.4542035493378
486.75,56,G#3,985.950439453125,0.27252694964408875,3191.4542035493378
486.75,51,D#3,985.950439453125,0.27252694964408875,3191.4542035493378
486.75,38,D2,985.950439453125,0.27252694964408875,3191.4542035493378
486.75,44,G#2,985.950439453125,0.27252694964408875,3191.4542035493378
486.75,51,D#3,985.950439453125,0.27252694964408875,3191.4542035493378
486.75,32,G#1,985.950439453125,0.27252694964408875,3191.4542035493378
487.125,79,G5,1176.3262939453125,0.2662777602672577,2528.371306790754
487.125,48,C3,1176.3262939453125,0.2662777602672577,2528.371306790754
487.125,44,G#2,1176.3262939453125,0.2662777602672577,2528.371306790754
487.21875,80,G#5,1176.306640625,0.3051605522632599,3259.7042253885293
487.3125,79,G5,1175.1251220703125,0.3716367185115814,2224.797828555301
487.3125,50,D3,1175.1251220703125,0.3716367185115814,2224.797828555301
487.40625,77,F5,1173.7611083984375,0.37436676025390625,1949.9440212851416
487.5,46,A#2,1172.80078125,0.3269932270050049,2053.0361428558144
487.5,36,C2,1172.80078125,0.3269932270050049,2053.0361428558144
487.5,46,A#2,1172.80078125,0.3269932270050049,2053.0361428558144
487.5,34,A#1,1172.80078125,0.3269932270050049,2053.0361428558144
487.5,79,G5,1172.80078125,0.3269932270050049,2053.0361428558144
487.5,34,A#1,1172.80078125,0.3269932270050049,2053.0361428558144
487.875,53,F3,1172.964599609375,0.26439929008483887,3171.6817642307415
487.875,62,D4,1172.964599609375,0.26439929008483887,3171.6817642307415
487.875,58,A#3,1172.964599609375,0.26439929008483887,3171.6817642307415
487.875,36,C2,1172.964599609375,0.26439929008483887,3171.6817642307415
487.875,46,A#2,1172.964599609375,0.26439929008483887,3171.6817642307415
487.875,51,D#3,1172.964599609375,0.26439929008483887,3171.6817642307415
487.875,46,A#2,1172.964599609375,0.26439929008483887,3171.6817642307415
488.25,53,F3,792.668212890625,0.2951376140117645,2986.2240789481857
488.25,62,D4,792.668212890625,0.2951376140117645,2986.2240789481857
488.25,58,A#3,792.668212890625,0.2951376140117645,2986.2240789481857
488.25,38,D2,792.668212890625,0.2951376140117645,2986.2240789481857
488.25,46,A#2,792.668212890625,0.2951376140117645,2986.2240789481857
488.25,50,D3,792.668212890625,0.2951376140117645,2986.2240789481857
488.25,34,A#1,792.668212890625,0.2951376140117645,2986.2240789481857
488.625,38,D2,1081.7811279296875,0.32495737075805664,2568.3816359736848
488.625,77,F5,1081.7811279296875,0.32495737075805664,2568.3816359736848
488.625,46,A#2,1081.7811279296875,0.32495737075805664,2568.3816359736848
488.625,46,A#2,1081.7811279296875,0.32495737075805664,2568.3816359736848
488.8125,38,D2,976.19775390625,0.28020185232162476,2212.9716229851892
488.8125,79,G5,976.19775390625,0.28020185232162476,2212.9716229851892
489.0,36,C2,1173.133544921875,0.31279435753822327,2917.7410920645093
489.0,48,C3,1173.133544921875,0.31279435753822327,2917.7410920645093
489.0,36,C2,1173.133544921875,0.31279435753822327,2917.7410920645093
489.0,48,C3,1173.133544921875,0.31279435753822327,2917.7410920645093
489.0,36,C2,1173.133544921875,0.31279435753822327,2917.7410920645093
489.0,80,G#5,1173.133544921875,0.31279435753822327,2917.7410920645093
489.0,36,C2,1173.133544921875,0.31279435753822327,2917.7410920645093
489.09375,82,A#5,983.5286865234375,0.2756933867931366,3016.3300885457766
489.1875,80,G#5,983.741943359375,0.2760064899921417,3128.247729934981
489.28125,79,G5,586.7342529296875,0.2584143877029419,3146.2609178950324
489.375,58,A#3,1173.1824951171875,0.26917028427124023,2925.62395915048
489.375,55,G3,1173.1824951171875,0.26917028427124023,2925.62395915048
489.375,36,C2,1173.1824951171875,0.26917028427124023,2925.62395915048
489.375,48,C3,1173.1824951171875,0.26917028427124023,2925.62395915048
489.375,84,C6,1173.1824951171875,0.26917028427124023,2925.62395915048
489.375,51,D#3,1173.1824951171875,0.26917028427124023,2925.62395915048
489.375,48,C3,1173.1824951171875,0.26917028427124023,2925.62395915048
489.75,60,C4,1106.894775390625,0.35899561643600464,2387.1820464099956
489.75,55,G3,1106.894775390625,0.35899561643600464,2387.1820464099956
489.75,36,C2,1106.894775390625,0.35899561643600464,2387.1820464099956
489.75,48,C3,1106.894775390625,0.35899561643600464,2387.1820464099956
489.75,38,D2,1106.894775390625,0.35899561643600464,2387.1820464099956
489.75,48,C3,1106.894775390625,0.35899561643600464,2387.1820464099956
489.75,51,D#3,1106.894775390625,0.35899561643600464,2387.1820464099956
489.75,36,C2,1106.894775390625,0.35899561643600464,2387.1820464099956
489.9375,36,C2,1111.839599609375,0.3559347689151764,3086.711101993616
490.125,55,G3,1101.0897216796875,0.3393300473690033,2319.3448979492173
490.125,58,A#3,1101.0897216796875,0.3393300473690033,2319.3448979492173
490.125,48,C3,1101.0897216796875,0.3393300473690033,2319.3448979492173
490.125,48,C3,1101.0897216796875,0.3393300473690033,2319.3448979492173
490.3125,55,G3,1105.9769287109375,0.34166419506073,2821.1726235010437
490.3125,60,C4,1105.9769287109375,0.34166419506073,2821.1726235010437
490.3125,46,A#2,1105.9769287109375,0.34166419506073,2821.1726235010437
490.5,48,C3,1153.154541015625,0.3036557137966156,2934.02287895702
490.5,36,C2,1153.154541015625,0.3036557137966156,2934.02287895702
490.5,36,C2,1153.154541015625,0.3036557137966156,2934.02287895702
490.5,48,C3,1153.154541015625,0.3036557137966156,2934.02287895702
490.5,36,C2,1153.154541015625,0.3036557137966156,2934.02287895702
490.6875,55,G3,869.2923583984375,0.2586697041988373,3134.6052505443868
490.6875,58,A#3,869.2923583984375,0.2586697041988373,3134.6052505443868
490.875,55,G3,1102.5540771484375,0.27632883191108704,2925.128853182864
490.875,60,C4,1102.5540771484375,0.27632883191108704,2925.128853182864
490.875,48,C3,1102.5540771484375,0.27632883191108704,2925.128853182864
490.875,82,A#5,1102.5540771484375,0.27632883191108704,2925.128853182864
490.875,51,D#3,1102.5540771484375,0.27632883191108704,2925.128853182864
490.875,48,C3,1102.5540771484375,0.27632883191108704,2925.128853182864
490.96875,80,G#5,367.883056640625,0.37897002696990967,2950.449022457274
491.0625,36,C2,1042.629150390625,0.3437589108943939,2815.884040441838
491.0625,79,G5,1042.629150390625,0.3437589108943939,2815.884040441838
491.0625,48,C3,1042.629150390625,0.3437589108943939,2815.884040441838
491.15625,77,F5,740.6026611328125,0.4074206054210663,2301.7003936080864
491.25,55,G3,982.6808471679688,0.3938000500202179,2373.9006861151374
491.25,58,A#3,982.6808471679688,0.3938000500202179,2373.9006861151374
491.25,48,C3,982.6808471679688,0.3938000500202179,2373.9006861151374
491.25,36,C2,982.6808471679688,0.3938000500202179,2373.9006861151374
491.25,38,D2,982.6808471679688,0.3938000500202179,2373.9006861151374
491.25,48,C3,982.6808471679688,0.3938000500202179,2373.9006861151374
491.25,79,G5,982.6808471679688,0.3938000500202179,2373.9006861151374
491.25,36,C2,982.6808471679688,0.3938000500202179,2373.9006861151374
491.4375,55,G3,371.64599609375,0.44578564167022705,2523.9664344058533
491.4375,60,C4,371.64599609375,0.44578564167022705,2523.9664344058533
491.4375,36,C2,371.64599609375,0.44578564167022705,2523.9664344058533
491.4375,80,G#5,371.64599609375,0.44578564167022705,2523.9664344058533
491.625,82,A#5,1101.255126953125,0.3738134801387787,2765.8365547727085
491.625,48,C3,1101.255126953125,0.3738134801387787,2765.8365547727085
491.8125,86,D6,993.8853149414062,0.3710201680660248,2721.9296434101325
492.0,36,C2,1106.3978271484375,0.3407995104789734,3035.9252141621746
492.0,48,C3,1106.3978271484375,0.3407995104789734,3035.9252141621746
492.0,36,C2,1106.3978271484375,0.3407995104789734,3035.9252141621746
492.0,48,C3,1106.3978271484375,0.3407995104789734,3035.9252141621746
492.0,36,C2,1106.3978271484375,0.3407995104789734,3035.9252141621746
492.0,84,C6,1106.3978271484375,0.3407995104789734,3035.9252141621746
492.0,36,C2,1106.3978271484375,0.3407995104789734,3035.9252141621746
492.375,58,A#3,1098.28857421875,0.308142751455307,3001.624368142504
492.375,55,G3,1098.28857421875,0.308142751455307,3001.624368142504
492.375,48,C3,1098.28857421875,0.308142751455307,3001.624368142504
492.375,51,D#3,1098.28857421875,0.308142751455307,3001.624368142504
492.375,48,C3,1098.28857421875,0.308142751455307,3001.624368142504
492.75,60,C4,984.0186767578125,0.36875179409980774,2060.0185105328483
492.75,55,G3,984.0186767578125,0.36875179409980774,2060.0185105328483
492.75,36,C2,984.0186767578125,0.36875179409980774,2060.0185105328483
492.75,48,C3,984.0186767578125,0.36875179409980774,2060.0185105328483
492.75,38,D2,984.0186767578125,0.36875179409980774,2060.0185105328483
492.75,48,C3,984.0186767578125,0.36875179409980774,2060.0185105328483
492.75,51,D#3,984.0186767578125,0.36875179409980774,2060.0185105328483
492.75,36,C2,984.0186767578125,0.36875179409980774,2060.0185105328483
493.125,55,G3,1180.9776611328125,0.38580283522605896,2977.1709078595723
493.125,58,A#3,1180.9776611328125,0.38580283522605896,2977.1709078595723
493.125,48,C3,1180.9776611328125,0.38580283522605896,2977.1709078595723
493.125,48,C3,1180.9776611328125,0.38580283522605896,2977.1709078595723
493.3125,55,G3,555.9317016601562,0.3661993145942688,2681.4609310892974
493.3125,60,C4,555.9317016601562,0.3661993145942688,2681.4609310892974
493.3125,36,C2,555.9317016601562,0.3661993145942688,2681.4609310892974
493.3125,46,A#2,555.9317016601562,0.3661993145942688,2681.4609310892974
493.5,48,C3,1089.37646484375,0.3308529257774353,3275.504193296326
493.5,36,C2,1089.37646484375,0.3308529257774353,3275.504193296326
493.5,38,D2,1089.37646484375,0.3308529257774353,3275.504193296326
493.5,48,C3,1089.37646484375,0.3308529257774353,3275.504193296326
493.5,36,C2,1089.37646484375,0.3308529257774353,3275.504193296326
493.6875,55,G3,1111.3934326171875,0.33476412296295166,2534.7850718058876
493.6875,58,A#3,1111.3934326171875,0.33476412296295166,2534.7850718058876
493.875,55,G3,989.7572631835938,0.36338382959365845,2550.280092326376
493.875,60,C4,989.7572631835938,0.36338382959365845,2550.280092326376
493.875,38,D2,989.7572631835938,0.36338382959365845,2550.280092326376
493.875,48,C3,989.7572631835938,0.36338382959365845,2550.280092326376
493.875,51,D#3,989.7572631835938,0.36338382959365845,2550.280092326376
493.875,48,C3,989.7572631835938,0.36338382959365845,2550.280092326376
494.0625,48,C3,555.1625366210938,0.37176790833473206,1992.7737354377787
494.25,55,G3,983.3177490234375,0.3628905117511749,2653.137468134594
494.25,58,A#3,983.3177490234375,0.3628905117511749,2653.137468134594
494.25,48,C3,983.3177490234375,0.3628905117511749,2653.137468134594
494.25,36,C2,983.3177490234375,0.3628905117511749,2653.137468134594
494.25,36,C2,983.3177490234375,0.3628905117511749,2653.137468134594
494.25,48,C3,983.3177490234375,0.3628905117511749,2653.137468134594
494.25,36,C2,983.3177490234375,0.3628905117511749,2653.137468134594
494.4375,55,G3,895.5830688476562,0.31640109419822693,2796.253248872593
494.4375,60,C4,895.5830688476562,0.31640109419822693,2796.253248872593
494.4375,36,C2,895.5830688476562,0.31640109419822693,2796.253248872593
494.625,36,C2,863.1961669921875,0.3659718334674835,2823.5924383547763
494.625,48,C3,863.1961669921875,0.3659718334674835,2823.5924383547763
495.0,48,C3,1105.761474609375,0.35710659623146057,2625.8843970682587
495.0,36,C2,1105.761474609375,0.35710659623146057,2625.8843970682587
495.0,48,C3,1105.761474609375,0.35710659623146057,2625.8843970682587
495.0,36,C2,1105.761474609375,0.35710659623146057,2625.8843970682587
495.0,84,C6,1105.761474609375,0.35710659623146057,2625.8843970682587
495.0,36,C2,1105.761474609375,0.35710659623146057,2625.8843970682587
495.375,55,G3,1011.7407836914062,0.36048123240470886,2330.2959760251424
495.375,60,C4,1011.7407836914062,0.36048123240470886,2330.2959760251424
495.375,63,D#4,1011.7407836914062,0.36048123240470886,2330.2959760251424
495.375,36,C2,1011.7407836914062,0.36048123240470886,2330.2959760251424
495.375,48,C3,1011.7407836914062,0.36048123240470886,2330.2959760251424
495.375,51,D#3,1011.7407836914062,0.36048123240470886,2330.2959760251424
495.375,48,C3,1011.7407836914062,0.36048123240470886,2330.2959760251424
495.5625,51,D#3,1104.76123046875,0.3280995190143585,3095.914758141223
495.75,63,D#4,983.9022216796875,0.33906322717666626,3035.14652735936
495.75,60,C4,983.9022216796875,0.33906322717666626,3035.14652735936
495.75,55,G3,983.9022216796875,0.33906322717666626,3035.14652735936
495.75,38,D2,983.9022216796875,0.33906322717666626,3035.14652735936
495.75,48,C3,983.9022216796875,0.33906322717666626,3035.14652735936
495.75,51,D#3,983.9022216796875,0.33906322717666626,3035.14652735936
495.75,36,C2,983.9022216796875,0.33906322717666626,3035.14652735936
496.125,50,D3,493.270263671875,0.43709537386894226,2472.6173161327047
496.125,48,C3,493.270263671875,0.43709537386894226,2472.6173161327047
496.3125,48,C3,493.127197265625,0.3594350814819336,2859.0067409013623
496.5,43,G2,367.7635803222656,0.41001224517822266,2376.9258279185347
496.5,36,C2,367.7635803222656,0.41001224517822266,2376.9258279185347
496.5,43,G2,367.7635803222656,0.41001224517822266,2376.9258279185347
496.5,43,G2,367.7635803222656,0.41001224517822266,2376.9258279185347
496.5,83,B5,367.7635803222656,0.41001224517822266,2376.9258279185347
496.5,43,G2,367.7635803222656,0.41001224517822266,2376.9258279185347
496.5,31,G1,367.7635803222656,0.41001224517822266,2376.9258279185347
496.875,50,D3,1108.8116455078125,0.3340664803981781,3130.4346941673966
496.875,55,G3,1108.8116455078125,0.3340664803981781,3130.4346941673966
496.875,59,B3,1108.8116455078125,0.3340664803981781,3130.4346941673966
496.875,36,C2,1108.8116455078125,0.3340664803981781,3130.4346941673966
496.875,43,G2,1108.8116455078125,0.3340664803981781,3130.4346941673966
496.875,50,D3,1108.8116455078125,0.3340664803981781,3130.4346941673966
496.875,43,G2,1108.8116455078125,0.3340664803981781,3130.4346941673966
497.25,50,D3,1000.0714721679688,0.3081603944301605,3013.718713952533
497.25,55,G3,1000.0714721679688,0.3081603944301605,3013.718713952533
497.25,59,B3,1000.0714721679688,0.3081603944301605,3013.718713952533
497.25,38,D2,1000.0714721679688,0.3081603944301605,3013.718713952533
497.25,43,G2,1000.0714721679688,0.3081603944301605,3013.718713952533
497.25,50,D3,1000.0714721679688,0.3081603944301605,3013.718713952533
497.25,31,G1,1000.0714721679688,0.3081603944301605,3013.718713952533
497.625,84,C6,1110.3472900390625,0.3011387586593628,2494.7509962656422
497.625,48,C3,1110.3472900390625,0.3011387586593628,2494.7509962656422
497.625,43,G2,1110.3472900390625,0.3011387586593628,2494.7509962656422
498.0,41,F2,1015.875732421875,0.3139761686325073,2017.3912185884174
498.0,36,C2,1015.875732421875,0.3139761686325073,2017.3912185884174
498.0,41,F2,1015.875732421875,0.3139761686325073,2017.3912185884174
498.0,41,F2,1015.875732421875,0.3139761686325073,2017.3912185884174
498.0,86,D6,1015.875732421875,0.3139761686325073,2017.3912185884174
498.0,29,F1,1015.875732421875,0.3139761686325073,2017.3912185884174
498.375,48,C3,1172.5618896484375,0.2477843463420868,3138.867314113615
498.375,53,F3,1172.5618896484375,0.2477843463420868,3138.867314113615
498.375,57,A3,1172.5618896484375,0.2477843463420868,3138.867314113615
498.375,36,C2,1172.5618896484375,0.2477843463420868,3138.867314113615
498.375,41,F2,1172.5618896484375,0.2477843463420868,3138.867314113615
498.375,53,F3,1172.5618896484375,0.2477843463420868,3138.867314113615
498.375,41,F2,1172.5618896484375,0.2477843463420868,3138.867314113615
498.5625,53,F3,1107.8336181640625,0.2626558542251587,3054.9798116758366
498.75,48,C3,935.6694946289062,0.30501145124435425,2968.3056748586955
498.75,53,F3,935.6694946289062,0.30501145124435425,2968.3056748586955
498.75,57,A3,935.6694946289062,0.30501145124435425,2968.3056748586955
498.75,38,D2,935.6694946289062,0.30501145124435425,2968.3056748586955
498.75,41,F2,935.6694946289062,0.30501145124435425,2968.3056748586955
498.75,84,C6,935.6694946289062,0.30501145124435425,2968.3056748586955
498.75,53,F3,935.6694946289062,0.30501145124435425,2968.3056748586955
498.75,29,F1,935.6694946289062,0.30501145124435425,2968.3056748586955
499.125,83,B5,1085.847412109375,0.33903083205223083,2119.4974583887024
499.125,51,D#3,1085.847412109375,0.33903083205223083,2119.4974583887024
499.125,41,F2,1085.847412109375,0.33903083205223083,2119.4974583887024
499.3125,50,D3,1088.9542236328125,0.27473074197769165,2263.0017947770602
499.5,39,D#2,1084.3494873046875,0.3221719264984131,2875.9983722432926
499.5,36,C2,1084.3494873046875,0.3221719264984131,2875.9983722432926
499.5,39,D#2,1084.3494873046875,0.3221719264984131,2875.9983722432926
499.5,39,D#2,1084.3494873046875,0.3221719264984131,2875.9983722432926
499.5,84,C6,1084.3494873046875,0.3221719264984131,2875.9983722432926
499.5,43,G2,1084.3494873046875,0.3221719264984131,2875.9983722432926
499.5,27,D#1,1084.3494873046875,0.3221719264984131,2875.9983722432926
499.875,46,A#2,1039.5223388671875,0.23819880187511444,3039.5367870229966
499.875,51,D#3,1039.5223388671875,0.23819880187511444,3039.5367870229966
499.875,55,G3,1039.5223388671875,0.23819880187511444,3039.5367870229966
499.875,36,C2,1039.5223388671875,0.23819880187511444,3039.5367870229966
499.875,39,D#2,1039.5223388671875,0.23819880187511444,3039.5367870229966
499.875,79,G5,1039.5223388671875,0.23819880187511444,3039.5367870229966
499.875,51,D#3,1039.5223388671875,0.23819880187511444,3039.5367870229966
499.875,39,D#2,1039.5223388671875,0.23819880187511444,3039.5367870229966
500.25,46,A#2,586.907958984375,0.370306134223938,2276.4233272771407
500.25,51,D#3,586.907958984375,0.370306134223938,2276.4233272771407
500.25,55,G3,586.907958984375,0.370306134223938,2276.4233272771407
500.25,38,D2,586.907958984375,0.370306134223938,2276.4233272771407
500.25,39,D#2,586.907958984375,0.370306134223938,2276.4233272771407
500.25,75,D#5,586.907958984375,0.370306134223938,2276.4233272771407
500.25,51,D#3,586.907958984375,0.370306134223938,2276.4233272771407
500.25,27,D#1,586.907958984375,0.370306134223938,2276.4233272771407
500.625,79,G5,590.9945678710938,0.3258883059024811,1957.9957876735275
500.625,39,D#2,590.9945678710938,0.3258883059024811,1957.9957876735275
501.0,44,G#2,1172.4141845703125,0.34150856733322144,2929.9930674024654
501.0,36,C2,1172.4141845703125,0.34150856733322144,2929.9930674024654
501.0,44,G#2,1172.4141845703125,0.34150856733322144,2929.9930674024654
501.0,32,G#1,1172.4141845703125,0.34150856733322144,2929.9930674024654
501.0,80,G#5,1172.4141845703125,0.34150856733322144,2929.9930674024654
501.0,32,G#1,1172.4141845703125,0.34150856733322144,2929.9930674024654
501.375,51,D#3,368.9174499511719,0.3038007318973541,2846.596662269253
501.375,56,G#3,368.9174499511719,0.3038007318973541,2846.596662269253
501.375,60,C4,368.9174499511719,0.3038007318973541,2846.596662269253
501.375,36,C2,368.9174499511719,0.3038007318973541,2846.596662269253
501.375,44,G#2,368.9174499511719,0.3038007318973541,2846.596662269253
501.375,51,D#3,368.9174499511719,0.3038007318973541,2846.596662269253
501.375,44,G#2,368.9174499511719,0.3038007318973541,2846.596662269253
501.5625,51,D#3,1175.248291015625,0.34519389271736145,2436.8153157710494
501.75,60,C4,1176.0711669921875,0.35619890689849854,2270.4562169860424
501.75,56,G#3,1176.0711669921875,0.35619890689849854,2270.4562169860424
501.75,51,D#3,1176.0711669921875,0.35619890689849854,2270.4562169860424
501.75,38,D2,1176.0711669921875,0.35619890689849854,2270.4562169860424
501.75,44,G#2,1176.0711669921875,0.35619890689849854,2270.4562169860424
501.75,51,D#3,1176.0711669921875,0.35619890689849854,2270.4562169860424
501.75,32,G#1,1176.0711669921875,0.35619890689849854,2270.4562169860424
502.125,79,G5,1036.20166015625,0.3431719243526459,3100.963111494543
502.125,48,C3,1036.20166015625,0.3431719243526459,3100.963111494543
502.125,44,G#2,1036.20166015625,0.3431719243526459,3100.963111494543
502.21875,80,G#5,1175.77978515625,0.2865270972251892,3134.57903938868
502.3125,79,G5,1173.34326171875,0.2774880826473236,3107.4059577797334
502.3125,50,D3,1173.34326171875,0.2774880826473236,3107.4059577797334
502.40625,77,F5,1173.944580078125,0.28640511631965637,3053.7955152625473
502.5,46,A#2,981.5789184570312,0.25477948784828186,2999.5263214490315
502.5,36,C2,981.5789184570312,0.25477948784828186,2999.5263214490315
502.5,46,A#2,981.5789184570312,0.25477948784828186,2999.5263214490315
502.5,34,A#1,981.5789184570312,0.25477948784828186,2999.5263214490315
502.5,79,G5,981.5789184570312,0.25477948784828186,2999.5263214490315
502.5,34,A#1,981.5789184570312,0.25477948784828186,2999.5263214490315
502.875,53,F3,1108.2054443359375,0.3306693434715271,2494.5032678926304
502.875,62,D4,1108.2054443359375,0.3306693434715271,2494.5032678926304
502.875,58,A#3,1108.2054443359375,0.3306693434715271,2494.5032678926304
502.875,36,C2,1108.2054443359375,0.3306693434715271,2494.5032678926304
502.875,46,A#2,1108.2054443359375,0.3306693434715271,2494.5032678926304
502.875,51,D#3,1108.2054443359375,0.3306693434715271,2494.5032678926304
502.875,46,A#2,1108.2054443359375,0.3306693434715271,2494.5032678926304
503.25,53,F3,712.8798217773438,0.31035274267196655,2091.5076012836
503.25,62,D4,712.8798217773438,0.31035274267196655,2091.5076012836
503.25,58,A#3,712.8798217773438,0.31035274267196655,2091.5076012836
503.25,38,D2,712.8798217773438,0.31035274267196655,2091.5076012836
503.25,46,A#2,712.8798217773438,0.31035274267196655,2091.5076012836
503.25,50,D3,712.8798217773438,0.31035274267196655,2091.5076012836
503.25,34,A#1,712.8798217773438,0.31035274267196655,2091.5076012836
503.625,75,D#5,1107.0167236328125,0.27769654989242554,3206.010615970682
503.625,46,A#2,1107.0167236328125,0.27769654989242554,3206.010615970682
503.625,46,A#2,1107.0167236328125,0.27769654989242554,3206.010615970682
504.0,48,C3,1106.4324951171875,0.26925334334373474,2884.192627297768
504.0,55,G3,1106.4324951171875,0.26925334334373474,2884.192627297768
504.0,60,C4,1106.4324951171875,0.26925334334373474,2884.192627297768
504.0,67,G4,1106.4324951171875,0.26925334334373474,2884.192627297768
504.0,63,D#4,1106.4324951171875,0.26925334334373474,2884.192627297768
504.0,72,C5,1106.4324951171875,0.26925334334373474,2884.192627297768
504.0,36,C2,1106.4324951171875,0.26925334334373474,2884.192627297768
504.0,36,C2,1106.4324951171875,0.26925334334373474,2884.192627297768
504.0,36,C2,1106.4324951171875,0.26925334334373474,2884.192627297768
504.0,39,D#2,1106.4324951171875,0.26925334334373474,2884.192627297768
504.0,43,G2,1106.4324951171875,0.26925334334373474,2884.192627297768
504.0,75,D#5,1106.4324951171875,0.26925334334373474,2884.192627297768
504.0,48,C3,1106.4324951171875,0.26925334334373474,2884.192627297768
504.0,60,C4,1106.4324951171875,0.26925334334373474,2884.192627297768
504.0,63,D#4,1106.4324951171875,0.26925334334373474,2884.192627297768
504.0,67,G4,1106.4324951171875,0.26925334334373474,2884.192627297768
504.0,67,G4,1106.4324951171875,0.26925334334373474,2884.192627297768
504.0,74,D5,1106.4324951171875,0.26925334334373474,2884.192627297768
504.375,74,D5,989.2809448242188,0.31237268447875977,2470.7235496911
507.0,48,C3,985.6173095703125,0.36868879199028015,2328.8705376814823
507.0,60,C4,985.6173095703125,0.36868879199028015,2328.8705376814823
507.0,72,C5,985.6173095703125,0.36868879199028015,2328.8705376814823
507.0,67,G4,985.6173095703125,0.36868879199028015,2328.8705376814823
507.0,51,D#3,985.6173095703125,0.36868879199028015,2328.8705376814823
507.0,55,G3,985.6173095703125,0.36868879199028015,2328.8705376814823
507.0,63,D#4,985.6173095703125,0.36868879199028015,2328.8705376814823
507.0,72,C5,985.6173095703125,0.36868879199028015,2328.8705376814823
507.0,67,G4,985.6173095703125,0.36868879199028015,2328.8705376814823
507.0,63,D#4,985.6173095703125,0.36868879199028015,2328.8705376814823
507.0,36,C2,985.6173095703125,0.36868879199028015,2328.8705376814823
507.0,36,C2,985.6173095703125,0.36868879199028015,2328.8705376814823
507.0,39,D#2,985.6173095703125,0.36868879199028015,2328.8705376814823
507.0,43,G2,985.6173095703125,0.36868879199028015,2328.8705376814823
507.0,75,D#5,985.6173095703125,0.36868879199028015,2328.8705376814823
507.0,48,C3,985.6173095703125,0.36868879199028015,2328.8705376814823
507.0,60,C4,985.6173095703125,0.36868879199028015,2328.8705376814823
507.0,67,G4,985.6173095703125,0.36868879199028015,2328.8705376814823
507.0,75,D#5,985.6173095703125,0.36868879199028015,2328.8705376814823
507.0,79,G5,985.6173095703125,0.36868879199028015,2328.8705376814823
507.0,72,C5,985.6173095703125,0.36868879199028015,2328.8705376814823
