Time,MIDI_Note,Note_Label,Pitch,Power,Spectral_Centroid
1.6304325,64,E4,1148.35791015625,0.034626174718141556,2679.3498771550408
1.6304325,60,C4,1148.35791015625,0.034626174718141556,2679.3498771550408
1.6304325,57,A3,1148.35791015625,0.034626174718141556,2679.3498771550408
1.956519,64,E4,1159.25048828125,0.10618942230939865,2245.739777755514
1.956519,60,C4,1159.25048828125,0.10618942230939865,2245.739777755514
1.956519,57,A3,1159.25048828125,0.10618942230939865,2245.739777755514
2.2826055,64,E4,1160.6787109375,0.09879202395677567,2211.1102872730867
2.2826055,60,C4,1160.6787109375,0.09879202395677567,2211.1102872730867
2.2826055,57,A3,1160.6787109375,0.09879202395677567,2211.1102872730867
2.4456487499999997,65,F4,1134.5546875,0.10775803029537201,2532.2243107740314
2.4456487499999997,62,D4,1134.5546875,0.10775803029537201,2532.2243107740314
2.4456487499999997,59,B3,1134.5546875,0.10775803029537201,2532.2243107740314
2.6086919999999996,65,F4,1195.56396484375,0.10365850478410721,2566.344032869785
2.6086919999999996,62,D4,1195.56396484375,0.10365850478410721,2566.344032869785
2.6086919999999996,59,B3,1195.56396484375,0.10365850478410721,2566.344032869785
4.2391245,62,D4,1193.3260498046875,0.10370145738124847,2496.7658920803638
4.2391245,59,B3,1193.3260498046875,0.10370145738124847,2496.7658920803638
4.2391245,57,A3,1193.3260498046875,0.10370145738124847,2496.7658920803638
4.565211,62,D4,1172.3228759765625,0.11377016454935074,2194.2085310500697
4.565211,59,B3,1172.3228759765625,0.11377016454935074,2194.2085310500697
4.565211,57,A3,1172.3228759765625,0.11377016454935074,2194.2085310500697
4.891297499999999,65,F4,1144.9322509765625,0.10273747891187668,2327.0420453741376
4.891297499999999,62,D4,1144.9322509765625,0.10273747891187668,2327.0420453741376
4.891297499999999,59,B3,1144.9322509765625,0.10273747891187668,2327.0420453741376
5.05434075,67,G4,1132.2208251953125,0.12311919033527374,2588.4065673138784
5.217384,67,G4,1181.0382080078125,0.1259499043226242,2368.4642297793266
5.217384,62,D4,1181.0382080078125,0.1259499043226242,2368.4642297793266
5.217384,59,B3,1181.0382080078125,0.1259499043226242,2368.4642297793266
6.8478165,67,G4,1195.2037353515625,0.07160335034132004,2125.940848878879
6.8478165,62,D4,1195.2037353515625,0.07160335034132004,2125.940848878879
6.8478165,59,B3,1195.2037353515625,0.07160335034132004,2125.940848878879
7.173903,67,G4,1193.929443359375,0.0943363830447197,2155.3522659180567
7.173903,62,D4,1193.929443359375,0.0943363830447197,2155.3522659180567
7.173903,59,B3,1193.929443359375,0.0943363830447197,2155.3522659180567
7.4999895,67,G4,1179.257568359375,0.07659792900085449,2543.3266800978217
7.4999895,62,D4,1179.257568359375,0.07659792900085449,2543.3266800978217
7.4999895,59,B3,1179.257568359375,0.07659792900085449,2543.3266800978217
7.66303275,69,A4,902.5928344726562,0.1137726902961731,2753.4810593553216
7.66303275,64,E4,902.5928344726562,0.1137726902961731,2753.4810593553216
7.66303275,60,C4,902.5928344726562,0.1137726902961731,2753.4810593553216
7.8260760000000005,69,A4,1161.5528564453125,0.096668541431427,2754.8799345849884
7.8260760000000005,64,E4,1161.5528564453125,0.096668541431427,2754.8799345849884
7.8260760000000005,60,C4,1161.5528564453125,0.096668541431427,2754.8799345849884
9.29346525,69,A4,1152.2132568359375,0.03152669593691826,2306.050597087576
9.29346525,64,E4,1152.2132568359375,0.03152669593691826,2306.050597087576
9.29346525,59,B3,1152.2132568359375,0.03152669593691826,2306.050597087576
9.4565085,69,A4,1161.61669921875,0.13539236783981323,2340.0042502363613
9.4565085,64,E4,1161.61669921875,0.13539236783981323,2340.0042502363613
9.4565085,62,D4,1161.61669921875,0.13539236783981323,2340.0042502363613
9.782595,69,A4,1152.8341064453125,0.13238759338855743,2332.6472829287095
9.782595,64,E4,1152.8341064453125,0.13238759338855743,2332.6472829287095
9.782595,60,C4,1152.8341064453125,0.13238759338855743,2332.6472829287095
9.94563825,59,B3,1183.6376953125,0.11720800399780273,2453.044252595658
10.1086815,65,F4,1111.7899169921875,0.0894894227385521,2456.7511043023533
10.1086815,64,E4,1111.7899169921875,0.0894894227385521,2456.7511043023533
10.1086815,59,B3,1111.7899169921875,0.0894894227385521,2456.7511043023533
10.434768,65,F4,1158.8720703125,0.08696775883436203,2651.1971514857914
10.434768,62,D4,1158.8720703125,0.08696775883436203,2651.1971514857914
10.434768,59,B3,1158.8720703125,0.08696775883436203,2651.1971514857914
11.4130275,57,A3,1187.1141357421875,0.17163808643817902,2851.882065360364
11.4130275,52,E3,1187.1141357421875,0.17163808643817902,2851.882065360364
11.4130275,45,A2,1187.1141357421875,0.17163808643817902,2851.882065360364
13.043460000000001,59,B3,1166.880859375,0.14923231303691864,2098.8763413356633
13.043460000000001,54,F#3,1166.880859375,0.14923231303691864,2098.8763413356633
13.043460000000001,47,B2,1166.880859375,0.14923231303691864,2098.8763413356633
13.043460000000001,69,A4,1166.880859375,0.14923231303691864,2098.8763413356633
13.532589750000001,57,A3,1017.5252685546875,0.14156797528266907,2317.6263632781647
13.532589750000001,52,E3,1017.5252685546875,0.14156797528266907,2317.6263632781647
13.532589750000001,45,A2,1017.5252685546875,0.14156797528266907,2317.6263632781647
13.695633,69,A4,943.2529296875,0.18859601020812988,3188.7514295101328
13.940197875,66,F#4,1168.7528076171875,0.13820227980613708,2270.651352084177
14.021719500000001,59,B3,1116.0799560546875,0.1460559219121933,2081.1082409131905
14.021719500000001,54,F#3,1116.0799560546875,0.1460559219121933,2081.1082409131905
14.021719500000001,47,B2,1116.0799560546875,0.1460559219121933,2081.1082409131905
14.021719500000001,69,A4,1116.0799560546875,0.1460559219121933,2081.1082409131905
14.103241125000002,66,F#4,1004.9361572265625,0.14963488280773163,2034.0350125786078
14.184762750000003,69,A4,1165.265869140625,0.14802469313144684,1973.4771287719213
14.266284375000003,66,F#4,1001.31103515625,0.12850499153137207,2087.3336551740085
14.347806000000004,74,D5,1110.1263427734375,0.16674746572971344,2668.760625412734
14.456501500000003,71,B4,1175.2164306640625,0.14938195049762726,2047.7229936126025
14.565197000000003,74,D5,1184.334228515625,0.12414896488189697,1973.5640667614673
14.673892500000003,71,B4,1176.235107421875,0.13511547446250916,2104.208172456305
14.782588000000002,69,A4,1181.2940673828125,0.13079550862312317,2089.129449381495
14.891283500000002,66,F#4,1117.1607666015625,0.12522123754024506,1927.1992789907526
14.999979000000002,69,A4,889.2442626953125,0.18053007125854492,3106.7651953238874
15.652152000000001,55,G3,1051.9022216796875,0.1627395898103714,2632.256380120173
15.652152000000001,50,D3,1051.9022216796875,0.1627395898103714,2632.256380120173
15.652152000000001,43,G2,1051.9022216796875,0.1627395898103714,2632.256380120173
16.086934,66,F#4,1190.59619140625,0.11106593161821365,2567.0258101038653
16.14128175,54,F#3,1115.0718994140625,0.11822163313627243,2473.154445360136
16.14128175,50,D3,1115.0718994140625,0.11822163313627243,2473.154445360136
16.14128175,42,F#2,1115.0718994140625,0.11822163313627243,2473.154445360136
16.195629500000003,64,E4,1163.01708984375,0.13187575340270996,2323.014062723795
16.6304115,55,G3,1171.1011962890625,0.13185569643974304,2263.3181546929172
16.6304115,50,D3,1171.1011962890625,0.13185569643974304,2263.3181546929172
16.6304115,43,G2,1171.1011962890625,0.13185569643974304,2263.3181546929172
16.6304115,62,D4,1171.1011962890625,0.13185569643974304,2263.3181546929172
16.711933125,64,E4,1194.3648681640625,0.12652328610420227,2136.2419611404134
16.793454750000002,62,D4,1190.9327392578125,0.10733067989349365,2291.564678702362
16.874976375000003,64,E4,1168.605224609375,0.129402294754982,2234.301462681672
16.956498000000003,62,D4,1031.6710205078125,0.1588728278875351,2932.456151597451
17.771714250000006,81,A5,1177.69580078125,0.14543908834457397,2580.466316675128
18.260844000000006,57,A3,1023.2256469726562,0.16430026292800903,2843.669295988487
18.260844000000006,52,E3,1023.2256469726562,0.16430026292800903,2843.669295988487
18.260844000000006,45,A2,1023.2256469726562,0.16430026292800903,2843.669295988487
18.749973750000006,43,G2,954.7505493164062,0.13269469141960144,2488.986167825092
18.831495375000006,78,F#5,889.7855834960938,0.12337654829025269,2381.42736413676
18.913017000000007,76,E5,437.85699462890625,0.1791985034942627,3141.628256894349
19.23910350000001,57,A3,1126.92529296875,0.12048862874507904,2512.049001519089
19.23910350000001,52,E3,1126.92529296875,0.12048862874507904,2512.049001519089
19.23910350000001,45,A2,1126.92529296875,0.12048862874507904,2512.049001519089
19.23910350000001,76,E5,1126.92529296875,0.12048862874507904,2512.049001519089
19.891276500000007,76,E5,1171.44677734375,0.12420134246349335,2218.6200295001013
20.21736300000001,81,A5,500.2516174316406,0.18397609889507294,3019.888784340951
20.54344950000001,76,E5,894.3461303710938,0.12282223254442215,2505.731342860114
20.78801437500001,74,D5,1159.9398193359375,0.11845871061086655,2213.9594829866355
20.86953600000001,59,B3,1173.1541748046875,0.12962836027145386,2924.8865527436046
20.86953600000001,54,F#3,1173.1541748046875,0.12962836027145386,2924.8865527436046
20.86953600000001,47,B2,1173.1541748046875,0.12962836027145386,2924.8865527436046
20.86953600000001,76,E5,1173.1541748046875,0.12962836027145386,2924.8865527436046
21.35866575000001,59,B3,884.4165649414062,0.0997696965932846,2410.554617541098
21.35866575000001,54,F#3,884.4165649414062,0.0997696965932846,2410.554617541098
21.35866575000001,47,B2,884.4165649414062,0.0997696965932846,2410.554617541098
21.44018737500001,74,D5,1196.4686279296875,0.12060478329658508,2182.255836562371
21.521709000000012,71,B4,1197.24169921875,0.16694270074367523,2825.2912247039685
21.84779550000001,57,A3,1000.7352294921875,0.15240998566150665,2559.716742484021
21.84779550000001,52,E3,1000.7352294921875,0.15240998566150665,2559.716742484021
21.84779550000001,45,A2,1000.7352294921875,0.15240998566150665,2559.716742484021
21.84779550000001,69,A4,1000.7352294921875,0.15240998566150665,2559.716742484021
22.49996850000001,66,F#4,1139.80419921875,0.15010105073451996,2652.396802707077
22.826055000000007,64,E4,1150.267822265625,0.13415095210075378,2299.589103238285
22.826055000000007,69,A4,1150.267822265625,0.13415095210075378,2299.589103238285
23.152141500000006,62,D4,1181.560302734375,0.14059601724147797,4323.974023064449
23.478228000000005,57,A3,1119.287353515625,0.13017979264259338,5244.847681952433
23.478228000000005,66,F#4,1119.287353515625,0.13017979264259338,5244.847681952433
23.478228000000005,62,D4,1119.287353515625,0.13017979264259338,5244.847681952433
23.478228000000005,59,B3,1119.287353515625,0.13017979264259338,5244.847681952433
23.478228000000005,54,F#3,1119.287353515625,0.13017979264259338,5244.847681952433
23.478228000000005,47,B2,1119.287353515625,0.13017979264259338,5244.847681952433
23.804314500000004,57,A3,1108.857666015625,0.09927781671285629,2583.9597499196293
23.967357750000005,66,F#4,1159.018310546875,0.085485078394413,2648.4996720795025
23.967357750000005,61,C#4,1159.018310546875,0.085485078394413,2648.4996720795025
23.967357750000005,57,A3,1159.018310546875,0.085485078394413,2648.4996720795025
23.967357750000005,54,F#3,1159.018310546875,0.085485078394413,2648.4996720795025
23.967357750000005,47,B2,1159.018310546875,0.085485078394413,2648.4996720795025
24.293444250000007,66,F#4,1118.16943359375,0.11531928181648254,2951.5633206273706
24.293444250000007,61,C#4,1118.16943359375,0.11531928181648254,2951.5633206273706
24.293444250000007,57,A3,1118.16943359375,0.11531928181648254,2951.5633206273706
24.293444250000007,54,F#3,1118.16943359375,0.11531928181648254,2951.5633206273706
24.293444250000007,47,B2,1118.16943359375,0.11531928181648254,2951.5633206273706
24.45648750000001,66,F#4,926.5711059570312,0.09890548139810562,2481.805791746673
24.45648750000001,62,D4,926.5711059570312,0.09890548139810562,2481.805791746673
24.45648750000001,59,B3,926.5711059570312,0.09890548139810562,2481.805791746673
24.45648750000001,54,F#3,926.5711059570312,0.09890548139810562,2481.805791746673
24.45648750000001,47,B2,926.5711059570312,0.09890548139810562,2481.805791746673
24.94561725000001,66,F#4,558.4341430664062,0.1093832477927208,1108.5519242910686
24.94561725000001,62,D4,558.4341430664062,0.1093832477927208,1108.5519242910686
24.94561725000001,59,B3,558.4341430664062,0.1093832477927208,1108.5519242910686
24.94561725000001,54,F#3,558.4341430664062,0.1093832477927208,1108.5519242910686
24.94561725000001,47,B2,558.4341430664062,0.1093832477927208,1108.5519242910686
25.10866050000001,57,A3,1131.9261474609375,0.13942144811153412,1913.6574950323172
25.27170375000001,57,A3,1106.673095703125,0.15806256234645844,2153.696553095697
25.27170375000001,66,F#4,1106.673095703125,0.15806256234645844,2153.696553095697
25.27170375000001,62,D4,1106.673095703125,0.15806256234645844,2153.696553095697
25.27170375000001,59,B3,1106.673095703125,0.15806256234645844,2153.696553095697
25.27170375000001,54,F#3,1106.673095703125,0.15806256234645844,2153.696553095697
25.27170375000001,47,B2,1106.673095703125,0.15806256234645844,2153.696553095697
25.434747000000012,57,A3,1006.9735717773438,0.1677807718515396,2498.433469435436
25.434747000000012,66,F#4,1006.9735717773438,0.1677807718515396,2498.433469435436
25.434747000000012,62,D4,1006.9735717773438,0.1677807718515396,2498.433469435436
25.434747000000012,59,B3,1006.9735717773438,0.1677807718515396,2498.433469435436
25.434747000000012,54,F#3,1006.9735717773438,0.1677807718515396,2498.433469435436
25.434747000000012,47,B2,1006.9735717773438,0.1677807718515396,2498.433469435436
25.597790250000013,66,F#4,1115.4775390625,0.13042359054088593,2898.9851981108895
25.597790250000013,62,D4,1115.4775390625,0.13042359054088593,2898.9851981108895
25.597790250000013,59,B3,1115.4775390625,0.13042359054088593,2898.9851981108895
25.597790250000013,54,F#3,1115.4775390625,0.13042359054088593,2898.9851981108895
25.597790250000013,47,B2,1115.4775390625,0.13042359054088593,2898.9851981108895
25.760833500000015,62,D4,1110.625732421875,0.11412100493907928,5102.413048036529
25.760833500000015,66,F#4,1110.625732421875,0.11412100493907928,5102.413048036529
25.760833500000015,62,D4,1110.625732421875,0.11412100493907928,5102.413048036529
25.760833500000015,59,B3,1110.625732421875,0.11412100493907928,5102.413048036529
25.760833500000015,54,F#3,1110.625732421875,0.11412100493907928,5102.413048036529
25.760833500000015,47,B2,1110.625732421875,0.11412100493907928,5102.413048036529
25.923876750000016,66,F#4,504.1374816894531,0.15650279819965363,2548.8516504426134
25.923876750000016,62,D4,504.1374816894531,0.15650279819965363,2548.8516504426134
25.923876750000016,59,B3,504.1374816894531,0.15650279819965363,2548.8516504426134
25.923876750000016,54,F#3,504.1374816894531,0.15650279819965363,2548.8516504426134
25.923876750000016,47,B2,504.1374816894531,0.15650279819965363,2548.8516504426134
26.086920000000017,62,D4,578.7764282226562,0.1511075794696808,3165.5313445013408
26.086920000000017,67,G4,578.7764282226562,0.1511075794696808,3165.5313445013408
26.086920000000017,62,D4,578.7764282226562,0.1511075794696808,3165.5313445013408
26.086920000000017,55,G3,578.7764282226562,0.1511075794696808,3165.5313445013408
26.086920000000017,50,D3,578.7764282226562,0.1511075794696808,3165.5313445013408
26.576049750000017,66,F#4,890.164306640625,0.10614245384931564,3055.1665407301766
26.576049750000017,62,D4,890.164306640625,0.10614245384931564,3055.1665407301766
26.576049750000017,57,A3,890.164306640625,0.10614245384931564,3055.1665407301766
26.576049750000017,50,D3,890.164306640625,0.10614245384931564,3055.1665407301766
26.90213625000002,66,F#4,882.3880004882812,0.1044531986117363,3270.73563327625
26.90213625000002,62,D4,882.3880004882812,0.1044531986117363,3270.73563327625
26.90213625000002,57,A3,882.3880004882812,0.1044531986117363,3270.73563327625
26.90213625000002,50,D3,882.3880004882812,0.1044531986117363,3270.73563327625
27.06517950000002,67,G4,886.3980102539062,0.06586053222417831,2581.504096215693
27.06517950000002,62,D4,886.3980102539062,0.06586053222417831,2581.504096215693
27.06517950000002,55,G3,886.3980102539062,0.06586053222417831,2581.504096215693
27.06517950000002,50,D3,886.3980102539062,0.06586053222417831,2581.504096215693
27.55430925000002,67,G4,889.1318359375,0.09007810801267624,1467.2098150736235
27.55430925000002,62,D4,889.1318359375,0.09007810801267624,1467.2098150736235
27.55430925000002,55,G3,889.1318359375,0.09007810801267624,1467.2098150736235
27.55430925000002,50,D3,889.1318359375,0.09007810801267624,1467.2098150736235
27.717352500000022,62,D4,591.803955078125,0.12534482777118683,3418.776401262883
27.880395750000023,62,D4,391.3408203125,0.10203075408935547,3823.2547370234724
27.880395750000023,67,G4,391.3408203125,0.10203075408935547,3823.2547370234724
27.880395750000023,62,D4,391.3408203125,0.10203075408935547,3823.2547370234724
27.880395750000023,55,G3,391.3408203125,0.10203075408935547,3823.2547370234724
27.880395750000023,50,D3,391.3408203125,0.10203075408935547,3823.2547370234724
28.043439000000024,62,D4,831.7676391601562,0.15515127778053284,2431.796876617531
28.043439000000024,67,G4,831.7676391601562,0.15515127778053284,2431.796876617531
28.043439000000024,62,D4,831.7676391601562,0.15515127778053284,2431.796876617531
28.043439000000024,55,G3,831.7676391601562,0.15515127778053284,2431.796876617531
28.043439000000024,50,D3,831.7676391601562,0.15515127778053284,2431.796876617531
28.206482250000025,67,G4,863.0170288085938,0.14963069558143616,2785.399745707634
28.206482250000025,62,D4,863.0170288085938,0.14963069558143616,2785.399745707634
28.206482250000025,55,G3,863.0170288085938,0.14963069558143616,2785.399745707634
28.206482250000025,50,D3,863.0170288085938,0.14963069558143616,2785.399745707634
28.369525500000027,64,E4,1165.585693359375,0.12221819907426834,2619.6779738408577
28.369525500000027,67,G4,1165.585693359375,0.12221819907426834,2619.6779738408577
28.369525500000027,62,D4,1165.585693359375,0.12221819907426834,2619.6779738408577
28.369525500000027,55,G3,1165.585693359375,0.12221819907426834,2619.6779738408577
28.369525500000027,50,D3,1165.585693359375,0.12221819907426834,2619.6779738408577
28.532568750000028,67,G4,890.376220703125,0.12356465309858322,2869.325640512761
28.532568750000028,62,D4,890.376220703125,0.12356465309858322,2869.325640512761
28.532568750000028,55,G3,890.376220703125,0.12356465309858322,2869.325640512761
28.532568750000028,50,D3,890.376220703125,0.12356465309858322,2869.325640512761
28.69561200000003,64,E4,858.6423950195312,0.1076304093003273,3191.4200221619753
28.69561200000003,64,E4,858.6423950195312,0.1076304093003273,3191.4200221619753
28.69561200000003,61,C#4,858.6423950195312,0.1076304093003273,3191.4200221619753
28.69561200000003,57,A3,858.6423950195312,0.1076304093003273,3191.4200221619753
28.69561200000003,52,E3,858.6423950195312,0.1076304093003273,3191.4200221619753
28.69561200000003,45,A2,858.6423950195312,0.1076304093003273,3191.4200221619753
29.021698500000028,64,E4,832.9126586914062,0.10242007672786713,2157.5286315559742
29.18474175000003,64,E4,1194.3909912109375,0.08553143590688705,2981.8039087356074
29.18474175000003,62,D4,1194.3909912109375,0.08553143590688705,2981.8039087356074
29.18474175000003,57,A3,1194.3909912109375,0.08553143590688705,2981.8039087356074
29.18474175000003,52,E3,1194.3909912109375,0.08553143590688705,2981.8039087356074
29.18474175000003,45,A2,1194.3909912109375,0.08553143590688705,2981.8039087356074
29.51082825000003,64,E4,491.67510986328125,0.10281127691268921,2876.407202714314
29.51082825000003,62,D4,491.67510986328125,0.10281127691268921,2876.407202714314
29.51082825000003,57,A3,491.67510986328125,0.10281127691268921,2876.407202714314
29.51082825000003,52,E3,491.67510986328125,0.10281127691268921,2876.407202714314
29.51082825000003,45,A2,491.67510986328125,0.10281127691268921,2876.407202714314
29.673871500000033,64,E4,1171.93505859375,0.07436167448759079,2545.966014050655
29.673871500000033,61,C#4,1171.93505859375,0.07436167448759079,2545.966014050655
29.673871500000033,57,A3,1171.93505859375,0.07436167448759079,2545.966014050655
29.673871500000033,52,E3,1171.93505859375,0.07436167448759079,2545.966014050655
29.673871500000033,45,A2,1171.93505859375,0.07436167448759079,2545.966014050655
30.163001250000033,64,E4,892.1011962890625,0.09321279078722,1010.4236144298336
30.163001250000033,61,C#4,892.1011962890625,0.09321279078722,1010.4236144298336
30.163001250000033,57,A3,892.1011962890625,0.09321279078722,1010.4236144298336
30.163001250000033,52,E3,892.1011962890625,0.09321279078722,1010.4236144298336
30.163001250000033,45,A2,892.1011962890625,0.09321279078722,1010.4236144298336
30.326044500000034,62,D4,961.9144287109375,0.10263963043689728,2222.8563083419604
30.489087750000035,64,E4,1169.047607421875,0.11382430791854858,2038.2883633931974
30.489087750000035,61,C#4,1169.047607421875,0.11382430791854858,2038.2883633931974
30.489087750000035,57,A3,1169.047607421875,0.11382430791854858,2038.2883633931974
30.489087750000035,52,E3,1169.047607421875,0.11382430791854858,2038.2883633931974
30.489087750000035,45,A2,1169.047607421875,0.11382430791854858,2038.2883633931974
30.652131000000036,61,C#4,1188.67236328125,0.1601962298154831,2885.3561596627464
30.652131000000036,64,E4,1188.67236328125,0.1601962298154831,2885.3561596627464
30.652131000000036,61,C#4,1188.67236328125,0.1601962298154831,2885.3561596627464
30.652131000000036,57,A3,1188.67236328125,0.1601962298154831,2885.3561596627464
30.652131000000036,52,E3,1188.67236328125,0.1601962298154831,2885.3561596627464
30.652131000000036,45,A2,1188.67236328125,0.1601962298154831,2885.3561596627464
30.815174250000037,64,E4,1182.149169921875,0.12533484399318695,2571.6949617992905
30.815174250000037,61,C#4,1182.149169921875,0.12533484399318695,2571.6949617992905
30.815174250000037,57,A3,1182.149169921875,0.12533484399318695,2571.6949617992905
30.815174250000037,52,E3,1182.149169921875,0.12533484399318695,2571.6949617992905
30.815174250000037,45,A2,1182.149169921875,0.12533484399318695,2571.6949617992905
30.97821750000004,59,B3,834.5526123046875,0.0928841158747673,2510.8802692199733
30.97821750000004,64,E4,834.5526123046875,0.0928841158747673,2510.8802692199733
30.97821750000004,61,C#4,834.5526123046875,0.0928841158747673,2510.8802692199733
30.97821750000004,57,A3,834.5526123046875,0.0928841158747673,2510.8802692199733
30.97821750000004,52,E3,834.5526123046875,0.0928841158747673,2510.8802692199733
30.97821750000004,45,A2,834.5526123046875,0.0928841158747673,2510.8802692199733
31.14126075000004,64,E4,1183.9388427734375,0.07638008147478104,2736.2297372384933
31.14126075000004,61,C#4,1183.9388427734375,0.07638008147478104,2736.2297372384933
31.14126075000004,57,A3,1183.9388427734375,0.07638008147478104,2736.2297372384933
31.14126075000004,52,E3,1183.9388427734375,0.07638008147478104,2736.2297372384933
31.14126075000004,45,A2,1183.9388427734375,0.07638008147478104,2736.2297372384933
31.30430400000004,59,B3,734.8917236328125,0.1387770175933838,2449.8419127744874
31.30430400000004,66,F#4,734.8917236328125,0.1387770175933838,2449.8419127744874
31.30430400000004,62,D4,734.8917236328125,0.1387770175933838,2449.8419127744874
31.30430400000004,59,B3,734.8917236328125,0.1387770175933838,2449.8419127744874
31.30430400000004,54,F#3,734.8917236328125,0.1387770175933838,2449.8419127744874
31.30430400000004,47,B2,734.8917236328125,0.1387770175933838,2449.8419127744874
31.79343375000004,64,E4,1186.844482421875,0.07138963788747787,2553.351919113427
31.79343375000004,66,F#4,1186.844482421875,0.07138963788747787,2553.351919113427
31.79343375000004,62,D4,1186.844482421875,0.07138963788747787,2553.351919113427
31.79343375000004,59,B3,1186.844482421875,0.07138963788747787,2553.351919113427
31.79343375000004,54,F#3,1186.844482421875,0.07138963788747787,2553.351919113427
31.79343375000004,47,B2,1186.844482421875,0.07138963788747787,2553.351919113427
31.956477000000042,69,A4,885.2266235351562,0.16700761020183563,3154.5095654576076
32.11952025000004,64,E4,975.8823852539062,0.1190127283334732,2746.7965204520206
32.11952025000004,61,C#4,975.8823852539062,0.1190127283334732,2746.7965204520206
32.11952025000004,57,A3,975.8823852539062,0.1190127283334732,2746.7965204520206
32.11952025000004,52,E3,975.8823852539062,0.1190127283334732,2746.7965204520206
32.11952025000004,45,A2,975.8823852539062,0.1190127283334732,2746.7965204520206
32.282563500000045,69,A4,998.2554321289062,0.10203909128904343,2723.1846510594455
32.282563500000045,64,E4,998.2554321289062,0.10203909128904343,2723.1846510594455
32.282563500000045,61,C#4,998.2554321289062,0.10203909128904343,2723.1846510594455
32.282563500000045,57,A3,998.2554321289062,0.10203909128904343,2723.1846510594455
32.282563500000045,52,E3,998.2554321289062,0.10203909128904343,2723.1846510594455
32.282563500000045,45,A2,998.2554321289062,0.10203909128904343,2723.1846510594455
32.77169325000005,59,B3,889.166748046875,0.09218470007181168,1958.7988300543843
32.77169325000005,64,E4,889.166748046875,0.09218470007181168,1958.7988300543843
32.77169325000005,61,C#4,889.166748046875,0.09218470007181168,1958.7988300543843
32.77169325000005,57,A3,889.166748046875,0.09218470007181168,1958.7988300543843
32.77169325000005,52,E3,889.166748046875,0.09218470007181168,1958.7988300543843
32.77169325000005,45,A2,889.166748046875,0.09218470007181168,1958.7988300543843
32.93473650000005,71,B4,881.2896118164062,0.13986368477344513,3019.869499966463
33.09777975000005,64,E4,1194.0467529296875,0.10669691860675812,2425.5129016027995
33.09777975000005,61,C#4,1194.0467529296875,0.10669691860675812,2425.5129016027995
33.09777975000005,57,A3,1194.0467529296875,0.10669691860675812,2425.5129016027995
33.09777975000005,52,E3,1194.0467529296875,0.10669691860675812,2425.5129016027995
33.09777975000005,45,A2,1194.0467529296875,0.10669691860675812,2425.5129016027995
33.26082300000005,59,B3,677.8860473632812,0.17130257189273834,3411.4768056953717
33.26082300000005,64,E4,677.8860473632812,0.17130257189273834,3411.4768056953717
33.26082300000005,61,C#4,677.8860473632812,0.17130257189273834,3411.4768056953717
33.26082300000005,57,A3,677.8860473632812,0.17130257189273834,3411.4768056953717
33.26082300000005,52,E3,677.8860473632812,0.17130257189273834,3411.4768056953717
33.26082300000005,45,A2,677.8860473632812,0.17130257189273834,3411.4768056953717
33.42386625000005,64,E4,1163.498046875,0.136969193816185,2374.185590459145
33.42386625000005,61,C#4,1163.498046875,0.136969193816185,2374.185590459145
33.42386625000005,57,A3,1163.498046875,0.136969193816185,2374.185590459145
33.42386625000005,52,E3,1163.498046875,0.136969193816185,2374.185590459145
33.42386625000005,45,A2,1163.498046875,0.136969193816185,2374.185590459145
33.586909500000054,59,B3,1117.2584228515625,0.11275485903024673,2471.717386620278
33.586909500000054,64,E4,1117.2584228515625,0.11275485903024673,2471.717386620278
33.586909500000054,61,C#4,1117.2584228515625,0.11275485903024673,2471.717386620278
33.586909500000054,57,A3,1117.2584228515625,0.11275485903024673,2471.717386620278
33.586909500000054,52,E3,1117.2584228515625,0.11275485903024673,2471.717386620278
33.586909500000054,45,A2,1117.2584228515625,0.11275485903024673,2471.717386620278
33.749952750000055,64,E4,1040.3299560546875,0.10556352883577347,5021.305321259619
33.749952750000055,61,C#4,1040.3299560546875,0.10556352883577347,5021.305321259619
33.749952750000055,57,A3,1040.3299560546875,0.10556352883577347,5021.305321259619
33.749952750000055,52,E3,1040.3299560546875,0.10556352883577347,5021.305321259619
33.749952750000055,45,A2,1040.3299560546875,0.10556352883577347,5021.305321259619
33.91299600000006,71,B4,1188.87255859375,0.15094786882400513,3007.803514601206
33.91299600000006,66,F#4,1188.87255859375,0.15094786882400513,3007.803514601206
33.91299600000006,62,D4,1188.87255859375,0.15094786882400513,3007.803514601206
33.91299600000006,59,B3,1188.87255859375,0.15094786882400513,3007.803514601206
33.91299600000006,54,F#3,1188.87255859375,0.15094786882400513,3007.803514601206
33.91299600000006,47,B2,1188.87255859375,0.15094786882400513,3007.803514601206
34.23908250000006,71,B4,1118.3155517578125,0.10799212008714676,2277.9792039434537
34.40212575000006,66,F#4,1109.8953857421875,0.09871336072683334,2430.4075245171093
34.40212575000006,61,C#4,1109.8953857421875,0.09871336072683334,2430.4075245171093
34.40212575000006,57,A3,1109.8953857421875,0.09871336072683334,2430.4075245171093
34.40212575000006,54,F#3,1109.8953857421875,0.09871336072683334,2430.4075245171093
34.40212575000006,47,B2,1109.8953857421875,0.09871336072683334,2430.4075245171093
34.56516900000006,69,A4,560.2994384765625,0.14593371748924255,3271.6463644637797
34.72821225000006,66,F#4,985.1279907226562,0.10282471030950546,2755.258948926494
34.72821225000006,61,C#4,985.1279907226562,0.10282471030950546,2755.258948926494
34.72821225000006,57,A3,985.1279907226562,0.10282471030950546,2755.258948926494
34.72821225000006,54,F#3,985.1279907226562,0.10282471030950546,2755.258948926494
34.72821225000006,47,B2,985.1279907226562,0.10282471030950546,2755.258948926494
34.891255500000064,69,A4,996.0487670898438,0.11017532646656036,2639.9822914131564
34.891255500000064,66,F#4,996.0487670898438,0.11017532646656036,2639.9822914131564
34.891255500000064,62,D4,996.0487670898438,0.11017532646656036,2639.9822914131564
34.891255500000064,59,B3,996.0487670898438,0.11017532646656036,2639.9822914131564
34.891255500000064,54,F#3,996.0487670898438,0.11017532646656036,2639.9822914131564
34.891255500000064,47,B2,996.0487670898438,0.11017532646656036,2639.9822914131564
35.38038525000007,59,B3,1023.7998046875,0.09992620348930359,1874.7798060416342
35.38038525000007,66,F#4,1023.7998046875,0.09992620348930359,1874.7798060416342
35.38038525000007,62,D4,1023.7998046875,0.09992620348930359,1874.7798060416342
35.38038525000007,59,B3,1023.7998046875,0.09992620348930359,1874.7798060416342
35.38038525000007,54,F#3,1023.7998046875,0.09992620348930359,1874.7798060416342
35.38038525000007,47,B2,1023.7998046875,0.09992620348930359,1874.7798060416342
35.54342850000007,59,B3,1103.7637939453125,0.12708432972431183,2243.8453537877544
35.70647175000007,66,F#4,1024.31005859375,0.0849635899066925,2232.88671825237
35.70647175000007,62,D4,1024.31005859375,0.0849635899066925,2232.88671825237
35.70647175000007,59,B3,1024.31005859375,0.0849635899066925,2232.88671825237
35.70647175000007,54,F#3,1024.31005859375,0.0849635899066925,2232.88671825237
35.70647175000007,47,B2,1024.31005859375,0.0849635899066925,2232.88671825237
35.86951500000007,66,F#4,922.1448364257812,0.17779211699962616,3051.8028910715375
35.86951500000007,66,F#4,922.1448364257812,0.17779211699962616,3051.8028910715375
35.86951500000007,62,D4,922.1448364257812,0.17779211699962616,3051.8028910715375
35.86951500000007,59,B3,922.1448364257812,0.17779211699962616,3051.8028910715375
35.86951500000007,54,F#3,922.1448364257812,0.17779211699962616,3051.8028910715375
35.86951500000007,47,B2,922.1448364257812,0.17779211699962616,3051.8028910715375
36.03255825000007,66,F#4,1080.20849609375,0.11747345328330994,2605.189027585512
36.03255825000007,62,D4,1080.20849609375,0.11747345328330994,2605.189027585512
36.03255825000007,59,B3,1080.20849609375,0.11747345328330994,2605.189027585512
36.03255825000007,54,F#3,1080.20849609375,0.11747345328330994,2605.189027585512
36.03255825000007,47,B2,1080.20849609375,0.11747345328330994,2605.189027585512
36.19560150000007,64,E4,987.4814453125,0.13538411259651184,2375.4234831871854
36.19560150000007,66,F#4,987.4814453125,0.13538411259651184,2375.4234831871854
36.19560150000007,62,D4,987.4814453125,0.13538411259651184,2375.4234831871854
36.19560150000007,59,B3,987.4814453125,0.13538411259651184,2375.4234831871854
36.19560150000007,54,F#3,987.4814453125,0.13538411259651184,2375.4234831871854
36.19560150000007,47,B2,987.4814453125,0.13538411259651184,2375.4234831871854
36.358644750000074,62,D4,719.3612060546875,0.09421189874410629,3344.3083080337483
36.358644750000074,66,F#4,719.3612060546875,0.09421189874410629,3344.3083080337483
36.358644750000074,62,D4,719.3612060546875,0.09421189874410629,3344.3083080337483
36.358644750000074,59,B3,719.3612060546875,0.09421189874410629,3344.3083080337483
36.358644750000074,54,F#3,719.3612060546875,0.09421189874410629,3344.3083080337483
36.358644750000074,47,B2,719.3612060546875,0.09421189874410629,3344.3083080337483
36.521688000000076,62,D4,389.5181884765625,0.15549367666244507,2345.5883555268647
36.521688000000076,67,G4,389.5181884765625,0.15549367666244507,2345.5883555268647
36.521688000000076,62,D4,389.5181884765625,0.15549367666244507,2345.5883555268647
36.521688000000076,55,G3,389.5181884765625,0.15549367666244507,2345.5883555268647
36.521688000000076,50,D3,389.5181884765625,0.15549367666244507,2345.5883555268647
37.01081775000007,66,F#4,1196.429931640625,0.13873645663261414,2094.4211979810543
37.01081775000007,62,D4,1196.429931640625,0.13873645663261414,2094.4211979810543
37.01081775000007,57,A3,1196.429931640625,0.13873645663261414,2094.4211979810543
37.01081775000007,50,D3,1196.429931640625,0.13873645663261414,2094.4211979810543
37.17386100000007,64,E4,1183.0699462890625,0.14314821362495422,3402.132259052934
37.336904250000075,66,F#4,599.7669067382812,0.10421685129404068,2495.6894462757546
37.336904250000075,62,D4,599.7669067382812,0.10421685129404068,2495.6894462757546
37.336904250000075,57,A3,599.7669067382812,0.10421685129404068,2495.6894462757546
37.336904250000075,50,D3,599.7669067382812,0.10421685129404068,2495.6894462757546
37.499947500000076,62,D4,398.19378662109375,0.1400061994791031,2202.871577763105
37.499947500000076,67,G4,398.19378662109375,0.1400061994791031,2202.871577763105
37.499947500000076,62,D4,398.19378662109375,0.1400061994791031,2202.871577763105
37.499947500000076,55,G3,398.19378662109375,0.1400061994791031,2202.871577763105
37.499947500000076,50,D3,398.19378662109375,0.1400061994791031,2202.871577763105
37.98907725000008,67,G4,1171.197021484375,0.10614514350891113,2225.04807696475
37.98907725000008,62,D4,1171.197021484375,0.10614514350891113,2225.04807696475
37.98907725000008,55,G3,1171.197021484375,0.10614514350891113,2225.04807696475
37.98907725000008,50,D3,1171.197021484375,0.10614514350891113,2225.04807696475
38.15212050000008,62,D4,1182.1285400390625,0.1088009923696518,2330.9836632650395
38.31516375000008,62,D4,1184.573974609375,0.09498510509729385,2077.150906706099
38.31516375000008,67,G4,1184.573974609375,0.09498510509729385,2077.150906706099
38.31516375000008,62,D4,1184.573974609375,0.09498510509729385,2077.150906706099
38.31516375000008,55,G3,1184.573974609375,0.09498510509729385,2077.150906706099
38.31516375000008,50,D3,1184.573974609375,0.09498510509729385,2077.150906706099
38.47820700000008,62,D4,901.6273193359375,0.16829518973827362,3439.8044028659724
38.47820700000008,67,G4,901.6273193359375,0.16829518973827362,3439.8044028659724
38.47820700000008,62,D4,901.6273193359375,0.16829518973827362,3439.8044028659724
38.47820700000008,55,G3,901.6273193359375,0.16829518973827362,3439.8044028659724
38.47820700000008,50,D3,901.6273193359375,0.16829518973827362,3439.8044028659724
38.641250250000084,67,G4,889.0199584960938,0.12660717964172363,2753.514389124699
38.641250250000084,62,D4,889.0199584960938,0.12660717964172363,2753.514389124699
38.641250250000084,55,G3,889.0199584960938,0.12660717964172363,2753.514389124699
38.641250250000084,50,D3,889.0199584960938,0.12660717964172363,2753.514389124699
38.804293500000085,64,E4,1142.0770263671875,0.13838602602481842,2496.9385016488095
38.804293500000085,67,G4,1142.0770263671875,0.13838602602481842,2496.9385016488095
38.804293500000085,62,D4,1142.0770263671875,0.13838602602481842,2496.9385016488095
38.804293500000085,55,G3,1142.0770263671875,0.13838602602481842,2496.9385016488095
38.804293500000085,50,D3,1142.0770263671875,0.13838602602481842,2496.9385016488095
38.96733675000009,67,G4,980.8992309570312,0.14720529317855835,2024.9233341014253
38.96733675000009,62,D4,980.8992309570312,0.14720529317855835,2024.9233341014253
38.96733675000009,55,G3,980.8992309570312,0.14720529317855835,2024.9233341014253
38.96733675000009,50,D3,980.8992309570312,0.14720529317855835,2024.9233341014253
39.13038000000009,64,E4,990.35693359375,0.16868577897548676,2197.9459881247585
39.13038000000009,64,E4,990.35693359375,0.16868577897548676,2197.9459881247585
39.13038000000009,61,C#4,990.35693359375,0.16868577897548676,2197.9459881247585
39.13038000000009,57,A3,990.35693359375,0.16868577897548676,2197.9459881247585
39.13038000000009,52,E3,990.35693359375,0.16868577897548676,2197.9459881247585
39.13038000000009,45,A2,990.35693359375,0.16868577897548676,2197.9459881247585
39.61950975000009,64,E4,1009.03125,0.14528979361057281,2091.3451781361064
39.61950975000009,62,D4,1009.03125,0.14528979361057281,2091.3451781361064
39.61950975000009,57,A3,1009.03125,0.14528979361057281,2091.3451781361064
39.61950975000009,52,E3,1009.03125,0.14528979361057281,2091.3451781361064
39.61950975000009,45,A2,1009.03125,0.14528979361057281,2091.3451781361064
39.78255300000009,66,F#4,1087.3695068359375,0.15055228769779205,2900.9857190590765
39.945596250000094,64,E4,1195.2548828125,0.10978028178215027,2286.7961243842246
39.945596250000094,62,D4,1195.2548828125,0.10978028178215027,2286.7961243842246
39.945596250000094,57,A3,1195.2548828125,0.10978028178215027,2286.7961243842246
39.945596250000094,52,E3,1195.2548828125,0.10978028178215027,2286.7961243842246
39.945596250000094,45,A2,1195.2548828125,0.10978028178215027,2286.7961243842246
40.108639500000095,64,E4,1107.6246337890625,0.11687535792589188,2139.0454246007994
40.108639500000095,64,E4,1107.6246337890625,0.11687535792589188,2139.0454246007994
40.108639500000095,61,C#4,1107.6246337890625,0.11687535792589188,2139.0454246007994
40.108639500000095,57,A3,1107.6246337890625,0.11687535792589188,2139.0454246007994
40.108639500000095,52,E3,1107.6246337890625,0.11687535792589188,2139.0454246007994
40.108639500000095,45,A2,1107.6246337890625,0.11687535792589188,2139.0454246007994
40.5977692500001,64,E4,994.4054565429688,0.09378521144390106,1846.6811488017588
40.5977692500001,61,C#4,994.4054565429688,0.09378521144390106,1846.6811488017588
40.5977692500001,57,A3,994.4054565429688,0.09378521144390106,1846.6811488017588
40.5977692500001,52,E3,994.4054565429688,0.09378521144390106,1846.6811488017588
40.5977692500001,45,A2,994.4054565429688,0.09378521144390106,1846.6811488017588
40.7608125000001,62,D4,738.3244018554688,0.14160330593585968,2223.225790089568
40.9238557500001,64,E4,891.0091552734375,0.1081436350941658,2655.46156351262
40.9238557500001,61,C#4,891.0091552734375,0.1081436350941658,2655.46156351262
40.9238557500001,57,A3,891.0091552734375,0.1081436350941658,2655.46156351262
40.9238557500001,52,E3,891.0091552734375,0.1081436350941658,2655.46156351262
40.9238557500001,45,A2,891.0091552734375,0.1081436350941658,2655.46156351262
41.0053773750001,66,F#4,902.2781982421875,0.14630763232707977,4890.726426117753
41.0868990000001,61,C#4,1001.2124633789062,0.1513538658618927,3274.0653053003125
41.0868990000001,64,E4,1001.2124633789062,0.1513538658618927,3274.0653053003125
41.0868990000001,61,C#4,1001.2124633789062,0.1513538658618927,3274.0653053003125
41.0868990000001,57,A3,1001.2124633789062,0.1513538658618927,3274.0653053003125
41.0868990000001,52,E3,1001.2124633789062,0.1513538658618927,3274.0653053003125
41.0868990000001,45,A2,1001.2124633789062,0.1513538658618927,3274.0653053003125
41.2499422500001,59,B3,996.9083251953125,0.1183755025267601,2289.389993762011
41.2499422500001,64,E4,996.9083251953125,0.1183755025267601,2289.389993762011
41.2499422500001,61,C#4,996.9083251953125,0.1183755025267601,2289.389993762011
41.2499422500001,57,A3,996.9083251953125,0.1183755025267601,2289.389993762011
41.2499422500001,52,E3,996.9083251953125,0.1183755025267601,2289.389993762011
41.2499422500001,45,A2,996.9083251953125,0.1183755025267601,2289.389993762011
41.412985500000104,59,B3,989.7801513671875,0.15835025906562805,2315.888209655228
41.412985500000104,64,E4,989.7801513671875,0.15835025906562805,2315.888209655228
41.412985500000104,61,C#4,989.7801513671875,0.15835025906562805,2315.888209655228
41.412985500000104,57,A3,989.7801513671875,0.15835025906562805,2315.888209655228
41.412985500000104,52,E3,989.7801513671875,0.15835025906562805,2315.888209655228
41.412985500000104,45,A2,989.7801513671875,0.15835025906562805,2315.888209655228
41.576028750000106,64,E4,1025.7830810546875,0.09963544458150864,2687.9680536384267
41.576028750000106,61,C#4,1025.7830810546875,0.09963544458150864,2687.9680536384267
41.576028750000106,57,A3,1025.7830810546875,0.09963544458150864,2687.9680536384267
41.576028750000106,52,E3,1025.7830810546875,0.09963544458150864,2687.9680536384267
41.576028750000106,45,A2,1025.7830810546875,0.09963544458150864,2687.9680536384267
41.73907200000011,59,B3,1099.6624755859375,0.15983641147613525,1991.444993276917
41.73907200000011,66,F#4,1099.6624755859375,0.15983641147613525,1991.444993276917
41.73907200000011,62,D4,1099.6624755859375,0.15983641147613525,1991.444993276917
41.73907200000011,59,B3,1099.6624755859375,0.15983641147613525,1991.444993276917
41.73907200000011,54,F#3,1099.6624755859375,0.15983641147613525,1991.444993276917
41.73907200000011,47,B2,1099.6624755859375,0.15983641147613525,1991.444993276917
42.06515850000011,59,B3,982.7481689453125,0.12090148776769638,1840.8210677161837
42.22820175000011,66,F#4,1114.526611328125,0.11995746195316315,2295.5175270629775
42.22820175000011,62,D4,1114.526611328125,0.11995746195316315,2295.5175270629775
42.22820175000011,59,B3,1114.526611328125,0.11995746195316315,2295.5175270629775
42.22820175000011,54,F#3,1114.526611328125,0.11995746195316315,2295.5175270629775
42.22820175000011,47,B2,1114.526611328125,0.11995746195316315,2295.5175270629775
42.39124500000011,54,F#3,1140.0186767578125,0.1503719538450241,3056.455223095926
42.55428825000011,57,A3,1132.7271728515625,0.12325746566057205,1977.5018278753214
42.717331500000114,47,B2,1130.7734375,0.14167669415473938,2146.0890197718063
42.717331500000114,66,F#4,1130.7734375,0.14167669415473938,2146.0890197718063
42.717331500000114,62,D4,1130.7734375,0.14167669415473938,2146.0890197718063
42.717331500000114,59,B3,1130.7734375,0.14167669415473938,2146.0890197718063
42.717331500000114,54,F#3,1130.7734375,0.14167669415473938,2146.0890197718063
42.717331500000114,47,B2,1130.7734375,0.14167669415473938,2146.0890197718063
43.20646125000012,59,B3,744.62841796875,0.14863699674606323,1897.4311017268346
43.36950450000012,61,C#4,1129.886962890625,0.17338798940181732,2147.436201492931
43.36950450000012,57,A3,1129.886962890625,0.17338798940181732,2147.436201492931
43.36950450000012,52,E3,1129.886962890625,0.17338798940181732,2147.436201492931
43.36950450000012,45,A2,1129.886962890625,0.17338798940181732,2147.436201492931
43.36950450000012,64,E4,1129.886962890625,0.17338798940181732,2147.436201492931
43.36950450000012,61,C#4,1129.886962890625,0.17338798940181732,2147.436201492931
43.36950450000012,57,A3,1129.886962890625,0.17338798940181732,2147.436201492931
43.36950450000012,52,E3,1129.886962890625,0.17338798940181732,2147.436201492931
43.36950450000012,45,A2,1129.886962890625,0.17338798940181732,2147.436201492931
43.69559100000012,61,C#4,1137.67724609375,0.16625547409057617,2992.4170616038004
43.69559100000012,57,A3,1137.67724609375,0.16625547409057617,2992.4170616038004
43.69559100000012,52,E3,1137.67724609375,0.16625547409057617,2992.4170616038004
43.69559100000012,45,A2,1137.67724609375,0.16625547409057617,2992.4170616038004
43.69559100000012,64,E4,1137.67724609375,0.16625547409057617,2992.4170616038004
43.69559100000012,61,C#4,1137.67724609375,0.16625547409057617,2992.4170616038004
43.69559100000012,57,A3,1137.67724609375,0.16625547409057617,2992.4170616038004
43.69559100000012,52,E3,1137.67724609375,0.16625547409057617,2992.4170616038004
43.69559100000012,45,A2,1137.67724609375,0.16625547409057617,2992.4170616038004
44.02167750000012,62,D4,1164.8084716796875,0.15583735704421997,2794.2035999860154
44.02167750000012,57,A3,1164.8084716796875,0.15583735704421997,2794.2035999860154
44.02167750000012,50,D3,1164.8084716796875,0.15583735704421997,2794.2035999860154
44.02167750000012,66,F#4,1164.8084716796875,0.15583735704421997,2794.2035999860154
44.02167750000012,62,D4,1164.8084716796875,0.15583735704421997,2794.2035999860154
44.02167750000012,57,A3,1164.8084716796875,0.15583735704421997,2794.2035999860154
44.02167750000012,50,D3,1164.8084716796875,0.15583735704421997,2794.2035999860154
44.347764000000126,62,D4,1191.4576416015625,0.17415107786655426,2438.0617680668483
44.347764000000126,62,D4,1191.4576416015625,0.17415107786655426,2438.0617680668483
44.347764000000126,57,A3,1191.4576416015625,0.17415107786655426,2438.0617680668483
44.347764000000126,50,D3,1191.4576416015625,0.17415107786655426,2438.0617680668483
44.347764000000126,66,F#4,1191.4576416015625,0.17415107786655426,2438.0617680668483
44.347764000000126,62,D4,1191.4576416015625,0.17415107786655426,2438.0617680668483
44.347764000000126,57,A3,1191.4576416015625,0.17415107786655426,2438.0617680668483
44.347764000000126,50,D3,1191.4576416015625,0.17415107786655426,2438.0617680668483
44.83689375000013,66,F#4,1181.5694580078125,0.1481975018978119,2390.0486485984625
44.83689375000013,62,D4,1181.5694580078125,0.1481975018978119,2390.0486485984625
44.83689375000013,57,A3,1181.5694580078125,0.1481975018978119,2390.0486485984625
44.83689375000013,50,D3,1181.5694580078125,0.1481975018978119,2390.0486485984625
44.99993700000013,66,F#4,1044.9891357421875,0.17913596332073212,2956.225699272118
45.16298025000013,66,F#4,1113.514404296875,0.1505342572927475,2577.3924012540565
45.16298025000013,62,D4,1113.514404296875,0.1505342572927475,2577.3924012540565
45.16298025000013,57,A3,1113.514404296875,0.1505342572927475,2577.3924012540565
45.16298025000013,50,D3,1113.514404296875,0.1505342572927475,2577.3924012540565
45.32602350000013,66,F#4,1105.076904296875,0.167453333735466,2259.1844025160376
45.32602350000013,62,D4,1105.076904296875,0.167453333735466,2259.1844025160376
45.32602350000013,57,A3,1105.076904296875,0.167453333735466,2259.1844025160376
45.32602350000013,50,D3,1105.076904296875,0.167453333735466,2259.1844025160376
45.97819650000014,62,D4,1172.8636474609375,0.15844832360744476,1704.0044473927032
45.97819650000014,67,G4,1172.8636474609375,0.15844832360744476,1704.0044473927032
45.97819650000014,62,D4,1172.8636474609375,0.15844832360744476,1704.0044473927032
45.97819650000014,55,G3,1172.8636474609375,0.15844832360744476,1704.0044473927032
45.97819650000014,50,D3,1172.8636474609375,0.15844832360744476,1704.0044473927032
45.97819650000014,47,B2,1172.8636474609375,0.15844832360744476,1704.0044473927032
45.97819650000014,43,G2,1172.8636474609375,0.15844832360744476,1704.0044473927032
46.30428300000014,62,D4,1198.0750732421875,0.1500852257013321,2928.9048583861522
46.30428300000014,55,G3,1198.0750732421875,0.1500852257013321,2928.9048583861522
46.30428300000014,50,D3,1198.0750732421875,0.1500852257013321,2928.9048583861522
46.30428300000014,43,G2,1198.0750732421875,0.1500852257013321,2928.9048583861522
46.30428300000014,67,G4,1198.0750732421875,0.1500852257013321,2928.9048583861522
46.30428300000014,62,D4,1198.0750732421875,0.1500852257013321,2928.9048583861522
46.30428300000014,55,G3,1198.0750732421875,0.1500852257013321,2928.9048583861522
46.30428300000014,50,D3,1198.0750732421875,0.1500852257013321,2928.9048583861522
46.30428300000014,47,B2,1198.0750732421875,0.1500852257013321,2928.9048583861522
46.30428300000014,43,G2,1198.0750732421875,0.1500852257013321,2928.9048583861522
46.63036950000014,64,E4,1163.8310546875,0.16996251046657562,1989.5168911662845
46.63036950000014,64,E4,1163.8310546875,0.16996251046657562,1989.5168911662845
46.63036950000014,61,C#4,1163.8310546875,0.16996251046657562,1989.5168911662845
46.63036950000014,57,A3,1163.8310546875,0.16996251046657562,1989.5168911662845
46.63036950000014,52,E3,1163.8310546875,0.16996251046657562,1989.5168911662845
46.63036950000014,45,A2,1163.8310546875,0.16996251046657562,1989.5168911662845
46.956456000000145,64,E4,993.9898071289062,0.16163332760334015,2068.6985113590385
46.956456000000145,57,A3,993.9898071289062,0.16163332760334015,2068.6985113590385
46.956456000000145,52,E3,993.9898071289062,0.16163332760334015,2068.6985113590385
46.956456000000145,45,A2,993.9898071289062,0.16163332760334015,2068.6985113590385
46.956456000000145,64,E4,993.9898071289062,0.16163332760334015,2068.6985113590385
46.956456000000145,61,C#4,993.9898071289062,0.16163332760334015,2068.6985113590385
46.956456000000145,57,A3,993.9898071289062,0.16163332760334015,2068.6985113590385
46.956456000000145,52,E3,993.9898071289062,0.16163332760334015,2068.6985113590385
46.956456000000145,45,A2,993.9898071289062,0.16163332760334015,2068.6985113590385
47.44558575000015,64,E4,989.6783447265625,0.14335164427757263,2240.082557184648
47.44558575000015,61,C#4,989.6783447265625,0.14335164427757263,2240.082557184648
47.44558575000015,57,A3,989.6783447265625,0.14335164427757263,2240.082557184648
47.44558575000015,52,E3,989.6783447265625,0.14335164427757263,2240.082557184648
47.44558575000015,45,A2,989.6783447265625,0.14335164427757263,2240.082557184648
47.77167225000015,64,E4,989.6270751953125,0.10649999231100082,2153.944136843068
47.77167225000015,61,C#4,989.6270751953125,0.10649999231100082,2153.944136843068
47.77167225000015,57,A3,989.6270751953125,0.10649999231100082,2153.944136843068
47.77167225000015,52,E3,989.6270751953125,0.10649999231100082,2153.944136843068
47.77167225000015,45,A2,989.6270751953125,0.10649999231100082,2153.944136843068
47.93471550000015,64,E4,998.90771484375,0.11333448439836502,2026.517958034345
47.93471550000015,61,C#4,998.90771484375,0.11333448439836502,2026.517958034345
47.93471550000015,57,A3,998.90771484375,0.11333448439836502,2026.517958034345
47.93471550000015,52,E3,998.90771484375,0.11333448439836502,2026.517958034345
47.93471550000015,45,A2,998.90771484375,0.11333448439836502,2026.517958034345
48.423845250000156,55,G3,894.4218139648438,0.1178460642695427,1866.7937505840082
48.423845250000156,50,D3,894.4218139648438,0.1178460642695427,1866.7937505840082
48.423845250000156,43,G2,894.4218139648438,0.1178460642695427,1866.7937505840082
48.423845250000156,67,G4,894.4218139648438,0.1178460642695427,1866.7937505840082
48.423845250000156,62,D4,894.4218139648438,0.1178460642695427,1866.7937505840082
48.423845250000156,55,G3,894.4218139648438,0.1178460642695427,1866.7937505840082
48.423845250000156,50,D3,894.4218139648438,0.1178460642695427,1866.7937505840082
48.423845250000156,47,B2,894.4218139648438,0.1178460642695427,1866.7937505840082
48.423845250000156,43,G2,894.4218139648438,0.1178460642695427,1866.7937505840082
48.58688850000016,62,D4,1192.2174072265625,0.17521579563617706,1853.2653338648124
48.58688850000016,55,G3,1192.2174072265625,0.17521579563617706,1853.2653338648124
48.58688850000016,50,D3,1192.2174072265625,0.17521579563617706,1853.2653338648124
48.58688850000016,43,G2,1192.2174072265625,0.17521579563617706,1853.2653338648124
48.58688850000016,67,G4,1192.2174072265625,0.17521579563617706,1853.2653338648124
48.58688850000016,62,D4,1192.2174072265625,0.17521579563617706,1853.2653338648124
48.58688850000016,55,G3,1192.2174072265625,0.17521579563617706,1853.2653338648124
48.58688850000016,50,D3,1192.2174072265625,0.17521579563617706,1853.2653338648124
48.58688850000016,47,B2,1192.2174072265625,0.17521579563617706,1853.2653338648124
48.58688850000016,43,G2,1192.2174072265625,0.17521579563617706,1853.2653338648124
48.74993175000016,62,D4,1194.3388671875,0.12252527475357056,1771.5642019474653
48.91297500000016,62,D4,1189.652099609375,0.18368850648403168,3011.8359950195536
48.91297500000016,55,G3,1189.652099609375,0.18368850648403168,3011.8359950195536
48.91297500000016,50,D3,1189.652099609375,0.18368850648403168,3011.8359950195536
48.91297500000016,43,G2,1189.652099609375,0.18368850648403168,3011.8359950195536
48.91297500000016,67,G4,1189.652099609375,0.18368850648403168,3011.8359950195536
48.91297500000016,62,D4,1189.652099609375,0.18368850648403168,3011.8359950195536
48.91297500000016,55,G3,1189.652099609375,0.18368850648403168,3011.8359950195536
48.91297500000016,50,D3,1189.652099609375,0.18368850648403168,3011.8359950195536
48.91297500000016,47,B2,1189.652099609375,0.18368850648403168,3011.8359950195536
48.91297500000016,43,G2,1189.652099609375,0.18368850648403168,3011.8359950195536
49.23906150000016,62,D4,1184.2606201171875,0.17194022238254547,2051.9846443243428
49.23906150000016,57,A3,1184.2606201171875,0.17194022238254547,2051.9846443243428
49.23906150000016,52,E3,1184.2606201171875,0.17194022238254547,2051.9846443243428
49.23906150000016,45,A2,1184.2606201171875,0.17194022238254547,2051.9846443243428
49.23906150000016,64,E4,1184.2606201171875,0.17194022238254547,2051.9846443243428
49.23906150000016,61,C#4,1184.2606201171875,0.17194022238254547,2051.9846443243428
49.23906150000016,57,A3,1184.2606201171875,0.17194022238254547,2051.9846443243428
49.23906150000016,52,E3,1184.2606201171875,0.17194022238254547,2051.9846443243428
49.23906150000016,45,A2,1184.2606201171875,0.17194022238254547,2051.9846443243428
49.40210475000016,64,E4,1109.76953125,0.13576260209083557,2156.52356241613
49.565148000000164,64,E4,1162.4149169921875,0.16338621079921722,2779.3912599240575
49.565148000000164,57,A3,1162.4149169921875,0.16338621079921722,2779.3912599240575
49.565148000000164,52,E3,1162.4149169921875,0.16338621079921722,2779.3912599240575
49.565148000000164,45,A2,1162.4149169921875,0.16338621079921722,2779.3912599240575
49.565148000000164,64,E4,1162.4149169921875,0.16338621079921722,2779.3912599240575
49.565148000000164,61,C#4,1162.4149169921875,0.16338621079921722,2779.3912599240575
49.565148000000164,57,A3,1162.4149169921875,0.16338621079921722,2779.3912599240575
49.565148000000164,52,E3,1162.4149169921875,0.16338621079921722,2779.3912599240575
49.565148000000164,45,A2,1162.4149169921875,0.16338621079921722,2779.3912599240575
50.05427775000017,64,E4,1118.517822265625,0.12732085585594177,2540.0632544841533
50.05427775000017,61,C#4,1118.517822265625,0.12732085585594177,2540.0632544841533
50.05427775000017,57,A3,1118.517822265625,0.12732085585594177,2540.0632544841533
50.05427775000017,52,E3,1118.517822265625,0.12732085585594177,2540.0632544841533
50.05427775000017,45,A2,1118.517822265625,0.12732085585594177,2540.0632544841533
50.21732100000017,61,C#4,1162.946533203125,0.17360542714595795,3054.2255564669263
50.38036425000017,59,B3,990.6802368164062,0.14021016657352448,2263.6270969065567
50.38036425000017,64,E4,990.6802368164062,0.14021016657352448,2263.6270969065567
50.38036425000017,61,C#4,990.6802368164062,0.14021016657352448,2263.6270969065567
50.38036425000017,57,A3,990.6802368164062,0.14021016657352448,2263.6270969065567
50.38036425000017,52,E3,990.6802368164062,0.14021016657352448,2263.6270969065567
50.38036425000017,45,A2,990.6802368164062,0.14021016657352448,2263.6270969065567
50.54340750000017,57,A3,1173.4857177734375,0.13561511039733887,1978.3605271602444
50.54340750000017,64,E4,1173.4857177734375,0.13561511039733887,1978.3605271602444
50.54340750000017,61,C#4,1173.4857177734375,0.13561511039733887,1978.3605271602444
50.54340750000017,57,A3,1173.4857177734375,0.13561511039733887,1978.3605271602444
50.54340750000017,52,E3,1173.4857177734375,0.13561511039733887,1978.3605271602444
50.54340750000017,45,A2,1173.4857177734375,0.13561511039733887,1978.3605271602444
51.032537250000175,64,E4,997.504638671875,0.11560869216918945,1484.7348553937672
51.032537250000175,61,C#4,997.504638671875,0.11560869216918945,1484.7348553937672
51.032537250000175,57,A3,997.504638671875,0.11560869216918945,1484.7348553937672
51.032537250000175,52,E3,997.504638671875,0.11560869216918945,1484.7348553937672
51.032537250000175,45,A2,997.504638671875,0.11560869216918945,1484.7348553937672
51.195580500000176,66,F#4,1157.9666748046875,0.1536780744791031,1919.6164589641803
51.195580500000176,64,E4,1157.9666748046875,0.1536780744791031,1919.6164589641803
51.195580500000176,61,C#4,1157.9666748046875,0.1536780744791031,1919.6164589641803
51.195580500000176,57,A3,1157.9666748046875,0.1536780744791031,1919.6164589641803
51.195580500000176,52,E3,1157.9666748046875,0.1536780744791031,1919.6164589641803
51.195580500000176,45,A2,1157.9666748046875,0.1536780744791031,1919.6164589641803
51.52166700000018,64,E4,1188.27392578125,0.1553165316581726,2695.0253725228563
51.52166700000018,57,A3,1188.27392578125,0.1553165316581726,2695.0253725228563
51.52166700000018,52,E3,1188.27392578125,0.1553165316581726,2695.0253725228563
51.52166700000018,45,A2,1188.27392578125,0.1553165316581726,2695.0253725228563
51.52166700000018,64,E4,1188.27392578125,0.1553165316581726,2695.0253725228563
51.52166700000018,61,C#4,1188.27392578125,0.1553165316581726,2695.0253725228563
51.52166700000018,57,A3,1188.27392578125,0.1553165316581726,2695.0253725228563
51.52166700000018,52,E3,1188.27392578125,0.1553165316581726,2695.0253725228563
51.52166700000018,45,A2,1188.27392578125,0.1553165316581726,2695.0253725228563
51.68471025000018,62,D4,999.272216796875,0.16356505453586578,1912.8953165729022
51.84775350000018,62,D4,1175.1146240234375,0.15585267543792725,1769.335763894218
51.84775350000018,64,E4,1175.1146240234375,0.15585267543792725,1769.335763894218
51.84775350000018,61,C#4,1175.1146240234375,0.15585267543792725,1769.335763894218
51.84775350000018,57,A3,1175.1146240234375,0.15585267543792725,1769.335763894218
51.84775350000018,52,E3,1175.1146240234375,0.15585267543792725,1769.335763894218
51.84775350000018,45,A2,1175.1146240234375,0.15585267543792725,1769.335763894218
52.17384000000018,62,D4,1185.2635498046875,0.14367498457431793,2393.2952139619197
52.17384000000018,55,G3,1185.2635498046875,0.14367498457431793,2393.2952139619197
52.17384000000018,50,D3,1185.2635498046875,0.14367498457431793,2393.2952139619197
52.17384000000018,43,G2,1185.2635498046875,0.14367498457431793,2393.2952139619197
52.17384000000018,67,G4,1185.2635498046875,0.14367498457431793,2393.2952139619197
52.17384000000018,62,D4,1185.2635498046875,0.14367498457431793,2393.2952139619197
52.17384000000018,55,G3,1185.2635498046875,0.14367498457431793,2393.2952139619197
52.17384000000018,50,D3,1185.2635498046875,0.14367498457431793,2393.2952139619197
52.17384000000018,47,B2,1185.2635498046875,0.14367498457431793,2393.2952139619197
52.17384000000018,43,G2,1185.2635498046875,0.14367498457431793,2393.2952139619197
53.80427250000018,57,A3,1146.2469482421875,0.1544986069202423,2097.4886896702355
54.13035900000018,57,A3,1110.856689453125,0.1887570321559906,2676.6889822494077
54.456445500000186,57,A3,1099.3629150390625,0.18995295464992523,2665.2340429046094
54.61948875000019,59,B3,960.8793334960938,0.16419684886932373,2572.5293815176183
54.78253200000019,59,B3,1118.56494140625,0.16993935406208038,2683.966511190405
54.78253200000019,59,B3,1118.56494140625,0.16993935406208038,2683.966511190405
54.78253200000019,54,F#3,1118.56494140625,0.16993935406208038,2683.966511190405
54.78253200000019,47,B2,1118.56494140625,0.16993935406208038,2683.966511190405
55.27166175000019,57,A3,1113.5068359375,0.1592562049627304,2618.784222083559
55.27166175000019,52,E3,1113.5068359375,0.1592562049627304,2618.784222083559
55.27166175000019,45,A2,1113.5068359375,0.1592562049627304,2618.784222083559
55.760791500000195,59,B3,1187.204833984375,0.09200840443372726,2584.445143357014
55.760791500000195,54,F#3,1187.204833984375,0.09200840443372726,2584.445143357014
55.760791500000195,47,B2,1187.204833984375,0.09200840443372726,2584.445143357014
56.4129645000002,59,B3,1175.67529296875,0.16116249561309814,2130.8227785164718
56.7390510000002,59,B3,1160.986083984375,0.11685576289892197,2863.9936910130864
57.065137500000205,59,B3,1025.6634521484375,0.1376628428697586,2599.246264401089
57.228180750000206,62,D4,901.9713745117188,0.18594825267791748,2428.0538888334495
57.39122400000021,62,D4,1181.3544921875,0.18372827768325806,2339.584855865193
57.39122400000021,55,G3,1181.3544921875,0.18372827768325806,2339.584855865193
57.39122400000021,50,D3,1181.3544921875,0.18372827768325806,2339.584855865193
57.39122400000021,43,G2,1181.3544921875,0.18372827768325806,2339.584855865193
57.88035375000021,54,F#3,1187.107421875,0.22180750966072083,2552.8854784653213
57.88035375000021,50,D3,1187.107421875,0.22180750966072083,2552.8854784653213
57.88035375000021,42,F#2,1187.107421875,0.22180750966072083,2552.8854784653213
58.369483500000214,55,G3,1171.3590087890625,0.09343667328357697,2510.4912424495897
58.369483500000214,50,D3,1171.3590087890625,0.09343667328357697,2510.4912424495897
58.369483500000214,43,G2,1171.3590087890625,0.09343667328357697,2510.4912424495897
59.02165650000022,62,D4,1185.8458251953125,0.1475280523300171,2091.169648720588
59.34774300000022,62,D4,1161.03564453125,0.15597327053546906,2796.568767213679
59.673829500000224,62,D4,894.5628051757812,0.11121045053005219,2694.4507776128894
59.836872750000225,64,E4,1053.3326416015625,0.17118346691131592,2699.944709068895
59.999916000000226,64,E4,1001.2562255859375,0.16246269643306732,2611.3766470784913
59.999916000000226,57,A3,1001.2562255859375,0.16246269643306732,2611.3766470784913
59.999916000000226,52,E3,1001.2562255859375,0.16246269643306732,2611.3766470784913
59.999916000000226,45,A2,1001.2562255859375,0.16246269643306732,2611.3766470784913
60.48904575000023,43,G2,1186.21044921875,0.17627035081386566,2669.963463000822
60.97817550000023,57,A3,1113.868408203125,0.09016670286655426,2625.1469853147146
60.97817550000023,52,E3,1113.868408203125,0.09016670286655426,2625.1469853147146
60.97817550000023,45,A2,1113.868408203125,0.09016670286655426,2625.1469853147146
61.46730525000024,59,B3,1143.4793701171875,0.1301945149898529,2579.013930498497
61.63034850000024,62,D4,1197.417236328125,0.13962705433368683,2155.3044666129813
61.95643500000024,61,C#4,1157.4036865234375,0.14075741171836853,2738.3398238683653
62.11947825000024,59,B3,1112.477294921875,0.1161070317029953,2650.981123420751
62.28252150000024,59,B3,1128.8284912109375,0.07512560486793518,2639.142808214023
62.608608000000245,59,B3,1159.0106201171875,0.12349079549312592,2274.4115028989045
62.608608000000245,59,B3,1159.0106201171875,0.12349079549312592,2274.4115028989045
62.608608000000245,54,F#3,1159.0106201171875,0.12349079549312592,2274.4115028989045
62.608608000000245,47,B2,1159.0106201171875,0.12349079549312592,2274.4115028989045
63.09773775000025,59,B3,1198.855712890625,0.18712575733661652,3084.965072414977
63.09773775000025,54,F#3,1198.855712890625,0.18712575733661652,3084.965072414977
63.09773775000025,47,B2,1198.855712890625,0.18712575733661652,3084.965072414977
63.58686750000025,57,A3,1108.792724609375,0.12646719813346863,2409.625923532364
63.58686750000025,52,E3,1108.792724609375,0.12646719813346863,2409.625923532364
63.58686750000025,45,A2,1108.792724609375,0.12646719813346863,2409.625923532364
64.23904050000026,64,E4,1185.9801025390625,0.18043915927410126,2344.3939898406315
64.23904050000026,61,C#4,1185.9801025390625,0.18043915927410126,2344.3939898406315
64.23904050000026,57,A3,1185.9801025390625,0.18043915927410126,2344.3939898406315
64.56512700000026,64,E4,1172.8258056640625,0.18310001492500305,2582.450947206529
64.56512700000026,61,C#4,1172.8258056640625,0.18310001492500305,2582.450947206529
64.56512700000026,57,A3,1172.8258056640625,0.18310001492500305,2582.450947206529
64.89121350000026,64,E4,1114.203369140625,0.1620301604270935,2771.1651291297094
64.89121350000026,61,C#4,1114.203369140625,0.1620301604270935,2771.1651291297094
64.89121350000026,57,A3,1114.203369140625,0.1620301604270935,2771.1651291297094
65.05425675000026,64,E4,1177.129150390625,0.2032250463962555,2636.101047447626
65.05425675000026,61,C#4,1177.129150390625,0.2032250463962555,2636.101047447626
65.05425675000026,57,A3,1177.129150390625,0.2032250463962555,2636.101047447626
65.21730000000026,66,F#4,1153.49560546875,0.19577287137508392,2684.1415193253333
65.21730000000026,62,D4,1153.49560546875,0.19577287137508392,2684.1415193253333
65.21730000000026,59,B3,1153.49560546875,0.19577287137508392,2684.1415193253333
65.21730000000026,59,B3,1153.49560546875,0.19577287137508392,2684.1415193253333
65.21730000000026,54,F#3,1153.49560546875,0.19577287137508392,2684.1415193253333
65.21730000000026,47,B2,1153.49560546875,0.19577287137508392,2684.1415193253333
65.70642975000027,57,A3,1199.187744140625,0.18277500569820404,3133.904750605366
65.70642975000027,52,E3,1199.187744140625,0.18277500569820404,3133.904750605366
65.70642975000027,45,A2,1199.187744140625,0.18277500569820404,3133.904750605366
65.70642975000027,59,B3,1199.187744140625,0.18277500569820404,3133.904750605366
66.03251625000027,57,A3,1191.639404296875,0.1297469586133957,2799.5613640378324
66.19555950000027,59,B3,1171.8480224609375,0.09797671437263489,2810.526364171651
66.19555950000027,54,F#3,1171.8480224609375,0.09797671437263489,2810.526364171651
66.19555950000027,47,B2,1171.8480224609375,0.09797671437263489,2810.526364171651
66.19555950000027,59,B3,1171.8480224609375,0.09797671437263489,2810.526364171651
66.84773250000028,62,D4,1160.4083251953125,0.19510416686534882,2210.4918475504855
66.84773250000028,59,B3,1160.4083251953125,0.19510416686534882,2210.4918475504855
66.84773250000028,57,A3,1160.4083251953125,0.19510416686534882,2210.4918475504855
67.17381900000028,59,B3,1185.213623046875,0.16854327917099,2744.0595266442433
67.17381900000028,57,A3,1185.213623046875,0.16854327917099,2744.0595266442433
67.17381900000028,62,D4,1185.213623046875,0.16854327917099,2744.0595266442433
67.49990550000028,66,F#4,1166.88134765625,0.17776988446712494,2566.847814780606
67.49990550000028,62,D4,1166.88134765625,0.17776988446712494,2566.847814780606
67.49990550000028,59,B3,1166.88134765625,0.17776988446712494,2566.847814780606
67.66294875000028,67,G4,1170.8875732421875,0.20801293849945068,2692.5850319889278
67.82599200000028,67,G4,1173.88525390625,0.20262961089611053,2533.466457021098
67.82599200000028,62,D4,1173.88525390625,0.20262961089611053,2533.466457021098
67.82599200000028,59,B3,1173.88525390625,0.20262961089611053,2533.466457021098
67.82599200000028,55,G3,1173.88525390625,0.20262961089611053,2533.466457021098
67.82599200000028,50,D3,1173.88525390625,0.20262961089611053,2533.466457021098
67.82599200000028,43,G2,1173.88525390625,0.20262961089611053,2533.466457021098
68.31512175000029,54,F#3,1183.2716064453125,0.20182712376117706,3117.0579668497194
68.31512175000029,50,D3,1183.2716064453125,0.20182712376117706,3117.0579668497194
68.31512175000029,42,F#2,1183.2716064453125,0.20182712376117706,3117.0579668497194
68.31512175000029,62,D4,1183.2716064453125,0.20182712376117706,3117.0579668497194
68.64120825000029,64,E4,1151.1968994140625,0.11793695390224457,2783.7003459453686
68.80425150000029,55,G3,1176.9840087890625,0.11303547769784927,2665.3185996267525
68.80425150000029,50,D3,1176.9840087890625,0.11303547769784927,2665.3185996267525
68.80425150000029,43,G2,1176.9840087890625,0.11303547769784927,2665.3185996267525
68.80425150000029,59,B3,1176.9840087890625,0.11303547769784927,2665.3185996267525
69.4564245000003,67,G4,1195.228515625,0.19030794501304626,2461.8732209874893
69.4564245000003,62,D4,1195.228515625,0.19030794501304626,2461.8732209874893
69.4564245000003,59,B3,1195.228515625,0.19030794501304626,2461.8732209874893
69.7825110000003,67,G4,1170.6605224609375,0.20408199727535248,2772.342321235934
69.7825110000003,59,B3,1170.6605224609375,0.20408199727535248,2772.342321235934
69.7825110000003,62,D4,1170.6605224609375,0.20408199727535248,2772.342321235934
70.1085975000003,67,G4,1164.1282958984375,0.18595848977565765,2750.989749322235
70.1085975000003,59,B3,1164.1282958984375,0.18595848977565765,2750.989749322235
70.1085975000003,62,D4,1164.1282958984375,0.18595848977565765,2750.989749322235
70.2716407500003,69,A4,1114.0616455078125,0.2242521345615387,2772.159045836199
70.2716407500003,64,E4,1114.0616455078125,0.2242521345615387,2772.159045836199
70.2716407500003,61,C#4,1114.0616455078125,0.2242521345615387,2772.159045836199
70.4346840000003,69,A4,1137.44921875,0.20531320571899414,2682.9617012791155
70.4346840000003,64,E4,1137.44921875,0.20531320571899414,2682.9617012791155
70.4346840000003,61,C#4,1137.44921875,0.20531320571899414,2682.9617012791155
70.4346840000003,57,A3,1137.44921875,0.20531320571899414,2682.9617012791155
70.4346840000003,52,E3,1137.44921875,0.20531320571899414,2682.9617012791155
70.4346840000003,45,A2,1137.44921875,0.20531320571899414,2682.9617012791155
70.9238137500003,43,G2,1170.4339599609375,0.23228168487548828,3057.4055041665306
70.9238137500003,59,B3,1170.4339599609375,0.23228168487548828,3057.4055041665306
71.08685700000031,43,G2,1166.1893310546875,0.16196328401565552,2795.9880618615466
71.41294350000031,57,A3,1100.9033203125,0.1265082210302353,2612.429571601132
71.41294350000031,52,E3,1100.9033203125,0.1265082210302353,2612.429571601132
71.41294350000031,45,A2,1100.9033203125,0.1265082210302353,2612.429571601132
71.41294350000031,57,A3,1100.9033203125,0.1265082210302353,2612.429571601132
71.90207325000031,69,A4,1182.8565673828125,0.2057184875011444,2597.881876610585
71.90207325000031,64,E4,1182.8565673828125,0.2057184875011444,2597.881876610585
71.90207325000031,59,B3,1182.8565673828125,0.2057184875011444,2597.881876610585
72.06511650000031,69,A4,1150.3126220703125,0.19806405901908875,2360.134000474882
72.06511650000031,64,E4,1150.3126220703125,0.19806405901908875,2360.134000474882
72.06511650000031,62,D4,1150.3126220703125,0.19806405901908875,2360.134000474882
72.39120300000032,69,A4,1188.1231689453125,0.1945316642522812,2603.272201801671
72.39120300000032,64,E4,1188.1231689453125,0.1945316642522812,2603.272201801671
72.39120300000032,61,C#4,1188.1231689453125,0.1945316642522812,2603.272201801671
72.55424625000032,59,B3,1170.327392578125,0.16843873262405396,2538.7520815957632
72.71728950000032,66,F#4,1174.48193359375,0.10800735652446747,2516.381024624033
72.71728950000032,59,B3,1174.48193359375,0.10800735652446747,2516.381024624033
72.71728950000032,64,E4,1174.48193359375,0.10800735652446747,2516.381024624033
73.04337600000032,66,F#4,1194.304931640625,0.2111739218235016,2833.2703817072143
73.04337600000032,62,D4,1194.304931640625,0.2111739218235016,2833.2703817072143
73.04337600000032,59,B3,1194.304931640625,0.2111739218235016,2833.2703817072143
73.04337600000032,59,B3,1194.304931640625,0.2111739218235016,2833.2703817072143
73.04337600000032,54,F#3,1194.304931640625,0.2111739218235016,2833.2703817072143
73.04337600000032,47,B2,1194.304931640625,0.2111739218235016,2833.2703817072143
73.53250575000033,59,B3,1197.516357421875,0.20132100582122803,3229.270882097285
73.53250575000033,54,F#3,1197.516357421875,0.20132100582122803,3229.270882097285
73.53250575000033,47,B2,1197.516357421875,0.20132100582122803,3229.270882097285
74.02163550000033,57,A3,1109.0291748046875,0.12768962979316711,3379.9998527721127
74.02163550000033,52,E3,1109.0291748046875,0.12768962979316711,3379.9998527721127
74.02163550000033,45,A2,1109.0291748046875,0.12768962979316711,3379.9998527721127
74.67380850000033,59,B3,1109.5858154296875,0.1647190898656845,4823.551226237035
74.83685175000033,59,B3,1112.892578125,0.22179485857486725,2816.206506021358
74.99989500000034,59,B3,1178.12060546875,0.17713843286037445,2476.2366217305876
75.32598150000034,59,B3,1181.1072998046875,0.13173863291740417,2085.573018394152
75.48902475000034,62,D4,923.958984375,0.18088845908641815,2341.565765293394
75.65206800000034,59,B3,1123.838134765625,0.15936622023582458,2195.238803844292
75.65206800000034,54,F#3,1123.838134765625,0.15936622023582458,2195.238803844292
75.65206800000034,47,B2,1123.838134765625,0.15936622023582458,2195.238803844292
75.97815450000034,59,B3,1117.52099609375,0.17760106921195984,2114.311183374701
75.97815450000034,59,B3,1117.52099609375,0.17760106921195984,2114.311183374701
75.97815450000034,54,F#3,1117.52099609375,0.17760106921195984,2114.311183374701
75.97815450000034,47,B2,1117.52099609375,0.17760106921195984,2114.311183374701
76.14119775000034,57,A3,1077.0423583984375,0.19999201595783234,3427.4758480684463
76.30424100000035,54,F#3,907.531982421875,0.10464394092559814,3054.6714795645817
76.95641400000035,59,B3,990.0462646484375,0.13156887888908386,1742.7443591455972
76.95641400000035,54,F#3,990.0462646484375,0.13156887888908386,1742.7443591455972
76.95641400000035,47,B2,990.0462646484375,0.13156887888908386,1742.7443591455972
77.28250050000035,66,F#4,1185.13232421875,0.1570817530155182,2481.2053721822704
77.93467350000036,64,E4,1186.22607421875,0.12957417964935303,2301.572542052087
78.09771675000036,62,D4,1141.6744384765625,0.1961667686700821,2236.0209587256286
78.26076000000036,64,E4,1186.187255859375,0.17529968917369843,1978.5531075225008
78.26076000000036,55,G3,1186.187255859375,0.17529968917369843,1978.5531075225008
78.26076000000036,50,D3,1186.187255859375,0.17529968917369843,1978.5531075225008
78.26076000000036,43,G2,1186.187255859375,0.17529968917369843,1978.5531075225008
78.42380325000036,59,B3,1176.2108154296875,0.19748084247112274,2326.0851386870227
78.58684650000036,62,D4,1174.6763916015625,0.15629972517490387,1916.385009797758
78.58684650000036,55,G3,1174.6763916015625,0.15629972517490387,1916.385009797758
78.58684650000036,50,D3,1174.6763916015625,0.15629972517490387,1916.385009797758
78.58684650000036,43,G2,1174.6763916015625,0.15629972517490387,1916.385009797758
78.91293300000036,64,E4,579.3665161132812,0.07416030019521713,4061.452923032096
79.23901950000037,69,A4,1053.711669921875,0.02172178216278553,2881.4353402909865
79.56510600000037,55,G3,1174.8929443359375,0.1316433995962143,1813.5356606507507
79.56510600000037,50,D3,1174.8929443359375,0.1316433995962143,1813.5356606507507
79.56510600000037,43,G2,1174.8929443359375,0.1316433995962143,1813.5356606507507
79.72814925000037,59,B3,1181.52490234375,0.1300484985113144,2483.047731813833
79.89119250000037,62,D4,1170.66552734375,0.1320263296365738,1960.2194914886552
80.05423575000037,62,D4,597.566162109375,0.2056875228881836,3278.9804898868515
80.21727900000037,62,D4,942.3905639648438,0.14066995680332184,3184.3130392833727
80.38032225000038,62,D4,958.1659545898438,0.13149794936180115,2874.362633340639
80.54336550000038,64,E4,906.6672973632812,0.1304008811712265,2807.433675924026
80.86945200000038,64,E4,1165.0435791015625,0.16336636245250702,2581.2807392478567
80.86945200000038,57,A3,1165.0435791015625,0.16336636245250702,2581.2807392478567
80.86945200000038,52,E3,1165.0435791015625,0.16336636245250702,2581.2807392478567
80.86945200000038,45,A2,1165.0435791015625,0.16336636245250702,2581.2807392478567
81.19553850000038,57,A3,1106.4652099609375,0.12846076488494873,2226.2431725773067
81.19553850000038,52,E3,1106.4652099609375,0.12846076488494873,2226.2431725773067
81.19553850000038,45,A2,1106.4652099609375,0.12846076488494873,2226.2431725773067
81.52162500000038,66,F#4,1002.8436279296875,0.13862495124340057,3249.4612782478043
82.17379800000039,57,A3,991.4293823242188,0.14545881748199463,1804.397962937159
82.17379800000039,52,E3,991.4293823242188,0.14545881748199463,1804.397962937159
82.17379800000039,45,A2,991.4293823242188,0.14545881748199463,1804.397962937159
82.49988450000039,66,F#4,1106.823974609375,0.1160627007484436,2149.057866229705
82.66292775000039,66,F#4,1096.488037109375,0.1832105964422226,5060.120816956967
82.8259710000004,71,B4,1106.7777099609375,0.12986120581626892,3243.9307150005843
83.4781440000004,59,B3,739.7994384765625,0.14670978486537933,2231.2893586887885
83.4781440000004,54,F#3,739.7994384765625,0.14670978486537933,2231.2893586887885
83.4781440000004,47,B2,739.7994384765625,0.14670978486537933,2231.2893586887885
83.8042305000004,59,B3,805.1008911132812,0.1374198943376541,2140.44033883589
83.8042305000004,59,B3,805.1008911132812,0.1374198943376541,2140.44033883589
83.8042305000004,54,F#3,805.1008911132812,0.1374198943376541,2140.44033883589
83.8042305000004,47,B2,805.1008911132812,0.1374198943376541,2140.44033883589
83.9672737500004,59,B3,1172.2794189453125,0.18371176719665527,2523.494430433885
84.1303170000004,62,D4,1157.703125,0.14692026376724243,3047.994630470921
84.4564035000004,57,A3,1184.7799072265625,0.08723338693380356,2124.3958982225413
84.6194467500004,59,B3,1163.1802978515625,0.1561736911535263,2201.7907525478104
84.94553325000041,57,A3,1162.48828125,0.11727211624383926,2266.1668642675545
84.94553325000041,52,E3,1162.48828125,0.11727211624383926,2266.1668642675545
84.94553325000041,45,A2,1162.48828125,0.11727211624383926,2266.1668642675545
85.43466300000041,57,A3,1122.05810546875,0.14086949825286865,3238.3577312505836
85.43466300000041,52,E3,1122.05810546875,0.14086949825286865,3238.3577312505836
85.43466300000041,45,A2,1122.05810546875,0.14086949825286865,3238.3577312505836
85.76074950000041,66,F#4,1195.071044921875,0.130763977766037,2277.7657931313565
86.08683600000042,71,B4,1001.297119140625,0.1490773856639862,2397.0405238555045
86.08683600000042,59,B3,1001.297119140625,0.1490773856639862,2397.0405238555045
86.08683600000042,54,F#3,1001.297119140625,0.1490773856639862,2397.0405238555045
86.08683600000042,47,B2,1001.297119140625,0.1490773856639862,2397.0405238555045
86.41292250000042,71,B4,1119.951171875,0.1417868286371231,2379.8574719340245
86.41292250000042,59,B3,1119.951171875,0.1417868286371231,2379.8574719340245
86.41292250000042,54,F#3,1119.951171875,0.1417868286371231,2379.8574719340245
86.41292250000042,47,B2,1119.951171875,0.1417868286371231,2379.8574719340245
87.39118200000043,59,B3,1140.4169921875,0.1437135487794876,1928.1342034988857
87.39118200000043,54,F#3,1140.4169921875,0.1437135487794876,1928.1342034988857
87.39118200000043,47,B2,1140.4169921875,0.1437135487794876,1928.1342034988857
87.71726850000043,59,B3,1149.4822998046875,0.12577848136425018,2057.4950200986295
87.88031175000043,59,B3,1035.0377197265625,0.11367727071046829,2328.657424340129
88.04335500000043,59,B3,1057.9488525390625,0.15536083281040192,3523.2059729657813
88.36944150000043,59,B3,1003.1423950195312,0.1189776137471199,2827.7294449061865
88.69552800000044,62,D4,1172.792724609375,0.16736361384391785,2132.417318245772
88.69552800000044,55,G3,1172.792724609375,0.16736361384391785,2132.417318245772
88.69552800000044,50,D3,1172.792724609375,0.16736361384391785,2132.417318245772
88.69552800000044,43,G2,1172.792724609375,0.16736361384391785,2132.417318245772
89.02161450000044,55,G3,1191.455810546875,0.17398905754089355,2328.7392921352607
89.02161450000044,50,D3,1191.455810546875,0.17398905754089355,2328.7392921352607
89.02161450000044,43,G2,1191.455810546875,0.17398905754089355,2328.7392921352607
89.67378750000044,78,F#5,1173.9244384765625,0.05464355647563934,2788.604817510246
89.75530912500044,83,B5,952.3783569335938,0.05303482711315155,2797.565345790749
89.83683075000043,81,A5,1144.3221435546875,0.06407967209815979,2516.584915080163
89.99987400000043,55,G3,1047.0328369140625,0.16626572608947754,2188.836707844531
89.99987400000043,50,D3,1047.0328369140625,0.16626572608947754,2188.836707844531
89.99987400000043,43,G2,1047.0328369140625,0.16626572608947754,2188.836707844531
89.99987400000043,83,B5,1047.0328369140625,0.16626572608947754,2188.836707844531
90.65204700000044,64,E4,418.2785339355469,0.18346455693244934,4006.8984209165437
90.81509025000044,62,D4,1182.646484375,0.12837712466716766,2911.3044984891976
90.97813350000044,64,E4,1010.9920043945312,0.11685208976268768,3173.6634164234542
91.14117675000044,62,D4,1194.967529296875,0.10306770354509354,2889.7004219478954
91.14117675000044,55,G3,1194.967529296875,0.10306770354509354,2889.7004219478954
91.30422000000044,64,E4,826.2294311523438,0.19612707197666168,2406.4197430727654
91.30422000000044,57,A3,826.2294311523438,0.19612707197666168,2406.4197430727654
91.30422000000044,52,E3,826.2294311523438,0.19612707197666168,2406.4197430727654
91.30422000000044,45,A2,826.2294311523438,0.19612707197666168,2406.4197430727654
91.63030650000044,57,A3,943.8482055664062,0.15509456396102905,2526.534296958594
91.63030650000044,52,E3,943.8482055664062,0.15509456396102905,2526.534296958594
91.63030650000044,45,A2,943.8482055664062,0.15509456396102905,2526.534296958594
91.95639300000045,69,A4,781.5111694335938,0.2090224176645279,3776.7566062710157
92.60856600000045,57,A3,906.2640991210938,0.18933628499507904,2149.310824968865
92.60856600000045,52,E3,906.2640991210938,0.18933628499507904,2149.310824968865
92.60856600000045,45,A2,906.2640991210938,0.18933628499507904,2149.310824968865
92.93465250000045,71,B4,996.3298950195312,0.11112181842327118,2980.050322381524
93.91291200000046,59,B3,891.1311645507812,0.18883703649044037,2617.990052783397
93.91291200000046,59,B3,891.1311645507812,0.18883703649044037,2617.990052783397
93.91291200000046,54,F#3,891.1311645507812,0.18883703649044037,2617.990052783397
93.91291200000046,47,B2,891.1311645507812,0.18883703649044037,2617.990052783397
94.07595525000046,59,B3,927.4192504882812,0.1551918387413025,2095.6495083158943
94.23899850000046,59,B3,999.5757446289062,0.15432234108448029,2711.442930540036
94.23899850000046,59,B3,999.5757446289062,0.15432234108448029,2711.442930540036
94.23899850000046,54,F#3,999.5757446289062,0.15432234108448029,2711.442930540036
94.23899850000046,47,B2,999.5757446289062,0.15432234108448029,2711.442930540036
94.56508500000047,62,D4,670.7139892578125,0.19798824191093445,3501.3085277469245
94.89117150000047,59,B3,1184.22412109375,0.07536099851131439,3043.3166020064455
95.38030125000047,59,B3,1172.5316162109375,0.06547568738460541,2600.3202632774633
95.38030125000047,57,A3,1172.5316162109375,0.06547568738460541,2600.3202632774633
95.38030125000047,52,E3,1172.5316162109375,0.06547568738460541,2600.3202632774633
95.38030125000047,45,A2,1172.5316162109375,0.06547568738460541,2600.3202632774633
95.54334450000047,66,F#4,1001.0160522460938,0.17634673416614532,2903.1841217987944
95.54334450000047,57,A3,1001.0160522460938,0.17634673416614532,2903.1841217987944
95.54334450000047,52,E3,1001.0160522460938,0.17634673416614532,2903.1841217987944
95.54334450000047,45,A2,1001.0160522460938,0.17634673416614532,2903.1841217987944
95.86943100000047,64,E4,1139.9368896484375,0.1980782151222229,2612.743334733984
95.86943100000047,57,A3,1139.9368896484375,0.1980782151222229,2612.743334733984
95.86943100000047,52,E3,1139.9368896484375,0.1980782151222229,2612.743334733984
95.86943100000047,45,A2,1139.9368896484375,0.1980782151222229,2612.743334733984
96.19551750000048,62,D4,1165.76806640625,0.171300008893013,3921.732841414523
96.52160400000048,62,D4,1136.9512939453125,0.17788729071617126,3078.6368653704644
96.52160400000048,62,D4,1136.9512939453125,0.17788729071617126,3078.6368653704644
96.52160400000048,57,A3,1136.9512939453125,0.17788729071617126,3078.6368653704644
96.52160400000048,50,D3,1136.9512939453125,0.17788729071617126,3078.6368653704644
97.17377700000048,66,F#4,883.8258666992188,0.16322171688079834,3848.6207582811658
97.98899325000049,59,B3,1176.69873046875,0.1049552634358406,2010.5813646139286
97.98899325000049,55,G3,1176.69873046875,0.1049552634358406,2010.5813646139286
97.98899325000049,50,D3,1176.69873046875,0.1049552634358406,2010.5813646139286
97.98899325000049,43,G2,1176.69873046875,0.1049552634358406,2010.5813646139286
98.15203650000049,66,F#4,1184.5927734375,0.12656660377979279,2463.500125671455
98.15203650000049,59,B3,1184.5927734375,0.12656660377979279,2463.500125671455
98.15203650000049,55,G3,1184.5927734375,0.12656660377979279,2463.500125671455
98.15203650000049,50,D3,1184.5927734375,0.12656660377979279,2463.500125671455
98.15203650000049,43,G2,1184.5927734375,0.12656660377979279,2463.500125671455
98.31507975000049,66,F#4,1037.912841796875,0.1493249237537384,3018.310956624402
98.4781230000005,64,E4,1063.134521484375,0.17746035754680634,2879.45393989089
98.4781230000005,59,B3,1063.134521484375,0.17746035754680634,2879.45393989089
98.4781230000005,55,G3,1063.134521484375,0.17746035754680634,2879.45393989089
98.4781230000005,50,D3,1063.134521484375,0.17746035754680634,2879.45393989089
98.4781230000005,43,G2,1063.134521484375,0.17746035754680634,2879.45393989089
98.8042095000005,62,D4,1196.3944091796875,0.11336865276098251,2415.9098184431055
98.8042095000005,57,A3,1196.3944091796875,0.11336865276098251,2415.9098184431055
98.8042095000005,52,E3,1196.3944091796875,0.11336865276098251,2415.9098184431055
98.8042095000005,45,A2,1196.3944091796875,0.11336865276098251,2415.9098184431055
98.9672527500005,64,E4,1186.5718994140625,0.12986192107200623,4668.982634392763
99.1302960000005,57,A3,1199.2127685546875,0.1524180918931961,3149.346065805843
99.1302960000005,52,E3,1199.2127685546875,0.1524180918931961,3149.346065805843
99.1302960000005,45,A2,1199.2127685546875,0.1524180918931961,3149.346065805843
100.5976852500005,59,B3,1163.943115234375,0.12970787286758423,1875.8221764093594
100.5976852500005,55,G3,1163.943115234375,0.12970787286758423,1875.8221764093594
100.5976852500005,50,D3,1163.943115234375,0.12970787286758423,1875.8221764093594
100.5976852500005,43,G2,1163.943115234375,0.12970787286758423,1875.8221764093594
100.7607285000005,69,A4,1177.76806640625,0.16253095865249634,2649.271269575497
100.7607285000005,59,B3,1177.76806640625,0.16253095865249634,2649.271269575497
100.7607285000005,55,G3,1177.76806640625,0.16253095865249634,2649.271269575497
100.7607285000005,50,D3,1177.76806640625,0.16253095865249634,2649.271269575497
100.7607285000005,43,G2,1177.76806640625,0.16253095865249634,2649.271269575497
101.0868150000005,69,A4,1032.890869140625,0.18374253809452057,3364.7311832979485
101.0868150000005,59,B3,1032.890869140625,0.18374253809452057,3364.7311832979485
101.0868150000005,55,G3,1032.890869140625,0.18374253809452057,3364.7311832979485
101.0868150000005,50,D3,1032.890869140625,0.18374253809452057,3364.7311832979485
101.0868150000005,43,G2,1032.890869140625,0.18374253809452057,3364.7311832979485
101.4129015000005,69,A4,992.0281372070312,0.13296940922737122,3008.7405289809303
101.4129015000005,57,A3,992.0281372070312,0.13296940922737122,3008.7405289809303
101.4129015000005,52,E3,992.0281372070312,0.13296940922737122,3008.7405289809303
101.4129015000005,45,A2,992.0281372070312,0.13296940922737122,3008.7405289809303
101.7389880000005,66,F#4,1187.553955078125,0.1340647041797638,3137.8854064025254
101.7389880000005,57,A3,1187.553955078125,0.1340647041797638,3137.8854064025254
101.7389880000005,52,E3,1187.553955078125,0.1340647041797638,3137.8854064025254
101.7389880000005,45,A2,1187.553955078125,0.1340647041797638,3137.8854064025254
102.39116100000051,64,E4,1116.605712890625,0.15839321911334991,3170.3716134379633
102.55420425000051,66,F#4,978.4949951171875,0.17416246235370636,2447.388134414438
102.71724750000051,61,C#4,1114.2027587890625,0.13882191479206085,2414.9221056137794
102.71724750000051,57,A3,1114.2027587890625,0.13882191479206085,2414.9221056137794
102.71724750000051,52,E3,1114.2027587890625,0.13882191479206085,2414.9221056137794
102.71724750000051,45,A2,1114.2027587890625,0.13882191479206085,2414.9221056137794
102.88029075000051,62,D4,1107.2706298828125,0.09283757209777832,2290.9529040922416
102.88029075000051,54,F#3,1107.2706298828125,0.09283757209777832,2290.9529040922416
103.04333400000051,61,C#4,1192.09619140625,0.12392202764749527,2626.971183547922
103.04333400000051,57,A3,1192.09619140625,0.12392202764749527,2626.971183547922
103.04333400000051,52,E3,1192.09619140625,0.12392202764749527,2626.971183547922
103.04333400000051,45,A2,1192.09619140625,0.12392202764749527,2626.971183547922
103.36942050000052,66,F#4,992.2708129882812,0.09573335945606232,2591.57325081815
103.36942050000052,62,D4,992.2708129882812,0.09573335945606232,2591.57325081815
103.36942050000052,57,A3,992.2708129882812,0.09573335945606232,2591.57325081815
103.36942050000052,54,F#3,992.2708129882812,0.09573335945606232,2591.57325081815
103.53246375000052,66,F#4,1182.69970703125,0.11698532104492188,2671.068886477786
103.69550700000052,64,E4,1077.4173583984375,0.16794252395629883,3434.1116260083513
103.69550700000052,61,C#4,1077.4173583984375,0.16794252395629883,3434.1116260083513
103.69550700000052,57,A3,1077.4173583984375,0.16794252395629883,3434.1116260083513
103.69550700000052,52,E3,1077.4173583984375,0.16794252395629883,3434.1116260083513
103.69550700000052,45,A2,1077.4173583984375,0.16794252395629883,3434.1116260083513
104.02159350000052,62,D4,890.2703857421875,0.12638047337532043,3515.4451656693527
104.02159350000052,59,B3,890.2703857421875,0.12638047337532043,3515.4451656693527
104.02159350000052,55,G3,890.2703857421875,0.12638047337532043,3515.4451656693527
104.02159350000052,50,D3,890.2703857421875,0.12638047337532043,3515.4451656693527
104.34768000000052,62,D4,969.2984619140625,0.16007569432258606,2755.547830024114
104.34768000000052,59,B3,969.2984619140625,0.16007569432258606,2755.547830024114
104.34768000000052,55,G3,969.2984619140625,0.16007569432258606,2755.547830024114
104.34768000000052,50,D3,969.2984619140625,0.16007569432258606,2755.547830024114
104.34768000000052,43,G2,969.2984619140625,0.16007569432258606,2755.547830024114
105.97811250000052,57,A3,1140.304931640625,0.14994676411151886,2508.1305392179447
105.97811250000052,57,A3,1140.304931640625,0.14994676411151886,2508.1305392179447
105.97811250000052,52,E3,1140.304931640625,0.14994676411151886,2508.1305392179447
105.97811250000052,45,A2,1140.304931640625,0.14994676411151886,2508.1305392179447
106.30419900000052,57,A3,1076.106689453125,0.18295805156230927,3041.3846284957076
106.30419900000052,57,A3,1076.106689453125,0.18295805156230927,3041.3846284957076
106.30419900000052,52,E3,1076.106689453125,0.18295805156230927,3041.3846284957076
106.30419900000052,45,A2,1076.106689453125,0.18295805156230927,3041.3846284957076
106.63028550000053,57,A3,995.8667602539062,0.17055019736289978,3140.017618640551
106.63028550000053,59,B3,995.8667602539062,0.17055019736289978,3140.017618640551
106.63028550000053,54,F#3,995.8667602539062,0.17055019736289978,3140.017618640551
106.63028550000053,47,B2,995.8667602539062,0.17055019736289978,3140.017618640551
106.79332875000053,59,B3,938.251708984375,0.17022469639778137,3092.7357695244773
106.95637200000053,59,B3,1026.0142822265625,0.16368268430233002,2748.3011531034354
106.95637200000053,59,B3,1026.0142822265625,0.16368268430233002,2748.3011531034354
106.95637200000053,54,F#3,1026.0142822265625,0.16368268430233002,2748.3011531034354
106.95637200000053,47,B2,1026.0142822265625,0.16368268430233002,2748.3011531034354
107.44550175000053,57,A3,1184.2706298828125,0.14892584085464478,2451.639226246076
107.44550175000053,52,E3,1184.2706298828125,0.14892584085464478,2451.639226246076
107.44550175000053,45,A2,1184.2706298828125,0.14892584085464478,2451.639226246076
107.60854500000053,59,B3,1191.3592529296875,0.17442205548286438,3121.8915450305467
107.77158825000053,57,A3,1190.30517578125,0.1459210216999054,2402.1391624622283
107.93463150000053,59,B3,1156.573486328125,0.13248883187770844,2709.818498190388
107.93463150000053,54,F#3,1156.573486328125,0.13248883187770844,2709.818498190388
107.93463150000053,47,B2,1156.573486328125,0.13248883187770844,2709.818498190388
107.93463150000053,59,B3,1156.573486328125,0.13248883187770844,2709.818498190388
108.58680450000054,59,B3,1163.880126953125,0.15187422931194305,2717.149912075373
108.91289100000054,59,B3,1191.468994140625,0.1781540960073471,3255.2239226545853
109.23897750000054,59,B3,1199.1961669921875,0.12025810778141022,3023.1157089486087
109.40202075000055,62,D4,1190.457763671875,0.10522580146789551,2692.3095912960384
109.56506400000055,62,D4,898.65673828125,0.16743649542331696,2902.129903991913
109.56506400000055,55,G3,898.65673828125,0.16743649542331696,2902.129903991913
109.56506400000055,50,D3,898.65673828125,0.16743649542331696,2902.129903991913
109.56506400000055,43,G2,898.65673828125,0.16743649542331696,2902.129903991913
110.05419375000055,54,F#3,1197.0963134765625,0.12997378408908844,2650.8143923424345
110.05419375000055,50,D3,1197.0963134765625,0.12997378408908844,2650.8143923424345
110.05419375000055,42,F#2,1197.0963134765625,0.12997378408908844,2650.8143923424345
110.21723700000055,59,B3,1194.78662109375,0.16275165975093842,3138.196636015724
110.38028025000055,57,A3,1189.5419921875,0.13134995102882385,2680.177031919495
110.54332350000055,55,G3,1185.072509765625,0.11089791357517242,2996.622811978113
110.54332350000055,50,D3,1185.072509765625,0.11089791357517242,2996.622811978113
110.54332350000055,43,G2,1185.072509765625,0.11089791357517242,2996.622811978113
110.54332350000055,59,B3,1185.072509765625,0.11089791357517242,2996.622811978113
111.19549650000056,62,D4,1165.6187744140625,0.15722912549972534,2604.3744882562323
111.52158300000056,62,D4,1177.1397705078125,0.17758895456790924,2984.2825353929734
111.84766950000056,62,D4,1133.1226806640625,0.1066218838095665,3077.481324865598
112.01071275000056,64,E4,1161.9627685546875,0.11388140916824341,2708.0953663943737
112.17375600000057,64,E4,999.6507568359375,0.1585652381181717,3220.189147609004
112.17375600000057,57,A3,999.6507568359375,0.1585652381181717,3220.189147609004
112.17375600000057,52,E3,999.6507568359375,0.1585652381181717,3220.189147609004
112.17375600000057,45,A2,999.6507568359375,0.1585652381181717,3220.189147609004
112.66288575000057,43,G2,1132.0682373046875,0.11398431658744812,2760.4183815950664
112.82592900000057,57,A3,1156.0841064453125,0.17975783348083496,3131.7983780774357
112.98897225000057,59,B3,1163.947509765625,0.13140520453453064,2993.1719773847567
113.15201550000057,57,A3,1194.7548828125,0.11328698694705963,3214.276694559805
113.15201550000057,52,E3,1194.7548828125,0.11328698694705963,3214.276694559805
113.15201550000057,45,A2,1194.7548828125,0.11328698694705963,3214.276694559805
113.15201550000057,57,A3,1194.7548828125,0.11328698694705963,3214.276694559805
113.64114525000058,59,B3,1150.2520751953125,0.12417826801538467,2110.0150741599746
113.80418850000058,62,D4,1188.93017578125,0.1551709771156311,2455.956309829602
113.80418850000058,50,D3,1188.93017578125,0.1551709771156311,2455.956309829602
114.13027500000058,61,C#4,1148.3729248046875,0.20020988583564758,3300.939931004997
114.13027500000058,49,C#3,1148.3729248046875,0.20020988583564758,3300.939931004997
114.29331825000058,59,B3,1189.8172607421875,0.14384953677654266,2629.8042285900756
114.45636150000058,59,B3,1140.4935302734375,0.13663995265960693,2798.279989272069
114.45636150000058,47,B2,1140.4935302734375,0.13663995265960693,2798.279989272069
114.78244800000058,59,B3,794.2030029296875,0.18127523362636566,2741.447068527352
114.78244800000058,59,B3,794.2030029296875,0.18127523362636566,2741.447068527352
114.78244800000058,54,F#3,794.2030029296875,0.18127523362636566,2741.447068527352
114.78244800000058,47,B2,794.2030029296875,0.18127523362636566,2741.447068527352
114.78244800000058,47,B2,794.2030029296875,0.18127523362636566,2741.447068527352
115.10853450000059,62,D4,1188.41796875,0.1608469933271408,2367.245163478544
115.27157775000059,59,B3,1180.243408203125,0.1512310951948166,2163.8919429573502
115.27157775000059,54,F#3,1180.243408203125,0.1512310951948166,2163.8919429573502
115.27157775000059,47,B2,1180.243408203125,0.1512310951948166,2163.8919429573502
115.27157775000059,61,C#4,1180.243408203125,0.1512310951948166,2163.8919429573502
115.43462100000059,59,B3,1164.24853515625,0.18017710745334625,3259.527125251935
115.76070750000059,57,A3,894.1849975585938,0.142586350440979,2926.0836307915106
115.76070750000059,52,E3,894.1849975585938,0.142586350440979,2926.0836307915106
115.76070750000059,45,A2,894.1849975585938,0.142586350440979,2926.0836307915106
115.76070750000059,57,A3,894.1849975585938,0.142586350440979,2926.0836307915106
116.4128805000006,64,E4,1150.1605224609375,0.1618417650461197,2451.8860911947063
116.4128805000006,61,C#4,1150.1605224609375,0.1618417650461197,2451.8860911947063
116.4128805000006,57,A3,1150.1605224609375,0.1618417650461197,2451.8860911947063
116.7389670000006,64,E4,1146.0343017578125,0.2258462756872177,3078.7993998121915
116.7389670000006,61,C#4,1146.0343017578125,0.2258462756872177,3078.7993998121915
116.7389670000006,57,A3,1146.0343017578125,0.2258462756872177,3078.7993998121915
117.0650535000006,64,E4,1106.5882568359375,0.17876942455768585,2905.476312346081
117.0650535000006,61,C#4,1106.5882568359375,0.17876942455768585,2905.476312346081
117.0650535000006,57,A3,1106.5882568359375,0.17876942455768585,2905.476312346081
117.2280967500006,66,F#4,1155.957275390625,0.1760789006948471,2810.1319934296816
117.2280967500006,59,B3,1155.957275390625,0.1760789006948471,2810.1319934296816
117.2280967500006,62,D4,1155.957275390625,0.1760789006948471,2810.1319934296816
117.3911400000006,66,F#4,1191.591064453125,0.18491452932357788,2676.4923012468576
117.3911400000006,62,D4,1191.591064453125,0.18491452932357788,2676.4923012468576
117.3911400000006,59,B3,1191.591064453125,0.18491452932357788,2676.4923012468576
117.3911400000006,59,B3,1191.591064453125,0.18491452932357788,2676.4923012468576
117.3911400000006,54,F#3,1191.591064453125,0.18491452932357788,2676.4923012468576
117.3911400000006,47,B2,1191.591064453125,0.18491452932357788,2676.4923012468576
117.88026975000061,57,A3,1199.6392822265625,0.1582750529050827,2315.601343593687
117.88026975000061,52,E3,1199.6392822265625,0.1582750529050827,2315.601343593687
117.88026975000061,45,A2,1199.6392822265625,0.1582750529050827,2315.601343593687
118.04331300000061,59,B3,1149.2435302734375,0.15035241842269897,3827.9570090550055
118.20635625000061,57,A3,1175.3536376953125,0.14219583570957184,2631.297993604727
118.36939950000061,59,B3,1160.8114013671875,0.1318608671426773,2486.72688237225
118.36939950000061,54,F#3,1160.8114013671875,0.1318608671426773,2486.72688237225
118.36939950000061,47,B2,1160.8114013671875,0.1318608671426773,2486.72688237225
118.36939950000061,59,B3,1160.8114013671875,0.1318608671426773,2486.72688237225
119.02157250000062,62,D4,1164.895751953125,0.16400738060474396,2284.1643045872434
119.02157250000062,59,B3,1164.895751953125,0.16400738060474396,2284.1643045872434
119.02157250000062,57,A3,1164.895751953125,0.16400738060474396,2284.1643045872434
119.34765900000062,59,B3,1186.7581787109375,0.1857060194015503,2985.948197962441
119.34765900000062,57,A3,1186.7581787109375,0.1857060194015503,2985.948197962441
119.34765900000062,62,D4,1186.7581787109375,0.1857060194015503,2985.948197962441
119.67374550000062,66,F#4,1164.4368896484375,0.12411263585090637,2763.4222141875325
119.67374550000062,62,D4,1164.4368896484375,0.12411263585090637,2763.4222141875325
119.67374550000062,59,B3,1164.4368896484375,0.12411263585090637,2763.4222141875325
119.83678875000062,67,G4,1155.5445556640625,0.13186144828796387,2608.102447649643
119.99983200000062,67,G4,1116.6832275390625,0.17112614214420319,2492.2408620775545
119.99983200000062,62,D4,1116.6832275390625,0.17112614214420319,2492.2408620775545
119.99983200000062,59,B3,1116.6832275390625,0.17112614214420319,2492.2408620775545
119.99983200000062,55,G3,1116.6832275390625,0.17112614214420319,2492.2408620775545
119.99983200000062,50,D3,1116.6832275390625,0.17112614214420319,2492.2408620775545
119.99983200000062,43,G2,1116.6832275390625,0.17112614214420319,2492.2408620775545
120.48896175000063,54,F#3,1195.022216796875,0.14677433669567108,2591.832276807553
120.48896175000063,50,D3,1195.022216796875,0.14677433669567108,2591.832276807553
120.48896175000063,42,F#2,1195.022216796875,0.14677433669567108,2591.832276807553
120.65200500000063,62,D4,1176.6983642578125,0.1796957105398178,3469.5671362735825
120.81504825000063,64,E4,1181.5919189453125,0.1093071773648262,2791.7021406579024
120.97809150000063,55,G3,1199.306640625,0.13282820582389832,2504.533493379405
120.97809150000063,50,D3,1199.306640625,0.13282820582389832,2504.533493379405
120.97809150000063,43,G2,1199.306640625,0.13282820582389832,2504.533493379405
120.97809150000063,59,B3,1199.306640625,0.13282820582389832,2504.533493379405
121.63026450000064,67,G4,1153.886962890625,0.15760000050067902,2281.5206096563297
121.63026450000064,62,D4,1153.886962890625,0.15760000050067902,2281.5206096563297
121.63026450000064,59,B3,1153.886962890625,0.15760000050067902,2281.5206096563297
121.95635100000064,67,G4,1166.7681884765625,0.1669646054506302,3055.953724473623
121.95635100000064,62,D4,1166.7681884765625,0.1669646054506302,3055.953724473623
121.95635100000064,59,B3,1166.7681884765625,0.1669646054506302,3055.953724473623
122.28243750000064,67,G4,1164.31982421875,0.13768447935581207,2974.259996116417
122.28243750000064,62,D4,1164.31982421875,0.13768447935581207,2974.259996116417
122.28243750000064,59,B3,1164.31982421875,0.13768447935581207,2974.259996116417
122.44548075000064,69,A4,1130.18212890625,0.1444377899169922,2905.7678222930217
122.44548075000064,64,E4,1130.18212890625,0.1444377899169922,2905.7678222930217
122.44548075000064,61,C#4,1130.18212890625,0.1444377899169922,2905.7678222930217
122.60852400000064,69,A4,1151.9593505859375,0.17452725768089294,2557.853348524787
122.60852400000064,64,E4,1151.9593505859375,0.17452725768089294,2557.853348524787
122.60852400000064,61,C#4,1151.9593505859375,0.17452725768089294,2557.853348524787
122.60852400000064,57,A3,1151.9593505859375,0.17452725768089294,2557.853348524787
122.60852400000064,52,E3,1151.9593505859375,0.17452725768089294,2557.853348524787
122.60852400000064,45,A2,1151.9593505859375,0.17452725768089294,2557.853348524787
123.09765375000065,43,G2,1197.8726806640625,0.15253205597400665,2363.997950445511
123.26069700000065,57,A3,1176.154052734375,0.14334839582443237,3155.133563198411
123.42374025000065,55,G3,1174.7437744140625,0.11132883280515671,2641.135827327492
123.58678350000065,57,A3,1109.5589599609375,0.1378205120563507,2465.2583452891186
123.58678350000065,52,E3,1109.5589599609375,0.1378205120563507,2465.2583452891186
123.58678350000065,45,A2,1109.5589599609375,0.1378205120563507,2465.2583452891186
123.58678350000065,57,A3,1109.5589599609375,0.1378205120563507,2465.2583452891186
124.07591325000065,69,A4,1116.387939453125,0.12504221498966217,2332.6597037385204
124.07591325000065,64,E4,1116.387939453125,0.12504221498966217,2332.6597037385204
124.07591325000065,61,C#4,1116.387939453125,0.12504221498966217,2332.6597037385204
124.23895650000065,69,A4,1184.5745849609375,0.16777627170085907,2340.115978499052
124.23895650000065,64,E4,1184.5745849609375,0.16777627170085907,2340.115978499052
124.23895650000065,62,D4,1184.5745849609375,0.16777627170085907,2340.115978499052
124.56504300000066,69,A4,1184.6942138671875,0.1595064252614975,2826.2648776702667
124.56504300000066,64,E4,1184.6942138671875,0.1595064252614975,2826.2648776702667
124.56504300000066,61,C#4,1184.6942138671875,0.1595064252614975,2826.2648776702667
124.72808625000066,59,B3,1173.1246337890625,0.1487387865781784,2497.1028647279404
124.89112950000066,66,F#4,1140.452880859375,0.13511842489242554,2349.747878177537
124.89112950000066,64,E4,1140.452880859375,0.13511842489242554,2349.747878177537
124.89112950000066,59,B3,1140.452880859375,0.13511842489242554,2349.747878177537
125.21721600000066,71,B4,1128.3291015625,0.14909741282463074,2782.2740379038696
125.21721600000066,59,B3,1128.3291015625,0.14909741282463074,2782.2740379038696
125.21721600000066,54,F#3,1128.3291015625,0.14909741282463074,2782.2740379038696
125.21721600000066,47,B2,1128.3291015625,0.14909741282463074,2782.2740379038696
130.76068650000067,63,D#4,1151.3172607421875,0.10280568152666092,1953.9707361446924
130.92372975000066,63,D#4,1020.8379516601562,0.13281488418579102,2430.868241395777
131.08677300000065,63,D#4,992.020263671875,0.11683241277933121,2243.403868519441
131.41285950000065,61,C#4,1044.2103271484375,0.1089094951748848,2142.826208104098
131.57590275000064,59,B3,1150.0308837890625,0.13752171397209167,2019.940156258193
131.73894600000062,61,C#4,982.5883178710938,0.10096633434295654,1710.3977551120913
132.06503250000063,63,D#4,1113.6600341796875,0.0757710263133049,2124.5341447727606
132.39111900000063,61,C#4,1172.5106201171875,0.0877879410982132,2787.131291986686
132.55416225000062,59,B3,1116.0775146484375,0.08411959558725357,2656.2537635737117
133.0432920000006,59,B3,1053.822998046875,0.13434772193431854,2540.8639237121497
133.2063352500006,59,B3,985.8008422851562,0.11418495327234268,2956.0627057552347
133.5324217500006,59,B3,984.0818481445312,0.13086038827896118,3970.0391868018673
133.69546500000058,59,B3,999.1312255859375,0.12288644909858704,2495.8483451638476
134.02155150000058,59,B3,676.9036254882812,0.1418096423149109,1695.4314622043903
134.3476380000006,61,C#4,1038.86083984375,0.11173592507839203,1866.1056713647213
134.6737245000006,61,C#4,1105.20458984375,0.07469754666090012,3326.934826379177
134.9998110000006,63,D#4,923.9663696289062,0.12243873625993729,2412.4170682917666
135.9780705000006,66,F#4,1119.3118896484375,0.10246538370847702,2666.3991097732996
136.14111375000059,66,F#4,1138.5694580078125,0.09247778356075287,3635.506605402166
136.30415700000057,66,F#4,1101.75244140625,0.07238592952489853,2630.8291140101937
136.63024350000057,66,F#4,1099.61181640625,0.05780607834458351,2022.2911514266098
136.95633000000058,66,F#4,1057.7930908203125,0.07901521772146225,1706.1381607374449
137.28241650000058,64,E4,990.0917358398438,0.10045581310987473,2342.01486816518
137.44545975000057,64,E4,1107.6832275390625,0.11080066859722137,2415.064476332388
137.60850300000055,63,D#4,1197.77001953125,0.07202264666557312,3068.5533874514585
137.93458950000056,63,D#4,1109.953125,0.12016574293375015,2230.3600745070003
138.26067600000056,63,D#4,992.8096923828125,0.13251054286956787,5356.88496400619
138.58676250000056,61,C#4,1106.01806640625,0.12600703537464142,2925.735676119442
138.74980575000055,61,C#4,999.0086059570312,0.10960966348648071,2867.3715372531924
139.23893550000054,59,B3,989.6838989257812,0.14727415144443512,2422.9987974619844
139.56502200000054,61,C#4,735.4500732421875,0.14295507967472076,2229.575799707734
139.72806525000053,61,C#4,1158.0169677734375,0.14283877611160278,2471.964628630615
140.05415175000053,63,D#4,1195.4132080078125,0.14910727739334106,2530.121602747622
140.54328150000052,61,C#4,1193.631591796875,0.14570952951908112,2850.0003360335704
140.7063247500005,61,C#4,1190.9976806640625,0.13156306743621826,2918.908748215372
140.8693680000005,61,C#4,993.4344482421875,0.15684732794761658,2885.650277315939
141.03241125000048,59,B3,1181.690673828125,0.15154936909675598,2546.149030629626
141.19545450000047,59,B3,1176.9254150390625,0.14236408472061157,2873.5816963551165
141.35849775000045,59,B3,1184.3101806640625,0.16322201490402222,2641.941950931402
141.84762750000044,63,D#4,1173.982177734375,0.20446643233299255,2259.798645259115
142.01067075000043,63,D#4,1184.30859375,0.18465395271778107,2155.688638018131
142.17371400000042,61,C#4,1177.1160888671875,0.17199504375457764,2109.8709131589353
142.3367572500004,59,B3,1179.0460205078125,0.17798082530498505,2373.308630508251
142.4998005000004,59,B3,1181.1953125,0.1690542846918106,2627.613967767317
142.66284375000038,59,B3,1177.0091552734375,0.1569109410047531,2779.1965130312947
143.15197350000037,59,B3,987.1337890625,0.18940478563308716,3347.8859504692273
143.31501675000035,59,B3,1184.383544921875,0.1467812955379486,2890.628855083526
143.47806000000034,61,C#4,1022.9715576171875,0.1607787311077118,2641.668683316492
143.64110325000033,59,B3,1116.5550537109375,0.1405680924654007,2633.23758801465
143.80414650000031,59,B3,1174.4324951171875,0.14101561903953552,2985.627950801636
143.9671897500003,59,B3,1007.042236328125,0.1377367228269577,3134.751168515358
144.4563195000003,63,D#4,1170.8807373046875,0.1280314177274704,2518.1401033705274
144.61936275000028,63,D#4,1191.6505126953125,0.14003944396972656,2292.056524239101
144.78240600000026,61,C#4,1111.58740234375,0.13934354484081268,2514.6534287607165
144.94544925000025,59,B3,978.7150268554688,0.13193705677986145,2311.5077517711234
145.10849250000024,59,B3,1184.8428955078125,0.11605601757764816,2471.414029868299
145.27153575000023,59,B3,1192.766845703125,0.15730008482933044,2121.0569718076385
145.76066550000021,71,B4,1184.8507080078125,0.10459015518426895,2398.3033384089367
146.08675200000022,74,D5,883.4144897460938,0.11575363576412201,2253.073201240982
146.1791431750002,73,C#5,1194.0830078125,0.11310865730047226,2376.373499908954
146.2728930437502,71,B4,991.7918090820312,0.11841192841529846,2548.11379398773
146.3652842187502,69,A4,1008.8292846679688,0.13580237329006195,2552.1526581283847
146.45903408750019,74,D5,1010.1937255859375,0.1310613453388214,3020.625837921209
146.55142526250017,73,C#5,1189.0819091796875,0.13311050832271576,2651.9232754956274
146.64517513125017,71,B4,1108.211669921875,0.13890302181243896,2586.2114587581837
146.73892500000017,69,A4,1114.6846923828125,0.13611939549446106,2666.4747066451764
146.83131617500015,74,D5,1025.1517333984375,0.12855872511863708,2464.7894148402206
146.92506604375015,73,C#5,1184.9710693359375,0.13299879431724548,2537.475947960747
147.01745721875014,71,B4,1185.721923828125,0.1331981122493744,2554.030282703785
147.11120708750013,69,A4,1189.38427734375,0.13849236071109772,2530.6415724660374
147.20359826250012,74,D5,1026.89794921875,0.14188048243522644,2862.7464723944418
147.29734813125012,73,C#5,1188.0328369140625,0.1456126719713211,2858.644781993463
147.3910980000001,71,B4,1186.0306396484375,0.14042823016643524,3145.6843541102953
147.4834891750001,69,A4,1177.7181396484375,0.14994661509990692,2984.9287166970744
147.5772390437501,74,D5,1113.5938720703125,0.16611512005329132,2823.1206494969147
147.6696302187501,73,C#5,1193.303466796875,0.1941942572593689,2672.5847457846194
147.76338008750008,71,B4,1194.6041259765625,0.20935547351837158,2776.697039653678
147.85577126250007,69,A4,1159.680908203125,0.1927667260169983,2790.052374052322
147.94952113125007,74,D5,1177.7926025390625,0.18442901968955994,2652.8867537208735
148.04327100000006,73,C#5,1191.671630859375,0.18552032113075256,2640.7677248787777
148.13566217500005,71,B4,1167.487548828125,0.1905563324689865,2774.4988890790464
148.22941204375005,69,A4,1182.336181640625,0.176468625664711,2806.4097676267043
148.32180321875003,74,D5,1029.57568359375,0.22270402312278748,2353.993626423282
148.41555308750003,73,C#5,1194.8050537109375,0.2246275395154953,2870.601768753408
148.50794426250002,71,B4,1170.25537109375,0.2211480438709259,2881.2559810194643
148.60169413125,69,A4,1178.91943359375,0.20380018651485443,2846.586523645785
148.695444,71,B4,938.5980224609375,0.2171286642551422,3567.543987653111
148.695444,59,B3,938.5980224609375,0.2171286642551422,3567.543987653111
148.695444,54,F#3,938.5980224609375,0.2171286642551422,3567.543987653111
148.695444,47,B2,938.5980224609375,0.2171286642551422,3567.543987653111
148.695444,76,E5,938.5980224609375,0.2171286642551422,3567.543987653111
149.143204,66,F#4,1123.384033203125,0.1616954356431961,3623.1362404127794
149.59096399999999,71,B4,987.5990600585938,0.22166025638580322,3067.4932007686434
150.486484,66,F#4,1107.04443359375,0.18979434669017792,3518.8182114928654
150.486484,55,G3,1107.04443359375,0.18979434669017792,3518.8182114928654
150.486484,50,D3,1107.04443359375,0.18979434669017792,3518.8182114928654
150.486484,43,G2,1107.04443359375,0.18979434669017792,3518.8182114928654
150.486484,64,E4,1107.04443359375,0.18979434669017792,3518.8182114928654
150.822304,64,E4,1128.896240234375,0.19767053425312042,2464.6982674083547
150.878274,62,D4,882.9788818359375,0.202042818069458,2887.6839781316385
150.934244,59,B3,1184.6129150390625,0.16831199824810028,3347.6448314304143
151.15812400000002,59,B3,1085.921142578125,0.1861288845539093,2423.950333377047
152.16558400000002,54,F#3,1193.84033203125,0.21648916602134705,2201.242761611546
152.27752400000003,57,A3,1171.1632080078125,0.20497477054595947,2958.6123189732693
152.27752400000003,52,E3,1171.1632080078125,0.20497477054595947,2958.6123189732693
152.27752400000003,45,A2,1171.1632080078125,0.20497477054595947,2958.6123189732693
152.27752400000003,52,E3,1171.1632080078125,0.20497477054595947,2958.6123189732693
152.38946400000003,50,D3,1189.1312255859375,0.19561776518821716,2622.4664610426253
152.50140400000004,52,E3,1184.3846435546875,0.18240101635456085,2329.6725327840422
152.61334400000004,50,D3,1187.0867919921875,0.2048863172531128,2452.2088565607924
152.72528400000004,52,E3,1193.05615234375,0.20307859778404236,2920.694754724172
152.83722400000005,54,F#3,1153.8927001953125,0.1745920032262802,2866.4866004086125
152.94916400000005,57,A3,1133.698486328125,0.18589439988136292,2525.143927666485
153.06110400000006,54,F#3,1175.9830322265625,0.18267051875591278,2435.0417680945875
153.17304400000006,62,D4,1184.7882080078125,0.20621633529663086,3075.683128565355
153.28498400000007,59,B3,1166.4805908203125,0.19444546103477478,2913.6661040540685
153.39692400000007,62,D4,1147.61181640625,0.20458561182022095,2510.213734502043
153.50886400000007,64,E4,1035.548583984375,0.20181600749492645,2366.390739574783
153.62080400000008,66,F#4,1166.539306640625,0.21540720760822296,2721.1280512222484
153.73274400000008,64,E4,1191.3126220703125,0.20519386231899261,2540.208269650719
153.8446840000001,62,D4,1143.9327392578125,0.2090044617652893,2339.3289480490685
153.9566240000001,64,E4,1046.9832763671875,0.1866673231124878,2299.0044592955237
154.0685640000001,52,E3,1161.2708740234375,0.20052815973758698,3031.553846158985
154.0685640000001,47,B2,1161.2708740234375,0.20052815973758698,3031.553846158985
154.0685640000001,40,E2,1161.2708740234375,0.20052815973758698,3031.553846158985
154.0685640000001,59,B3,1161.2708740234375,0.20052815973758698,3031.553846158985
155.7476640000001,74,D5,874.3710327148438,0.19181981682777405,2238.0454458797612
155.8596040000001,59,B3,669.9852905273438,0.1807226687669754,2985.649861026681
155.8596040000001,54,F#3,669.9852905273438,0.1807226687669754,2985.649861026681
155.8596040000001,47,B2,669.9852905273438,0.1807226687669754,2985.649861026681
156.19542400000012,74,D5,744.7984008789062,0.18982930481433868,2322.894855473112
156.53124400000013,74,D5,1192.2445068359375,0.20646697282791138,2086.9604081941234
157.09094400000015,66,F#4,1045.0650634765625,0.18420428037643433,2099.0309457982594
157.20288400000015,65,F4,1200.22900390625,0.1636534333229065,2805.487275858685
157.31482400000016,64,E4,984.1445922851562,0.16282379627227783,2587.5740001983922
157.42676400000016,62,D4,1197.170166015625,0.20852966606616974,2047.3321912134797
157.53870400000017,59,B3,1182.9154052734375,0.19481991231441498,2256.425262380232
157.65064400000017,55,G3,1011.0582275390625,0.19538675248622894,2736.226037555124
157.65064400000017,50,D3,1011.0582275390625,0.19538675248622894,2736.226037555124
157.65064400000017,43,G2,1011.0582275390625,0.19538675248622894,2736.226037555124
157.65064400000017,62,D4,1011.0582275390625,0.19538675248622894,2736.226037555124
157.76258400000017,61,C#4,1198.7451171875,0.17204244434833527,2381.9592375472967
157.87452400000018,59,B3,1034.9193115234375,0.21439960598945618,2147.796158012722
157.98646400000018,57,A3,1121.1392822265625,0.20604771375656128,2031.3023101726853
158.0984040000002,62,D4,1187.530029296875,0.22203363478183746,2667.6375042749683
158.2103440000002,61,C#4,1184.110107421875,0.19556193053722382,2687.0765490641556
158.3222840000002,59,B3,1118.68505859375,0.20600824058055878,2591.17843136579
158.4342240000002,57,A3,1164.3240966796875,0.20932884514331818,2507.112665840451
158.5461640000002,62,D4,1020.3666381835938,0.21570663154125214,2776.4257975998344
158.6581040000002,61,C#4,1185.852783203125,0.20455233752727509,2588.2788114419836
158.7700440000002,59,B3,911.0962524414062,0.2175351232290268,2500.086524884564
158.88198400000022,57,A3,1184.1663818359375,0.19673870503902435,2577.8100438984684
158.99392400000022,62,D4,1172.265625,0.20527681708335876,2531.711174105259
159.10586400000022,61,C#4,1147.2142333984375,0.1939556896686554,2527.95592523304
159.21780400000023,59,B3,1014.079345703125,0.23269255459308624,2438.193777109304
159.32974400000023,57,A3,1129.2435302734375,0.19675850868225098,2291.838147719265
159.44168400000024,57,A3,1003.9307861328125,0.18208470940589905,2903.28664949001
159.44168400000024,52,E3,1003.9307861328125,0.18208470940589905,2903.28664949001
159.44168400000024,45,A2,1003.9307861328125,0.18208470940589905,2903.28664949001
159.44168400000024,64,E4,1003.9307861328125,0.18208470940589905,2903.28664949001
160.67302400000023,62,D4,1185.2408447265625,0.20219764113426208,2104.7258298643983
160.78496400000023,64,E4,1172.8270263671875,0.18924452364444733,2421.968527209694
160.89690400000023,62,D4,1186.91064453125,0.19687066972255707,2384.6436135027043
161.00884400000024,61,C#4,1174.2578125,0.20754599571228027,2108.1330314572333
161.12078400000024,62,D4,1192.809814453125,0.21535223722457886,2158.3808197995313
161.23272400000025,52,E3,1166.044677734375,0.20805610716342926,2616.0731400447385
161.23272400000025,47,B2,1166.044677734375,0.20805610716342926,2616.0731400447385
161.23272400000025,40,E2,1166.044677734375,0.20805610716342926,2616.0731400447385
161.23272400000025,61,C#4,1166.044677734375,0.20805610716342926,2616.0731400447385
161.34466400000025,59,B3,1194.9747314453125,0.19819849729537964,2562.453726675771
161.45660400000025,57,A3,1107.7186279296875,0.22480253875255585,2208.7779064787082
161.56854400000026,59,B3,1109.700439453125,0.2170126736164093,2128.109820336985
161.68048400000026,57,A3,1194.016357421875,0.2124575674533844,2644.694398804731
161.79242400000027,54,F#3,1158.5313720703125,0.19204294681549072,2642.06587141579
161.90436400000027,57,A3,1111.3521728515625,0.2157593071460724,2414.0328156909527
162.01630400000028,54,F#3,1175.1754150390625,0.20988887548446655,2135.1736993731574
162.12824400000028,52,E3,1158.7935791015625,0.21663495898246765,2571.119671236922
162.24018400000028,50,D3,1187.11376953125,0.19770589470863342,2459.6698437597947
162.3521240000003,52,E3,1168.5869140625,0.2187938243150711,2318.86139538732
162.4640640000003,50,D3,1184.2476806640625,0.19137708842754364,2277.3763613809724
162.5760040000003,52,E3,1175.576904296875,0.19886700809001923,2682.9912077668064
162.6879440000003,50,D3,1152.02685546875,0.19192872941493988,2559.283167195919
162.7998840000003,47,B2,1164.6612548828125,0.19760876893997192,2549.9648643036926
162.9118240000003,47,B2,1117.628662109375,0.1955043375492096,2411.091932386229
163.0237640000003,59,B3,1197.27734375,0.19212175905704498,2973.568311555545
163.0237640000003,54,F#3,1197.27734375,0.19212175905704498,2973.568311555545
163.0237640000003,47,B2,1197.27734375,0.19212175905704498,2973.568311555545
163.6954040000003,74,D5,1177.57666015625,0.1694917231798172,2615.827906136132
164.81480400000032,55,G3,1197.5977783203125,0.17847353219985962,3026.0921422894835
164.81480400000032,50,D3,1197.5977783203125,0.17847353219985962,3026.0921422894835
164.81480400000032,43,G2,1197.5977783203125,0.17847353219985962,3026.0921422894835
164.81480400000032,74,D5,1197.5977783203125,0.17847353219985962,3026.0921422894835
165.48644400000032,76,E5,1182.9716796875,0.18617519736289978,2551.0180236029346
165.85957733333365,74,D5,1176.343505859375,0.2053949534893036,2576.4187682188794
165.9342040000003,71,B4,1185.287841796875,0.19018752872943878,2367.5770994770505
166.6058440000003,57,A3,223.62147521972656,0.22022975981235504,2864.9074981409904
166.6058440000003,52,E3,223.62147521972656,0.22022975981235504,2864.9074981409904
166.6058440000003,45,A2,223.62147521972656,0.22022975981235504,2864.9074981409904
166.6058440000003,76,E5,223.62147521972656,0.22022975981235504,2864.9074981409904
166.94166400000032,76,E5,247.45457458496094,0.19172979891300201,2535.453927491144
167.27748400000033,76,E5,1110.7078857421875,0.1767915040254593,2594.561873923275
167.72524400000034,76,E5,988.598388671875,0.17752140760421753,2356.17217541028
167.94912400000035,76,E5,882.7135009765625,0.15671826899051666,3202.146515346275
168.34091400000037,74,D5,1009.7041015625,0.1858730912208557,2857.614098240508
168.39688400000037,52,E3,979.4075927734375,0.16480788588523865,3220.343199546084
168.39688400000037,47,B2,979.4075927734375,0.16480788588523865,3220.343199546084
168.39688400000037,40,E2,979.4075927734375,0.16480788588523865,3220.343199546084
168.39688400000037,71,B4,979.4075927734375,0.16480788588523865,3220.343199546084
169.96404400000037,74,D5,1148.8646240234375,0.16622301936149597,2710.815244936425
170.18792400000038,59,B3,1160.56640625,0.19226592779159546,2831.064341064244
170.18792400000038,54,F#3,1160.56640625,0.19226592779159546,2831.064341064244
170.18792400000038,47,B2,1160.56640625,0.19226592779159546,2831.064341064244
170.18792400000038,72,C5,1160.56640625,0.19226592779159546,2831.064341064244
170.4118040000004,74,D5,1172.703857421875,0.17226488888263702,2388.0251364415158
170.5237440000004,74,D5,1196.5286865234375,0.17256015539169312,2645.71032225832
170.6356840000004,74,D5,1187.803466796875,0.18215793371200562,3057.9706925789033
170.7476240000004,74,D5,1196.1807861328125,0.1808643490076065,2801.5941518836034
170.8595640000004,72,C5,1196.0506591796875,0.1675478219985962,2488.4974709423577
171.30732400000042,74,D5,1161.2808837890625,0.1564333587884903,2525.9462516756166
171.41926400000042,74,D5,1182.2972412109375,0.16891978681087494,3055.560180599371
171.53120400000043,72,C5,1158.7252197265625,0.17188328504562378,2815.644998621681
171.75508400000044,74,D5,1195.5213623046875,0.1742035150527954,2319.9367656498844
171.86702400000044,74,D5,1186.1051025390625,0.17421549558639526,3088.5435314474607
171.97896400000045,55,G3,1197.3175048828125,0.17383348941802979,2621.7074583689455
171.97896400000045,50,D3,1197.3175048828125,0.17383348941802979,2621.7074583689455
171.97896400000045,43,G2,1197.3175048828125,0.17383348941802979,2621.7074583689455
171.97896400000045,72,C5,1197.3175048828125,0.17383348941802979,2621.7074583689455
172.20284400000045,74,D5,1173.1029052734375,0.18245258927345276,2123.7811327674626
172.31478400000046,74,D5,990.345703125,0.16510668396949768,3174.537853959265
172.42672400000046,74,D5,1196.81787109375,0.1578679233789444,2714.3741395894976
172.53866400000047,74,D5,1167.4317626953125,0.17330390214920044,2337.235317115401
172.65060400000047,74,D5,1193.1260986328125,0.16860215365886688,2280.691220205773
172.76254400000047,74,D5,1173.125,0.16067856550216675,3145.010919546581
172.87448400000048,74,D5,1170.4169921875,0.16717903316020966,2687.1645226622586
173.0983640000005,76,E5,990.1878051757812,0.16464319825172424,2138.092353078378
173.2103040000005,76,E5,983.7894897460938,0.167504221200943,3069.153140473691
173.3222440000005,76,E5,1200.458251953125,0.1769447773694992,2764.5572148373667
173.4341840000005,76,E5,1098.6947021484375,0.1844167560338974,2468.438712347998
173.5461240000005,76,E5,1112.7523193359375,0.17547908425331116,2363.8377337563784
173.6580640000005,76,E5,1170.853515625,0.17340193688869476,3096.139075401631
173.7700040000005,57,A3,1192.75048828125,0.1512676328420639,2946.544094493074
173.7700040000005,52,E3,1192.75048828125,0.1512676328420639,2946.544094493074
173.7700040000005,45,A2,1192.75048828125,0.1512676328420639,2946.544094493074
173.88194400000052,76,E5,1175.8668212890625,0.16468988358974457,2522.695136312572
173.99388400000052,74,D5,228.29026794433594,0.18884523212909698,2391.9495009491557
174.10582400000052,73,C#5,1175.717041015625,0.1658148616552353,2480.272006514704
174.21776400000053,74,D5,1109.2447509765625,0.17055644094944,2565.620628140569
174.32970400000053,73,C#5,1143.780029296875,0.15296119451522827,2356.909789022685
174.44164400000054,71,B4,1112.051025390625,0.18593953549861908,2548.656472834799
174.55358400000054,69,A4,984.224609375,0.19744837284088135,2548.7494948744215
174.66552400000054,71,B4,1108.6383056640625,0.16332116723060608,2414.7277750129824
174.77746400000055,69,A4,1199.9349365234375,0.16549652814865112,2214.271223607701
174.88940400000055,66,F#4,1182.1348876953125,0.18794965744018555,2506.09186833674
175.00134400000056,69,A4,1178.244384765625,0.1630329042673111,2855.7760429709024
175.11328400000056,66,F#4,1108.278076171875,0.15404735505580902,2745.889983864477
175.22522400000057,64,E4,1178.22314453125,0.15489396452903748,2712.1265397034767
175.33716400000057,62,D4,1182.392578125,0.14854995906352997,2947.9795434386992
175.44910400000057,59,B3,1179.582763671875,0.1437884271144867,2390.323196800751
175.56104400000058,67,G4,1192.350341796875,0.14951439201831818,2751.932770887147
175.56104400000058,62,D4,1192.350341796875,0.14951439201831818,2751.932770887147
175.56104400000058,59,B3,1192.350341796875,0.14951439201831818,2751.932770887147
175.56104400000058,93,A6,1192.350341796875,0.14951439201831818,2751.932770887147
176.00880400000057,66,F#4,989.84033203125,0.16933661699295044,2659.118576315514
176.00880400000057,62,D4,989.84033203125,0.16933661699295044,2659.118576315514
176.00880400000057,57,A3,989.84033203125,0.16933661699295044,2659.118576315514
176.00880400000057,93,A6,989.84033203125,0.16933661699295044,2659.118576315514
176.45656400000055,67,G4,1182.7447509765625,0.15357129275798798,2607.157244537385
176.45656400000055,62,D4,1182.7447509765625,0.15357129275798798,2607.157244537385
176.45656400000055,59,B3,1182.7447509765625,0.15357129275798798,2607.157244537385
176.45656400000055,93,A6,1182.7447509765625,0.15357129275798798,2607.157244537385
176.90432400000054,66,F#4,1171.657470703125,0.1384241282939911,3006.557143513068
176.90432400000054,62,D4,1171.657470703125,0.1384241282939911,3006.557143513068
176.90432400000054,57,A3,1171.657470703125,0.1384241282939911,3006.557143513068
176.90432400000054,93,A6,1171.657470703125,0.1384241282939911,3006.557143513068
177.35208400000053,69,A4,1119.6705322265625,0.15111452341079712,2777.8609157969768
177.35208400000053,64,E4,1119.6705322265625,0.15111452341079712,2777.8609157969768
177.35208400000053,61,C#4,1119.6705322265625,0.15111452341079712,2777.8609157969768
177.35208400000053,83,B5,1119.6705322265625,0.15111452341079712,2777.8609157969768
178.98251650000054,71,B4,1184.2381591796875,0.14440859854221344,2672.6331585314506
179.30860300000055,71,B4,1198.96337890625,0.11042183637619019,2716.210303700865
179.30860300000055,61,C#4,1198.96337890625,0.11042183637619019,2716.210303700865
179.63468950000055,70,A#4,1186.1851806640625,0.1588185429573059,2821.819455000489
179.96077600000055,70,A#4,1180.1505126953125,0.12747082114219666,3210.940588179029
179.96077600000055,62,D4,1180.1505126953125,0.12747082114219666,3210.940588179029
179.96077600000055,57,A3,1180.1505126953125,0.12747082114219666,3210.940588179029
179.96077600000055,50,D3,1180.1505126953125,0.12747082114219666,3210.940588179029
180.61294900000055,71,B4,1029.4390869140625,0.14769816398620605,2631.493734103926
181.26512200000056,66,F#4,1177.6702880859375,0.14608238637447357,2586.500473767627
181.59120850000056,66,F#4,1135.5,0.16844525933265686,2287.015882483167
181.59120850000056,55,G3,1135.5,0.16844525933265686,2287.015882483167
181.59120850000056,50,D3,1135.5,0.16844525933265686,2287.015882483167
181.59120850000056,43,G2,1135.5,0.16844525933265686,2287.015882483167
181.75425175000055,66,F#4,1181.1605224609375,0.17771944403648376,2815.2684358351585
181.91729500000054,64,E4,1177.328857421875,0.14684979617595673,2344.7870392847835
181.91729500000054,55,G3,1177.328857421875,0.14684979617595673,2344.7870392847835
181.91729500000054,50,D3,1177.328857421875,0.14684979617595673,2344.7870392847835
181.91729500000054,43,G2,1177.328857421875,0.14684979617595673,2344.7870392847835
182.24338150000054,63,D#4,901.040283203125,0.14295673370361328,2126.3930574918695
182.24338150000054,57,A3,901.040283203125,0.14295673370361328,2126.3930574918695
182.24338150000054,52,E3,901.040283203125,0.14295673370361328,2126.3930574918695
182.24338150000054,45,A2,901.040283203125,0.14295673370361328,2126.3930574918695
182.40642475000053,64,E4,998.3651733398438,0.15634971857070923,2355.903108473513
182.5694680000005,64,E4,1009.2410888671875,0.17090125381946564,2467.0561385556757
182.5694680000005,57,A3,1009.2410888671875,0.17090125381946564,2467.0561385556757
182.5694680000005,52,E3,1009.2410888671875,0.17090125381946564,2467.0561385556757
182.5694680000005,45,A2,1009.2410888671875,0.17090125381946564,2467.0561385556757
182.89555450000051,66,F#4,1120.3450927734375,0.12012151628732681,2508.880641679624
184.0368572500005,70,A#4,1033.8304443359375,0.13937382400035858,2873.9673572833926
184.0368572500005,55,G3,1033.8304443359375,0.13937382400035858,2873.9673572833926
184.0368572500005,50,D3,1033.8304443359375,0.13937382400035858,2873.9673572833926
184.0368572500005,43,G2,1033.8304443359375,0.13937382400035858,2873.9673572833926
184.1999005000005,55,G3,1191.6490478515625,0.12921497225761414,2916.755060130015
184.1999005000005,50,D3,1191.6490478515625,0.12921497225761414,2916.755060130015
184.1999005000005,43,G2,1191.6490478515625,0.12921497225761414,2916.755060130015
184.5259870000005,70,A#4,1180.3109130859375,0.1327683925628662,2876.5089116087693
184.5259870000005,55,G3,1180.3109130859375,0.1327683925628662,2876.5089116087693
184.5259870000005,50,D3,1180.3109130859375,0.1327683925628662,2876.5089116087693
184.5259870000005,43,G2,1180.3109130859375,0.1327683925628662,2876.5089116087693
184.8520735000005,70,A#4,1108.599365234375,0.08488204330205917,2513.895247565148
184.8520735000005,57,A3,1108.599365234375,0.08488204330205917,2513.895247565148
184.8520735000005,52,E3,1108.599365234375,0.08488204330205917,2513.895247565148
184.8520735000005,45,A2,1108.599365234375,0.08488204330205917,2513.895247565148
185.1781600000005,64,E4,1024.8782958984375,0.13599659502506256,2396.4671572903035
185.1781600000005,57,A3,1024.8782958984375,0.13599659502506256,2396.4671572903035
185.1781600000005,52,E3,1024.8782958984375,0.13599659502506256,2396.4671572903035
185.1781600000005,45,A2,1024.8782958984375,0.13599659502506256,2396.4671572903035
185.8303330000005,66,F#4,1120.8653564453125,0.12744006514549255,2550.0845855426205
186.80859250000051,66,F#4,454.01629638671875,0.17156045138835907,3118.580605884864
186.9716357500005,66,F#4,1192.4840087890625,0.12314219027757645,2137.4517208289717
187.1346790000005,64,E4,1168.4736328125,0.11566729843616486,2521.1888196879268
187.4607655000005,63,D#4,875.4055786132812,0.19618827104568481,2035.630422769997
187.7868520000005,63,D#4,1184.4737548828125,0.15126678347587585,2300.3612975093406
187.7868520000005,55,G3,1184.4737548828125,0.15126678347587585,2300.3612975093406
187.7868520000005,50,D3,1184.4737548828125,0.15126678347587585,2300.3612975093406
187.7868520000005,43,G2,1184.4737548828125,0.15126678347587585,2300.3612975093406
189.4172845000005,64,E4,1170.1519775390625,0.1508416086435318,3125.2378093234056
189.4172845000005,61,C#4,1170.1519775390625,0.1508416086435318,3125.2378093234056
189.4172845000005,58,A#3,1170.1519775390625,0.1508416086435318,3125.2378093234056
189.7433710000005,64,E4,1131.2559814453125,0.15977492928504944,3055.987592772661
189.7433710000005,61,C#4,1131.2559814453125,0.15977492928504944,3055.987592772661
189.7433710000005,58,A#3,1131.2559814453125,0.15977492928504944,3055.987592772661
190.0694575000005,64,E4,1003.1140747070312,0.1823459416627884,2968.102576086252
190.0694575000005,61,C#4,1003.1140747070312,0.1823459416627884,2968.102576086252
190.0694575000005,58,A#3,1003.1140747070312,0.1823459416627884,2968.102576086252
190.2325007500005,66,F#4,1171.9554443359375,0.16592292487621307,2920.1252928080626
190.2325007500005,63,D#4,1171.9554443359375,0.16592292487621307,2920.1252928080626
190.2325007500005,59,B3,1171.9554443359375,0.16592292487621307,2920.1252928080626
190.39554400000048,66,F#4,1174.4893798828125,0.1337829977273941,3194.6824438600047
190.39554400000048,63,D#4,1174.4893798828125,0.1337829977273941,3194.6824438600047
190.39554400000048,59,B3,1174.4893798828125,0.1337829977273941,3194.6824438600047
192.0259765000005,63,D#4,1017.767578125,0.17913982272148132,3471.3469812627154
192.0259765000005,59,B3,1017.767578125,0.17913982272148132,3471.3469812627154
192.0259765000005,58,A#3,1017.767578125,0.17913982272148132,3471.3469812627154
192.3520630000005,59,B3,1011.8125,0.11978594213724136,2980.8246186242754
192.3520630000005,58,A#3,1011.8125,0.11978594213724136,2980.8246186242754
192.3520630000005,63,D#4,1011.8125,0.11978594213724136,2980.8246186242754
192.6781495000005,66,F#4,1181.406494140625,0.18639349937438965,2561.759559151493
192.6781495000005,63,D#4,1181.406494140625,0.18639349937438965,2561.759559151493
192.6781495000005,59,B3,1181.406494140625,0.18639349937438965,2561.759559151493
192.8411927500005,68,G#4,1182.635009765625,0.15206316113471985,2680.270001856626
193.00423600000047,68,G#4,1163.65625,0.1438642144203186,2908.1988989461383
193.00423600000047,63,D#4,1163.65625,0.1438642144203186,2908.1988989461383
193.00423600000047,59,B3,1163.65625,0.1438642144203186,2908.1988989461383
194.6346685000005,68,G#4,1166.106201171875,0.2144240289926529,3618.3264377129867
194.6346685000005,63,D#4,1166.106201171875,0.2144240289926529,3618.3264377129867
194.6346685000005,59,B3,1166.106201171875,0.2144240289926529,3618.3264377129867
194.9607550000005,68,G#4,1183.3931884765625,0.12253323197364807,3466.583392524629
194.9607550000005,63,D#4,1183.3931884765625,0.12253323197364807,3466.583392524629
194.9607550000005,59,B3,1183.3931884765625,0.12253323197364807,3466.583392524629
195.2868415000005,68,G#4,1036.215087890625,0.18960431218147278,2776.875578708089
195.2868415000005,63,D#4,1036.215087890625,0.18960431218147278,2776.875578708089
195.2868415000005,59,B3,1036.215087890625,0.18960431218147278,2776.875578708089
195.44988475000048,64,E4,1114.6951904296875,0.15335801243782043,2765.577776359077
195.44988475000048,61,C#4,1114.6951904296875,0.15335801243782043,2765.577776359077
195.44988475000048,70,A#4,1114.6951904296875,0.15335801243782043,2765.577776359077
195.61292800000047,70,A#4,1136.6199951171875,0.15295980870723724,3049.4148409446525
195.61292800000047,64,E4,1136.6199951171875,0.15295980870723724,3049.4148409446525
195.61292800000047,61,C#4,1136.6199951171875,0.15295980870723724,3049.4148409446525
197.08031725000046,70,A#4,1191.327392578125,0.15470923483371735,2455.2799335754266
197.08031725000046,64,E4,1191.327392578125,0.15470923483371735,2455.2799335754266
197.08031725000046,59,B3,1191.327392578125,0.15470923483371735,2455.2799335754266
197.24336050000045,70,A#4,1110.728271484375,0.23731371760368347,3657.768724244057
197.24336050000045,64,E4,1110.728271484375,0.23731371760368347,3657.768724244057
197.24336050000045,63,D#4,1110.728271484375,0.23731371760368347,3657.768724244057
197.56944700000045,70,A#4,1131.8724365234375,0.1212783008813858,2918.6261335730387
197.56944700000045,64,E4,1131.8724365234375,0.1212783008813858,2918.6261335730387
197.56944700000045,61,C#4,1131.8724365234375,0.1212783008813858,2918.6261335730387
197.73249025000044,59,B3,1152.9793701171875,0.058134909719228745,3324.336039248602
197.89553350000043,66,F#4,1138.91162109375,0.18771147727966309,2774.9404748963198
197.89553350000043,64,E4,1138.91162109375,0.18771147727966309,2774.9404748963198
197.89553350000043,59,B3,1138.91162109375,0.18771147727966309,2774.9404748963198
198.22162000000043,66,F#4,1160.742919921875,0.14553456008434296,2725.722201732702
198.22162000000043,63,D#4,1160.742919921875,0.14553456008434296,2725.722201732702
198.22162000000043,59,B3,1160.742919921875,0.14553456008434296,2725.722201732702
199.19987950000043,57,A3,1172.6351318359375,0.15897341072559357,2665.602203534113
199.19987950000043,52,E3,1172.6351318359375,0.15897341072559357,2665.602203534113
199.19987950000043,45,A2,1172.6351318359375,0.15897341072559357,2665.602203534113
199.85205250000044,64,E4,1156.793701171875,0.2102990448474884,3400.611553639338
199.85205250000044,61,C#4,1156.793701171875,0.2102990448474884,3400.611553639338
199.85205250000044,58,A#3,1156.793701171875,0.2102990448474884,3400.611553639338
200.17813900000044,64,E4,1108.9876708984375,0.14444579184055328,2946.745697316851
200.17813900000044,61,C#4,1108.9876708984375,0.14444579184055328,2946.745697316851
200.17813900000044,58,A#3,1108.9876708984375,0.14444579184055328,2946.745697316851
200.50422550000044,64,E4,1110.2882080078125,0.21198821067810059,2606.655179982993
200.50422550000044,61,C#4,1110.2882080078125,0.21198821067810059,2606.655179982993
200.50422550000044,58,A#3,1110.2882080078125,0.21198821067810059,2606.655179982993
200.66726875000043,66,F#4,1192.4302978515625,0.17980045080184937,2854.7836952968423
200.66726875000043,63,D#4,1192.4302978515625,0.17980045080184937,2854.7836952968423
200.66726875000043,59,B3,1192.4302978515625,0.17980045080184937,2854.7836952968423
200.83031200000042,66,F#4,1190.65869140625,0.16066931188106537,3035.6468155373796
200.83031200000042,63,D#4,1190.65869140625,0.16066931188106537,3035.6468155373796
200.83031200000042,59,B3,1190.65869140625,0.16066931188106537,3035.6468155373796
200.83031200000042,59,B3,1190.65869140625,0.16066931188106537,3035.6468155373796
200.83031200000042,54,F#3,1190.65869140625,0.16066931188106537,3035.6468155373796
200.83031200000042,47,B2,1190.65869140625,0.16066931188106537,3035.6468155373796
201.3194417500004,57,A3,989.5308837890625,0.1554626226425171,3045.5632678954075
201.3194417500004,52,E3,989.5308837890625,0.1554626226425171,3045.5632678954075
201.3194417500004,45,A2,989.5308837890625,0.1554626226425171,3045.5632678954075
201.8085715000004,59,B3,1112.8460693359375,0.14430497586727142,2712.4246807430018
201.8085715000004,54,F#3,1112.8460693359375,0.14430497586727142,2712.4246807430018
201.8085715000004,47,B2,1112.8460693359375,0.14430497586727142,2712.4246807430018
202.4607445000004,63,D#4,1169.74267578125,0.18929225206375122,3184.5682233248617
202.4607445000004,59,B3,1169.74267578125,0.18929225206375122,3184.5682233248617
202.4607445000004,57,A3,1169.74267578125,0.18929225206375122,3184.5682233248617
202.7868310000004,59,B3,1031.72412109375,0.1719052493572235,2758.284305756764
202.7868310000004,57,A3,1031.72412109375,0.1719052493572235,2758.284305756764
202.7868310000004,63,D#4,1031.72412109375,0.1719052493572235,2758.284305756764
203.1129175000004,66,F#4,1174.7373046875,0.18766362965106964,2592.165096665595
203.1129175000004,63,D#4,1174.7373046875,0.18766362965106964,2592.165096665595
203.1129175000004,59,B3,1174.7373046875,0.18766362965106964,2592.165096665595
203.2759607500004,68,G#4,1186.0828857421875,0.17405854165554047,2797.0554569733586
203.43900400000038,68,G#4,1175.338623046875,0.1694052666425705,2765.603556359716
203.43900400000038,63,D#4,1175.338623046875,0.1694052666425705,2765.603556359716
203.43900400000038,59,B3,1175.338623046875,0.1694052666425705,2765.603556359716
203.43900400000038,55,G3,1175.338623046875,0.1694052666425705,2765.603556359716
203.43900400000038,50,D3,1175.338623046875,0.1694052666425705,2765.603556359716
203.43900400000038,43,G2,1175.338623046875,0.1694052666425705,2765.603556359716
203.92813375000037,54,F#3,1183.6495361328125,0.1241837814450264,2811.3575597095805
203.92813375000037,50,D3,1183.6495361328125,0.1241837814450264,2811.3575597095805
203.92813375000037,42,F#2,1183.6495361328125,0.1241837814450264,2811.3575597095805
204.41726350000036,55,G3,1178.595947265625,0.14785240590572357,2281.203467413962
204.41726350000036,50,D3,1178.595947265625,0.14785240590572357,2281.203467413962
204.41726350000036,43,G2,1178.595947265625,0.14785240590572357,2281.203467413962
205.06943650000036,68,G#4,1162.9661865234375,0.18386396765708923,3310.75061333085
205.06943650000036,63,D#4,1162.9661865234375,0.18386396765708923,3310.75061333085
205.06943650000036,59,B3,1162.9661865234375,0.18386396765708923,3310.75061333085
205.39552300000037,68,G#4,1181.2423095703125,0.14861615002155304,2793.265329655529
205.39552300000037,63,D#4,1181.2423095703125,0.14861615002155304,2793.265329655529
205.39552300000037,59,B3,1181.2423095703125,0.14861615002155304,2793.265329655529
205.72160950000037,68,G#4,1161.294677734375,0.16732142865657806,2837.877804941841
205.72160950000037,59,B3,1161.294677734375,0.16732142865657806,2837.877804941841
205.72160950000037,63,D#4,1161.294677734375,0.16732142865657806,2837.877804941841
205.88465275000036,69,A4,1125.3251953125,0.15944121778011322,2757.69417608391
205.88465275000036,64,E4,1125.3251953125,0.15944121778011322,2757.69417608391
205.88465275000036,61,C#4,1125.3251953125,0.15944121778011322,2757.69417608391
206.04769600000034,69,A4,1182.2744140625,0.13411220908164978,2749.631023517587
206.04769600000034,64,E4,1182.2744140625,0.13411220908164978,2749.631023517587
206.04769600000034,61,C#4,1182.2744140625,0.13411220908164978,2749.631023517587
206.04769600000034,57,A3,1182.2744140625,0.13411220908164978,2749.631023517587
206.04769600000034,52,E3,1182.2744140625,0.13411220908164978,2749.631023517587
206.04769600000034,45,A2,1182.2744140625,0.13411220908164978,2749.631023517587
206.53682575000033,43,G2,1000.0092163085938,0.10853763669729233,2882.8432866430117
207.02595550000032,57,A3,888.017822265625,0.127115860581398,2529.260310635826
207.02595550000032,52,E3,888.017822265625,0.127115860581398,2529.260310635826
207.02595550000032,45,A2,888.017822265625,0.127115860581398,2529.260310635826
207.5150852500003,69,A4,1147.7998046875,0.19218650460243225,2212.10906254728
207.5150852500003,64,E4,1147.7998046875,0.19218650460243225,2212.10906254728
207.5150852500003,61,C#4,1147.7998046875,0.19218650460243225,2212.10906254728
207.6781285000003,69,A4,1170.0478515625,0.20749181509017944,2939.442373634995
207.6781285000003,64,E4,1170.0478515625,0.20749181509017944,2939.442373634995
207.6781285000003,63,D#4,1170.0478515625,0.20749181509017944,2939.442373634995
207.6781285000003,84,C6,1170.0478515625,0.20749181509017944,2939.442373634995
208.0042150000003,69,A4,667.4158935546875,0.18332958221435547,2481.11297682966
208.0042150000003,64,E4,667.4158935546875,0.18332958221435547,2481.11297682966
208.0042150000003,61,C#4,667.4158935546875,0.18332958221435547,2481.11297682966
208.1672582500003,59,B3,437.8215637207031,0.1699766367673874,2212.2725144122733
208.33030150000027,66,F#4,1102.1693115234375,0.16815707087516785,2511.1680514592244
208.33030150000027,64,E4,1102.1693115234375,0.16815707087516785,2511.1680514592244
208.33030150000027,59,B3,1102.1693115234375,0.16815707087516785,2511.1680514592244
208.65638800000028,66,F#4,1163.6778564453125,0.17699119448661804,2389.042928347638
208.65638800000028,63,D#4,1163.6778564453125,0.17699119448661804,2389.042928347638
208.65638800000028,59,B3,1163.6778564453125,0.17699119448661804,2389.042928347638
208.65638800000028,59,B3,1163.6778564453125,0.17699119448661804,2389.042928347638
208.65638800000028,54,F#3,1163.6778564453125,0.17699119448661804,2389.042928347638
208.65638800000028,47,B2,1163.6778564453125,0.17699119448661804,2389.042928347638
208.65638800000028,84,C6,1163.6778564453125,0.17699119448661804,2389.042928347638
209.14551775000027,59,B3,941.646484375,0.21132367849349976,2395.6721093540345
209.14551775000027,54,F#3,941.646484375,0.21132367849349976,2395.6721093540345
209.14551775000027,47,B2,941.646484375,0.21132367849349976,2395.6721093540345
209.14551775000027,84,C6,941.646484375,0.21132367849349976,2395.6721093540345
209.63464750000026,57,A3,1139.3660888671875,0.1809883564710617,2678.867933499554
209.63464750000026,52,E3,1139.3660888671875,0.1809883564710617,2678.867933499554
209.63464750000026,45,A2,1139.3660888671875,0.1809883564710617,2678.867933499554
209.63464750000026,84,C6,1139.3660888671875,0.1809883564710617,2678.867933499554
211.26508000000027,59,B3,1087.2061767578125,0.1610349714756012,2325.8123282212164
211.26508000000027,54,F#3,1087.2061767578125,0.1610349714756012,2325.8123282212164
211.26508000000027,47,B2,1087.2061767578125,0.1610349714756012,2325.8123282212164
211.26508000000027,64,E4,1087.2061767578125,0.1610349714756012,2325.8123282212164
211.75420975000026,57,A3,1107.46533203125,0.17949412763118744,2516.6872567369296
211.75420975000026,52,E3,1107.46533203125,0.17949412763118744,2516.6872567369296
211.75420975000026,45,A2,1107.46533203125,0.17949412763118744,2516.6872567369296
211.91725300000024,66,F#4,1115.372314453125,0.17402637004852295,2575.996373030117
212.02594850000025,69,A4,978.3338623046875,0.16768908500671387,2450.695202831219
212.13464400000026,66,F#4,989.9955444335938,0.19675958156585693,3009.028505445537
212.24333950000027,59,B3,1108.957275390625,0.16799429059028625,2524.3463889529557
212.24333950000027,54,F#3,1108.957275390625,0.16799429059028625,2524.3463889529557
212.24333950000027,47,B2,1108.957275390625,0.16799429059028625,2524.3463889529557
212.24333950000027,69,A4,1108.957275390625,0.16799429059028625,2524.3463889529557
213.8737720000003,55,G3,1176.432861328125,0.14831550419330597,2139.1740455418094
213.8737720000003,50,D3,1176.432861328125,0.14831550419330597,2139.1740455418094
213.8737720000003,43,G2,1176.432861328125,0.14831550419330597,2139.1740455418094
213.8737720000003,74,D5,1176.432861328125,0.14831550419330597,2139.1740455418094
214.03681525000027,73,C#5,1127.6822509765625,0.1902749240398407,2429.876522413382
214.19985850000026,71,B4,1036.7132568359375,0.15794283151626587,3116.470613460081
214.36290175000025,54,F#3,1173.027099609375,0.16560098528862,2744.4197810855953
214.36290175000025,50,D3,1173.027099609375,0.16560098528862,2744.4197810855953
214.36290175000025,42,F#2,1173.027099609375,0.16560098528862,2744.4197810855953
214.36290175000025,69,A4,1173.027099609375,0.16560098528862,2744.4197810855953
214.52594500000023,71,B4,1125.10693359375,0.1748856157064438,2464.0639915711467
214.68898825000022,64,E4,1186.5462646484375,0.16696879267692566,2836.6402840436444
214.8520315000002,55,G3,1177.5899658203125,0.1549031287431717,2301.0738113505404
214.8520315000002,50,D3,1177.5899658203125,0.1549031287431717,2301.0738113505404
214.8520315000002,43,G2,1177.5899658203125,0.1549031287431717,2301.0738113505404
215.0150747500002,64,E4,1175.357666015625,0.15222717821598053,2677.0308097507236
215.66724775000017,62,D4,1188.6763916015625,0.15292803943157196,2686.1341647033923
215.83029100000016,64,E4,1174.6942138671875,0.1476447880268097,2296.0154728188636
215.99333425000015,62,D4,1006.947509765625,0.19071748852729797,2761.1684812137846
216.15637750000013,61,C#4,1170.5240478515625,0.1695863902568817,2360.763184454201
216.31942075000012,59,B3,1122.4156494140625,0.1768151968717575,2255.8405581864736
216.4824640000001,57,A3,1171.09765625,0.15591537952423096,2059.0265470103286
216.4824640000001,52,E3,1171.09765625,0.15591537952423096,2059.0265470103286
216.4824640000001,45,A2,1171.09765625,0.15591537952423096,2059.0265470103286
216.4824640000001,57,A3,1171.09765625,0.15591537952423096,2059.0265470103286
216.9715937500001,43,G2,1158.21728515625,0.17109161615371704,2657.626635719053
216.9715937500001,55,G3,1158.21728515625,0.17109161615371704,2657.626635719053
217.46072350000009,57,A3,1137.68505859375,0.14878927171230316,2401.855400154631
217.46072350000009,52,E3,1137.68505859375,0.14878927171230316,2401.855400154631
217.46072350000009,45,A2,1137.68505859375,0.14878927171230316,2401.855400154631
217.46072350000009,57,A3,1137.68505859375,0.14878927171230316,2401.855400154631
217.94985325000007,69,A4,1106.0833740234375,0.21630598604679108,2999.9326428011527
217.94985325000007,64,E4,1106.0833740234375,0.21630598604679108,2999.9326428011527
217.94985325000007,59,B3,1106.0833740234375,0.21630598604679108,2999.9326428011527
218.11289650000006,69,A4,1181.136962890625,0.18378505110740662,2533.000194473897
218.11289650000006,64,E4,1181.136962890625,0.18378505110740662,2533.000194473897
218.11289650000006,62,D4,1181.136962890625,0.18378505110740662,2533.000194473897
218.43898300000006,69,A4,955.373046875,0.13401620090007782,2335.421860804797
218.43898300000006,64,E4,955.373046875,0.13401620090007782,2335.421860804797
218.43898300000006,61,C#4,955.373046875,0.13401620090007782,2335.421860804797
218.60202625000005,59,B3,748.4385375976562,0.18761107325553894,2732.2928970218472
218.76506950000004,66,F#4,991.8914794921875,0.1538890153169632,3002.443896765928
218.76506950000004,64,E4,991.8914794921875,0.1538890153169632,3002.443896765928
218.76506950000004,59,B3,991.8914794921875,0.1538890153169632,3002.443896765928
219.09115600000004,59,B3,994.5747680664062,0.13118989765644073,2661.437282310154
219.09115600000004,54,F#3,994.5747680664062,0.13118989765644073,2661.437282310154
219.09115600000004,47,B2,994.5747680664062,0.13118989765644073,2661.437282310154
219.09115600000004,76,E5,994.5747680664062,0.13118989765644073,2661.437282310154
219.58028575000003,59,B3,1001.9749755859375,0.18632233142852783,2464.8837338600133
219.58028575000003,54,F#3,1001.9749755859375,0.18632233142852783,2464.8837338600133
219.58028575000003,47,B2,1001.9749755859375,0.18632233142852783,2464.8837338600133
219.58028575000003,76,E5,1001.9749755859375,0.18632233142852783,2464.8837338600133
220.06941550000002,57,A3,1111.6446533203125,0.13154539465904236,2802.8534863607733
220.06941550000002,52,E3,1111.6446533203125,0.13154539465904236,2802.8534863607733
220.06941550000002,45,A2,1111.6446533203125,0.13154539465904236,2802.8534863607733
220.06941550000002,76,E5,1111.6446533203125,0.13154539465904236,2802.8534863607733
221.04767500000003,67,G4,1183.25341796875,0.16566450893878937,2902.2528846204523
221.04767500000003,69,A4,1183.25341796875,0.16566450893878937,2902.2528846204523
221.04767500000003,74,D5,1183.25341796875,0.16566450893878937,2902.2528846204523
221.04767500000003,76,E5,1183.25341796875,0.16566450893878937,2902.2528846204523
221.37376150000003,81,A5,1170.305908203125,0.1776420623064041,2699.407365508556
221.53680475000002,76,E5,1192.9456787109375,0.16312028467655182,2652.9545961360463
223.004194,55,G3,1175.804443359375,0.23074491322040558,2491.951968027774
223.004194,50,D3,1175.804443359375,0.23074491322040558,2491.951968027774
223.004194,43,G2,1175.804443359375,0.23074491322040558,2491.951968027774
223.33028050000001,69,A4,1161.9376220703125,0.2477203756570816,2640.6521285234676
223.65636700000002,69,A4,1167.4637451171875,0.22055946290493011,2959.7011230487096
223.98245350000002,71,B4,1190.8101806640625,0.19478799402713776,3365.9807022752134
224.30854000000002,55,G3,1179.8377685546875,0.24145358800888062,2463.366638107089
224.30854000000002,50,D3,1179.8377685546875,0.24145358800888062,2463.366638107089
224.30854000000002,43,G2,1179.8377685546875,0.24145358800888062,2463.366638107089
224.63462650000002,69,A4,1199.6551513671875,0.23137733340263367,2595.1465918816707
224.96071300000003,69,A4,1182.6468505859375,0.19693410396575928,3066.4377725397703
225.28679950000003,71,B4,1183.953857421875,0.19820688664913177,2577.2199561872894
226.26505900000004,74,D5,1178.4039306640625,0.1649257093667984,2471.6272931943968
226.26505900000004,69,A4,1178.4039306640625,0.1649257093667984,2471.6272931943968
226.26505900000004,67,G4,1178.4039306640625,0.1649257093667984,2471.6272931943968
226.91723200000004,62,D4,1182.5970458984375,0.11468564718961716,2604.6651249858674
226.91723200000004,57,A3,1182.5970458984375,0.11468564718961716,2604.6651249858674
226.91723200000004,55,G3,1182.5970458984375,0.11468564718961716,2604.6651249858674
228.22157800000005,81,A5,1186.8787841796875,0.13202978670597076,2452.984552856621
229.19983750000006,81,A5,98.12083435058594,0.17773747444152832,2267.9729031135125
229.36288075000004,78,F#5,1173.544921875,0.14149785041809082,2647.4653125302816
229.52592400000003,76,E5,1181.4039306640625,0.13524800539016724,2286.7494295465085
229.74331500000005,74,D5,1169.69091796875,0.1629820615053177,2277.1730288459826
229.85201050000006,76,E5,1173.889404296875,0.13090267777442932,2258.8409765482907
230.01505375000005,74,D5,1181.533203125,0.1513797640800476,2212.27728699752
230.17809700000004,73,C#5,1193.72802734375,0.14971520006656647,2236.7162876051607
230.34114025000002,74,D5,1185.6011962890625,0.15850546956062317,2377.647341323406
230.39548800000003,73,C#5,1175.3624267578125,0.16507704555988312,2386.78609269252
230.44983575000003,74,D5,1185.54150390625,0.15042009949684143,2481.627503456115
230.50418350000004,73,C#5,1170.64697265625,0.15354178845882416,2408.946634496745
230.66722675000003,71,B4,1175.5628662109375,0.15293458104133606,2267.4247017902094
230.83027,73,C#5,1181.420166015625,0.14411477744579315,2379.4737784989566
230.99331325,71,B4,1155.8309326171875,0.13709920644760132,2178.634901919767
231.1563565,69,A4,1181.5384521484375,0.14351513981819153,2289.751856291911
231.23787812499998,70,A#4,1177.7811279296875,0.1486387997865677,2222.862892132485
231.31939974999997,69,A4,1161.384521484375,0.13308683037757874,2208.6426771789093
231.48244299999996,66,F#4,1179.2205810546875,0.11847900599241257,2206.6248058794827
231.56396462499995,69,A4,1178.1778564453125,0.1314816027879715,2060.5026580908507
231.64548624999995,66,F#4,1174.1253662109375,0.11629383265972137,2308.864952910476
231.72700787499994,65,F4,1197.2611083984375,0.11605995148420334,2148.1097372848894
231.80852949999993,64,E4,1110.6114501953125,0.1094689592719078,2298.2317206761463
231.91722499999995,62,D4,1180.3692626953125,0.12575390934944153,2349.8735187799757
232.02592049999996,59,B3,1175.0462646484375,0.11125132441520691,2284.5898115397595
232.13461599999997,64,E4,1178.690185546875,0.14297239482402802,2240.53498262511
232.24331149999998,59,B3,1175.565185546875,0.11825799196958542,2051.615310518928
232.352007,62,D4,1181.4505615234375,0.1198316141963005,2224.036383529483
