Time,MIDI_Note,Note_Label,Pitch,Power,Spectral_Centroid
3.2986059166666704,45,A2,132.76678466796875,0.10539384931325912,1738.352738948074
3.4114530937500036,40,E2,130.7421417236328,0.03466205298900604,1873.9875539037366
3.4374947500000035,40,E2,580.94677734375,0.03673889487981796,1876.2383024066353
3.8541612500000033,45,A2,1176.8846435546875,0.09280318766832352,3821.307533812865
4.270827750000003,44,G#2,1127.1077880859375,0.006920251529663801,2523.0166758570895
4.479161000000003,40,E2,95.8169937133789,0.16410955786705017,1863.800502643981
5.104160750000003,46,A#2,334.87213134765625,0.1603124439716339,4141.530897506814
5.104160750000003,47,B2,334.87213134765625,0.1603124439716339,4141.530897506814
5.373257864583336,40,E2,183.6597442626953,0.21642640233039856,3180.5473233659604
5.38193841666667,46,A#2,183.6597442626953,0.21642640233039856,3180.5473233659604
5.659716083333337,40,E2,223.1861572265625,0.19995081424713135,3360.6136727331095
5.798604916666671,40,E2,212.36151123046875,0.14359956979751587,2715.93021153101
5.937493750000004,35,B1,201.2068634033203,0.17401611804962158,3290.2494953826
5.937493750000004,45,A2,201.2068634033203,0.17401611804962158,3290.2494953826
6.076382583333338,45,A2,152.75816345214844,0.2343752086162567,1542.0467467516264
6.215271416666671,45,A2,1115.4454345703125,0.1698267161846161,4446.361170008748
6.354160250000005,33,A1,1109.7401123046875,0.10659638047218323,4332.650166575861
6.354160250000005,41,F2,1109.7401123046875,0.10659638047218323,4332.650166575861
6.458326875000005,32,G#1,1151.7216796875,0.08238835632801056,3994.7994171783175
6.4930490833333385,41,F2,1151.8980712890625,0.08021548390388489,3931.70160772232
6.562493500000006,31,G1,988.2108764648438,0.11374939978122711,2832.2722083934914
6.631937916666672,41,F2,1152.537109375,0.08853190392255783,2742.5083504239683
6.666660125000006,29,F1,1152.2816162109375,0.0833950787782669,2682.8638815592453
6.7708267500000066,28,E1,1152.13134765625,0.06637676805257797,2535.8763516151394
6.7708267500000066,35,B1,1152.13134765625,0.06637676805257797,2535.8763516151394
6.7708267500000066,40,E2,1152.13134765625,0.06637676805257797,2535.8763516151394
6.7708267500000066,47,B2,1152.13134765625,0.06637676805257797,2535.8763516151394
6.7708267500000066,49,C#3,1152.13134765625,0.06637676805257797,2535.8763516151394
6.7708267500000066,52,E3,1152.13134765625,0.06637676805257797,2535.8763516151394
6.7708267500000066,68,G#4,1152.13134765625,0.06637676805257797,2535.8763516151394
6.7708267500000066,71,B4,1152.13134765625,0.06637676805257797,2535.8763516151394
6.7708267500000066,76,E5,1152.13134765625,0.06637676805257797,2535.8763516151394
6.77950730208334,40,E2,1152.13134765625,0.06637676805257797,2535.8763516151394
6.77950730208334,56,G#3,1152.13134765625,0.06637676805257797,2535.8763516151394
6.77950730208334,59,B3,1152.13134765625,0.06637676805257797,2535.8763516151394
6.77950730208334,64,E4,1152.13134765625,0.06637676805257797,2535.8763516151394
6.783847578125007,64,E4,1152.6160888671875,0.06328515708446503,2516.765078417002
7.187493250000007,28,E1,1152.733154296875,0.07439428567886353,2291.8975523978293
7.187493250000007,44,G#2,1152.733154296875,0.07439428567886353,2291.8975523978293
7.187493250000007,51,D#3,1152.733154296875,0.07439428567886353,2291.8975523978293
7.204854354166674,59,B3,1151.8121337890625,0.06770645081996918,2221.0742727617594
7.604159750000007,40,E2,986.3983764648438,0.07599182426929474,2211.9476979320284
7.612840302083341,56,G#3,986.3983764648438,0.07599182426929474,2211.9476979320284
7.617180578125008,59,B3,986.3983764648438,0.07599182426929474,2211.9476979320284
7.617180578125008,64,E4,986.3983764648438,0.07599182426929474,2211.9476979320284
8.020826250000008,28,E1,1151.2740478515625,0.06985820084810257,2084.4414531981665
8.020826250000008,44,G#2,1151.2740478515625,0.06985820084810257,2084.4414531981665
8.020826250000008,51,D#3,1151.2740478515625,0.06985820084810257,2084.4414531981665
8.020826250000008,59,B3,1151.2740478515625,0.06985820084810257,2084.4414531981665
8.020826250000008,66,F#4,1151.2740478515625,0.06985820084810257,2084.4414531981665
8.029506802083342,59,B3,1151.2740478515625,0.06985820084810257,2084.4414531981665
8.029506802083342,66,F#4,1151.2740478515625,0.06985820084810257,2084.4414531981665
8.229159500000009,68,G#4,1108.968994140625,0.10718484222888947,2529.6010388921695
8.246520604166676,68,G#4,1108.968994140625,0.10718484222888947,2529.6010388921695
8.437492750000011,28,E1,1151.4046630859375,0.07180973887443542,1830.789807390275
8.437492750000011,35,B1,1151.4046630859375,0.07180973887443542,1830.789807390275
8.437492750000011,51,D#3,1151.4046630859375,0.07180973887443542,1830.789807390275
8.441833026041678,40,E2,1151.4046630859375,0.07180973887443542,1830.789807390275
8.441833026041678,59,B3,1151.4046630859375,0.07180973887443542,1830.789807390275
8.441833026041678,64,E4,1151.4046630859375,0.07180973887443542,1830.789807390275
8.441833026041678,69,A4,1151.4046630859375,0.07180973887443542,1830.789807390275
8.454853854166679,69,A4,1151.4046630859375,0.07180973887443542,1830.789807390275
8.645826000000012,44,G#2,900.2086181640625,0.2137010246515274,3191.9015994518522
8.854159250000013,28,E1,1152.1280517578125,0.07308291643857956,2440.462074471786
8.854159250000013,51,D#3,1152.1280517578125,0.07308291643857956,2440.462074471786
8.85849952604168,68,G#4,1152.1280517578125,0.07308291643857956,2440.462074471786
8.87152035416668,68,G#4,1152.1280517578125,0.07308291643857956,2440.462074471786
9.270825750000014,40,E2,205.53147888183594,0.2616555392742157,1825.300474950543
9.270825750000014,51,D#3,205.53147888183594,0.2616555392742157,1825.300474950543
9.270825750000014,56,G#3,205.53147888183594,0.2616555392742157,1825.300474950543
9.270825750000014,59,B3,205.53147888183594,0.2616555392742157,1825.300474950543
9.270825750000014,66,F#4,205.53147888183594,0.2616555392742157,1825.300474950543
9.270825750000014,66,F#4,205.53147888183594,0.2616555392742157,1825.300474950543
9.678811697916684,64,E4,1098.0601806640625,0.12165619432926178,4566.394754322613
9.687492250000018,28,E1,1098.59619140625,0.11625202000141144,4591.580553407226
9.687492250000018,44,G#2,1098.59619140625,0.11625202000141144,4591.580553407226
9.687492250000018,51,D#3,1098.59619140625,0.11625202000141144,4591.580553407226
9.700513078125018,64,E4,1098.59619140625,0.11625202000141144,4591.580553407226
9.895825500000019,35,B1,986.3472900390625,0.09061117470264435,3565.419398467222
10.086797645833352,69,A4,988.1876831054688,0.07921747863292694,2711.8080392287993
10.099818473958353,45,A2,988.1876831054688,0.07921747863292694,2711.8080392287993
10.099818473958353,52,E3,988.1876831054688,0.07921747863292694,2711.8080392287993
10.099818473958353,59,B3,988.1876831054688,0.07921747863292694,2711.8080392287993
10.099818473958353,61,C#4,988.1876831054688,0.07921747863292694,2711.8080392287993
10.099818473958353,64,E4,988.1876831054688,0.07921747863292694,2711.8080392287993
10.10415875000002,33,A1,988.1876831054688,0.07921747863292694,2711.8080392287993
10.10415875000002,35,B1,988.1876831054688,0.07921747863292694,2711.8080392287993
10.10415875000002,45,A2,988.1876831054688,0.07921747863292694,2711.8080392287993
10.10415875000002,49,C#3,988.1876831054688,0.07921747863292694,2711.8080392287993
10.10415875000002,52,E3,988.1876831054688,0.07921747863292694,2711.8080392287993
10.10415875000002,57,A3,988.1876831054688,0.07921747863292694,2711.8080392287993
10.112839302083353,64,E4,988.62353515625,0.07758241146802902,2678.1779040476895
10.520825250000021,44,G#2,992.3394165039062,0.09440763294696808,2509.4663726074186
10.520825250000021,51,D#3,992.3394165039062,0.09440763294696808,2509.4663726074186
10.525165526041688,57,A3,1106.22607421875,0.08725333958864212,2433.6269053341844
10.93749175000002,40,E2,1098.7940673828125,0.08561501652002335,1789.4549320989863
10.946172302083355,59,B3,1099.3359375,0.08136027306318283,1745.712135685696
10.946172302083355,61,C#4,1099.3359375,0.08136027306318283,1745.712135685696
10.946172302083355,64,E4,1099.3359375,0.08136027306318283,1745.712135685696
11.35415825000002,33,A1,1153.532470703125,0.08448675274848938,1843.761726254621
11.35415825000002,44,G#2,1153.532470703125,0.08448675274848938,1843.761726254621
11.35415825000002,51,D#3,1153.532470703125,0.08448675274848938,1843.761726254621
11.35415825000002,57,A3,1153.532470703125,0.08448675274848938,1843.761726254621
11.35415825000002,64,E4,1153.532470703125,0.08448675274848938,1843.761726254621
11.770824750000022,33,A1,1153.220947265625,0.08025176078081131,1902.166171578424
11.770824750000022,35,B1,1153.220947265625,0.08025176078081131,1902.166171578424
11.770824750000022,51,D#3,1153.220947265625,0.08025176078081131,1902.166171578424
11.77516502604169,64,E4,1153.220947265625,0.08025176078081131,1902.166171578424
11.779505302083356,59,B3,1153.3028564453125,0.07785125821828842,1854.9791589010447
11.783845578125023,61,C#4,1153.3028564453125,0.07785125821828842,1854.9791589010447
12.183150973958359,57,A3,1097.35302734375,0.09518294781446457,2611.267518081785
12.187491250000026,33,A1,1097.35302734375,0.09518294781446457,2611.267518081785
12.187491250000026,35,B1,1097.35302734375,0.09518294781446457,2611.267518081785
12.187491250000026,44,G#2,1097.35302734375,0.09518294781446457,2611.267518081785
12.187491250000026,51,D#3,1097.35302734375,0.09518294781446457,2611.267518081785
12.187491250000026,52,E3,1097.35302734375,0.09518294781446457,2611.267518081785
12.387143947916693,52,E3,1152.683837890625,0.062124188989400864,1928.2998115783953
12.604157750000027,35,B1,1153.1253662109375,0.07521671056747437,1997.3554193443615
12.604157750000027,40,E2,1153.1253662109375,0.07521671056747437,1997.3554193443615
12.604157750000027,45,A2,1153.1253662109375,0.07521671056747437,1997.3554193443615
12.604157750000027,51,D#3,1153.1253662109375,0.07521671056747437,1997.3554193443615
12.604157750000027,57,A3,1153.1253662109375,0.07521671056747437,1997.3554193443615
12.604157750000027,59,B3,1153.1253662109375,0.07521671056747437,1997.3554193443615
12.604157750000027,64,E4,1153.1253662109375,0.07521671056747437,1997.3554193443615
12.808150723958361,61,C#4,1152.290771484375,0.05270790308713913,1769.4313725889635
13.016483973958362,57,A3,1108.5654296875,0.12453068792819977,5095.590857450399
13.020824250000029,44,G#2,1108.5654296875,0.12453068792819977,5095.590857450399
13.020824250000029,45,A2,1108.5654296875,0.12453068792819977,5095.590857450399
13.22915750000003,45,A2,1109.6510009765625,0.08269591629505157,4128.428847644848
13.415789369791696,73,C#5,1108.8887939453125,0.08369752764701843,2986.2366175336983
13.420129645833363,68,G#4,1108.8887939453125,0.08369752764701843,2986.2366175336983
13.420129645833363,76,E5,1108.8887939453125,0.08369752764701843,2986.2366175336983
13.433150473958364,49,C#3,1108.6207275390625,0.07803354412317276,2881.558851728775
13.433150473958364,56,G#3,1108.6207275390625,0.07803354412317276,2881.558851728775
13.433150473958364,61,C#4,1108.6207275390625,0.07803354412317276,2881.558851728775
13.433150473958364,64,E4,1108.6207275390625,0.07803354412317276,2881.558851728775
13.43749075000003,35,B1,1108.6207275390625,0.07803354412317276,2881.558851728775
13.43749075000003,37,C#2,1108.6207275390625,0.07803354412317276,2881.558851728775
13.43749075000003,49,C#3,1108.6207275390625,0.07803354412317276,2881.558851728775
13.43749075000003,56,G#3,1108.6207275390625,0.07803354412317276,2881.558851728775
13.43749075000003,57,A3,1108.6207275390625,0.07803354412317276,2881.558851728775
13.43749075000003,61,C#4,1108.6207275390625,0.07803354412317276,2881.558851728775
13.849816973958365,56,G#3,1105.14990234375,0.0893152579665184,2751.002898347375
13.854157250000032,37,C#2,1105.14990234375,0.0893152579665184,2751.002898347375
13.854157250000032,44,G#2,1105.14990234375,0.0893152579665184,2751.002898347375
13.854157250000032,51,D#3,1105.14990234375,0.0893152579665184,2751.002898347375
13.8715183541667,68,G#4,1125.31689453125,0.08481856435537338,2748.014442492733
14.270823750000034,39,D#2,1109.46533203125,0.061636924743652344,2088.8551986205835
14.270823750000034,40,E2,1109.46533203125,0.061636924743652344,2088.8551986205835
14.2751640260417,56,G#3,1109.46533203125,0.061636924743652344,2088.8551986205835
14.279504302083367,61,C#4,1109.46533203125,0.061636924743652344,2088.8551986205835
14.279504302083367,64,E4,1109.46533203125,0.061636924743652344,2088.8551986205835
14.279504302083367,73,C#5,1109.46533203125,0.061636924743652344,2088.8551986205835
14.683149973958368,76,E5,1114.3250732421875,0.13263721764087677,4925.250602666409
14.687490250000035,40,E2,1114.3250732421875,0.13263721764087677,4925.250602666409
14.687490250000035,44,G#2,1114.3250732421875,0.13263721764087677,4925.250602666409
14.687490250000035,51,D#3,1114.3250732421875,0.13263721764087677,4925.250602666409
14.687490250000035,66,F#4,1114.3250732421875,0.13263721764087677,4925.250602666409
14.691830526041702,66,F#4,1114.3250732421875,0.13263721764087677,4925.250602666409
14.891483223958371,68,G#4,1110.2369384765625,0.07891904562711716,4115.189122212807
14.891483223958371,68,G#4,1110.2369384765625,0.07891904562711716,4115.189122212807
15.082455369791703,71,B4,1108.4130859375,0.11119306832551956,2639.6567441211077
15.08679564583337,66,F#4,1108.4130859375,0.11119306832551956,2639.6567441211077
15.08679564583337,75,D#5,1108.4130859375,0.11119306832551956,2639.6567441211077
15.091135921875036,75,D#5,1108.4130859375,0.11119306832551956,2639.6567441211077
15.09981647395837,64,E4,988.9520263671875,0.1062026172876358,2605.5556681779444
15.09981647395837,69,A4,988.9520263671875,0.1062026172876358,2605.5556681779444
15.104156750000037,35,B1,988.9520263671875,0.1062026172876358,2605.5556681779444
15.104156750000037,35,B1,988.9520263671875,0.1062026172876358,2605.5556681779444
15.104156750000037,47,B2,988.9520263671875,0.1062026172876358,2605.5556681779444
15.104156750000037,47,B2,988.9520263671875,0.1062026172876358,2605.5556681779444
15.104156750000037,57,A3,988.9520263671875,0.1062026172876358,2605.5556681779444
15.104156750000037,59,B3,988.9520263671875,0.1062026172876358,2605.5556681779444
15.104156750000037,61,C#4,988.9520263671875,0.1062026172876358,2605.5556681779444
15.11283730208337,69,A4,988.9520263671875,0.1062026172876358,2605.5556681779444
15.52082325000004,35,B1,1116.5706787109375,0.11042273044586182,2773.919640717665
15.52082325000004,44,G#2,1116.5706787109375,0.11042273044586182,2773.919640717665
15.52082325000004,51,D#3,1116.5706787109375,0.11042273044586182,2773.919640717665
15.52082325000004,68,G#4,1116.5706787109375,0.11042273044586182,2773.919640717665
15.525163526041707,68,G#4,1116.5706787109375,0.11042273044586182,2773.919640717665
15.538184354166708,68,G#4,1116.947509765625,0.10149168223142624,2633.703009916319
15.924468921875041,71,B4,1108.7774658203125,0.12530405819416046,5319.411109513451
15.933149473958375,66,F#4,1109.7320556640625,0.11975481361150742,5277.733262834314
15.937489750000042,39,D#2,1109.7320556640625,0.11975481361150742,5277.733262834314
15.937489750000042,40,E2,1109.7320556640625,0.11975481361150742,5277.733262834314
15.937489750000042,51,D#3,1109.7320556640625,0.11975481361150742,5277.733262834314
15.937489750000042,66,F#4,1109.7320556640625,0.11975481361150742,5277.733262834314
16.349815973958375,64,E4,1161.176025390625,0.24546389281749725,4579.524072768749
16.35415625000004,35,B1,1157.338134765625,0.1351504772901535,4908.910925461524
16.35415625000004,40,E2,1157.338134765625,0.1351504772901535,4908.910925461524
16.35415625000004,44,G#2,1157.338134765625,0.1351504772901535,4908.910925461524
16.35415625000004,49,C#3,1157.338134765625,0.1351504772901535,4908.910925461524
16.35849652604171,64,E4,1157.338134765625,0.1351504772901535,4908.910925461524
16.35849652604171,75,D#5,1157.338134765625,0.1351504772901535,4908.910925461524
16.757801921875043,64,E4,1132.64404296875,0.05791356787085533,3571.2175392830804
16.76214219791671,76,E5,1132.64404296875,0.05791356787085533,3571.2175392830804
16.766482473958376,69,A4,1132.64404296875,0.05791356787085533,3571.2175392830804
16.770822750000043,45,A2,1152.7930908203125,0.05515434220433235,3536.2549613852575
16.770822750000043,45,A2,1152.7930908203125,0.05515434220433235,3536.2549613852575
16.770822750000043,57,A3,1152.7930908203125,0.05515434220433235,3536.2549613852575
16.770822750000043,59,B3,1152.7930908203125,0.05515434220433235,3536.2549613852575
16.770822750000043,61,C#4,1152.7930908203125,0.05515434220433235,3536.2549613852575
16.770822750000043,64,E4,1152.7930908203125,0.05515434220433235,3536.2549613852575
16.770822750000043,73,C#5,1152.7930908203125,0.05515434220433235,3536.2549613852575
16.770822750000043,35,B1,1152.7930908203125,0.05515434220433235,3536.2549613852575
16.770822750000043,40,E2,1152.7930908203125,0.05515434220433235,3536.2549613852575
16.770822750000043,45,A2,1152.7930908203125,0.05515434220433235,3536.2549613852575
16.770822750000043,52,E3,1152.7930908203125,0.05515434220433235,3536.2549613852575
16.770822750000043,57,A3,1152.7930908203125,0.05515434220433235,3536.2549613852575
16.770822750000043,57,A3,1152.7930908203125,0.05515434220433235,3536.2549613852575
16.77516302604171,52,E3,1152.7930908203125,0.05515434220433235,3536.2549613852575
17.187489250000045,40,E2,1153.838623046875,0.06520511955022812,2297.1816915753343
17.200510078125046,57,A3,1153.838623046875,0.06520511955022812,2297.1816915753343
17.57811409375004,40,E2,1153.509521484375,0.05305006727576256,1879.1500449580801
17.604155750000043,40,E2,1151.032470703125,0.055427029728889465,1919.6882158474123
17.604155750000043,44,G#2,1151.032470703125,0.055427029728889465,1919.6882158474123
17.617176578125044,59,B3,1152.239501953125,0.057763684540987015,1919.4686404623878
17.617176578125044,61,C#4,1152.239501953125,0.057763684540987015,1919.4686404623878
17.62151685416671,64,E4,1152.239501953125,0.057763684540987015,1919.4686404623878
18.020822250000045,57,A3,1102.7144775390625,0.06682755053043365,1977.265050839379
18.020822250000045,40,E2,1102.7144775390625,0.06682755053043365,1977.265050839379
18.02950280208338,64,E4,1153.6094970703125,0.060560889542102814,2025.4616893050022
18.124988875000046,40,E2,1151.701904296875,0.05403897538781166,2000.0012733155718
18.229155500000047,40,E2,1153.25634765625,0.0453292615711689,2055.39221934798
18.33332212500005,40,E2,1154.0931396484375,0.0482785739004612,1825.3464199107177
18.41144709375005,40,E2,1152.5098876953125,0.051631730049848557,1743.7931852354468
18.43748875000005,59,B3,1152.2679443359375,0.05163147300481796,1739.7497492219788
18.43748875000005,61,C#4,1152.2679443359375,0.05163147300481796,1739.7497492219788
18.43748875000005,64,E4,1152.2679443359375,0.05163147300481796,1739.7497492219788
18.43748875000005,40,E2,1152.2679443359375,0.05163147300481796,1739.7497492219788
18.645822000000052,40,E2,1152.4696044921875,0.04704427346587181,1643.1062055559432
18.854155250000055,40,E2,1152.7362060546875,0.06460166722536087,1898.3996998000207
18.85849552604172,57,A3,1151.9761962890625,0.06130947917699814,1901.8479092097514
19.062488500000054,40,E2,1153.46337890625,0.04298142343759537,1888.8266326058813
19.253460645833385,40,E2,1155.5372314453125,0.05800963193178177,1429.1657919316428
19.266481473958386,59,B3,1155.5372314453125,0.05800963193178177,1429.1657919316428
19.266481473958386,61,C#4,1155.5372314453125,0.05800963193178177,1429.1657919316428
19.266481473958386,64,E4,1155.5372314453125,0.05800963193178177,1429.1657919316428
19.270821750000053,40,E2,1155.5372314453125,0.05800963193178177,1429.1657919316428
19.270821750000053,44,G#2,1155.5372314453125,0.05800963193178177,1429.1657919316428
19.68314797395839,57,A3,1152.1591796875,0.04881570488214493,1573.8431251196441
19.687488250000058,40,E2,1152.1591796875,0.04881570488214493,1573.8431251196441
19.79165487500006,40,E2,1152.4359130859375,0.04262326657772064,1551.325767559044
19.89582150000006,40,E2,1152.7232666015625,0.036904726177453995,1608.9317925313826
19.999988125000062,40,E2,1152.7840576171875,0.03408978879451752,1543.139963447751
20.099814473958396,59,B3,1152.6171875,0.02792353741824627,1617.734574440796
20.099814473958396,61,C#4,1152.6171875,0.02792353741824627,1617.734574440796
20.099814473958396,64,E4,1152.6171875,0.02792353741824627,1617.734574440796
20.104154750000063,40,E2,1152.6171875,0.02792353741824627,1617.734574440796
20.520821250000065,40,E2,1153.080078125,0.049157336354255676,1441.9260108381384
20.520821250000065,57,A3,1153.080078125,0.049157336354255676,1441.9260108381384
20.91144609375007,40,E2,1152.4739990234375,0.02813126891851425,1620.1395634303994
20.93748775000007,40,E2,1152.6197509765625,0.025396497920155525,1652.259484856179
20.946168302083404,59,B3,1152.6197509765625,0.025396497920155525,1652.259484856179
20.946168302083404,61,C#4,1152.6197509765625,0.025396497920155525,1652.259484856179
20.946168302083404,64,E4,1152.6197509765625,0.025396497920155525,1652.259484856179
21.354154250000068,40,E2,1152.921875,0.034869566559791565,1569.1122305329354
21.362834802083402,57,A3,1152.921875,0.034869566559791565,1569.1122305329354
21.45832087500007,40,E2,1152.3355712890625,0.0314401313662529,1517.6128056804641
21.56248750000007,40,E2,1152.60595703125,0.03206092119216919,1389.415995436865
21.666654125000072,40,E2,1153.0450439453125,0.029936663806438446,1333.6872083219168
21.744779093750072,40,E2,1152.4114990234375,0.024953210726380348,1510.9105308941985
21.770820750000073,40,E2,1152.42919921875,0.026221241801977158,1459.5631496068613
21.783841578125074,59,B3,1152.42919921875,0.026221241801977158,1459.5631496068613
21.783841578125074,61,C#4,1152.42919921875,0.026221241801977158,1459.5631496068613
21.783841578125074,64,E4,1152.42919921875,0.026221241801977158,1459.5631496068613
21.979154000000072,40,E2,1152.8182373046875,0.01929919607937336,1560.3926119687071
22.187487250000075,40,E2,1152.5350341796875,0.028848400339484215,1605.2525906501853
22.204848354166742,57,A3,1153.136962890625,0.029117031022906303,1630.2556199311493
22.395820500000077,40,E2,1152.4508056640625,0.02649702876806259,1386.5414594648864
22.586792645833413,40,E2,1153.0506591796875,0.027645369991660118,1498.6056847694913
22.60415375000008,40,E2,1155.043701171875,0.027936967089772224,1457.797928152233
22.60415375000008,59,B3,1155.043701171875,0.027936967089772224,1457.797928152233
22.60415375000008,61,C#4,1155.043701171875,0.027936967089772224,1457.797928152233
22.60415375000008,64,E4,1155.043701171875,0.027936967089772224,1457.797928152233
23.020820250000078,40,E2,1172.3533935546875,0.032309215515851974,2149.6916338328
23.038181354166746,57,A3,1157.481689453125,0.035253897309303284,2013.8940976780273
23.12498687500008,40,E2,1108.4818115234375,0.03225146234035492,1793.236614261003
23.22915350000008,40,E2,1107.6612548828125,0.02306222915649414,1725.708329828349
23.333320125000082,40,E2,1108.16259765625,0.019249489530920982,1727.7367380967978
23.437486750000083,49,C#3,1107.1793212890625,0.02300145849585533,1690.0696599546325
23.437486750000083,61,C#4,1107.1793212890625,0.02300145849585533,1690.0696599546325
23.437486750000083,63,D#4,1107.1793212890625,0.02300145849585533,1690.0696599546325
23.437486750000083,64,E4,1107.1793212890625,0.02300145849585533,1690.0696599546325
23.437486750000083,40,E2,1107.1793212890625,0.02300145849585533,1690.0696599546325
23.437486750000083,51,D#3,1107.1793212890625,0.02300145849585533,1690.0696599546325
23.437486750000083,56,G#3,1107.1793212890625,0.02300145849585533,1690.0696599546325
23.437486750000083,61,C#4,1107.1793212890625,0.02300145849585533,1690.0696599546325
23.85415325000009,40,E2,1107.81640625,0.026402395218610764,2076.055572004592
23.86717407812509,56,G#3,1107.81640625,0.026402395218610764,2076.055572004592
24.06248650000009,56,G#3,1108.803466796875,0.020626844838261604,1568.3245898698078
24.24477809375009,40,E2,1108.5933837890625,0.016604376956820488,1559.4799608955664
24.27081975000009,64,E4,1105.09228515625,0.02018507942557335,1597.9275209399307
24.27081975000009,40,E2,1105.09228515625,0.02018507942557335,1597.9275209399307
24.28384057812509,61,C#4,1105.09228515625,0.02018507942557335,1597.9275209399307
24.28384057812509,63,D#4,1105.09228515625,0.02018507942557335,1597.9275209399307
24.30988223437509,56,G#3,1105.740478515625,0.021602019667625427,1525.807720382557
24.53123631250009,56,G#3,1108.7803955078125,0.016051290556788445,1491.9642893363496
24.68748625000009,40,E2,1108.827880859375,0.024662405252456665,2036.1735014978672
24.69182652604176,56,G#3,1108.827880859375,0.024662405252456665,2036.1735014978672
24.73088901041676,54,F#3,1109.6087646484375,0.027767088264226913,1924.1404560401556
24.791652875000093,40,E2,1106.8359375,0.027231529355049133,1648.6190005133901
24.895819500000094,40,E2,1108.9451904296875,0.020255643874406815,1573.9135682492733
24.999986125000095,40,E2,1106.0855712890625,0.017356442287564278,1542.8273626878336
25.078111093750096,40,E2,1108.4957275390625,0.016651110723614693,1500.3982165373677
25.08679164583343,63,D#4,1107.884765625,0.01830819807946682,1542.2609334612926
25.095472197916763,64,E4,1107.884765625,0.01830819807946682,1542.2609334612926
25.09981247395843,61,C#4,1107.884765625,0.01830819807946682,1542.2609334612926
25.104152750000097,40,E2,1107.884765625,0.01830819807946682,1542.2609334612926
25.104152750000097,56,G#3,1107.884765625,0.01830819807946682,1542.2609334612926
25.3124860000001,40,E2,1105.674560546875,0.017660632729530334,1472.0957998774195
25.520819250000102,40,E2,1108.071533203125,0.020457198843359947,1995.0951365472838
25.52515952604177,56,G#3,1110.3619384765625,0.02652832120656967,2383.9823158363743
25.7291525000001,40,E2,1109.6478271484375,0.024469444528222084,1694.283926093698
25.920124645833436,40,E2,1108.19775390625,0.01966116949915886,1594.0639704696541
25.924464921875103,63,D#4,1108.19775390625,0.01966116949915886,1594.0639704696541
25.924464921875103,64,E4,1108.19775390625,0.01966116949915886,1594.0639704696541
25.92880519791677,61,C#4,1108.19775390625,0.01966116949915886,1594.0639704696541
25.937485750000103,40,E2,1108.19775390625,0.01966116949915886,1594.0639704696541
26.345471697916768,56,G#3,1107.126953125,0.017176425084471703,1513.5826217924223
26.3541522500001,40,E2,1107.126953125,0.017176425084471703,1513.5826217924223
26.458318875000103,40,E2,1184.8929443359375,0.045939210802316666,1737.2499164748106
26.562485500000104,40,E2,1185.2957763671875,0.033555131405591965,1674.391648698648
26.666652125000105,40,E2,1118.32080078125,0.029351750388741493,1540.2252524314952
26.762138197916773,47,B2,988.8544311523438,0.025442780926823616,1442.1765043330333
26.762138197916773,59,B3,988.8544311523438,0.025442780926823616,1442.1765043330333
26.762138197916773,63,D#4,988.8544311523438,0.025442780926823616,1442.1765043330333
26.770818750000107,40,E2,988.8544311523438,0.025442780926823616,1442.1765043330333
27.18748525000011,40,E2,1180.2110595703125,0.02156529389321804,1279.7200170211022
27.209186630208443,54,F#3,1178.968505859375,0.02721751108765602,1578.7368472744813
27.560748989583445,54,F#3,1179.5635986328125,0.01889881305396557,1539.0922623720276
27.578110093750112,40,E2,1179.4559326171875,0.018434729427099228,1523.9947422191763
27.591130921875113,63,D#4,1178.914794921875,0.01795906387269497,1475.933767593149
27.599811473958447,59,B3,1178.914794921875,0.01795906387269497,1475.933767593149
27.604151750000113,40,E2,1178.914794921875,0.01795906387269497,1475.933767593149
27.60849202604178,56,G#3,1178.914794921875,0.01795906387269497,1475.933767593149
27.80814472395845,56,G#3,1179.983154296875,0.019206836819648743,1411.9937841789852
28.02081825000012,40,E2,1178.16064453125,0.015481201931834221,1420.6876414686265
28.02081825000012,54,F#3,1178.16064453125,0.015481201931834221,1420.6876414686265
28.124984875000116,40,E2,989.8446044921875,0.0266959760338068,1657.756448111841
28.229151500000118,40,E2,1179.0205078125,0.02161816880106926,1524.9095851114212
28.250852880208452,56,G#3,1178.9716796875,0.019565295428037643,1547.8524418333323
28.33331812500012,40,E2,1178.7802734375,0.01626088097691536,1513.0617107514436
28.41144309375012,40,E2,1178.927978515625,0.015337580814957619,1497.7303023552392
28.41144309375012,63,D#4,1178.927978515625,0.015337580814957619,1497.7303023552392
28.420123645833453,59,B3,1178.927978515625,0.015337580814957619,1497.7303023552392
28.43748475000012,40,E2,1178.18115234375,0.01520252414047718,1446.982170048942
28.641477723958456,59,B3,1179.24609375,0.017265684902668,1415.4252559791903
28.645818000000123,40,E2,1179.24609375,0.017265684902668,1415.4252559791903
28.832449869791787,54,F#3,1179.9443359375,0.01492652203887701,1340.3864233638888
28.854151250000122,40,E2,1179.3487548828125,0.014873865060508251,1339.1983553595137
29.06248450000012,40,E2,1108.2899169921875,0.021104950457811356,1590.1133238631064
29.084185880208455,56,G#3,1177.463134765625,0.019058596342802048,1615.007142787692
29.24911636979179,59,B3,1178.7923583984375,0.014324520714581013,1610.2382886594291
29.24911636979179,63,D#4,1178.7923583984375,0.014324520714581013,1610.2382886594291
29.253456645833456,40,E2,1178.7923583984375,0.014324520714581013,1610.2382886594291
29.253456645833456,54,F#3,1178.7923583984375,0.014324520714581013,1610.2382886594291
29.270817750000123,40,E2,1179.6905517578125,0.01415022648870945,1563.34221757069
29.652762041666794,54,F#3,1107.9837646484375,0.019991587847471237,1607.5930271394911
29.68748425000013,40,E2,1106.795166015625,0.01883533224463463,1566.5998981558319
29.79165087500013,40,E2,1187.8118896484375,0.03804464638233185,2185.0201292914153
29.89581750000013,40,E2,1109.0234375,0.03752933442592621,1657.5958240956675
29.999984125000132,40,E2,1108.0260009765625,0.03058488667011261,1608.019990804861
30.0824493697918,45,A2,1107.65185546875,0.025002924725413322,1552.5646484600243
30.0824493697918,59,B3,1107.65185546875,0.025002924725413322,1552.5646484600243
30.0824493697918,64,E4,1107.65185546875,0.025002924725413322,1552.5646484600243
30.104150750000134,61,C#4,1107.643798828125,0.024342264980077744,1536.5535626639903
30.104150750000134,40,E2,1107.643798828125,0.024342264980077744,1536.5535626639903
30.104150750000134,52,E3,1107.643798828125,0.024342264980077744,1536.5535626639903
30.104150750000134,61,C#4,1107.643798828125,0.024342264980077744,1536.5535626639903
30.503456145833468,57,A3,1105.92724609375,0.020694315433502197,1427.7452642433136
30.520817250000135,40,E2,1107.365234375,0.02064942941069603,1419.8769111956215
30.885400437500135,56,G#3,1109.9342041015625,0.022072212770581245,1514.1396825365669
30.911442093750136,40,E2,1107.763427734375,0.020347625017166138,1501.6693508587343
30.92012264583347,64,E4,1107.763427734375,0.020347625017166138,1501.6693508587343
30.924462921875136,59,B3,1107.763427734375,0.020347625017166138,1501.6693508587343
30.93314347395847,57,A3,1107.9566650390625,0.01922909915447235,1512.470737030691
30.937483750000137,40,E2,1107.9566650390625,0.01922909915447235,1512.470737030691
30.950504578125138,61,C#4,1107.9566650390625,0.01922909915447235,1512.470737030691
31.137136447916806,57,A3,1102.2940673828125,0.024037471041083336,1587.7012863933633
31.32810859375014,57,A3,1098.85302734375,0.01688571460545063,1480.5358981323614
31.336789145833475,57,A3,1098.85302734375,0.01688571460545063,1480.5358981323614
31.354150250000142,40,E2,1105.1864013671875,0.016491176560521126,1488.348559396361
31.458316875000143,40,E2,1110.6815185546875,0.025667760521173477,2114.5448895336012
31.55380294791681,57,A3,1108.878173828125,0.030596870929002762,1675.8328973116757
31.562483500000145,40,E2,1108.830078125,0.02920190617442131,1576.7964740082368
31.666650125000146,40,E2,1109.9951171875,0.024139901623129845,1475.3194152942183
31.744775093750146,40,E2,1107.6695556640625,0.02028467506170273,1465.3981718826935
31.744775093750146,59,B3,1107.6695556640625,0.02028467506170273,1465.3981718826935
31.744775093750146,64,E4,1107.6695556640625,0.02028467506170273,1465.3981718826935
31.749115369791813,61,C#4,1107.9923095703125,0.019507206976413727,1425.1378924658875
31.770816750000147,40,E2,1109.838623046875,0.018869338557124138,1426.0483947291689
31.97915000000015,40,E2,1102.1658935546875,0.023481622338294983,1420.217874123751
31.97915000000015,57,A3,1102.1658935546875,0.023481622338294983,1420.217874123751
32.178802697916815,57,A3,1104.272216796875,0.017153820022940636,1411.2780804191536
32.18748325000015,40,E2,1105.36474609375,0.01674351468682289,1397.9772873642798
32.395816500000144,40,E2,1108.38134765625,0.03144361451268196,1708.3656437545355
32.58678864583348,40,E2,1109.8470458984375,0.02182377129793167,1565.7296416917184
32.60414975000015,64,E4,1109.8470458984375,0.02182377129793167,1565.7296416917184
32.60414975000015,40,E2,1109.8470458984375,0.02182377129793167,1565.7296416917184
32.608490026041814,59,B3,1108.328857421875,0.021546298637986183,1539.2148389403524
32.608490026041814,61,C#4,1108.328857421875,0.021546298637986183,1539.2148389403524
33.01213569791682,57,A3,1103.9205322265625,0.01944131776690483,1479.668295029955
33.02081625000015,54,F#3,1103.9205322265625,0.01944131776690483,1479.668295029955
33.02081625000015,40,E2,1103.9205322265625,0.01944131776690483,1479.668295029955
33.12498287500015,40,E2,1103.2642822265625,0.024736540392041206,1806.0182222389562
33.22914950000015,40,E2,1162.8426513671875,0.042139336466789246,1517.649332998093
33.22914950000015,54,F#3,1162.8426513671875,0.042139336466789246,1517.649332998093
33.333316125000145,40,E2,1153.7269287109375,0.031752634793519974,1387.0637631734076
33.43314247395848,44,G#2,1150.59619140625,0.023967405781149864,1392.0567132115061
33.43314247395848,63,D#4,1150.59619140625,0.023967405781149864,1392.0567132115061
33.43748275000015,59,B3,1150.59619140625,0.023967405781149864,1392.0567132115061
33.43748275000015,40,E2,1150.59619140625,0.023967405781149864,1392.0567132115061
33.43748275000015,51,D#3,1150.59619140625,0.023967405781149864,1392.0567132115061
33.43748275000015,59,B3,1150.59619140625,0.023967405781149864,1392.0567132115061
33.47654523437515,56,G#3,1046.35107421875,0.021050957962870598,1427.0872768266067
33.854149250000155,40,E2,1161.5233154296875,0.02052992768585682,1166.0750487391106
33.867170078125156,54,F#3,1161.7877197265625,0.019772307947278023,1190.7070970361603
33.90623256250016,56,G#3,1157.5311279296875,0.019837258383631706,1171.6096103071409
34.24477409375015,40,E2,1045.397216796875,0.02729375846683979,1220.9942701567402
34.27081575000015,40,E2,1045.30224609375,0.026502834632992744,1234.744337009885
34.27949630208349,59,B3,1044.939697265625,0.024138476699590683,1302.154121991289
34.27949630208349,63,D#4,1044.939697265625,0.024138476699590683,1302.154121991289
34.68748225000016,40,E2,1157.0230712890625,0.016535239294171333,1247.2510008864647
34.68748225000016,59,B3,1157.0230712890625,0.016535239294171333,1247.2510008864647
34.704843354166826,54,F#3,1157.7288818359375,0.01631009392440319,1229.7292483046822
34.791648875000156,40,E2,1157.8624267578125,0.015095346607267857,1267.5876936300424
34.895815500000154,56,G#3,1045.883544921875,0.029699185863137245,1744.5303500479495
34.895815500000154,40,E2,1045.883544921875,0.029699185863137245,1744.5303500479495
34.99998212500015,40,E2,1156.24853515625,0.023976676166057587,1416.2746855471967
35.078107093750155,40,E2,1158.128173828125,0.019165853038430214,1405.708621435842
35.09980847395849,59,B3,1156.85400390625,0.017766129225492477,1406.7657560563916
35.09980847395849,63,D#4,1156.85400390625,0.017766129225492477,1406.7657560563916
35.10414875000016,40,E2,1156.85400390625,0.017766129225492477,1406.7657560563916
35.31248200000016,54,F#3,1112.16552734375,0.02102486602962017,1404.0061774714084
35.31248200000016,40,E2,1112.16552734375,0.02102486602962017,1404.0061774714084
35.51213469791683,54,F#3,1151.4224853515625,0.018327677622437477,1440.5122945197513
35.52081525000016,40,E2,1151.4224853515625,0.018327677622437477,1440.5122945197513
35.716127671875164,44,G#2,1111.5318603515625,0.028604065999388695,1681.034294451453
35.729148500000164,40,E2,1111.5318603515625,0.028604065999388695,1681.034294451453
35.9201206458335,40,E2,1155.7081298828125,0.025358233600854874,1781.4628497748897
35.92880119791683,54,F#3,1111.026123046875,0.02664739452302456,1670.9989610701778
35.93748175000017,40,E2,1111.026123046875,0.02664739452302456,1670.9989610701778
36.1414747239585,54,F#3,1156.837158203125,0.014633885584771633,1587.3154491886407
36.1414747239585,59,B3,1156.837158203125,0.014633885584771633,1587.3154491886407
36.1414747239585,63,D#4,1156.837158203125,0.014633885584771633,1587.3154491886407
36.35414825000017,40,E2,1156.7208251953125,0.01319130975753069,1554.62796197187
36.35414825000017,47,B2,1156.7208251953125,0.01319130975753069,1554.62796197187
36.45831487500017,40,E2,1157.4666748046875,0.0122781191021204,1479.6830025471943
36.56248150000017,40,E2,1109.3720703125,0.04273021221160889,2086.2026387197784
36.666648125000165,40,E2,1109.074462890625,0.039456769824028015,1722.0865262041466
36.77081475000017,51,D#3,1108.3486328125,0.032054781913757324,1638.108074424924
36.77081475000017,56,G#3,1108.3486328125,0.032054781913757324,1638.108074424924
36.77081475000017,61,C#4,1108.3486328125,0.032054781913757324,1638.108074424924
36.779495302083504,49,C#3,1108.3486328125,0.032054781913757324,1638.108074424924
36.779495302083504,63,D#4,1108.3486328125,0.032054781913757324,1638.108074424924
36.779495302083504,64,E4,1108.3486328125,0.032054781913757324,1638.108074424924
36.78383557812517,61,C#4,1108.3486328125,0.032054781913757324,1638.108074424924
37.187481250000175,40,E2,1108.2498779296875,0.021168513223528862,1672.0353270782223
37.19182152604184,56,G#3,1108.2498779296875,0.021168513223528862,1672.0353270782223
37.48262002083351,54,F#3,1106.6212158203125,0.028599342331290245,1792.1540105415165
37.57810609375018,40,E2,1109.1429443359375,0.024944795295596123,1682.4868976909918
37.60414775000018,40,E2,1108.30517578125,0.02435782365500927,1649.2660347163069
37.61716857812518,64,E4,1108.30517578125,0.02435782365500927,1649.2660347163069
37.62150885416685,61,C#4,1107.3358154296875,0.02413680963218212,1604.78547291328
37.62150885416685,63,D#4,1107.3358154296875,0.02413680963218212,1604.78547291328
37.63018940625018,56,G#3,1107.3358154296875,0.02413680963218212,1604.78547291328
37.864564312500185,56,G#3,1107.679443359375,0.030675552785396576,1534.8770335799645
38.020814250000186,40,E2,1107.6402587890625,0.020542506128549576,1604.8004641565124
38.033835078125186,56,G#3,1107.6402587890625,0.020542506128549576,1604.8004641565124
38.051196182291854,56,G#3,1108.57763671875,0.02015385590493679,1614.197868149413
38.12498087500019,40,E2,1107.39013671875,0.01886126585304737,1574.3494300411917
38.229147500000195,40,E2,1109.3946533203125,0.02583962120115757,2033.5620634263569
38.25084888020853,56,G#3,1108.0667724609375,0.027535531669855118,1898.780499591348
38.33331412500019,40,E2,1106.659423828125,0.02473953552544117,1595.7620019185545
38.4114390937502,40,E2,1108.2235107421875,0.02189902402460575,1476.2798298008079
38.4374807500002,40,E2,1108.1658935546875,0.021530143916606903,1445.092520337715
38.4505015781252,63,D#4,1108.1658935546875,0.021530143916606903,1445.092520337715
38.4505015781252,64,E4,1108.1658935546875,0.021530143916606903,1445.092520337715
38.454841854166865,61,C#4,1108.1658935546875,0.021530143916606903,1445.092520337715
38.4635224062502,56,G#3,1107.544189453125,0.02146376296877861,1470.098789404608
38.6458140000002,40,E2,1106.0220947265625,0.021103739738464355,1525.4143834449605
38.8541472500002,40,E2,1107.7108154296875,0.016629070043563843,1459.2307222251284
38.867168078125204,56,G#3,1107.7108154296875,0.016629070043563843,1459.2307222251284
38.88452918229187,56,G#3,1108.052978515625,0.016405439004302025,1470.929781468692
39.062480500000206,40,E2,1104.885986328125,0.02869991399347782,2237.6535568675836
39.25345264583354,40,E2,1108.4840087890625,0.023302245885133743,1627.88821339174
39.27081375000021,40,E2,1108.0137939453125,0.0218927301466465,1575.5488068905495
39.275154026041875,61,C#4,1108.0137939453125,0.0218927301466465,1575.5488068905495
39.275154026041875,63,D#4,1108.0137939453125,0.0218927301466465,1575.5488068905495
39.275154026041875,64,E4,1108.0137939453125,0.0218927301466465,1575.5488068905495
39.526890036458546,56,G#3,1106.8856201171875,0.025325430557131767,1575.9625924704617
39.68748025000021,40,E2,1107.8531494140625,0.017930245026946068,1568.671550118403
39.69182052604188,56,G#3,1107.8531494140625,0.017930245026946068,1568.671550118403
39.74390383854188,54,F#3,1109.235107421875,0.016845878213644028,1570.1082494545235
39.79164687500022,40,E2,1107.5765380859375,0.0163473729044199,1576.4171782101002
39.89581350000022,40,E2,1175.5372314453125,0.03409719094634056,2268.197177514401
39.95223708854189,56,G#3,1185.56640625,0.04442330077290535,1942.6792400277654
39.99998012500023,40,E2,1186.527587890625,0.04158356785774231,1748.5746187673626
40.104146750000226,40,E2,1108.313232421875,0.03349295258522034,1641.7147995351447
40.104146750000226,59,B3,1108.313232421875,0.03349295258522034,1641.7147995351447
40.10848702604189,47,B2,1107.5194091796875,0.031179925426840782,1645.5504890409802
40.10848702604189,63,D#4,1107.5194091796875,0.031179925426840782,1645.5504890409802
40.360223036458564,56,G#3,1184.40966796875,0.030652955174446106,1413.844049707249
40.52081325000023,40,E2,1185.1236572265625,0.02343231439590454,1368.276553708749
40.542514630208565,54,F#3,1181.527587890625,0.02289140224456787,1413.812234035475
40.91143809375023,40,E2,1179.1473388671875,0.028370866551995277,1539.6159934092134
40.93747975000023,40,E2,1179.3038330078125,0.026440439745783806,1538.8719993257785
40.94616030208356,59,B3,1179.5328369140625,0.024730566889047623,1517.284392431851
40.94616030208356,63,D#4,1179.5328369140625,0.024730566889047623,1517.284392431851
41.167514380208566,56,G#3,1178.5428466796875,0.022173624485731125,1507.2298209499147
41.3454656979169,54,F#3,1180.1510009765625,0.018040182068943977,1487.6512552009535
41.354146250000234,40,E2,1180.1510009765625,0.018040182068943977,1487.6512552009535
41.380187906250235,59,B3,1179.3310546875,0.017591016367077827,1473.3835958470465
41.45831287500024,40,E2,1177.9853515625,0.01660466380417347,1447.7940791116528
41.56247950000024,40,E2,1178.2161865234375,0.015532364137470722,1463.2313201797278
41.61022253645857,61,C#4,1180.91357421875,0.022418146952986717,1841.27529745181
41.66664612500024,40,E2,1105.552490234375,0.024976586923003197,1603.8889444815513
41.744771093750245,40,E2,1179.52197265625,0.02119678072631359,1535.5827541401272
41.76213219791691,63,D#4,1179.9649658203125,0.019399749115109444,1551.097874383158
41.76647247395858,59,B3,1179.9649658203125,0.019399749115109444,1551.097874383158
41.770812750000246,40,E2,1179.9649658203125,0.019399749115109444,1551.097874383158
41.97914600000025,40,E2,1178.4310302734375,0.016198400408029556,1416.9856912433659
42.00952793229192,59,B3,1178.8721923828125,0.021634649485349655,1701.830383386836
42.183138973958584,54,F#3,1179.455322265625,0.01876196824014187,1457.203671959146
42.18747925000025,40,E2,1179.455322265625,0.01876196824014187,1457.203671959146
42.265604218750255,56,G#3,1108.2530517578125,0.021735217422246933,1745.3634028890385
42.395812500000254,40,E2,1179.8214111328125,0.018072716891765594,1628.3125193888905
42.58678464583359,40,E2,1108.099609375,0.020850883796811104,1539.6341206474294
42.60414575000026,40,E2,1108.335693359375,0.020402375608682632,1560.5780315622494
42.61282630208359,59,B3,1174.8377685546875,0.023621665313839912,1842.5232666049428
42.61282630208359,63,D#4,1174.8377685546875,0.023621665313839912,1842.5232666049428
42.61716657812526,54,F#3,1174.8377685546875,0.023621665313839912,1842.5232666049428
43.01213169791693,54,F#3,1106.6610107421875,0.02314062789082527,1550.4508650216594
43.02081225000026,40,E2,1106.6610107421875,0.02314062789082527,1550.4508650216594
43.12497887500027,40,E2,1180.9541015625,0.0151652367785573,1547.8631334480506
43.229145500000264,40,E2,1179.1829833984375,0.017785845324397087,1595.3997803218904
43.33331212500026,40,E2,1110.4354248046875,0.05241573229432106,2078.06767990594
43.424457921875266,45,A2,1109.7275390625,0.04363033175468445,1820.022731396274
43.42879819791693,59,B3,1108.5948486328125,0.041782669723033905,1815.6713520028707
43.42879819791693,64,E4,1108.5948486328125,0.041782669723033905,1815.6713520028707
43.43747875000027,40,E2,1108.5948486328125,0.041782669723033905,1815.6713520028707
43.43747875000027,52,E3,1108.5948486328125,0.041782669723033905,1815.6713520028707
43.43747875000027,61,C#4,1108.5948486328125,0.041782669723033905,1815.6713520028707
43.85414525000027,40,E2,1096.8194580078125,0.03584504872560501,1474.3174155216516
43.85414525000027,57,A3,1096.8194580078125,0.03584504872560501,1474.3174155216516
43.862825802083606,57,A3,1096.8194580078125,0.03584504872560501,1474.3174155216516
44.049457671875274,57,A3,1107.09423828125,0.027926485985517502,1387.6191135118802
44.24477009375027,40,E2,1109.1488037109375,0.03483596444129944,1537.089412792462
44.2664714739586,59,B3,1109.26611328125,0.0323169082403183,1500.3027053105416
44.2664714739586,64,E4,1109.26611328125,0.0323169082403183,1500.3027053105416
44.27081175000027,40,E2,1109.26611328125,0.0323169082403183,1500.3027053105416
44.27515202604194,57,A3,1109.26611328125,0.0323169082403183,1500.3027053105416
44.27515202604194,61,C#4,1109.26611328125,0.0323169082403183,1500.3027053105416
44.279492302083604,57,A3,1109.26611328125,0.0323169082403183,1500.3027053105416
44.49650610416693,57,A3,990.5166015625,0.023406321182847023,1411.9058143077334
44.68747825000027,40,E2,1104.330810546875,0.027818677946925163,1411.6558239356411
44.691818526041935,57,A3,1104.330810546875,0.027818677946925163,1411.6558239356411
44.6961588020836,57,A3,1104.330810546875,0.027818677946925163,1411.6558239356411
44.71351990625027,64,E4,1103.210693359375,0.026186112314462662,1447.3357486223622
44.791644875000266,40,E2,1103.707763671875,0.022480778396129608,1406.3614530389548
44.89581150000027,40,E2,1102.75146484375,0.017804540693759918,1523.7423367813838
44.89581150000027,57,A3,1102.75146484375,0.017804540693759918,1523.7423367813838
44.999978125000275,40,E2,1111.40185546875,0.02946561947464943,2088.4234235956756
45.07810309375028,40,E2,1109.40380859375,0.03120364248752594,1528.422305000013
45.08678364583361,57,A3,1109.40380859375,0.03120364248752594,1528.422305000013
45.10414475000028,40,E2,1109.189453125,0.030068496242165565,1470.5530561608396
45.10414475000028,59,B3,1109.189453125,0.030068496242165565,1470.5530561608396
45.10414475000028,64,E4,1109.189453125,0.030068496242165565,1470.5530561608396
45.31247800000028,40,E2,1108.2396240234375,0.01845749095082283,1455.212033433146
45.51647097395862,57,A3,1105.01611328125,0.020216630771756172,1477.7292592221827
45.520811250000285,40,E2,1105.01611328125,0.020216630771756172,1477.7292592221827
45.520811250000285,57,A3,1105.01611328125,0.020216630771756172,1477.7292592221827
45.72914450000028,40,E2,1105.7947998046875,0.01640656590461731,1403.0527645045627
45.920116645833616,40,E2,1108.8597412109375,0.03294912725687027,1695.3104843342485
45.93313747395862,59,B3,1109.0411376953125,0.03140809014439583,1602.3829630873288
45.93313747395862,64,E4,1109.0411376953125,0.03140809014439583,1602.3829630873288
45.93747775000028,40,E2,1109.0411376953125,0.03140809014439583,1602.3829630873288
46.33678314583362,57,A3,1099.6080322265625,0.024448713287711143,1521.0092835019084
46.35414425000029,40,E2,1101.3033447265625,0.022461028769612312,1551.1055498257717
46.38018590625029,54,F#3,1102.1773681640625,0.02135179005563259,1552.8235415136455
46.45831087500029,40,E2,1101.9783935546875,0.018564840778708458,1570.390231793244
46.56247750000029,40,E2,1100.6107177734375,0.016780167818069458,1553.5198954489285
46.584178880208626,56,G#3,1102.5755615234375,0.016923509538173676,1502.1396364079792
46.66664412500029,40,E2,1109.5830078125,0.030515914782881737,2088.8622612998906
46.74910936979196,44,G#2,989.7516479492188,0.035587191581726074,1711.5606643612014
46.74910936979196,59,B3,989.7516479492188,0.035587191581726074,1711.5606643612014
46.74910936979196,63,D#4,989.7516479492188,0.035587191581726074,1711.5606643612014
46.770810750000294,40,E2,989.81884765625,0.033212948590517044,1737.2279277737923
46.770810750000294,51,D#3,989.81884765625,0.033212948590517044,1737.2279277737923
46.770810750000294,59,B3,989.81884765625,0.033212948590517044,1737.2279277737923
47.17011614583363,54,F#3,988.6347045898438,0.016368888318538666,1555.6535878175132
47.1874772500003,40,E2,988.766845703125,0.01626216061413288,1567.2404585297247
47.2395605625003,56,G#3,988.941162109375,0.01586044393479824,1564.0484707505736
47.5781020937503,40,E2,990.25244140625,0.04182819277048111,1992.3469171315394
47.58678264583364,59,B3,989.8567504882812,0.039250291883945465,1920.4682456846153
47.591122921875304,63,D#4,989.8567504882812,0.039250291883945465,1920.4682456846153
47.59980347395864,54,F#3,989.8567504882812,0.039250291883945465,1920.4682456846153
47.604143750000304,40,E2,989.8567504882812,0.039250291883945465,1920.4682456846153
47.81247700000031,56,G#3,989.1631469726562,0.020232820883393288,1946.0239056695614
47.999108869791975,54,F#3,988.6622314453125,0.017915908247232437,1723.3005696712155
48.02081025000031,40,E2,988.7332763671875,0.017618026584386826,1719.392924232678
48.12497687500031,40,E2,988.5691528320312,0.01571075990796089,1676.6229370179476
48.22914350000031,40,E2,988.4766235351562,0.014333434402942657,1660.6438435588304
48.22914350000031,59,B3,988.4766235351562,0.014333434402942657,1660.6438435588304
48.33331012500031,40,E2,1043.47021484375,0.020562004297971725,1740.7460407214276
48.41143509375031,40,E2,1109.3057861328125,0.03402142971754074,1677.9907186202
48.41577536979198,57,A3,1109.3057861328125,0.03402142971754074,1677.9907186202
48.42011564583365,52,E3,1109.0814208984375,0.03320962190628052,1644.2329926028017
48.42879619791698,45,A2,1109.0814208984375,0.03320962190628052,1644.2329926028017
48.42879619791698,61,C#4,1109.0814208984375,0.03320962190628052,1644.2329926028017
48.437476750000314,40,E2,1109.0814208984375,0.03320962190628052,1644.2329926028017
48.64581000000031,40,E2,1106.9981689453125,0.019902359694242477,1601.0858319168597
48.64581000000031,56,G#3,1106.9981689453125,0.019902359694242477,1601.0858319168597
48.84112242187531,52,E3,1107.510986328125,0.02240484207868576,1474.276320879056
48.85414325000031,40,E2,1107.510986328125,0.02240484207868576,1474.276320879056
49.049455671875315,45,A2,1157.6461181640625,0.022938251495361328,1361.0217455327188
49.062476500000315,40,E2,1157.6461181640625,0.022938251495361328,1361.0217455327188
49.062476500000315,54,F#3,1157.6461181640625,0.022938251495361328,1361.0217455327188
49.25344864583365,40,E2,1112.853759765625,0.031109964475035667,1508.0507890697347
49.25778892187532,47,B2,1112.853759765625,0.031109964475035667,1508.0507890697347
49.27080975000032,40,E2,1112.853759765625,0.031109964475035667,1508.0507890697347
49.46612217187532,54,F#3,1111.5303955078125,0.049432363361120224,1933.925521825888
49.46612217187532,59,B3,1111.5303955078125,0.049432363361120224,1933.925521825888
49.46612217187532,63,D#4,1111.5303955078125,0.049432363361120224,1933.925521825888
49.67879569791699,54,F#3,1040.12255859375,0.03208618611097336,1668.0178753529813
49.68747625000032,40,E2,1040.12255859375,0.03208618611097336,1668.0178753529813
49.79164287500033,40,E2,1040.6673583984375,0.02311067283153534,1682.5930662723763
49.88712894791699,47,B2,1111.8983154296875,0.022485246881842613,1511.2713885295539
49.895809500000325,40,E2,1111.8983154296875,0.022485246881842613,1511.2713885295539
49.99997612500032,40,E2,988.4451293945312,0.029474319890141487,1554.4562186467954
50.10414275000033,35,B1,555.3944091796875,0.246669203042984,1490.5463214222289
50.10414275000033,49,C#3,555.3944091796875,0.246669203042984,1490.5463214222289
50.10414275000033,51,D#3,555.3944091796875,0.246669203042984,1490.5463214222289
50.10414275000033,56,G#3,555.3944091796875,0.246669203042984,1490.5463214222289
50.10414275000033,61,C#4,555.3944091796875,0.246669203042984,1490.5463214222289
50.10414275000033,61,C#4,555.3944091796875,0.246669203042984,1490.5463214222289
50.10414275000033,63,D#4,555.3944091796875,0.246669203042984,1490.5463214222289
50.10414275000033,64,E4,555.3944091796875,0.246669203042984,1490.5463214222289
50.10414275000033,64,E4,555.3944091796875,0.246669203042984,1490.5463214222289
50.52080925000033,40,E2,1036.5068359375,0.06275257468223572,1454.7250057647252
50.533830078125334,56,G#3,1039.9842529296875,0.06230190396308899,1439.721379458978
50.91143409375034,40,E2,1111.0325927734375,0.04524451121687889,2003.3721509363977
50.928795197917005,61,C#4,1153.3582763671875,0.04551168158650398,1844.9893660538505
50.928795197917005,63,D#4,1153.3582763671875,0.04551168158650398,1844.9893660538505
50.93313547395867,61,C#4,1153.3582763671875,0.04551168158650398,1844.9893660538505
50.93313547395867,64,E4,1153.3582763671875,0.04551168158650398,1844.9893660538505
50.93747575000034,40,E2,1153.3582763671875,0.04551168158650398,1844.9893660538505
51.13278817187533,61,C#4,1109.69677734375,0.03178562968969345,1649.1885407206967
51.34980197395867,56,G#3,1038.328857421875,0.044648896902799606,1812.9670906072733
51.354142250000336,40,E2,1038.328857421875,0.044648896902799606,1812.9670906072733
51.36282280208367,61,C#4,1038.328857421875,0.044648896902799606,1812.9670906072733
51.458308875000334,40,E2,1148.893310546875,0.03973999619483948,1684.55772130679
51.56247550000033,40,E2,1152.3729248046875,0.030631639063358307,1695.6889309128012
51.566815776042,59,B3,1152.3729248046875,0.030631639063358307,1695.6889309128012
51.66664212500033,40,E2,1109.0272216796875,0.030155466869473457,1625.4255899662542
51.74476709375033,40,E2,1112.178466796875,0.03692536801099777,2176.876062416036
51.762128197917,61,C#4,1109.6278076171875,0.0429115854203701,1927.5823130752322
51.762128197917,64,E4,1109.6278076171875,0.0429115854203701,1927.5823130752322
51.76646847395867,63,D#4,1109.6278076171875,0.0429115854203701,1927.5823130752322
51.770808750000334,40,E2,1109.6278076171875,0.0429115854203701,1927.5823130752322
51.788169854167,61,C#4,1108.4815673828125,0.04605856165289879,1774.4188663125205
51.97914200000034,40,E2,1109.6348876953125,0.04150058701634407,1436.1288618788635
52.18313497395867,56,G#3,1109.06494140625,0.03524412959814072,1519.1168063837729
52.18747525000034,40,E2,1109.06494140625,0.03524412959814072,1519.1168063837729
52.19181552604201,61,C#4,1109.06494140625,0.03524412959814072,1519.1168063837729
52.39580850000034,40,E2,1153.971435546875,0.02709275670349598,1507.2608536726054
52.58678064583368,40,E2,1039.091064453125,0.04610028490424156,2350.808032333565
52.59980147395868,61,C#4,1109.0028076171875,0.050473202019929886,2059.69283997295
52.59980147395868,63,D#4,1109.0028076171875,0.050473202019929886,2059.69283997295
52.604141750000345,40,E2,1109.0028076171875,0.050473202019929886,2059.69283997295
52.60848202604201,64,E4,1109.0028076171875,0.050473202019929886,2059.69283997295
53.01646797395868,63,D#4,1115.8218994140625,0.055911943316459656,2389.4103764233423
53.02080825000035,40,E2,1115.8218994140625,0.055911943316459656,2389.4103764233423
53.029488802083684,56,G#3,1115.8218994140625,0.055911943316459656,2389.4103764233423
53.12497487500035,40,E2,1039.4981689453125,0.05650550499558449,1978.8776443030101
53.19441929166702,64,E4,1038.7337646484375,0.04729687422513962,1940.0692170795471
53.22914150000035,40,E2,1040.845703125,0.04175601154565811,1842.5496486798156
53.33330812500035,40,E2,1037.896484375,0.03715163841843605,1740.389608631589
53.437474750000355,35,B1,270.5343017578125,0.2585482597351074,1765.5508257788074
53.437474750000355,40,E2,270.5343017578125,0.2585482597351074,1765.5508257788074
53.437474750000355,54,F#3,270.5343017578125,0.2585482597351074,1765.5508257788074
53.437474750000355,59,B3,270.5343017578125,0.2585482597351074,1765.5508257788074
53.437474750000355,63,D#4,270.5343017578125,0.2585482597351074,1765.5508257788074
53.437474750000355,63,D#4,270.5343017578125,0.2585482597351074,1765.5508257788074
53.44181502604202,51,D#3,270.5343017578125,0.2585482597351074,1765.5508257788074
53.44181502604202,59,B3,270.5343017578125,0.2585482597351074,1765.5508257788074
53.44181502604202,63,D#4,270.5343017578125,0.2585482597351074,1765.5508257788074
53.44615530208369,66,F#4,270.5343017578125,0.2585482597351074,1765.5508257788074
53.85414125000036,40,E2,1108.19140625,0.04673830047249794,1534.3927412623812
53.862821802083694,54,F#3,1108.19140625,0.04673830047249794,1534.3927412623812
53.875842630208695,63,D#4,1110.940185546875,0.04818123206496239,1468.7201056922731
54.24476609375037,40,E2,1108.9410400390625,0.037614621222019196,1506.2760094321854
54.27080775000037,40,E2,1110.8682861328125,0.04531112313270569,2131.6504729516128
54.27080775000037,66,F#4,1110.8682861328125,0.04531112313270569,2131.6504729516128
54.27514802604204,59,B3,1110.8682861328125,0.04531112313270569,2131.6504729516128
54.27514802604204,63,D#4,1110.8682861328125,0.04531112313270569,2131.6504729516128
54.296849406250374,63,D#4,1108.84814453125,0.049076057970523834,1962.2272557999238
54.67445342187538,54,F#3,1107.09912109375,0.048058461397886276,1353.107730556977
54.68747425000038,40,E2,1107.7479248046875,0.04797278717160225,1316.8380319281534
54.704835354167045,61,C#4,1107.7479248046875,0.04797278717160225,1316.8380319281534
54.79164087500038,40,E2,1107.14794921875,0.046354975551366806,1316.476893715229
54.89580750000038,40,E2,1104.6650390625,0.043533049523830414,1323.4746986226562
54.90882832812538,63,D#4,1104.6650390625,0.043533049523830414,1323.4746986226562
54.99997412500038,40,E2,1108.9783935546875,0.04423384740948677,1292.0109864957308
55.07809909375038,40,E2,1106.886962890625,0.040582675486803055,1301.856077396466
55.09546019791705,59,B3,1110.298583984375,0.04496689885854721,1853.2527327295145
55.09546019791705,63,D#4,1110.298583984375,0.04496689885854721,1853.2527327295145
55.09546019791705,66,F#4,1110.298583984375,0.04496689885854721,1853.2527327295145
55.10414075000038,40,E2,1110.298583984375,0.04496689885854721,1853.2527327295145
55.312474000000385,40,E2,1109.15283203125,0.04770122841000557,1604.1011591762724
55.50778642187539,54,F#3,1109.0185546875,0.04112214595079422,1505.5643485066507
55.52080725000039,40,E2,1109.0185546875,0.04112214595079422,1505.5643485066507
55.707439119792056,51,D#3,1107.112548828125,0.04424305260181427,1426.8031383058258
55.72914050000039,40,E2,1107.920654296875,0.041728388518095016,1596.9143677359066
55.91143209375039,59,B3,1107.593505859375,0.03185778483748436,1826.7301895592514
55.91143209375039,63,D#4,1107.593505859375,0.03185778483748436,1826.7301895592514
55.91577236979206,66,F#4,1107.593505859375,0.03185778483748436,1826.7301895592514
55.920112645833726,40,E2,1106.273193359375,0.08885040879249573,2946.4382527788102
55.93747375000039,40,E2,1106.273193359375,0.08885040879249573,2946.4382527788102
56.33243886979206,54,F#3,1109.49609375,0.06813102215528488,1738.9221438529414
56.35414025000039,40,E2,1108.2935791015625,0.06576164811849594,1737.3230696657495
56.36716107812539,63,D#4,1109.2432861328125,0.05962209030985832,1813.7884076276323
56.458306875000396,40,E2,1104.0213623046875,0.047142039984464645,1781.2604869600286
56.51907073958373,63,D#4,1103.6607666015625,0.04247487336397171,1780.8932037335564
56.5624735000004,40,E2,1107.13671875,0.040900956839323044,1762.4598706414054
56.6666401250004,40,E2,1107.0899658203125,0.03861363232135773,1572.604870692588
56.740424817708735,64,E4,1106.6019287109375,0.04061462730169296,1503.9423164229506
56.7577859218754,52,E3,1108.886474609375,0.040976300835609436,1467.916225779225
56.76212619791707,57,A3,1108.886474609375,0.040976300835609436,1467.916225779225
56.76212619791707,61,C#4,1108.886474609375,0.040976300835609436,1467.916225779225
56.76212619791707,64,E4,1108.886474609375,0.040976300835609436,1467.916225779225
56.76212619791707,69,A4,1108.886474609375,0.040976300835609436,1467.916225779225
56.7708067500004,35,B1,1108.886474609375,0.040976300835609436,1467.916225779225
56.7708067500004,51,D#3,1108.886474609375,0.040976300835609436,1467.916225779225
56.7708067500004,57,A3,1108.886474609375,0.040976300835609436,1467.916225779225
56.7708067500004,61,C#4,1108.886474609375,0.040976300835609436,1467.916225779225
56.7708067500004,64,E4,1108.886474609375,0.040976300835609436,1467.916225779225
56.7708067500004,69,A4,1108.886474609375,0.040976300835609436,1467.916225779225
57.15709131770875,64,E4,1098.5316162109375,0.0416465699672699,1695.878065054362
57.174452421875415,57,A3,1098.3631591796875,0.042391449213027954,1744.0105410880205
57.187473250000416,40,E2,1098.3631591796875,0.042391449213027954,1744.0105410880205
57.57809809375041,40,E2,1157.88427734375,0.03491616249084473,1592.3302563272734
57.57809809375041,64,E4,1157.88427734375,0.03491616249084473,1592.3302563272734
57.59979947395875,57,A3,1099.4351806640625,0.03435859456658363,1620.3402729240402
57.59979947395875,61,C#4,1099.4351806640625,0.03435859456658363,1620.3402729240402
57.59979947395875,64,E4,1099.4351806640625,0.03435859456658363,1620.3402729240402
57.59979947395875,69,A4,1099.4351806640625,0.03435859456658363,1620.3402729240402
57.604139750000414,40,E2,1099.4351806640625,0.03435859456658363,1620.3402729240402
57.96438266145875,64,E4,1095.130615234375,0.03605371713638306,1698.41183526223
58.02080625000042,40,E2,1101.4495849609375,0.0352155975997448,1581.511622732568
58.025146526042086,57,A3,1101.4495849609375,0.0352155975997448,1581.511622732568
58.12497287500042,40,E2,1100.8114013671875,0.044459305703639984,1636.5470501826285
58.229139500000414,40,E2,1096.939453125,0.04368345066905022,1480.5951918321903
58.33330612500042,40,E2,1101.6826171875,0.05000488832592964,1352.5015727629589
58.407090817708756,64,E4,1095.7562255859375,0.04441263526678085,1384.5539237014623
58.41143109375042,40,E2,1095.7562255859375,0.04441263526678085,1384.5539237014623
58.437472750000424,40,E2,1155.257080078125,0.0425795279443264,1405.2982619548175
58.44615330208376,57,A3,1155.257080078125,0.0425795279443264,1405.2982619548175
58.450493578125425,61,C#4,1098.57568359375,0.04232325032353401,1439.086676310832
58.450493578125425,64,E4,1098.57568359375,0.04232325032353401,1439.086676310832
58.450493578125425,69,A4,1098.57568359375,0.04232325032353401,1439.086676310832
58.62844489583376,64,E4,1096.5074462890625,0.04745260626077652,1720.0117215364012
58.64580600000043,40,E2,1098.0379638671875,0.0460861474275589,1716.8220853958114
58.854139250000436,40,E2,1098.8524169921875,0.03282158076763153,1618.2419078835114
58.86716007812544,57,A3,1100.032958984375,0.033265020698308945,1612.89235888889
59.03643084375044,64,E4,989.2234497070312,0.06927772611379623,1700.4785105842648
59.05813222395877,52,E3,1101.506591796875,0.06313357502222061,1701.0277731472852
59.06247250000044,40,E2,1101.506591796875,0.06313357502222061,1701.0277731472852
59.253444645833774,40,E2,1156.2158203125,0.040537893772125244,2055.410307144053
59.27080575000044,40,E2,1155.4449462890625,0.04032319784164429,1994.2248376799623
59.27514602604211,59,B3,1155.4449462890625,0.04032319784164429,1994.2248376799623
59.27514602604211,64,E4,1155.4449462890625,0.04032319784164429,1994.2248376799623
59.479139000000444,61,C#4,1177.7176513671875,0.07891817390918732,3006.671293891237
59.67879169791711,57,A3,1108.8975830078125,0.06483393162488937,2163.0970524101463
59.68747225000045,40,E2,1106.77392578125,0.06091032177209854,2019.4644442666242
59.791638875000444,40,E2,1103.509765625,0.05857522413134575,2155.4657289468787
59.89580550000045,40,E2,1105.0892333984375,0.04340922087430954,1884.614225452137
59.89580550000045,64,E4,1105.0892333984375,0.04340922087430954,1884.614225452137
59.99997212500045,40,E2,1138.1207275390625,0.05322880297899246,2456.4696933707182
60.086777645833784,54,F#3,1105.5762939453125,0.057196442037820816,1870.5382294162591
60.086777645833784,59,B3,1105.5762939453125,0.057196442037820816,1870.5382294162591
60.09111792187545,63,D#4,1105.5762939453125,0.057196442037820816,1870.5382294162591
60.09111792187545,66,F#4,1105.5762939453125,0.057196442037820816,1870.5382294162591
60.10413875000045,35,B1,1101.3477783203125,0.05424262210726738,1810.8982093945683
60.10413875000045,40,E2,1101.3477783203125,0.05424262210726738,1810.8982093945683
60.10413875000045,59,B3,1101.3477783203125,0.05424262210726738,1810.8982093945683
60.10413875000045,63,D#4,1101.3477783203125,0.05424262210726738,1810.8982093945683
60.10413875000045,66,F#4,1101.3477783203125,0.05424262210726738,1810.8982093945683
60.10413875000045,68,G#4,1101.3477783203125,0.05424262210726738,1810.8982093945683
60.49910386979213,59,B3,1108.1011962890625,0.037358324974775314,1683.0139026885627
60.520805250000464,40,E2,1109.8128662109375,0.03577297553420067,1692.6994593497839
60.520805250000464,66,F#4,1109.8128662109375,0.03577297553420067,1692.6994593497839
60.91143009375047,40,E2,1177.659912109375,0.030960040166974068,1507.291166161911
60.9201106458338,59,B3,1177.659912109375,0.030960040166974068,1507.291166161911
60.92445092187547,63,D#4,1177.659912109375,0.030960040166974068,1507.291166161911
60.92445092187547,66,F#4,1177.659912109375,0.030960040166974068,1507.291166161911
60.93747175000047,40,E2,1178.38916015625,0.029989758506417274,1553.2716974150155
60.941812026042136,66,F#4,1178.38916015625,0.029989758506417274,1553.2716974150155
61.33243686979214,59,B3,1178.211669921875,0.0355166532099247,1975.735344232517
61.354138250000474,40,E2,1177.5408935546875,0.03330332413315773,1928.817912461434
61.354138250000474,64,E4,1177.5408935546875,0.03330332413315773,1928.817912461434
61.45830487500048,40,E2,1177.80126953125,0.03343576192855835,1799.4744840797543
61.56247150000048,40,E2,1179.3765869140625,0.03332645073533058,1630.0324598321936
61.666638125000475,40,E2,1178.542724609375,0.030556797981262207,1712.4222552657252
61.74476309375048,40,E2,1178.658447265625,0.026770805940032005,1781.5384838245925
61.749103369792145,45,A2,1178.5653076171875,0.026555275544524193,1747.9577801165824
61.749103369792145,57,A3,1178.5653076171875,0.026555275544524193,1747.9577801165824
61.75344364583381,61,C#4,1178.5653076171875,0.026555275544524193,1747.9577801165824
61.75344364583381,64,E4,1178.5653076171875,0.026555275544524193,1747.9577801165824
61.77080475000048,35,B1,1179.0252685546875,0.026405472308397293,1740.1634271561907
61.77080475000048,40,E2,1179.0252685546875,0.026405472308397293,1740.1634271561907
61.77080475000048,57,A3,1179.0252685546875,0.026405472308397293,1740.1634271561907
61.77080475000048,61,C#4,1179.0252685546875,0.026405472308397293,1740.1634271561907
61.77080475000048,64,E4,1179.0252685546875,0.026405472308397293,1740.1634271561907
61.77080475000048,68,G#4,1179.0252685546875,0.026405472308397293,1740.1634271561907
62.16576986979214,57,A3,1109.3603515625,0.03365578502416611,1676.1694548526339
62.18747125000048,40,E2,1106.5103759765625,0.03187786042690277,1688.2114345699513
62.18747125000048,66,F#4,1106.5103759765625,0.03187786042690277,1688.2114345699513
62.291637875000475,40,E2,1125.8897705078125,0.030785413458943367,2135.2278823246083
62.39580450000048,40,E2,1098.26806640625,0.0319274477660656,1824.5697536811372
62.499971125000485,40,E2,1158.866943359375,0.03491672873497009,1735.8349688397968
62.57375581770882,47,B2,1158.071533203125,0.04016304761171341,1498.3427212464198
62.57375581770882,59,B3,1158.071533203125,0.04016304761171341,1498.3427212464198
62.57375581770882,63,D#4,1158.071533203125,0.04016304761171341,1498.3427212464198
62.57375581770882,66,F#4,1158.071533203125,0.04016304761171341,1498.3427212464198
62.60413775000049,40,E2,1157.72314453125,0.04074865207076073,1464.2512842508156
62.60413775000049,59,B3,1157.72314453125,0.04074865207076073,1464.2512842508156
62.60413775000049,63,D#4,1157.72314453125,0.04074865207076073,1464.2512842508156
62.60413775000049,66,F#4,1157.72314453125,0.04074865207076073,1464.2512842508156
62.708304375000495,46,A#2,1153.053955078125,0.0462193563580513,1927.0535465531837
62.81247100000049,46,A#2,1184.7122802734375,0.06640292704105377,1870.7640626503985
62.9166376250005,46,A#2,1111.564453125,0.058896008878946304,1606.6157972237124
62.9166376250005,49,C#3,1111.564453125,0.058896008878946304,1606.6157972237124
62.9947625937505,59,B3,1115.8353271484375,0.05158469080924988,1616.9841263140884
63.0208042500005,46,A#2,1113.3907470703125,0.04972539469599724,1596.6354626076936
63.0208042500005,57,A3,1113.3907470703125,0.04972539469599724,1596.6354626076936
63.0208042500005,64,E4,1113.3907470703125,0.04972539469599724,1596.6354626076936
63.12497087500051,46,A#2,1110.5196533203125,0.04902716353535652,1737.9034524244207
63.12497087500051,49,C#3,1110.5196533203125,0.04902716353535652,1737.9034524244207
63.22913750000051,46,A#2,1184.788818359375,0.04773980751633644,1799.5791854530698
63.22913750000051,57,A3,1184.788818359375,0.04773980751633644,1799.5791854530698
63.33330412500051,46,A#2,1184.88720703125,0.03515657037496567,1896.260244992453
63.33330412500051,49,C#3,1184.88720703125,0.03515657037496567,1896.260244992453
63.43747075000051,52,E3,1179.7529296875,0.035053662955760956,1721.4584146136324
63.43747075000051,68,G#4,1179.7529296875,0.035053662955760956,1721.4584146136324
63.43747075000051,71,B4,1179.7529296875,0.035053662955760956,1721.4584146136324
63.43747075000051,40,E2,1179.7529296875,0.035053662955760956,1721.4584146136324
63.43747075000051,46,A#2,1179.7529296875,0.035053662955760956,1721.4584146136324
63.43747075000051,52,E3,1179.7529296875,0.035053662955760956,1721.4584146136324
63.43747075000051,56,G#3,1179.7529296875,0.035053662955760956,1721.4584146136324
63.43747075000051,57,A3,1179.7529296875,0.035053662955760956,1721.4584146136324
63.43747075000051,59,B3,1179.7529296875,0.035053662955760956,1721.4584146136324
63.43747075000051,59,B3,1179.7529296875,0.035053662955760956,1721.4584146136324
63.43747075000051,64,E4,1179.7529296875,0.035053662955760956,1721.4584146136324
63.43747075000051,64,E4,1179.7529296875,0.035053662955760956,1721.4584146136324
63.43747075000051,68,G#4,1179.7529296875,0.035053662955760956,1721.4584146136324
63.43747075000051,71,B4,1179.7529296875,0.035053662955760956,1721.4584146136324
63.454831854167175,64,E4,1180.15185546875,0.03386828303337097,1733.5376932561853
65.11715757812549,40,E2,1037.31005859375,0.031379010528326035,1510.3547586490881
65.34719220833382,59,B3,1037.5833740234375,0.033995479345321655,1717.902189017879
65.51212269791716,66,F#4,1146.264404296875,0.03559928759932518,1764.6397757124137
65.51646297395882,64,E4,1146.264404296875,0.03559928759932518,1764.6397757124137
65.51646297395882,69,A4,1146.264404296875,0.03559928759932518,1764.6397757124137
65.73347677604214,68,G#4,982.0806274414062,0.03411119431257248,1779.4977285487694
65.92444892187548,52,E3,1149.064208984375,0.026157595217227936,1935.9333604624003
65.94181002604215,64,E4,1157.8717041015625,0.026802079752087593,1912.5356559599827
65.94181002604215,68,G#4,1157.8717041015625,0.026802079752087593,1912.5356559599827
65.97653223437547,71,B4,1155.482666015625,0.028180303052067757,1968.1025986982
66.13278217187546,71,B4,1161.9619140625,0.036375824362039566,1767.6863775480456
66.13712244791712,59,B3,1161.0333251953125,0.04014750197529793,1806.0303198167808
66.34111542187546,68,G#4,857.5379028320312,0.04928850755095482,1836.3898554292857
66.35847652604212,63,D#4,986.0486450195312,0.0492776520550251,1798.4649028072947
66.36281680208378,66,F#4,986.0486450195312,0.0492776520550251,1798.4649028072947
66.43226121875044,69,A4,1037.5196533203125,0.042001403868198395,1793.0252414967836
66.54510839583378,64,E4,1161.548583984375,0.044473063200712204,1675.9063582030099
66.76646247395878,63,D#4,987.4271850585938,0.040812063962221146,1707.8161939764068
66.77080275000044,54,F#3,987.4271850585938,0.040812063962221146,1707.8161939764068
66.77080275000044,63,D#4,987.4271850585938,0.040812063962221146,1707.8161939764068
66.77080275000044,66,F#4,987.4271850585938,0.040812063962221146,1707.8161939764068
66.77948330208376,47,B2,987.4271850585938,0.040812063962221146,1707.8161939764068
66.77948330208376,47,B2,987.4271850585938,0.040812063962221146,1707.8161939764068
67.20483035416707,59,B3,1110.554443359375,0.05411111190915108,1553.6869007379953
67.23087201041706,68,G#4,986.6273803710938,0.045437708497047424,1693.3368048115794
67.59111492187539,54,F#3,1110.296875,0.04697158560156822,1529.0392124224422
67.80812872395872,59,B3,981.5433349609375,0.04492301493883133,1577.8583169189528
68.02514252604205,59,B3,1110.6695556640625,0.04674655571579933,1890.2091235120595
68.02514252604205,63,D#4,1110.6695556640625,0.04674655571579933,1890.2091235120595
68.02514252604205,66,F#4,1110.6695556640625,0.04674655571579933,1890.2091235120595
68.2247952239587,59,B3,1111.56884765625,0.06738375872373581,2338.2562425580027
68.2247952239587,63,D#4,1111.56884765625,0.06738375872373581,2338.2562425580027
68.2247952239587,68,G#4,1111.56884765625,0.06738375872373581,2338.2562425580027
68.24215632812535,66,F#4,1111.56884765625,0.06738375872373581,2338.2562425580027
68.43312847395867,59,B3,1107.2166748046875,0.0597272627055645,2268.727273815296
68.43312847395867,63,D#4,1107.2166748046875,0.0597272627055645,2268.727273815296
68.43312847395867,69,A4,1107.2166748046875,0.0597272627055645,2268.727273815296
68.84111442187532,59,B3,1109.054443359375,0.0454665906727314,1690.7430188899862
68.84111442187532,68,G#4,1109.054443359375,0.0454665906727314,1690.7430188899862
68.84545469791698,63,D#4,1109.054443359375,0.0454665906727314,1690.7430188899862
69.25344064583365,59,B3,1109.9832763671875,0.04933205991983414,1642.475201565515
69.25778092187531,66,F#4,1109.9832763671875,0.04933205991983414,1642.475201565515
69.2708017500003,66,F#4,1117.73486328125,0.04705970361828804,1593.8068601061705
69.67878769791696,64,E4,1109.2559814453125,0.04027172550559044,1657.2864467720083
69.68746825000028,64,E4,1111.516845703125,0.04148978739976883,1614.5287054360797
69.69180852604194,59,B3,1111.516845703125,0.04148978739976883,1614.5287054360797
70.0477111614586,54,F#3,1111.0606689453125,0.051199063658714294,1689.6513290236621
70.09111392187526,61,C#4,1107.04931640625,0.04466121643781662,1719.8944526143687
70.09111392187526,64,E4,1107.04931640625,0.04466121643781662,1719.8944526143687
70.09545419791692,42,F#2,1107.04931640625,0.04466121643781662,1719.8944526143687
70.09545419791692,57,A3,1107.04931640625,0.04466121643781662,1719.8944526143687
70.09545419791692,61,C#4,1107.04931640625,0.04466121643781662,1719.8944526143687
70.10413475000026,57,A3,1107.04931640625,0.04466121643781662,1719.8944526143687
70.10413475000026,61,C#4,1107.04931640625,0.04466121643781662,1719.8944526143687
70.10413475000026,66,F#4,1107.04931640625,0.04466121643781662,1719.8944526143687
70.11715557812525,64,E4,1111.16552734375,0.045024972409009933,1786.935567252593
70.4990998697919,57,A3,1110.2333984375,0.06240781769156456,1566.371676225242
70.54250263020856,61,C#4,1105.1112060546875,0.05472173914313316,1623.9692468749413
70.90708581770856,54,F#3,1101.2725830078125,0.04215724393725395,1742.6354283491487
71.34979397395857,54,F#3,1112.1265869140625,0.04039599001407623,1701.040547628764
72.38711994791691,42,F#2,1108.8309326171875,0.03251878172159195,1719.8004290798526
72.55639071354192,57,A3,1090.6256103515625,0.04349833354353905,1564.6511212041182
72.59979347395858,59,B3,1108.18359375,0.04502258077263832,1561.8258539260848
72.80812672395858,64,E4,1106.9893798828125,0.04197145998477936,1646.9707226131886
73.02514052604191,59,B3,1096.9620361328125,0.05634269490838051,1833.8316618417434
73.21177239583358,57,A3,1112.4693603515625,0.05043358355760574,1769.200210620648
73.42444592187522,61,C#4,1102.841552734375,0.04649369418621063,1602.1885341121829
73.42878619791688,49,C#3,1110.4117431640625,0.04247023165225983,1650.9929711679156
73.42878619791688,56,G#3,1110.4117431640625,0.04247023165225983,1650.9929711679156
73.42878619791688,64,E4,1110.4117431640625,0.04247023165225983,1650.9929711679156
73.42878619791688,64,E4,1110.4117431640625,0.04247023165225983,1650.9929711679156
73.42878619791688,68,G#4,1110.4117431640625,0.04247023165225983,1650.9929711679156
73.4374667500002,49,C#3,1110.4117431640625,0.04247023165225983,1650.9929711679156
73.4374667500002,56,G#3,1110.4117431640625,0.04247023165225983,1650.9929711679156
73.4374667500002,61,C#4,1110.4117431640625,0.04247023165225983,1650.9929711679156
73.4374667500002,64,E4,1110.4117431640625,0.04247023165225983,1650.9929711679156
73.45048757812519,68,G#4,1105.5035400390625,0.04109248146414757,1712.4534623163174
73.84111242187518,56,G#3,1106.3648681640625,0.07373874634504318,1962.4580598446773
74.06246650000018,49,C#3,1113.5211181640625,0.054600004106760025,1903.7981065003448
74.26645947395852,56,G#3,837.7439575195312,0.06480791419744492,1681.5788032675075
74.26645947395852,61,C#4,837.7439575195312,0.06480791419744492,1681.5788032675075
74.27514002604185,64,E4,837.7439575195312,0.06480791419744492,1681.5788032675075
74.67444542187519,56,G#3,989.0714721679688,0.06477617472410202,1962.9358654454966
75.05638971354185,66,F#4,1119.6572265625,0.06780049204826355,1707.752905148502
75.06941054166684,47,B2,1119.6572265625,0.06780049204826355,1707.752905148502
75.09111192187517,63,D#4,1113.4947509765625,0.0653928741812706,1711.5750175234139
75.09111192187517,66,F#4,1113.4947509765625,0.0653928741812706,1711.5750175234139
75.09545219791683,47,B2,1113.4947509765625,0.0653928741812706,1711.5750175234139
75.09545219791683,54,F#3,1113.4947509765625,0.0653928741812706,1711.5750175234139
75.09545219791683,59,B3,1113.4947509765625,0.0653928741812706,1711.5750175234139
75.09545219791683,63,D#4,1113.4947509765625,0.0653928741812706,1711.5750175234139
75.10413275000016,59,B3,1097.561767578125,0.06430874764919281,1774.3280043504014
75.10413275000016,63,D#4,1097.561767578125,0.06430874764919281,1774.3280043504014
75.10413275000016,66,F#4,1097.561767578125,0.06430874764919281,1774.3280043504014
75.50777842187516,54,F#3,1107.693115234375,0.08694946765899658,1777.6012511928216
75.94180602604182,54,F#3,861.4669799804688,0.06508513540029526,1632.082381912111
75.94614630208348,59,B3,861.4669799804688,0.06508513540029526,1632.082381912111
75.94614630208348,63,D#4,861.4669799804688,0.06508513540029526,1632.082381912111
75.9548268541668,68,G#4,861.4669799804688,0.06508513540029526,1632.082381912111
76.04163237500013,46,A#2,1113.5653076171875,0.055085211992263794,2287.1881818076995
76.14579900000014,46,A#2,1109.54248046875,0.0519900806248188,1765.9860757017254
76.24996562500013,46,A#2,1109.3433837890625,0.05048581212759018,2087.64825506162
76.24996562500013,49,C#3,1109.3433837890625,0.05048581212759018,2087.64825506162
76.34111142187511,54,F#3,1109.9346923828125,0.05362938344478607,1747.9810646176913
76.3541322500001,46,A#2,1110.7366943359375,0.05107884481549263,1734.4905312453889
76.3541322500001,57,A3,1110.7366943359375,0.05107884481549263,1734.4905312453889
76.45829887500011,46,A#2,1108.3037109375,0.0599181167781353,1589.4905265971615
76.45829887500011,49,C#3,1108.3037109375,0.0599181167781353,1589.4905265971615
76.5624655000001,46,A#2,992.5440673828125,0.055368032306432724,1521.7326431165816
76.5624655000001,57,A3,992.5440673828125,0.055368032306432724,1521.7326431165816
76.6666321250001,46,A#2,619.1990966796875,0.05845772475004196,1572.3138955053919
76.6666321250001,49,C#3,619.1990966796875,0.05845772475004196,1572.3138955053919
76.75343764583344,52,E3,985.4407348632812,0.05630180239677429,1598.8197344266355
76.76211819791678,64,E4,985.4407348632812,0.05630180239677429,1598.8197344266355
76.76211819791678,68,G#4,985.4407348632812,0.05630180239677429,1598.8197344266355
76.77079875000011,28,E1,988.1240844726562,0.05297424644231796,1572.8628460565087
76.77079875000011,35,B1,988.1240844726562,0.05297424644231796,1572.8628460565087
76.77079875000011,40,E2,988.1240844726562,0.05297424644231796,1572.8628460565087
76.77079875000011,46,A#2,988.1240844726562,0.05297424644231796,1572.8628460565087
76.77079875000011,56,G#3,988.1240844726562,0.05297424644231796,1572.8628460565087
76.77079875000011,57,A3,988.1240844726562,0.05297424644231796,1572.8628460565087
76.77079875000011,59,B3,988.1240844726562,0.05297424644231796,1572.8628460565087
76.77079875000011,64,E4,988.1240844726562,0.05297424644231796,1572.8628460565087
76.77513902604177,52,E3,988.1240844726562,0.05297424644231796,1572.8628460565087
76.77513902604177,56,G#3,988.1240844726562,0.05297424644231796,1572.8628460565087
76.77513902604177,59,B3,988.1240844726562,0.05297424644231796,1572.8628460565087
76.77513902604177,68,G#4,988.1240844726562,0.05297424644231796,1572.8628460565087
76.77947930208343,64,E4,988.1240844726562,0.05297424644231796,1572.8628460565087
77.18746525000006,42,F#2,985.8414306640625,0.13850636780261993,2781.6471202101243
77.18746525000006,56,G#3,985.8414306640625,0.13850636780261993,2781.6471202101243
77.59111092187506,68,G#4,990.2954711914062,0.06079148128628731,1698.0435394920837
77.60413175000005,37,C#2,990.2954711914062,0.06079148128628731,1698.0435394920837
77.60413175000005,42,F#2,990.2954711914062,0.06079148128628731,1698.0435394920837
77.60413175000005,59,B3,990.2954711914062,0.06079148128628731,1698.0435394920837
77.60413175000005,64,E4,990.2954711914062,0.06079148128628731,1698.0435394920837
77.60847202604171,56,G#3,991.8117065429688,0.06034281104803085,1644.7798179110532
77.61281230208337,52,E3,991.8117065429688,0.06034281104803085,1644.7798179110532
78.02079825000004,42,F#2,1149.2435302734375,0.04447420686483383,2575.2790511346598
78.0251385260417,56,G#3,1149.57763671875,0.040963780134916306,2310.7600504198526
78.04249963020835,68,G#4,1149.57763671875,0.040963780134916306,2310.7600504198526
78.42878419791668,56,G#3,984.8560180664062,0.04089323431253433,1803.3893491484187
78.42878419791668,59,B3,984.8560180664062,0.04089323431253433,1803.3893491484187
78.42878419791668,64,E4,984.8560180664062,0.04089323431253433,1803.3893491484187
78.43312447395834,71,B4,984.8560180664062,0.04089323431253433,1803.3893491484187
78.43746475,28,E1,984.8560180664062,0.04089323431253433,1803.3893491484187
78.43746475,35,B1,984.8560180664062,0.04089323431253433,1803.3893491484187
78.43746475,42,F#2,984.8560180664062,0.04089323431253433,1803.3893491484187
78.44180502604166,68,G#4,1151.9288330078125,0.04116612300276756,1508.5000566050526
78.84111042187499,56,G#3,984.8104248046875,0.0930720642209053,1700.251123053475
78.84979097395832,66,F#4,984.8104248046875,0.0930720642209053,1700.251123053475
78.84979097395832,69,A4,984.8104248046875,0.0930720642209053,1700.251123053475
78.85413124999998,42,F#2,984.8104248046875,0.0930720642209053,1700.251123053475
79.04076311979165,52,E3,981.2389526367188,0.06260949373245239,1933.6541065027945
79.24909636979164,56,G#3,982.9472045898438,0.042837146669626236,2601.8328362469256
79.24909636979164,59,B3,982.9472045898438,0.042837146669626236,2601.8328362469256
79.24909636979164,64,E4,982.9472045898438,0.042837146669626236,2601.8328362469256
79.26645747395831,64,E4,1037.8670654296875,0.04156613349914551,1999.7389289548873
79.26645747395831,68,G#4,1037.8670654296875,0.04156613349914551,1999.7389289548873
79.27079774999997,37,C#2,1037.8670654296875,0.04156613349914551,1999.7389289548873
79.27079774999997,42,F#2,1037.8670654296875,0.04156613349914551,1999.7389289548873
79.66142259374996,56,G#3,1157.4268798828125,0.07653333991765976,3818.763530712466
79.68312397395829,63,D#4,1156.05322265625,0.060233600437641144,3153.5351227528313
79.68312397395829,66,F#4,1156.05322265625,0.060233600437641144,3153.5351227528313
79.68746424999995,35,B1,1156.05322265625,0.060233600437641144,3153.5351227528313
79.68746424999995,42,F#2,1156.05322265625,0.060233600437641144,3153.5351227528313
79.68746424999995,71,B4,1156.05322265625,0.060233600437641144,3153.5351227528313
79.89579749999993,37,C#2,1153.3304443359375,0.05063435062766075,2045.6642962940357
80.06072798958324,47,B2,415.0,0.22283032536506653,1907.1974276237909
80.07374881770824,59,B3,658.380615234375,0.2271794229745865,1698.6280662989009
80.07374881770824,63,D#4,658.380615234375,0.2271794229745865,1698.6280662989009
80.07374881770824,66,F#4,658.380615234375,0.2271794229745865,1698.6280662989009
80.0780890937499,47,B2,658.380615234375,0.2271794229745865,1698.6280662989009
80.10413074999988,35,B1,658.3140258789062,0.22961293160915375,1719.533542593722
80.10413074999988,35,B1,658.3140258789062,0.22961293160915375,1719.533542593722
80.10413074999988,42,F#2,658.3140258789062,0.22961293160915375,1719.533542593722
80.10413074999988,63,D#4,658.3140258789062,0.22961293160915375,1719.533542593722
80.10413074999988,66,F#4,658.3140258789062,0.22961293160915375,1719.533542593722
80.10413074999988,69,A4,658.3140258789062,0.22961293160915375,1719.533542593722
80.51211669791654,59,B3,249.5508270263672,0.2840803265571594,1818.3064901165474
80.52079724999987,42,F#2,249.5508270263672,0.2840803265571594,1818.3064901165474
80.91576236979152,68,G#4,1110.65185546875,0.060933150351047516,2930.9958851354486
80.92010264583318,54,F#3,1110.65185546875,0.060933150351047516,2930.9958851354486
80.92010264583318,59,B3,1110.65185546875,0.060933150351047516,2930.9958851354486
80.92010264583318,66,F#4,1110.65185546875,0.060933150351047516,2930.9958851354486
80.92444292187484,63,D#4,1110.65185546875,0.060933150351047516,2930.9958851354486
80.93746374999984,37,C#2,1110.9615478515625,0.06188739091157913,2366.596174775422
80.93746374999984,42,F#2,1110.9615478515625,0.06188739091157913,2366.596174775422
81.3454496979165,68,G#4,1118.8038330078125,0.06936214864253998,4079.276390940245
81.34978997395815,59,B3,1118.8038330078125,0.06936214864253998,4079.276390940245
81.35413024999981,42,F#2,1118.8038330078125,0.06936214864253998,4079.276390940245
81.76645647395816,59,B3,1110.6162109375,0.05648878216743469,3103.095813363777
81.77079674999982,35,B1,1110.6162109375,0.05648878216743469,3103.095813363777
81.77079674999982,35,B1,1110.6162109375,0.05648878216743469,3103.095813363777
81.77079674999982,42,F#2,1110.6162109375,0.05648878216743469,3103.095813363777
81.77079674999982,63,D#4,1110.6162109375,0.05648878216743469,3103.095813363777
81.77079674999982,66,F#4,1110.6162109375,0.05648878216743469,3103.095813363777
82.17878269791649,59,B3,881.1450805664062,0.09199555963277817,2823.7659260244563
82.18746324999982,46,A#2,880.4189453125,0.09983208030462265,2874.939003647766
82.38711594791648,59,B3,1109.319091796875,0.06555287539958954,2421.9207726171744
82.38711594791648,66,F#4,1109.319091796875,0.06555287539958954,2421.9207726171744
82.58676864583316,61,C#4,1106.0792236328125,0.06239049881696701,2859.664610775524
82.59978947395815,54,F#3,1109.6763916015625,0.06381668150424957,2783.1110274357998
82.60412974999981,37,C#2,1109.6763916015625,0.06381668150424957,2783.1110274357998
82.60412974999981,42,F#2,1109.6763916015625,0.06381668150424957,2783.1110274357998
82.80378244791648,59,B3,1109.8914794921875,0.05060824006795883,1674.5577426357427
82.80378244791648,66,F#4,1109.8914794921875,0.05060824006795883,1674.5577426357427
83.00343514583314,64,E4,1170.6259765625,0.06966086477041245,4072.1841763940597
83.0207962499998,46,A#2,1171.3011474609375,0.06925924867391586,4117.446083683214
83.02513652604146,63,D#4,1171.3011474609375,0.06925924867391586,4117.446083683214
83.21176839583312,59,B3,1108.3514404296875,0.055502090603113174,2087.9389449031805
83.38971971354145,45,A2,1110.206298828125,0.06015501171350479,2012.7983518331096
83.42010164583311,52,E3,1109.4736328125,0.06318787485361099,3397.0943055193848
83.42444192187477,45,A2,1109.4736328125,0.06318787485361099,3397.0943055193848
83.42444192187477,64,E4,1109.4736328125,0.06318787485361099,3397.0943055193848
83.42444192187477,69,A4,1109.4736328125,0.06318787485361099,3397.0943055193848
83.42878219791643,61,C#4,1109.4736328125,0.06318787485361099,3397.0943055193848
83.42878219791643,61,C#4,1109.4736328125,0.06318787485361099,3397.0943055193848
83.4331224739581,57,A3,1109.7557373046875,0.06608286499977112,3849.900498424323
83.4331224739581,64,E4,1109.7557373046875,0.06608286499977112,3849.900498424323
83.43746274999975,33,A1,1109.7557373046875,0.06608286499977112,3849.900498424323
83.43746274999975,35,B1,1109.7557373046875,0.06608286499977112,3849.900498424323
83.43746274999975,42,F#2,1109.7557373046875,0.06608286499977112,3849.900498424323
83.43746274999975,57,A3,1109.7557373046875,0.06608286499977112,3849.900498424323
83.43746274999975,61,C#4,1109.7557373046875,0.06608286499977112,3849.900498424323
83.43746274999975,64,E4,1109.7557373046875,0.06608286499977112,3849.900498424323
83.84978897395808,57,A3,1111.388916015625,0.18475988507270813,2495.885848105744
83.85412924999974,42,F#2,548.8876953125,0.22658458352088928,2178.5357118559696
84.05812222395807,52,E3,1106.3392333984375,0.07514102011919022,1569.3070911204777
84.25777492187473,57,A3,990.7009887695312,0.050094883888959885,2588.2746782362738
84.26645547395806,61,C#4,990.7009887695312,0.050094883888959885,2588.2746782362738
84.26645547395806,64,E4,990.7009887695312,0.050094883888959885,2588.2746782362738
84.26645547395806,69,A4,990.7009887695312,0.050094883888959885,2588.2746782362738
84.27079574999972,37,C#2,1111.5035400390625,0.0476473905146122,3214.506078940043
84.27079574999972,42,F#2,1111.5035400390625,0.0476473905146122,3214.506078940043
84.67878169791639,57,A3,1152.9359130859375,0.06572383642196655,3795.167376613679
84.68746224999973,42,F#2,1163.3839111328125,0.06820301711559296,4118.0062949943
85.10412874999973,33,A1,1107.976806640625,0.03473468869924545,2798.9723184707077
85.10412874999973,35,B1,1107.976806640625,0.03473468869924545,2798.9723184707077
85.10412874999973,42,F#2,1107.976806640625,0.03473468869924545,2798.9723184707077
85.11280930208306,57,A3,1104.8465576171875,0.034996602684259415,4306.045640230103
85.11280930208306,69,A4,1104.8465576171875,0.034996602684259415,4306.045640230103
85.11714957812472,61,C#4,1104.8465576171875,0.034996602684259415,4306.045640230103
85.12148985416638,64,E4,1104.8465576171875,0.034996602684259415,4306.045640230103
85.31246199999971,42,F#2,1147.718017578125,0.028553800657391548,4276.267799755375
85.51645497395805,57,A3,1145.3397216796875,0.07843035459518433,3083.0337190016744
85.52079524999971,46,A#2,1145.3397216796875,0.07843035459518433,3083.0337190016744
85.72478822395803,52,E3,882.5809326171875,0.0988985002040863,1278.6427427498706
85.93312147395802,59,B3,1100.695556640625,0.06884800642728806,1534.5834893707452
85.93312147395802,64,E4,1100.695556640625,0.06884800642728806,1534.5834893707452
85.93746174999968,37,C#2,1100.695556640625,0.06884800642728806,1534.5834893707452
85.93746174999968,42,F#2,1100.695556640625,0.06884800642728806,1534.5834893707452
86.141454723958,61,C#4,1117.9736328125,0.04506686329841614,1201.617881312197
86.14579499999967,42,F#2,1117.9736328125,0.04506686329841614,1201.617881312197
86.34978797395799,59,B3,1101.7296142578125,0.06447789072990417,1401.3384577878112
86.35412824999965,33,A1,1101.7296142578125,0.06447789072990417,1401.3384577878112
86.35412824999965,46,A#2,1101.7296142578125,0.06447789072990417,1401.3384577878112
86.54510039583297,57,A3,1103.22412109375,0.04693688079714775,2188.1376950994527
86.56246149999964,35,B1,1103.22412109375,0.04693688079714775,2188.1376950994527
86.7360725416663,49,C#3,1155.350341796875,0.043074071407318115,1883.4818455568825
86.76211419791629,68,G#4,1157.8492431640625,0.04324165731668472,1804.9489073282643
86.76645447395795,49,C#3,1157.8492431640625,0.04324165731668472,1804.9489073282643
86.77079474999961,35,B1,1157.8492431640625,0.04324165731668472,1804.9489073282643
86.77079474999961,37,C#2,1157.8492431640625,0.04324165731668472,1804.9489073282643
86.77079474999961,42,F#2,1157.8492431640625,0.04324165731668472,1804.9489073282643
86.77079474999961,56,G#3,1157.8492431640625,0.04324165731668472,1804.9489073282643
86.77079474999961,61,C#4,1157.8492431640625,0.04324165731668472,1804.9489073282643
86.77079474999961,61,C#4,1157.8492431640625,0.04324165731668472,1804.9489073282643
86.77079474999961,64,E4,1157.8492431640625,0.04324165731668472,1804.9489073282643
86.77513502604127,64,E4,1157.8492431640625,0.04324165731668472,1804.9489073282643
86.77947530208293,56,G#3,1157.6331787109375,0.0684792622923851,2584.8870428648024
86.77947530208293,68,G#4,1157.6331787109375,0.0684792622923851,2584.8870428648024
87.18312097395793,56,G#3,880.0960083007812,0.08897031098604202,1851.6689038283762
87.18746124999959,42,F#2,880.0960083007812,0.08897031098604202,1851.6689038283762
87.40447505208293,49,C#3,1111.479736328125,0.09243756532669067,1935.3501852076315
87.59978747395793,56,G#3,1107.352294921875,0.06735414266586304,2043.9252045665592
87.59978747395793,61,C#4,1107.352294921875,0.06735414266586304,2043.9252045665592
87.59978747395793,64,E4,1107.352294921875,0.06735414266586304,2043.9252045665592
87.60412774999959,37,C#2,1107.352294921875,0.06735414266586304,2043.9252045665592
87.60412774999959,42,F#2,1107.352294921875,0.06735414266586304,2043.9252045665592
87.99909286979126,66,F#4,1103.4725341796875,0.05233300104737282,2119.9258793096433
88.02079424999958,32,G#1,1127.9990234375,0.05168326944112778,2064.47744592533
88.02079424999958,35,B1,1127.9990234375,0.05168326944112778,2064.47744592533
88.02079424999958,42,F#2,1127.9990234375,0.05168326944112778,2064.47744592533
88.02513452604124,56,G#3,1127.9990234375,0.05168326944112778,2064.47744592533
88.03815535416624,64,E4,1110.420654296875,0.07605603337287903,2425.739378211148
88.42009964583288,47,B2,1107.9549560546875,0.05753815919160843,2162.209701409478
88.42878019791621,59,B3,1110.975341796875,0.058375343680381775,2084.2702988220776
88.42878019791621,63,D#4,1110.975341796875,0.058375343680381775,2084.2702988220776
88.42878019791621,66,F#4,1110.975341796875,0.058375343680381775,2084.2702988220776
88.43746074999954,35,B1,1110.975341796875,0.058375343680381775,2084.2702988220776
88.43746074999954,35,B1,1110.975341796875,0.058375343680381775,2084.2702988220776
88.43746074999954,42,F#2,1110.975341796875,0.058375343680381775,2084.2702988220776
88.43746074999954,54,F#3,1110.975341796875,0.058375343680381775,2084.2702988220776
88.43746074999954,59,B3,1110.975341796875,0.058375343680381775,2084.2702988220776
88.43746074999954,63,D#4,1110.975341796875,0.058375343680381775,2084.2702988220776
88.4418010260412,47,B2,1110.975341796875,0.058375343680381775,2084.2702988220776
88.4418010260412,54,F#3,1110.975341796875,0.058375343680381775,2084.2702988220776
88.4418010260412,59,B3,1110.975341796875,0.058375343680381775,2084.2702988220776
88.44614130208286,63,D#4,1110.975341796875,0.058375343680381775,2084.2702988220776
88.44614130208286,66,F#4,1110.975341796875,0.058375343680381775,2084.2702988220776
88.85412724999952,42,F#2,1105.5592041015625,0.04056502878665924,2269.1314548638175
88.85412724999952,54,F#3,1105.5592041015625,0.04056502878665924,2269.1314548638175
89.06246049999953,35,B1,1109.404052734375,0.10776818543672562,1693.3798337592239
89.27079374999953,37,C#2,1109.96337890625,0.07044195383787155,1779.9867309895956
89.27079374999953,37,C#2,1109.96337890625,0.07044195383787155,1779.9867309895956
89.27079374999953,46,A#2,1109.96337890625,0.07044195383787155,1779.9867309895956
89.27513402604119,54,F#3,1109.96337890625,0.07044195383787155,1779.9867309895956
89.27513402604119,59,B3,1109.96337890625,0.07044195383787155,1779.9867309895956
89.27513402604119,63,D#4,1109.96337890625,0.07044195383787155,1779.9867309895956
89.47912699999951,40,E2,1109.3636474609375,0.07863424718379974,1617.7536828308275
89.67877969791617,54,F#3,1109.0640869140625,0.08576007932424545,1857.486613565101
89.6874602499995,37,C#2,1109.9774169921875,0.08762186020612717,1789.690057020895
89.6874602499995,46,A#2,1109.9774169921875,0.08762186020612717,1789.690057020895
89.8957934999995,35,B1,1108.8291015625,0.0927061066031456,2683.7526799556854
90.07374481770783,52,E3,1109.0977783203125,0.11213468015193939,1736.6887393026245
90.09978647395783,64,E4,1109.8992919921875,0.09543730318546295,1756.4355318039063
90.09978647395783,68,G#4,1109.8992919921875,0.09543730318546295,1756.4355318039063
90.1041267499995,28,E1,1109.8992919921875,0.09543730318546295,1756.4355318039063
90.1041267499995,35,B1,1109.8992919921875,0.09543730318546295,1756.4355318039063
90.1041267499995,40,E2,1109.8992919921875,0.09543730318546295,1756.4355318039063
90.1041267499995,47,B2,1109.8992919921875,0.09543730318546295,1756.4355318039063
90.1041267499995,52,E3,1109.8992919921875,0.09543730318546295,1756.4355318039063
90.1041267499995,56,G#3,1109.8992919921875,0.09543730318546295,1756.4355318039063
90.1041267499995,56,G#3,1109.8992919921875,0.09543730318546295,1756.4355318039063
90.1041267499995,59,B3,1109.8992919921875,0.09543730318546295,1756.4355318039063
90.1041267499995,64,E4,1109.8992919921875,0.09543730318546295,1756.4355318039063
90.1041267499995,64,E4,1109.8992919921875,0.09543730318546295,1756.4355318039063
90.1041267499995,68,G#4,1109.8992919921875,0.09543730318546295,1756.4355318039063
90.1041267499995,71,B4,1109.8992919921875,0.09543730318546295,1756.4355318039063
90.10846702604115,68,G#4,1109.8992919921875,0.09543730318546295,1756.4355318039063
90.5164529739578,56,G#3,983.2857666015625,0.09766583144664764,1909.6025834937477
90.52079324999946,42,F#2,983.2857666015625,0.09766583144664764,1909.6025834937477
90.53381407812445,68,G#4,983.2857666015625,0.09766583144664764,1909.6025834937477
90.74214732812443,68,G#4,986.2384643554688,0.10688123106956482,2102.681259331861
90.93311947395776,40,E2,1109.316650390625,0.06692635267972946,2075.9690864098075
90.93745974999942,37,C#2,1109.316650390625,0.06692635267972946,2075.9690864098075
90.93745974999942,42,F#2,1109.316650390625,0.06692635267972946,2075.9690864098075
90.93745974999942,68,G#4,1109.316650390625,0.06692635267972946,2075.9690864098075
90.94180002604108,64,E4,1109.316650390625,0.06692635267972946,2075.9690864098075
90.94614030208274,56,G#3,1109.316650390625,0.06692635267972946,2075.9690864098075
90.94614030208274,59,B3,1109.316650390625,0.06692635267972946,2075.9690864098075
91.3411054218744,56,G#3,1109.2568359375,0.053186506032943726,1947.9876882759409
91.3541262499994,42,F#2,1109.4793701171875,0.05318288505077362,1899.0669408427048
91.35846652604106,68,G#4,1109.4793701171875,0.05318288505077362,1899.0669408427048
91.5581192239577,68,G#4,1150.6663818359375,0.059583649039268494,2442.6578814221543
91.74909136979103,52,E3,1152.01806640625,0.048935968428850174,1992.6716261842716
91.74909136979103,56,G#3,1152.01806640625,0.048935968428850174,1992.6716261842716
91.74909136979103,68,G#4,1152.01806640625,0.048935968428850174,1992.6716261842716
91.75343164583269,59,B3,1152.01806640625,0.048935968428850174,1992.6716261842716
91.75777192187435,64,E4,1152.01806640625,0.048935968428850174,1992.6716261842716
91.76645247395768,69,A4,1152.01806640625,0.048935968428850174,1992.6716261842716
91.77079274999934,28,E1,1152.5732421875,0.047259196639060974,2013.2414600452826
91.77079274999934,35,B1,1152.5732421875,0.047259196639060974,2013.2414600452826
91.77079274999934,42,F#2,1152.5732421875,0.047259196639060974,2013.2414600452826
91.98346627604101,68,G#4,1109.691650390625,0.04426104575395584,1899.0027989426912
92.178778697916,56,G#3,1109.4434814453125,0.039719611406326294,1971.5559165361067
92.18745924999934,42,F#2,1109.480712890625,0.039516374468803406,2022.6362682436013
92.39145222395766,71,B4,987.9296264648438,0.14034052193164825,1457.4152480224654
92.57374381770765,40,E2,1109.67724609375,0.08208027482032776,1507.836107983825
92.58242436979098,56,G#3,1109.52392578125,0.07829074561595917,1530.9486045708145
92.58242436979098,59,B3,1109.52392578125,0.07829074561595917,1530.9486045708145
92.58242436979098,64,E4,1109.52392578125,0.07829074561595917,1530.9486045708145
92.60412574999931,37,C#2,1109.52392578125,0.07829074561595917,1530.9486045708145
92.60412574999931,42,F#2,1109.52392578125,0.07829074561595917,1530.9486045708145
92.99041031770766,56,G#3,1159.614013671875,0.05121561884880066,1762.7274936814265
93.01211169791597,68,G#4,1157.60791015625,0.05177744850516319,1774.7519058555913
93.0207922499993,42,F#2,1157.60791015625,0.05177744850516319,1774.7519058555913
93.22044494791598,68,G#4,1154.306884765625,0.05432524159550667,2733.4129683483807
93.40273654166596,54,F#3,1149.96044921875,0.05126180872321129,2223.4361665638917
93.4114170937493,42,F#2,1149.96044921875,0.05126180872321129,2223.4361665638917
93.4114170937493,54,F#3,1149.96044921875,0.05126180872321129,2223.4361665638917
93.41575736979095,59,B3,1149.96044921875,0.05126180872321129,2223.4361665638917
93.41575736979095,63,D#4,1149.96044921875,0.05126180872321129,2223.4361665638917
93.41575736979095,66,F#4,1149.96044921875,0.05126180872321129,2223.4361665638917
93.42877819791595,68,G#4,1151.16162109375,0.0511641725897789,2130.8218401148415
93.4331184739576,78,F#5,1151.16162109375,0.0511641725897789,2130.8218401148415
93.43745874999927,30,F#1,1151.16162109375,0.0511641725897789,2130.8218401148415
93.43745874999927,35,B1,1151.16162109375,0.0511641725897789,2130.8218401148415
93.43745874999927,42,F#2,1151.16162109375,0.0511641725897789,2130.8218401148415
93.43745874999927,42,F#2,1151.16162109375,0.0511641725897789,2130.8218401148415
93.43745874999927,47,B2,1151.16162109375,0.0511641725897789,2130.8218401148415
93.43745874999927,63,D#4,1151.16162109375,0.0511641725897789,2130.8218401148415
93.43745874999927,66,F#4,1151.16162109375,0.0511641725897789,2130.8218401148415
93.43745874999927,71,B4,1151.16162109375,0.0511641725897789,2130.8218401148415
93.43745874999927,75,D#5,1151.16162109375,0.0511641725897789,2130.8218401148415
93.84110442187423,68,G#4,1109.5333251953125,0.05413595214486122,1850.4722940870392
93.84978497395755,59,B3,1109.5333251953125,0.05413595214486122,1850.4722940870392
93.85412524999921,42,F#2,1109.5333251953125,0.05413595214486122,1850.4722940870392
94.04509739583254,68,G#4,494.4266662597656,0.27486735582351685,2043.9636536957776
94.24475009374922,59,B3,1108.0889892578125,0.08391796052455902,2060.1353347211348
94.24475009374922,66,F#4,1108.0889892578125,0.08391796052455902,2060.1353347211348
94.24909036979088,63,D#4,1108.0889892578125,0.08391796052455902,2060.1353347211348
94.2707917499992,37,C#2,1108.8109130859375,0.08232491463422775,2126.1620989590583
94.2707917499992,42,F#2,1108.8109130859375,0.08232491463422775,2126.1620989590583
94.67877769791586,68,G#4,1110.8466796875,0.04969535395503044,2313.653673817319
94.68311797395752,59,B3,1110.8466796875,0.04969535395503044,2313.653673817319
94.68745824999918,42,F#2,1110.8466796875,0.04969535395503044,2313.653673817319
94.88711094791584,68,G#4,987.0366821289062,0.08013046532869339,2957.3779725137283
94.89579149999918,30,F#1,987.0366821289062,0.08013046532869339,2957.3779725137283
95.0867636458325,42,F#2,1109.2464599609375,0.05878094211220741,2189.992251224571
95.0867636458325,54,F#3,1109.2464599609375,0.05878094211220741,2189.992251224571
95.09110392187416,69,A4,1108.7841796875,0.05651386082172394,2197.3965519368467
95.09544419791582,59,B3,1108.7841796875,0.05651386082172394,2197.3965519368467
95.09978447395748,63,D#4,1108.7841796875,0.05651386082172394,2197.3965519368467
95.09978447395748,66,F#4,1108.7841796875,0.05651386082172394,2197.3965519368467
95.10412474999914,30,F#1,1108.7841796875,0.05651386082172394,2197.3965519368467
95.10412474999914,35,B1,1108.7841796875,0.05651386082172394,2197.3965519368467
95.10412474999914,42,F#2,1108.7841796875,0.05651386082172394,2197.3965519368467
95.30811772395748,68,G#4,1109.3458251953125,0.0559975802898407,2541.9826731851717
95.50343014583247,59,B3,1107.60693359375,0.07573126256465912,1731.4736539907608
95.52079124999914,46,A#2,1108.609375,0.07498783618211746,1814.3524947644223
95.69874256770747,54,F#3,310.09368896484375,0.16460098326206207,2317.037065399202
95.72478422395747,71,B4,989.2669677734375,0.16924108564853668,2188.0279655015324
95.9157563697908,59,B3,1108.7264404296875,0.09422925859689713,1693.5099012121295
95.92009664583246,66,F#4,1108.7264404296875,0.09422925859689713,1693.5099012121295
95.93745774999913,37,C#2,1109.2598876953125,0.08810865879058838,1717.2228307118287
95.93745774999913,42,F#2,1109.2598876953125,0.08810865879058838,1717.2228307118287
96.12842989583245,63,D#4,1111.226318359375,0.07904776185750961,2678.540910650798
96.33242286979078,42,F#2,1108.0826416015625,0.07302887737751007,2124.233578866226
96.33242286979078,83,B5,1108.0826416015625,0.07302887737751007,2124.233578866226
96.33676314583244,54,F#3,1108.0826416015625,0.07302887737751007,2124.233578866226
96.33676314583244,59,B3,1108.0826416015625,0.07302887737751007,2124.233578866226
96.35412424999907,30,F#1,1108.8011474609375,0.07136926054954529,1999.0615927674532
96.35412424999907,42,F#2,1108.8011474609375,0.07136926054954529,1999.0615927674532
96.35412424999907,46,A#2,1108.8011474609375,0.07136926054954529,1999.0615927674532
96.35412424999907,68,G#4,1108.8011474609375,0.07136926054954529,1999.0615927674532
96.56245749999907,32,G#1,1106.2117919921875,0.08819642663002014,3545.6378473829764
96.56245749999907,44,G#2,1106.2117919921875,0.08819642663002014,3545.6378473829764
96.56245749999907,44,G#2,1106.2117919921875,0.08819642663002014,3545.6378473829764
96.56245749999907,56,G#3,1106.2117919921875,0.08819642663002014,3545.6378473829764
96.5841588802074,68,G#4,1109.25390625,0.07572397589683533,3003.1973617983126
96.74040881770739,57,A3,1122.912841796875,0.056456059217453,2489.182261031274
96.74908936979072,45,A2,1122.912841796875,0.056456059217453,2489.182261031274
96.74908936979072,45,A2,1122.912841796875,0.056456059217453,2489.182261031274
96.74908936979072,57,A3,1122.912841796875,0.056456059217453,2489.182261031274
96.75342964583238,61,C#4,1122.912841796875,0.056456059217453,2489.182261031274
96.75342964583238,64,E4,1122.912841796875,0.056456059217453,2489.182261031274
96.75342964583238,69,A4,1122.912841796875,0.056456059217453,2489.182261031274
96.75776992187404,76,E5,1122.912841796875,0.056456059217453,2489.182261031274
96.75776992187404,81,A5,1122.912841796875,0.056456059217453,2489.182261031274
96.77079074999902,33,A1,1109.2430419921875,0.057855065912008286,2303.155642318418
96.77079074999902,35,B1,1109.2430419921875,0.057855065912008286,2303.155642318418
96.77079074999902,42,F#2,1109.2430419921875,0.057855065912008286,2303.155642318418
96.77079074999902,45,A2,1109.2430419921875,0.057855065912008286,2303.155642318418
96.77079074999902,52,E3,1109.2430419921875,0.057855065912008286,2303.155642318418
96.77079074999902,57,A3,1109.2430419921875,0.057855065912008286,2303.155642318418
96.77079074999902,61,C#4,1109.2430419921875,0.057855065912008286,2303.155642318418
96.77079074999902,64,E4,1109.2430419921875,0.057855065912008286,2303.155642318418
96.77079074999902,69,A4,1109.2430419921875,0.057855065912008286,2303.155642318418
96.78381157812402,69,A4,1109.2430419921875,0.057855065912008286,2303.155642318418
96.992144828124,68,G#4,991.7479248046875,0.1270104944705963,3021.6863788757755
97.16575586979064,57,A3,311.2437438964844,0.19921161234378815,2020.551674184761
97.18745724999897,42,F#2,493.9430236816406,0.20600086450576782,1966.9489440820075
97.40013077604063,64,E4,307.483154296875,0.3073335587978363,2027.1644519671231
97.59110292187395,57,A3,988.7525024414062,0.09941724687814713,2209.789515358695
97.59110292187395,69,A4,988.7525024414062,0.09941724687814713,2209.789515358695
97.59544319791561,52,E3,988.7525024414062,0.09941724687814713,2209.789515358695
97.59544319791561,61,C#4,988.7525024414062,0.09941724687814713,2209.789515358695
97.59544319791561,64,E4,988.7525024414062,0.09941724687814713,2209.789515358695
97.60412374999895,37,C#2,990.2314453125,0.09426305443048477,2223.088360902314
97.60412374999895,42,F#2,990.2314453125,0.09426305443048477,2223.088360902314
97.82547782812395,61,C#4,989.084228515625,0.07057280838489532,3070.8896497626592
97.99908886979061,57,A3,988.7632446289062,0.0640958920121193,2343.1384386558757
98.02079024999894,33,A1,1117.1207275390625,0.05983331426978111,2364.3365186332485
98.02079024999894,42,F#2,1117.1207275390625,0.05983331426978111,2364.3365186332485
98.21176239583228,45,A2,1169.9739990234375,0.08179918676614761,3788.426502565989
98.4157553697906,57,A3,1153.2957763671875,0.04817304015159607,2682.6177234060606
98.42009564583226,61,C#4,1153.2957763671875,0.04817304015159607,2682.6177234060606
98.42009564583226,64,E4,1153.2957763671875,0.04817304015159607,2682.6177234060606
98.42009564583226,69,A4,1153.2957763671875,0.04817304015159607,2682.6177234060606
98.43311647395726,69,A4,1097.1776123046875,0.04845166951417923,2642.521196292897
98.43745674999892,33,A1,1097.1776123046875,0.04845166951417923,2642.521196292897
98.43745674999892,35,B1,1097.1776123046875,0.04845166951417923,2642.521196292897
98.43745674999892,42,F#2,1097.1776123046875,0.04845166951417923,2642.521196292897
98.84544269791556,57,A3,1102.4066162109375,0.06234120950102806,2105.2427733714653
98.84544269791556,68,G#4,1102.4066162109375,0.06234120950102806,2105.2427733714653
98.85412324999889,42,F#2,1105.3502197265625,0.0627075582742691,2147.78538711953
99.05377594791557,57,A3,1103.294677734375,0.08950033783912659,2541.6739189791265
99.05377594791557,61,C#4,1103.294677734375,0.08950033783912659,2541.6739189791265
99.05377594791557,69,A4,1103.294677734375,0.08950033783912659,2541.6739189791265
99.05811622395723,64,E4,1103.294677734375,0.08950033783912659,2541.6739189791265
99.25342864583223,45,A2,889.7825927734375,0.09161654114723206,1831.9246357545308
99.2707897499989,37,C#2,1101.5157470703125,0.091345876455307,1807.5176719181832
99.2707897499989,42,F#2,1101.5157470703125,0.091345876455307,1807.5176719181832
99.46176189583223,61,C#4,1153.29150390625,0.06115381419658661,2433.169427259829
99.46610217187389,57,A3,1153.29150390625,0.06115381419658661,2433.169427259829
99.46610217187389,61,C#4,1153.29150390625,0.06115381419658661,2433.169427259829
99.46610217187389,69,A4,1153.29150390625,0.06115381419658661,2433.169427259829
99.47912299999888,42,F#2,1115.6708984375,0.060251276940107346,3036.945521593273
99.67877569791554,64,E4,1118.3900146484375,0.05921487137675285,2108.680175100133
99.68745624999887,35,B1,1118.92919921875,0.05671413615345955,2186.9452170700674
99.68745624999887,46,A#2,1118.92919921875,0.05671413615345955,2186.9452170700674
99.68745624999887,68,G#4,1118.92919921875,0.05671413615345955,2186.9452170700674
99.88276867187386,61,C#4,1113.4874267578125,0.07174154371023178,3507.7993778644345
99.89578949999886,36,C2,1113.4874267578125,0.07174154371023178,3507.7993778644345
99.89578949999886,68,G#4,1113.4874267578125,0.07174154371023178,3507.7993778644345
100.0433588854155,47,B2,1105.6861572265625,0.06424619257450104,2354.970938896003
100.05203943749883,59,B3,1105.6861572265625,0.06424619257450104,2354.970938896003
100.0824213697905,47,B2,989.3912353515625,0.06245892122387886,2285.430040176897
100.09110192187383,71,B4,989.3912353515625,0.06245892122387886,2285.430040176897
100.09110192187383,78,F#5,989.3912353515625,0.06245892122387886,2285.430040176897
100.09544219791549,59,B3,989.3912353515625,0.06245892122387886,2285.430040176897
100.09544219791549,66,F#4,989.3912353515625,0.06245892122387886,2285.430040176897
100.10412274999881,35,B1,989.3912353515625,0.06245892122387886,2285.430040176897
100.10412274999881,35,B1,989.3912353515625,0.06245892122387886,2285.430040176897
100.10412274999881,42,F#2,989.3912353515625,0.06245892122387886,2285.430040176897
100.10412274999881,47,B2,989.3912353515625,0.06245892122387886,2285.430040176897
100.10412274999881,54,F#3,989.3912353515625,0.06245892122387886,2285.430040176897
100.10412274999881,59,B3,989.3912353515625,0.06245892122387886,2285.430040176897
100.10412274999881,63,D#4,989.3912353515625,0.06245892122387886,2285.430040176897
100.10412274999881,66,F#4,989.3912353515625,0.06245892122387886,2285.430040176897
100.10412274999881,68,G#4,989.3912353515625,0.06245892122387886,2285.430040176897
100.10846302604047,63,D#4,1155.0126953125,0.05763974413275719,2301.6788373925183
100.51210869791544,59,B3,988.351318359375,0.06797861307859421,2065.2308507554235
100.51210869791544,66,F#4,988.351318359375,0.06797861307859421,2065.2308507554235
100.52078924999877,42,F#2,988.351318359375,0.06797861307859421,2065.2308507554235
100.9331154739571,59,B3,1111.42138671875,0.1029096469283104,2048.8199839533218
100.9331154739571,66,F#4,1111.42138671875,0.1029096469283104,2048.8199839533218
100.93745574999876,37,C#2,1111.42138671875,0.1029096469283104,2048.8199839533218
100.93745574999876,42,F#2,1111.42138671875,0.1029096469283104,2048.8199839533218
100.93745574999876,63,D#4,1111.42138671875,0.1029096469283104,2048.8199839533218
101.3367611458321,59,B3,1107.5462646484375,0.08058284968137741,2074.3328677138893
101.35412224999877,35,B1,1107.5462646484375,0.08058284968137741,2074.3328677138893
101.35412224999877,42,F#2,1107.5462646484375,0.08058284968137741,2074.3328677138893
101.56245549999876,35,B1,1109.0074462890625,0.06259219348430634,2094.8032655741163
101.71870543749876,45,A2,1108.357666015625,0.06198403611779213,2284.354897564564
101.72738598958209,57,A3,1108.357666015625,0.06198403611779213,2284.354897564564
101.75776792187375,45,A2,1111.5728759765625,0.06762091815471649,2232.07430744903
101.75776792187375,52,E3,1111.5728759765625,0.06762091815471649,2232.07430744903
101.75776792187375,64,E4,1111.5728759765625,0.06762091815471649,2232.07430744903
101.75776792187375,69,A4,1111.5728759765625,0.06762091815471649,2232.07430744903
101.75776792187375,76,E5,1111.5728759765625,0.06762091815471649,2232.07430744903
101.76210819791541,57,A3,1111.5728759765625,0.06762091815471649,2232.07430744903
101.76210819791541,61,C#4,1111.5728759765625,0.06762091815471649,2232.07430744903
101.76210819791541,64,E4,1111.5728759765625,0.06762091815471649,2232.07430744903
101.77078874999874,33,A1,1111.5728759765625,0.06762091815471649,2232.07430744903
101.77078874999874,35,B1,1111.5728759765625,0.06762091815471649,2232.07430744903
101.77078874999874,42,F#2,1111.5728759765625,0.06762091815471649,2232.07430744903
101.77078874999874,45,A2,1111.5728759765625,0.06762091815471649,2232.07430744903
101.77078874999874,52,E3,1111.5728759765625,0.06762091815471649,2232.07430744903
101.77078874999874,57,A3,1111.5728759765625,0.06762091815471649,2232.07430744903
101.77078874999874,61,C#4,1111.5728759765625,0.06762091815471649,2232.07430744903
101.77078874999874,64,E4,1111.5728759765625,0.06762091815471649,2232.07430744903
102.15707331770706,57,A3,1112.7867431640625,0.051663365215063095,2315.812217193038
102.18745524999872,42,F#2,1106.607421875,0.04956357553601265,2304.622579607945
102.57808009374872,47,B2,1098.6298828125,0.08591390401124954,2218.3342601065137
102.58242036979038,47,B2,1098.6298828125,0.08591390401124954,2218.3342601065137
102.58242036979038,54,F#3,1098.6298828125,0.08591390401124954,2218.3342601065137
102.58676064583204,59,B3,1098.6298828125,0.08591390401124954,2218.3342601065137
102.5911009218737,63,D#4,1104.7813720703125,0.08363310992717743,2076.761551012718
102.5911009218737,63,D#4,1104.7813720703125,0.08363310992717743,2076.761551012718
102.5911009218737,66,F#4,1104.7813720703125,0.08363310992717743,2076.761551012718
102.59544119791536,75,D#5,1104.7813720703125,0.08363310992717743,2076.761551012718
102.59978147395702,59,B3,1104.7813720703125,0.08363310992717743,2076.761551012718
102.60412174999868,35,B1,1104.7813720703125,0.08363310992717743,2076.761551012718
102.60412174999868,37,C#2,1104.7813720703125,0.08363310992717743,2076.761551012718
102.60412174999868,46,A#2,1104.7813720703125,0.08363310992717743,2076.761551012718
102.60412174999868,47,B2,1104.7813720703125,0.08363310992717743,2076.761551012718
102.60412174999868,54,F#3,1104.7813720703125,0.08363310992717743,2076.761551012718
102.60412174999868,59,B3,1104.7813720703125,0.08363310992717743,2076.761551012718
102.60412174999868,63,D#4,1104.7813720703125,0.08363310992717743,2076.761551012718
102.60412174999868,66,F#4,1104.7813720703125,0.08363310992717743,2076.761551012718
102.60412174999868,66,F#4,1104.7813720703125,0.08363310992717743,2076.761551012718
102.99908686979032,59,B3,1097.6649169921875,0.05317368730902672,2215.022302211152
103.01210769791531,64,E4,1099.4306640625,0.051742058247327805,2215.2266406015096
103.02078824999865,51,D#3,1099.4306640625,0.051742058247327805,2215.2266406015096
103.41141309374864,49,C#3,1109.0189208984375,0.08743593096733093,2805.6753700851536
103.4157533697903,49,C#3,1109.0189208984375,0.08743593096733093,2805.6753700851536
103.4157533697903,61,C#4,1109.0189208984375,0.08743593096733093,2805.6753700851536
103.4157533697903,64,E4,1109.0189208984375,0.08743593096733093,2805.6753700851536
103.4157533697903,68,G#4,1109.0189208984375,0.08743593096733093,2805.6753700851536
103.42009364583195,68,G#4,1109.0189208984375,0.08743593096733093,2805.6753700851536
103.42009364583195,76,E5,1109.0189208984375,0.08743593096733093,2805.6753700851536
103.4374547499986,35,B1,1108.4681396484375,0.08277542889118195,2814.3584072478207
103.4374547499986,37,C#2,1108.4681396484375,0.08277542889118195,2814.3584072478207
103.4374547499986,49,C#3,1108.4681396484375,0.08277542889118195,2814.3584072478207
103.4374547499986,55,G3,1108.4681396484375,0.08277542889118195,2814.3584072478207
103.4374547499986,56,G#3,1108.4681396484375,0.08277542889118195,2814.3584072478207
103.4374547499986,56,G#3,1108.4681396484375,0.08277542889118195,2814.3584072478207
103.4374547499986,61,C#4,1108.4681396484375,0.08277542889118195,2814.3584072478207
103.4374547499986,64,E4,1108.4681396484375,0.08277542889118195,2814.3584072478207
103.84544069791527,61,C#4,743.7053833007812,0.08133871108293533,1961.5309425884695
104.24040581770693,56,G#3,1113.596435546875,0.0802614688873291,2418.0816150466944
104.27078774999859,44,G#2,1119.126953125,0.07427261024713516,2306.321610265916
104.46175989583193,61,C#4,1152.0921630859375,0.04590081050992012,2208.0380136747444
104.67009314583194,66,F#4,1108.9664306640625,0.048743363469839096,1796.944079881478
104.6744334218736,61,C#4,1108.9664306640625,0.048743363469839096,1796.944079881478
104.8697458437486,68,G#4,1109.0762939453125,0.04783764109015465,1698.097515579554
104.89144722395693,61,C#4,1109.008056640625,0.04542570933699608,1745.1202011455052
105.08675964583193,61,C#4,1113.79833984375,0.04531291127204895,2062.9169052225866
105.08675964583193,69,A4,1113.79833984375,0.04531291127204895,2062.9169052225866
105.51210669791526,68,G#4,1109.6904296875,0.049233753234148026,1629.8897304118716
105.51644697395692,61,C#4,1109.1129150390625,0.04840497672557831,1616.863066315163
105.91141209374858,56,G#3,1111.531005859375,0.06204678490757942,1909.3283788143574
105.91141209374858,61,C#4,1111.531005859375,0.06204678490757942,1909.3283788143574
105.92009264583191,66,F#4,1111.531005859375,0.06204678490757942,1909.3283788143574
105.93745374999858,44,G#2,1112.7564697265625,0.057259466499090195,1907.5578259393023
106.33241886979025,64,E4,1109.9415283203125,0.04610610380768776,1724.820515886086
106.7534256458319,61,C#4,1111.45556640625,0.05410119891166687,1715.725999270191
106.7534256458319,64,E4,1111.45556640625,0.05410119891166687,1715.725999270191
106.75776592187356,45,A2,1111.45556640625,0.05410119891166687,1715.725999270191
106.75776592187356,52,E3,1111.45556640625,0.05410119891166687,1715.725999270191
106.75776592187356,57,A3,1111.45556640625,0.05410119891166687,1715.725999270191
106.77078674999855,33,A1,1110.0733642578125,0.05600952357053757,1607.5931514896758
106.77078674999855,57,A3,1110.0733642578125,0.05600952357053757,1607.5931514896758
107.1787726979152,57,A3,1110.17236328125,0.04580996558070183,1865.2670745717935
107.59109892187352,61,C#4,1109.041015625,0.08370149880647659,2303.5993481320083
107.59543919791518,59,B3,1109.041015625,0.08370149880647659,2303.5993481320083
107.60411974999852,44,G#2,1109.041015625,0.08370149880647659,2303.5993481320083
107.60411974999852,52,E3,1109.041015625,0.08370149880647659,2303.5993481320083
108.00342514583184,57,A3,1098.3966064453125,0.04894948750734329,1660.2964578604576
108.43311247395684,64,E4,1152.2750244140625,0.05010484904050827,2258.6541230264006
108.44179302604017,59,B3,1150.930908203125,0.04893121495842934,1880.06723393401
108.44179302604017,61,C#4,1150.930908203125,0.04893121495842934,1880.06723393401
108.8541192499985,57,A3,1151.2652587890625,0.031595587730407715,1685.8665756630608
109.2707857499985,44,G#2,1108.67529296875,0.05126476287841797,3083.239230183457
109.2707857499985,45,A2,1108.67529296875,0.05126476287841797,3083.239230183457
109.2707857499985,47,B2,1108.67529296875,0.05126476287841797,3083.239230183457
109.27512602604016,59,B3,1108.67529296875,0.05126476287841797,3083.239230183457
109.27512602604016,61,C#4,1108.67529296875,0.05126476287841797,3083.239230183457
109.27512602604016,64,E4,1108.67529296875,0.05126476287841797,3083.239230183457
109.37495237499849,46,A#2,1117.66064453125,0.03709447383880615,3053.025945580236
109.47911899999849,46,A#2,1149.33642578125,0.033536333590745926,3272.5118429121694
109.56592452083181,49,C#3,1108.510009765625,0.0374293178319931,3152.8520087316247
109.58328562499848,46,A#2,1105.8505859375,0.03822019696235657,2985.051559970667
109.68311197395681,57,A3,1100.956787109375,0.029716569930315018,3581.3540534372055
109.68745224999847,46,A#2,1100.956787109375,0.029716569930315018,3581.3540534372055
109.68745224999847,57,A3,1100.956787109375,0.029716569930315018,3581.3540534372055
109.71349390624846,56,G#3,1113.8533935546875,0.02739720605313778,3388.2370549122847
109.79161887499846,46,A#2,1151.8240966796875,0.026887575164437294,3213.700186499786
109.79161887499846,49,C#3,1151.8240966796875,0.026887575164437294,3213.700186499786
109.89578549999845,46,A#2,1154.7657470703125,0.025876330211758614,3357.8426751430015
109.89578549999845,57,A3,1154.7657470703125,0.025876330211758614,3357.8426751430015
109.92182715624845,56,G#3,1156.53466796875,0.025438327342271805,3406.0763572014866
109.99995212499844,46,A#2,1119.40625,0.02487165480852127,3820.6443665656125
109.99995212499844,49,C#3,1119.40625,0.02487165480852127,3820.6443665656125
110.10411874999845,49,C#3,1156.2999267578125,0.08379693329334259,2070.9036982448715
110.10411874999845,49,C#3,1156.2999267578125,0.08379693329334259,2070.9036982448715
110.10411874999845,61,C#4,1156.2999267578125,0.08379693329334259,2070.9036982448715
110.10411874999845,63,D#4,1156.2999267578125,0.08379693329334259,2070.9036982448715
110.10411874999845,64,E4,1156.2999267578125,0.08379693329334259,2070.9036982448715
110.10411874999845,35,B1,1156.2999267578125,0.08379693329334259,2070.9036982448715
110.10411874999845,49,C#3,1156.2999267578125,0.08379693329334259,2070.9036982448715
110.10411874999845,56,G#3,1156.2999267578125,0.08379693329334259,2070.9036982448715
110.10411874999845,57,A3,1156.2999267578125,0.08379693329334259,2070.9036982448715
110.10411874999845,61,C#4,1156.2999267578125,0.08379693329334259,2070.9036982448715
110.12582013020676,56,G#3,1156.86669921875,0.07835544645786285,2054.828710890266
110.33415338020674,56,G#3,989.1104736328125,0.050013456493616104,2805.366133829126
110.5207852499984,42,F#2,1100.8795166015625,0.04348275810480118,2468.3461218265265
110.53380607812339,56,G#3,1101.608642578125,0.04172106087207794,2474.339946195576
110.74647960416503,56,G#3,1101.4359130859375,0.029202306643128395,2201.2572031882205
110.93745174999836,64,E4,270.3308410644531,0.26682114601135254,2306.8943215678487
110.93745174999836,40,E2,270.3308410644531,0.26682114601135254,2306.8943215678487
110.93745174999836,42,F#2,270.3308410644531,0.26682114601135254,2306.8943215678487
110.95047257812335,61,C#4,657.971923828125,0.22738207876682281,3667.087573433511
110.95047257812335,63,D#4,657.971923828125,0.22738207876682281,3667.087573433511
111.35411824999834,42,F#2,1038.9278564453125,0.05908361077308655,3236.105982748611
111.35845852604,56,G#3,1038.9278564453125,0.05908361077308655,3236.105982748611
111.36279880208166,56,G#3,1038.9278564453125,0.05908361077308655,3236.105982748611
111.54075011978998,56,G#3,1121.35107421875,0.04235011339187622,2428.2723975412346
111.75342364583163,63,D#4,1127.7298583984375,0.1502317190170288,3410.9754008077616
111.75776392187329,57,A3,1127.7298583984375,0.1502317190170288,3410.9754008077616
111.76210419791495,64,E4,1183.1153564453125,0.15456785261631012,3543.0543291817403
111.76644447395661,61,C#4,1183.1153564453125,0.15456785261631012,3543.0543291817403
111.77078474999827,35,B1,1183.1153564453125,0.15456785261631012,3543.0543291817403
111.77078474999827,42,F#2,1183.1153564453125,0.15456785261631012,3543.0543291817403
111.98779855208159,56,G#3,1110.98046875,0.0420311875641346,2439.439281977979
112.18745124999825,42,F#2,1112.7344970703125,0.0398637093603611,3168.247067110199
112.1917915260399,56,G#3,1112.7344970703125,0.0398637093603611,3168.247067110199
112.40012477603989,59,B3,1106.3499755859375,0.03150656446814537,1755.5066610692347
112.59109692187322,63,D#4,418.74310302734375,0.228921577334404,2270.5035818942492
112.59109692187322,64,E4,418.74310302734375,0.228921577334404,2270.5035818942492
112.59543719791488,61,C#4,418.74310302734375,0.228921577334404,2270.5035818942492
112.60411774999821,40,E2,201.57423400878906,0.22942736744880676,2079.019261674922
112.60411774999821,42,F#2,201.57423400878906,0.22942736744880676,2079.019261674922
113.01210369791485,56,G#3,1056.2598876953125,0.0311050396412611,3451.4610463297568
113.01644397395651,56,G#3,1044.297119140625,0.03147384896874428,3775.659947132646
113.02078424999817,46,A#2,1044.297119140625,0.03147384896874428,3775.659947132646
113.02078424999817,51,D#3,1044.297119140625,0.03147384896874428,3775.659947132646
113.22043694791482,56,G#3,1106.7105712890625,0.032463252544403076,1409.367787657546
113.22911749999815,52,E3,1106.576904296875,0.030797762796282768,1435.8848220456441
113.42877019791483,47,B2,1003.7970581054688,0.13945141434669495,3416.9414991024996
113.42877019791483,56,G#3,1003.7970581054688,0.13945141434669495,3416.9414991024996
113.42877019791483,59,B3,1003.7970581054688,0.13945141434669495,3416.9414991024996
113.42877019791483,63,D#4,1003.7970581054688,0.13945141434669495,3416.9414991024996
113.43745074999816,47,B2,1004.4772338867188,0.14624248445034027,3465.7971563345527
113.43745074999816,35,B1,1004.4772338867188,0.14624248445034027,3465.7971563345527
113.43745074999816,42,F#2,1004.4772338867188,0.14624248445034027,3465.7971563345527
113.84543669791482,56,G#3,1108.2879638671875,0.07129410654306412,2057.0527712537105
113.85411724999815,42,F#2,827.6388549804688,0.07881129533052444,2297.344635991607
113.87581863020648,54,F#3,829.8160400390625,0.08377993851900101,2321.3962254459807
114.05811022395648,56,G#3,1002.7880859375,0.16775299608707428,2022.1992949555442
114.25776292187314,63,D#4,1110.211669921875,0.22085538506507874,2000.2506725665296
114.26644347395647,59,B3,1110.211669921875,0.22085538506507874,2000.2506725665296
114.27078374999813,40,E2,314.75787353515625,0.24716182053089142,2034.1307695080855
114.27078374999813,42,F#2,314.75787353515625,0.24716182053089142,2034.1307695080855
114.67008914583145,56,G#3,1108.239501953125,0.05999857932329178,1854.829959245874
114.68745024999812,54,F#3,932.3701782226562,0.057703204452991486,2816.4967577372336
114.68745024999812,42,F#2,932.3701782226562,0.057703204452991486,2816.4967577372336
114.86974184374813,56,G#3,1003.661865234375,0.05760931968688965,1588.3832112785583
115.07373481770647,61,C#4,1005.0829467773438,0.045735377818346024,1617.2296745581893
115.07807509374813,63,D#4,1005.0829467773438,0.045735377818346024,1617.2296745581893
115.08675564583146,59,B3,1002.556396484375,0.13120399415493011,2745.15286593115
115.10411674999813,35,B1,1002.556396484375,0.13120399415493011,2745.15286593115
115.10411674999813,42,F#2,1002.556396484375,0.13120399415493011,2745.15286593115
115.49908186978979,54,F#3,1177.074951171875,0.038511067628860474,1714.5511192275187
115.50342214583145,59,B3,1177.2236328125,0.03950442001223564,1995.362160107648
115.52078324999812,42,F#2,1177.2236328125,0.03950442001223564,1995.362160107648
115.7160956718731,56,G#3,1179.3109130859375,0.03308857977390289,1491.4335871129206
115.91574836978977,59,B3,1179.7877197265625,0.024613602086901665,1587.7810022240176
115.91574836978977,63,D#4,1179.7877197265625,0.024613602086901665,1587.7810022240176
115.92008864583143,54,F#3,1182.5712890625,0.16399535536766052,2379.3981343936784
115.9374497499981,40,E2,1182.5712890625,0.16399535536766052,2379.3981343936784
115.9374497499981,42,F#2,1182.5712890625,0.16399535536766052,2379.3981343936784
116.1457829999981,42,F#2,1177.8408203125,0.02948695607483387,1602.3406066413377
116.31939404166475,54,F#3,1179.5826416015625,0.024701973423361778,1482.3685710292052
116.34109542187308,56,G#3,1179.6123046875,0.0253093671053648,1456.2264340966326
116.35411624999807,42,F#2,1179.6123046875,0.0253093671053648,1456.2264340966326
116.35411624999807,46,A#2,1179.6123046875,0.0253093671053648,1456.2264340966326
116.5450883958314,56,G#3,1179.2794189453125,0.027758784592151642,1379.9183575283
116.56244949999807,47,B2,1179.2794189453125,0.027758784592151642,1379.9183575283
116.74908136978974,45,A2,1107.713623046875,0.02451571822166443,1342.5248945573856
116.74908136978974,59,B3,1107.713623046875,0.02451571822166443,1342.5248945573856
116.74908136978974,64,E4,1107.713623046875,0.02451571822166443,1342.5248945573856
116.7534216458314,57,A3,1107.713623046875,0.02451571822166443,1342.5248945573856
116.77078274999806,45,A2,1180.1058349609375,0.08587981015443802,1485.0651568378998
116.77078274999806,61,C#4,1180.1058349609375,0.08587981015443802,1485.0651568378998
116.77078274999806,35,B1,1180.1058349609375,0.08587981015443802,1485.0651568378998
116.77078274999806,42,F#2,1180.1058349609375,0.08587981015443802,1485.0651568378998
116.77078274999806,52,E3,1180.1058349609375,0.08587981015443802,1485.0651568378998
116.77078274999806,61,C#4,1180.1058349609375,0.08587981015443802,1485.0651568378998
116.9747757239564,56,G#3,1121.203125,0.036984849721193314,3124.57107826602
117.17008814583139,57,A3,1109.03173828125,0.040666621178388596,1800.3780414040766
117.18744924999804,42,F#2,1109.628173828125,0.03834230825304985,1795.1531801608423
117.38710194791469,52,E3,1109.541015625,0.07054326683282852,1254.5533851198982
117.58675464583136,64,E4,1003.8360595703125,0.04805226996541023,1259.3954913964694
117.59109492187302,59,B3,1002.5613403320312,0.0456475168466568,1237.11044917943
117.60411574999802,40,E2,1002.5613403320312,0.0456475168466568,1237.11044917943
117.60411574999802,42,F#2,1002.5613403320312,0.0456475168466568,1237.11044917943
117.61713657812301,61,C#4,1111.1590576171875,0.12369867414236069,1411.5423878655042
118.00342114583133,57,A3,1101.4453125,0.048720791935920715,1479.5896803287296
118.02078224999799,47,B2,1108.71630859375,0.04735292121767998,1503.8658062444672
118.02078224999799,42,F#2,1108.71630859375,0.04735292121767998,1503.8658062444672
118.22911549999799,47,B2,1004.9070434570312,0.047707490622997284,1717.4419843678793
118.41140709374798,59,B3,1166.26123046875,0.038035448640584946,1675.656625647299
118.41140709374798,64,E4,1166.26123046875,0.038035448640584946,1675.656625647299
118.41574736978964,61,C#4,1166.26123046875,0.038035448640584946,1675.656625647299
118.43744874999797,35,B1,1174.83154296875,0.03665730729699135,1692.9467809397909
118.43744874999797,42,F#2,1174.83154296875,0.03665730729699135,1692.9467809397909
118.4461293020813,57,A3,1174.83154296875,0.03665730729699135,1692.9467809397909
118.84543469791463,57,A3,1173.90380859375,0.03955455124378204,1908.2321897115444
118.85411524999795,42,F#2,1173.90380859375,0.03955455124378204,1908.2321897115444
118.8584555260396,56,G#3,1173.90380859375,0.03955455124378204,1908.2321897115444
119.06244849999793,52,E3,1176.0413818359375,0.03413949906826019,1720.2164918036103
119.27078174999794,64,E4,1174.7581787109375,0.031370509415864944,1575.4636193730335
119.27078174999794,40,E2,1174.7581787109375,0.031370509415864944,1575.4636193730335
119.27078174999794,42,F#2,1174.7581787109375,0.031370509415864944,1575.4636193730335
119.2751220260396,59,B3,1174.7581787109375,0.031370509415864944,1575.4636193730335
119.2751220260396,61,C#4,1174.7581787109375,0.031370509415864944,1575.4636193730335
119.67876769791457,57,A3,996.5807495117188,0.031887199729681015,1588.591646636216
119.68310797395623,56,G#3,1173.2613525390625,0.029032811522483826,1638.267384676241
119.68744824999789,47,B2,1173.2613525390625,0.029032811522483826,1638.267384676241
119.68744824999789,46,A#2,1173.2613525390625,0.029032811522483826,1638.267384676241
119.88276067187287,56,G#3,1000.8715209960938,0.03853882476687431,1443.943789640477
119.89578149999787,45,A2,1102.1260986328125,0.03522319346666336,1490.4502083356658
120.09109392187287,56,G#3,1164.918701171875,0.026609137654304504,1499.5153989217522
120.09977447395619,44,G#2,1173.04150390625,0.024175899103283882,1508.5295824756447
120.09977447395619,63,D#4,1173.04150390625,0.024175899103283882,1508.5295824756447
120.10411474999785,44,G#2,1173.04150390625,0.024175899103283882,1508.5295824756447
120.10411474999785,59,B3,1173.04150390625,0.024175899103283882,1508.5295824756447
120.10411474999785,35,B1,1173.04150390625,0.024175899103283882,1508.5295824756447
120.10411474999785,42,F#2,1173.04150390625,0.024175899103283882,1508.5295824756447
120.10411474999785,51,D#3,1173.04150390625,0.024175899103283882,1508.5295824756447
120.10411474999785,59,B3,1173.04150390625,0.024175899103283882,1508.5295824756447
120.52078124999784,42,F#2,1173.5318603515625,0.033616263419389725,2073.6509838162465
120.52078124999784,54,F#3,1173.5318603515625,0.033616263419389725,2073.6509838162465
120.53380207812283,54,F#3,1173.5318603515625,0.033616263419389725,2073.6509838162465
120.93744774999783,40,E2,1109.2618408203125,0.03398504853248596,1358.4763656327852
120.93744774999783,42,F#2,1109.2618408203125,0.03398504853248596,1358.4763656327852
120.94612830208116,59,B3,1109.2618408203125,0.03398504853248596,1358.4763656327852
120.94612830208116,63,D#4,1109.2618408203125,0.03398504853248596,1358.4763656327852
121.34977397395615,54,F#3,1151.287109375,0.03472154960036278,1651.0651546162421
121.3541142499978,42,F#2,1160.44580078125,0.033831637352705,1595.1064761386979
121.37147535416447,54,F#3,1160.44580078125,0.033831637352705,1595.1064761386979
121.54508639583113,54,F#3,1149.5904541015625,0.03268938139081001,1956.3217032265325
121.75775992187279,56,G#3,1149.16650390625,0.029321663081645966,1658.26907870371
121.76644047395612,59,B3,1149.16650390625,0.029321663081645966,1658.26907870371
121.76644047395612,63,D#4,1149.16650390625,0.029321663081645966,1658.26907870371
121.77078074999778,35,B1,1157.5543212890625,0.03040112368762493,1605.9376040158088
121.77078074999778,42,F#2,1157.5543212890625,0.03040112368762493,1605.9376040158088
122.17876669791444,54,F#3,1149.7105712890625,0.04227201268076897,2026.84104102325
122.18744724999776,46,A#2,1155.7047119140625,0.04155686870217323,1972.26061621025
122.18744724999776,59,B3,1155.7047119140625,0.04155686870217323,1972.26061621025
122.38275967187276,44,G#2,1145.284912109375,0.030038122087717056,1875.2728224451248
122.39578049999776,56,G#3,1145.284912109375,0.030038122087717056,1875.2728224451248
122.59543319791442,54,F#3,1145.7874755859375,0.019779697060585022,1680.1453136838907
122.60411374999775,40,E2,1145.7874755859375,0.019779697060585022,1680.1453136838907
122.60411374999775,42,F#2,1145.7874755859375,0.019779697060585022,1680.1453136838907
122.80810672395607,54,F#3,1144.3294677734375,0.12045737355947495,2226.947817253965
122.80810672395607,59,B3,1144.3294677734375,0.12045737355947495,2226.947817253965
122.80810672395607,63,D#4,1144.3294677734375,0.12045737355947495,2226.947817253965
122.81244699999773,35,B1,1144.3294677734375,0.12045737355947495,2226.947817253965
122.81244699999773,47,B2,1144.3294677734375,0.12045737355947495,2226.947817253965
122.84716920833107,54,F#3,1159.5791015625,0.03143085166811943,1794.2772162596177
123.02078024999774,46,A#2,1145.4488525390625,0.022262485697865486,1644.6730123278915
123.02078024999774,47,B2,1145.4488525390625,0.022262485697865486,1644.6730123278915
123.0251205260394,56,G#3,1154.81298828125,0.021542102098464966,1658.4756772584653
123.22477322395606,56,G#3,1111.25439453125,0.03225015848875046,2119.8923898886087
123.43310647395604,56,G#3,1045.430908203125,0.032384615391492844,1782.5755215075449
123.4374467499977,49,C#3,1045.430908203125,0.032384615391492844,1782.5755215075449
123.4374467499977,35,B1,1045.430908203125,0.032384615391492844,1782.5755215075449
123.4374467499977,49,C#3,1045.430908203125,0.032384615391492844,1782.5755215075449
123.4374467499977,56,G#3,1045.430908203125,0.032384615391492844,1782.5755215075449
123.4374467499977,61,C#4,1045.430908203125,0.032384615391492844,1782.5755215075449
123.44612730208104,49,C#3,1143.5723876953125,0.03163204714655876,1692.6790153869829
123.44612730208104,63,D#4,1143.5723876953125,0.03163204714655876,1692.6790153869829
123.44612730208104,64,E4,1143.5723876953125,0.03163204714655876,1692.6790153869829
123.4504675781227,61,C#4,1143.5723876953125,0.03163204714655876,1692.6790153869829
123.64143972395603,56,G#3,1176.3076171875,0.08235760033130646,3769.7774439381737
123.85411324999768,42,F#2,929.7771606445312,0.13648521900177002,1671.2395853664839
123.85411324999768,56,G#3,929.7771606445312,0.13648521900177002,1671.2395853664839
123.85845352603934,56,G#3,929.7771606445312,0.13648521900177002,1671.2395853664839
124.05376594791434,56,G#3,984.5999755859375,0.045828282833099365,2031.5662577086368
124.27077974999769,56,G#3,998.1881713867188,0.05374441668391228,1678.8784107080912
124.27077974999769,40,E2,998.1881713867188,0.05374441668391228,1678.8784107080912
124.27077974999769,42,F#2,998.1881713867188,0.05374441668391228,1678.8784107080912
124.28380057812268,64,E4,1058.15478515625,0.051427409052848816,1664.5175967897378
124.28814085416434,61,C#4,1058.15478515625,0.051427409052848816,1664.5175967897378
124.28814085416434,63,D#4,1058.15478515625,0.051427409052848816,1664.5175967897378
124.68744624999766,42,F#2,1042.9522705078125,0.06656952947378159,4347.571890338353
124.70046707812266,56,G#3,1047.1522216796875,0.06495993584394455,4212.379101276481
125.09109192187265,57,A3,1108.7384033203125,0.04024512320756912,2366.985371095774
125.10411274999764,35,B1,1108.7384033203125,0.04024512320756912,2366.985371095774
125.10411274999764,42,F#2,1108.7384033203125,0.04024512320756912,2366.985371095774
125.11713357812263,63,D#4,1120.6839599609375,0.03854421153664589,2298.1454919525877
125.11713357812263,64,E4,1120.6839599609375,0.03854421153664589,2298.1454919525877
125.1214738541643,61,C#4,1120.6839599609375,0.03854421153664589,2298.1454919525877
125.31244599999762,42,F#2,1183.342529296875,0.15067556500434875,3650.4668752570424
125.52077924999762,56,G#3,1107.82373046875,0.04189702123403549,2389.206438595992
125.52077924999762,42,F#2,1107.82373046875,0.04189702123403549,2389.206438595992
125.53380007812261,56,G#3,1110.6546630859375,0.03935525193810463,2313.870620519253
125.72043194791428,59,B3,1109.4322509765625,0.03383982181549072,2909.225266317516
125.93744574999761,40,E2,1129.8214111328125,0.029013464227318764,1722.5060971278976
125.93744574999761,42,F#2,1129.8214111328125,0.029013464227318764,1722.5060971278976
125.94178602603927,61,C#4,1129.8214111328125,0.029013464227318764,1722.5060971278976
125.94178602603927,63,D#4,1129.8214111328125,0.029013464227318764,1722.5060971278976
125.94178602603927,64,E4,1129.8214111328125,0.029013464227318764,1722.5060971278976
126.35411224999758,52,E3,1109.808837890625,0.03017488308250904,2868.929755752132
126.35411224999758,42,F#2,1109.808837890625,0.03017488308250904,2868.929755752132
126.35845252603924,56,G#3,1109.808837890625,0.03017488308250904,2868.929755752132
126.36713307812256,56,G#3,1106.87158203125,0.02949121594429016,2203.7779435151847
126.55810522395589,56,G#3,1118.1829833984375,0.031622398644685745,3297.4801624188126
126.56244549999755,51,D#3,1118.1829833984375,0.031622398644685745,3297.4801624188126
126.76643847395587,56,G#3,1108.862060546875,0.027724040672183037,1472.6515036465996
126.77077874999753,35,B1,1108.862060546875,0.027724040672183037,1472.6515036465996
126.77077874999753,42,F#2,1108.862060546875,0.027724040672183037,1472.6515036465996
126.77077874999753,47,B2,1108.862060546875,0.027724040672183037,1472.6515036465996
126.77077874999753,59,B3,1108.862060546875,0.027724040672183037,1472.6515036465996
126.77511902603919,47,B2,1108.862060546875,0.027724040672183037,1472.6515036465996
126.77511902603919,63,D#4,1108.862060546875,0.027724040672183037,1472.6515036465996
127.17876469791418,56,G#3,1109.26171875,0.04464469105005264,2544.2905857073847
127.18744524999751,42,F#2,1108.7938232421875,0.04040519893169403,2444.0879743588293
127.20914663020584,54,F#3,1129.8233642578125,0.035926103591918945,2386.0004501138264
127.37841739583084,56,G#3,969.4201049804688,0.06328578293323517,2449.622076666665
127.60411174999751,40,E2,415.4596862792969,0.1588428020477295,1086.5141812421411
127.60411174999751,42,F#2,415.4596862792969,0.1588428020477295,1086.5141812421411
127.61279230208085,59,B3,415.4596862792969,0.1588428020477295,1086.5141812421411
127.61279230208085,63,D#4,415.4596862792969,0.1588428020477295,1086.5141812421411
127.80810472395585,56,G#3,366.82122802734375,0.25001272559165955,2154.6611194489033
128.0120976979142,54,F#3,1119.4610595703125,0.0690184012055397,1519.4237048787236
128.0207782499975,42,F#2,914.3271484375,0.06452438235282898,1615.6459015332211
128.0207782499975,56,G#3,914.3271484375,0.06452438235282898,1615.6459015332211
128.2117503958308,56,G#3,989.2257690429688,0.05793851986527443,2616.006367093173
128.42876419791415,61,C#4,989.9548950195312,0.0533420592546463,1640.0728071110054
128.42876419791415,63,D#4,989.9548950195312,0.0533420592546463,1640.0728071110054
128.4331044739558,59,B3,989.9548950195312,0.0533420592546463,1640.0728071110054
128.43744474999747,35,B1,1120.67578125,0.05249398946762085,1657.874821429203
128.43744474999747,42,F#2,1120.67578125,0.05249398946762085,1657.874821429203
128.8497709739558,54,F#3,1180.427978515625,0.05079412832856178,2427.819330467331
128.8497709739558,59,B3,1180.427978515625,0.05079412832856178,2427.819330467331
128.85411124999746,42,F#2,1125.7734375,0.04742781072854996,2389.0747341760766
129.06244449999744,56,G#3,1129.769775390625,0.03878604620695114,3217.135849138057
129.27077774999745,40,E2,1179.3701171875,0.030620820820331573,1554.9302733744241
129.27077774999745,42,F#2,1179.3701171875,0.030620820820331573,1554.9302733744241
129.27945830208077,59,B3,1179.3701171875,0.030620820820331573,1554.9302733744241
129.27945830208077,63,D#4,1179.3701171875,0.030620820820331573,1554.9302733744241
129.28379857812243,54,F#3,1179.3701171875,0.030620820820331573,1554.9302733744241
129.4791109999974,42,F#2,207.15692138671875,0.22447212040424347,2352.0838481578485
129.67876369791406,54,F#3,1179.037353515625,0.029010014608502388,1573.5837467533847
129.68744424999738,42,F#2,1178.9019775390625,0.028059907257556915,1487.497977113111
129.68744424999738,46,A#2,1178.9019775390625,0.028059907257556915,1487.497977113111
129.68744424999738,56,G#3,1178.9019775390625,0.028059907257556915,1487.497977113111
129.86973584374738,56,G#3,1109.89794921875,0.026012251153588295,1416.9504040276038
129.89577749999737,47,B2,1179.2208251953125,0.029262574389576912,2258.4270824686346
130.09108992187237,45,A2,1178.5802001953125,0.027325797826051712,1455.8886780986109
130.09543019791403,57,A3,1178.5802001953125,0.027325797826051712,1455.8886780986109
130.09543019791403,59,B3,1178.5802001953125,0.027325797826051712,1455.8886780986109
130.09543019791403,64,E4,1178.5802001953125,0.027325797826051712,1455.8886780986109
130.10411074999735,45,A2,1178.5802001953125,0.027325797826051712,1455.8886780986109
130.10411074999735,35,B1,1178.5802001953125,0.027325797826051712,1455.8886780986109
130.10411074999735,42,F#2,1178.5802001953125,0.027325797826051712,1455.8886780986109
130.10411074999735,52,E3,1178.5802001953125,0.027325797826051712,1455.8886780986109
130.10411074999735,61,C#4,1178.5802001953125,0.027325797826051712,1455.8886780986109
130.52077724999734,42,F#2,1136.7623291015625,0.03662294149398804,3006.6059468633816
130.52077724999734,56,G#3,1136.7623291015625,0.03662294149398804,3006.6059468633816
130.52945780208066,57,A3,1118.5306396484375,0.04123472794890404,2854.350251692903
130.72477022395563,52,E3,1107.419677734375,0.05202660337090492,1837.9710372799843
130.9331034739556,59,B3,968.159912109375,0.18021683394908905,1680.2748415647543
130.9331034739556,64,E4,968.159912109375,0.18021683394908905,1680.2748415647543
130.93744374999727,40,E2,968.159912109375,0.18021683394908905,1680.2748415647543
130.93744374999727,42,F#2,968.159912109375,0.18021683394908905,1680.2748415647543
130.94178402603893,57,A3,367.2942810058594,0.212407186627388,1746.314138472867
130.94178402603893,61,C#4,367.2942810058594,0.212407186627388,1746.314138472867
131.35411024999726,42,F#2,1108.047607421875,0.06676001846790314,1590.6603853588267
131.35411024999726,57,A3,1108.047607421875,0.06676001846790314,1590.6603853588267
131.36279080208058,57,A3,1110.5135498046875,0.06483495235443115,1611.580815219744
131.38015190624722,64,E4,1110.5135498046875,0.06483495235443115,1611.580815219744
131.56244349999722,57,A3,1108.3526611328125,0.04181797429919243,1577.3277828554544
131.77077674999722,35,B1,1131.766845703125,0.04689618572592735,1774.1282657681413
131.77077674999722,42,F#2,1131.766845703125,0.04689618572592735,1774.1282657681413
131.77077674999722,59,B3,1131.766845703125,0.04689618572592735,1774.1282657681413
131.77077674999722,64,E4,1131.766845703125,0.04689618572592735,1774.1282657681413
131.7968184062472,57,A3,1125.1270751953125,0.04488329589366913,1826.5435493912692
132.18310297395556,57,A3,1110.6119384765625,0.0557066947221756,2833.7189106005335
132.18744324999722,42,F#2,1110.6119384765625,0.0557066947221756,2833.7189106005335
132.19178352603888,56,G#3,1110.6119384765625,0.0557066947221756,2833.7189106005335
132.40445705208052,52,E3,1109.668212890625,0.03982624039053917,2242.7256018155513
132.59976947395552,59,B3,1132.1407470703125,0.041272468864917755,1629.429793562229
132.59976947395552,64,E4,1132.1407470703125,0.041272468864917755,1629.429793562229
132.60410974999718,40,E2,1132.1407470703125,0.041272468864917755,1629.429793562229
132.60410974999718,42,F#2,1132.1407470703125,0.041272468864917755,1629.429793562229
132.81244299999716,40,E2,1133.36572265625,0.02912016585469246,1556.712814665036
133.00341514583044,57,A3,1136.7625732421875,0.03859492391347885,1669.783088683846
133.0207762499971,46,A#2,1132.4708251953125,0.03978385031223297,1603.5390781107017
133.0207762499971,47,B2,1132.4708251953125,0.03978385031223297,1603.5390781107017
133.22042894791377,56,G#3,1125.4691162109375,0.032211657613515854,1507.036065990549
133.2291094999971,45,A2,1125.4691162109375,0.032211657613515854,1507.036065990549
133.41574136978875,44,G#2,1102.9462890625,0.03069598600268364,1565.0317098831642
133.41574136978875,59,B3,1102.9462890625,0.03069598600268364,1565.0317098831642
133.41574136978875,63,D#4,1102.9462890625,0.03069598600268364,1565.0317098831642
133.43310247395542,56,G#3,1125.3131103515625,0.029752196744084358,1525.4837607877369
133.43744274999707,35,B1,1125.3131103515625,0.029752196744084358,1525.4837607877369
133.43744274999707,42,F#2,1125.3131103515625,0.029752196744084358,1525.4837607877369
133.43744274999707,44,G#2,1125.3131103515625,0.029752196744084358,1525.4837607877369
133.43744274999707,51,D#3,1125.3131103515625,0.029752196744084358,1525.4837607877369
133.43744274999707,59,B3,1125.3131103515625,0.029752196744084358,1525.4837607877369
133.65011627603872,54,F#3,1130.903076171875,0.02577028051018715,1498.1636958309996
133.83674814583037,54,F#3,1127.770751953125,0.05447004362940788,3309.6361983523593
133.85410924999704,42,F#2,1112.4130859375,0.05055319890379906,3053.704929058308
134.04074111978872,54,F#3,971.7528076171875,0.06765846908092499,1540.1059102966647
134.2534146458304,59,B3,1106.7825927734375,0.05147227272391319,1329.0454543026917
134.25775492187205,63,D#4,1106.7825927734375,0.05147227272391319,1329.0454543026917
134.26643547395537,54,F#3,1106.4544677734375,0.048873573541641235,1317.306111886962
134.27077574999703,40,E2,1106.4544677734375,0.048873573541641235,1317.306111886962
134.27077574999703,42,F#2,1106.4544677734375,0.048873573541641235,1317.306111886962
134.6657408697887,54,F#3,1110.1136474609375,0.06799276173114777,1794.943210885394
134.68744224999702,42,F#2,1110.16748046875,0.062006887048482895,1684.1066830043035
134.88709494791368,54,F#3,1109.86767578125,0.040057167410850525,1712.3504197082916
135.08240736978868,56,G#3,1111.2376708984375,0.036371681839227676,1780.2579004944532
135.08240736978868,57,A3,1111.2376708984375,0.036371681839227676,1780.2579004944532
135.08674764583034,52,E3,1111.2376708984375,0.036371681839227676,1780.2579004944532
135.09542819791366,45,A2,1111.2376708984375,0.036371681839227676,1780.2579004944532
135.09542819791366,61,C#4,1111.2376708984375,0.036371681839227676,1780.2579004944532
135.10410874999698,33,A1,1109.9022216796875,0.03539004176855087,1659.910356832767
135.10410874999698,35,B1,1109.9022216796875,0.03539004176855087,1659.910356832767
135.10410874999698,42,F#2,1109.9022216796875,0.03539004176855087,1659.910356832767
135.30376144791367,59,B3,1107.419677734375,0.03255628049373627,1954.372810328648
135.507754421872,52,E3,1173.0445556640625,0.07440613955259323,3177.02987855268
135.520775249997,35,B1,1165.208984375,0.06273618340492249,3006.2891403094827
135.520775249997,46,A#2,1165.208984375,0.06273618340492249,3006.2891403094827
135.68570573958033,56,G#3,1110.5712890625,0.038166750222444534,2257.828818356331
135.716087671872,45,A2,1110.3487548828125,0.036897532641887665,2201.3041754909136
135.92442092187198,47,B2,1110.310791015625,0.029276229441165924,1708.9049661861434
135.93744174999696,35,B1,1110.0703125,0.029292328283190727,1611.5657644414339
135.93744174999696,40,E2,1110.0703125,0.029292328283190727,1611.5657644414339
135.93744174999696,46,A#2,1110.0703125,0.029292328283190727,1611.5657644414339
136.13275417187197,54,F#3,1109.404052734375,0.02744009532034397,1883.8024222572385
136.13275417187197,59,B3,1109.404052734375,0.02744009532034397,1883.8024222572385
136.13275417187197,63,D#4,1109.404052734375,0.02744009532034397,1883.8024222572385
136.34108742187198,61,C#4,989.0695190429688,0.11359453201293945,1707.1120340472394
136.34542769791364,54,F#3,989.0695190429688,0.11359453201293945,1707.1120340472394
136.35410824999695,45,A2,988.9942016601562,0.09610852599143982,1554.4782283786076
136.5537609479136,47,B2,1110.2493896484375,0.06435251981019974,1439.2370386371958
136.5537609479136,61,C#4,1110.2493896484375,0.06435251981019974,1439.2370386371958
136.5624414999969,45,A2,1109.47265625,0.06153275817632675,1409.5438171699889
136.76643447395523,61,C#4,1109.31005859375,0.05775890499353409,1835.7565908614056
136.76643447395523,64,E4,1109.31005859375,0.05775890499353409,1835.7565908614056
136.7707747499969,25,C#1,1110.7646484375,0.04537520930171013,1667.0217363589218
136.7707747499969,35,B1,1110.7646484375,0.04537520930171013,1667.0217363589218
136.7707747499969,49,C#3,1110.7646484375,0.04537520930171013,1667.0217363589218
136.7707747499969,49,C#3,1110.7646484375,0.04537520930171013,1667.0217363589218
136.7707747499969,56,G#3,1110.7646484375,0.04537520930171013,1667.0217363589218
136.7707747499969,61,C#4,1110.7646484375,0.04537520930171013,1667.0217363589218
136.7707747499969,61,C#4,1110.7646484375,0.04537520930171013,1667.0217363589218
136.7707747499969,63,D#4,1110.7646484375,0.04537520930171013,1667.0217363589218
136.7707747499969,64,E4,1110.7646484375,0.04537520930171013,1667.0217363589218
136.7707747499969,64,E4,1110.7646484375,0.04537520930171013,1667.0217363589218
136.77511502603855,61,C#4,1110.7646484375,0.04537520930171013,1667.0217363589218
137.18744124999685,46,A#2,986.9075927734375,0.09721580892801285,2966.686083920885
137.1917815260385,61,C#4,986.9075927734375,0.09721580892801285,2966.686083920885
137.20046207812183,56,G#3,986.9075927734375,0.09721580892801285,2966.686083920885
137.40445505208015,61,C#4,1110.6590576171875,0.07966750115156174,1846.9048648862483
137.5954271979135,61,C#4,494.3150939941406,0.10225149989128113,1470.9863989061532
137.5954271979135,63,D#4,494.3150939941406,0.10225149989128113,1470.9863989061532
137.59976747395515,64,E4,494.3150939941406,0.10225149989128113,1470.9863989061532
137.6041077499968,40,E2,494.3150939941406,0.10225149989128113,1470.9863989061532
137.6041077499968,42,F#2,494.3150939941406,0.10225149989128113,1470.9863989061532
138.01643397395512,56,G#3,927.1995849609375,0.14249002933502197,4553.055250182897
138.01643397395512,61,C#4,927.1995849609375,0.14249002933502197,4553.055250182897
138.02077424999678,42,F#2,927.1995849609375,0.14249002933502197,4553.055250182897
138.21608667187178,61,C#4,984.1444702148438,0.09107784181833267,4538.781204393332
138.42876019791345,61,C#4,1100.346923828125,0.07244879752397537,3040.4835243406387
138.42876019791345,64,E4,1100.346923828125,0.07244879752397537,3040.4835243406387
138.4331004739551,63,D#4,1100.346923828125,0.07244879752397537,3040.4835243406387
138.43744074999677,35,B1,1100.346923828125,0.07244879752397537,3040.4835243406387
138.43744074999677,42,F#2,1100.346923828125,0.07244879752397537,3040.4835243406387
138.43744074999677,61,C#4,1100.346923828125,0.07244879752397537,3040.4835243406387
138.64577399999678,42,F#2,1109.2398681640625,0.07184707373380661,2115.9340779160234
138.84976697395513,56,G#3,1174.9415283203125,0.0988612249493599,3582.085919545107
138.8541072499968,42,F#2,1174.9415283203125,0.0988612249493599,3582.085919545107
138.85844752603845,61,C#4,1174.9415283203125,0.0988612249493599,3582.085919545107
139.07112105208012,61,C#4,1152.3104248046875,0.0498257651925087,2117.920170740291
139.26643347395512,61,C#4,1103.19677734375,0.05957919731736183,1829.21972469906
139.26643347395512,63,D#4,1103.19677734375,0.05957919731736183,1829.21972469906
139.27077374999678,40,E2,1103.19677734375,0.05957919731736183,1829.21972469906
139.27511402603844,64,E4,1103.19677734375,0.05957919731736183,1829.21972469906
139.50080838020511,61,C#4,1103.572021484375,0.055599525570869446,1454.4678728953086
139.68744024999677,46,A#2,830.409912109375,0.11192928999662399,2547.7344896727327
139.6961208020801,56,G#3,983.6761474609375,0.10243771225214005,2360.2842621916006
139.7048013541634,63,D#4,983.6761474609375,0.10243771225214005,2360.2842621916006
139.90445405208007,63,D#4,1111.4791259765625,0.06798279285430908,1684.5688027973313
140.06504426562176,63,D#4,1111.787353515625,0.06257817894220352,2669.518293331163
140.06938454166342,66,F#4,980.6845703125,0.06391352415084839,2746.289592141814
140.10410674999673,27,D#1,688.9876708984375,0.06200072169303894,2066.866777005356
140.10410674999673,35,B1,688.9876708984375,0.06200072169303894,2066.866777005356
140.10410674999673,42,F#2,688.9876708984375,0.06200072169303894,2066.866777005356
140.10410674999673,54,F#3,688.9876708984375,0.06200072169303894,2066.866777005356
140.10410674999673,59,B3,688.9876708984375,0.06200072169303894,2066.866777005356
140.10410674999673,63,D#4,688.9876708984375,0.06200072169303894,2066.866777005356
140.1084470260384,51,D#3,688.9876708984375,0.06200072169303894,2066.866777005356
140.1084470260384,59,B3,688.9876708984375,0.06200072169303894,2066.866777005356
140.1084470260384,63,D#4,688.9876708984375,0.06200072169303894,2066.866777005356
140.11278730208005,66,F#4,821.8165283203125,0.05884949862957001,1595.8435165238561
140.1171275781217,63,D#4,821.8165283203125,0.05884949862957001,1595.8435165238561
140.52077324999672,42,F#2,1183.11669921875,0.140904039144516,3751.5571414315286
140.52945380208004,54,F#3,1183.11669921875,0.140904039144516,3751.5571414315286
140.54681490624668,63,D#4,1175.369140625,0.09023500233888626,3567.021700050317
140.74212732812165,63,D#4,1108.9129638671875,0.04600995033979416,2320.198454299771
140.93743974999666,40,E2,1115.206787109375,0.057902850210666656,2417.377550315824
140.93743974999666,42,F#2,1115.206787109375,0.057902850210666656,2417.377550315824
140.93743974999666,66,F#4,1115.206787109375,0.057902850210666656,2417.377550315824
140.94178002603832,59,B3,1115.206787109375,0.057902850210666656,2417.377550315824
140.94178002603832,63,D#4,1115.206787109375,0.057902850210666656,2417.377550315824
141.34108542187164,54,F#3,743.0755004882812,0.08910819888114929,2762.4190551391744
141.35410624999665,42,F#2,742.2553100585938,0.09915705025196075,2885.3958736759996
141.36712707812165,63,D#4,988.2972412109375,0.10528150200843811,2672.087680886432
141.5754603281216,61,C#4,1088.388671875,0.07054396718740463,1692.5454080896507
141.7620921979133,59,B3,1100.2392578125,0.054479360580444336,2789.9298024717195
141.7620921979133,63,D#4,1100.2392578125,0.054479360580444336,2789.9298024717195
141.7620921979133,66,F#4,1100.2392578125,0.054479360580444336,2789.9298024717195
141.7707727499966,35,B1,1100.2392578125,0.054479360580444336,2789.9298024717195
141.7707727499966,42,F#2,1100.2392578125,0.054479360580444336,2789.9298024717195
141.77511302603827,63,D#4,1100.2392578125,0.054479360580444336,2789.9298024717195
142.1744184218716,54,F#3,740.7183227539062,0.15194527804851532,3440.46860502042
142.18743924999657,42,F#2,1182.0721435546875,0.15560473501682281,3459.179530213586
142.19177952603823,63,D#4,1182.0721435546875,0.15560473501682281,3459.179530213586
142.37407111978823,51,D#3,993.8887329101562,0.06865975260734558,2309.2472616916266
142.3914322239549,63,D#4,1108.4498291015625,0.06965028494596481,2267.610086024682
142.57806409374655,59,B3,1000.4725952148438,0.0723969042301178,2816.733914223018
142.57806409374655,63,D#4,1000.4725952148438,0.0723969042301178,2816.733914223018
142.5824043697882,66,F#4,1000.4725952148438,0.0723969042301178,2816.733914223018
142.60410574999653,40,E2,993.0374145507812,0.07012400776147842,2769.5067918514333
142.60410574999653,42,F#2,993.0374145507812,0.07012400776147842,2769.5067918514333
142.81243899999654,42,F#2,994.3063354492188,0.050923820585012436,1901.8307855575788
142.8167792760382,64,E4,994.3063354492188,0.050923820585012436,1901.8307855575788
142.9990708697882,54,F#3,1116.6883544921875,0.08048942685127258,3066.4827094958127
143.02077224999653,46,A#2,936.3220825195312,0.09332774579524994,3187.852432535267
143.02511252603819,64,E4,936.3220825195312,0.09332774579524994,3187.852432535267
143.22476522395485,64,E4,991.2505493164062,0.08296908438205719,1765.2527036191473
143.36799433332985,57,A3,1087.9061279296875,0.057739391922950745,1937.0473803909076
143.36799433332985,61,C#4,1087.9061279296875,0.057739391922950745,1937.0473803909076
143.36799433332985,64,E4,1087.9061279296875,0.057739391922950745,1937.0473803909076
143.4244179218715,52,E3,993.667724609375,0.06389430910348892,2305.324416938861
143.42875819791317,57,A3,993.667724609375,0.06389430910348892,2305.324416938861
143.42875819791317,61,C#4,993.667724609375,0.06389430910348892,2305.324416938861
143.42875819791317,64,E4,993.667724609375,0.06389430910348892,2305.324416938861
143.42875819791317,69,A4,993.667724609375,0.06389430910348892,2305.324416938861
143.43309847395483,64,E4,993.667724609375,0.06389430910348892,2305.324416938861
143.4374387499965,28,E1,992.4105834960938,0.06690160930156708,2787.8790613961382
143.4374387499965,35,B1,992.4105834960938,0.06690160930156708,2787.8790613961382
143.4374387499965,49,C#3,992.4105834960938,0.06690160930156708,2787.8790613961382
143.4374387499965,57,A3,992.4105834960938,0.06690160930156708,2787.8790613961382
143.4374387499965,61,C#4,992.4105834960938,0.06690160930156708,2787.8790613961382
143.4374387499965,64,E4,992.4105834960938,0.06690160930156708,2787.8790613961382
143.4374387499965,69,A4,992.4105834960938,0.06690160930156708,2787.8790613961382
143.78032055728815,57,A3,988.9284057617188,0.049879852682352066,1709.0392149442932
143.7846608333298,61,C#4,988.2659301757812,0.04537928104400635,1818.9059943510288
143.7846608333298,64,E4,988.2659301757812,0.04537928104400635,1818.9059943510288
143.84108442187147,57,A3,1196.9674072265625,0.14250801503658295,3439.782520936433
143.85410524999648,42,F#2,980.2575073242188,0.14956936240196228,3499.4853170309357
143.85410524999648,64,E4,980.2575073242188,0.14956936240196228,3499.4853170309357
144.04941767187148,64,E4,988.3006591796875,0.09286588430404663,2200.539919195043
144.2056676093715,57,A3,986.0217895507812,0.08480935543775558,1646.6135396401287
144.21000788541315,61,C#4,986.0217895507812,0.08480935543775558,1646.6135396401287
144.21000788541315,64,E4,986.0217895507812,0.08480935543775558,1646.6135396401287
144.2664314739548,57,A3,733.5685424804688,0.09515968710184097,1952.5331935517743
144.2664314739548,61,C#4,733.5685424804688,0.09515968710184097,1952.5331935517743
144.2664314739548,64,E4,733.5685424804688,0.09515968710184097,1952.5331935517743
144.2664314739548,69,A4,733.5685424804688,0.09515968710184097,1952.5331935517743
144.27077174999647,40,E2,734.4207763671875,0.09804093092679977,2235.7640383268026
144.27077174999647,42,F#2,734.4207763671875,0.09804093092679977,2235.7640383268026
144.4747647239548,64,E4,987.0210571289062,0.08931084722280502,1431.9037649218462
144.60497300520478,57,A3,988.5759887695312,0.09128914028406143,1250.7177508937893
144.60931328124644,61,C#4,988.5759887695312,0.09128914028406143,1250.7177508937893
144.60931328124644,64,E4,988.5759887695312,0.09128914028406143,1250.7177508937893
144.68743824999643,42,F#2,734.9683837890625,0.12544728815555573,1627.3363738577093
144.6917785260381,57,A3,734.9683837890625,0.12544728815555573,1627.3363738577093
144.89143122395475,64,E4,1108.806640625,0.12139260023832321,2511.738796855107
145.0303200572881,57,A3,1111.7747802734375,0.08142995834350586,2061.520715442056
145.0303200572881,64,E4,1111.7747802734375,0.08142995834350586,2061.520715442056
145.03466033332975,61,C#4,1111.7747802734375,0.08142995834350586,2061.520715442056
145.10410474999642,28,E1,1096.57958984375,0.06825769692659378,1969.7930915235827
145.10410474999642,35,B1,1096.57958984375,0.06825769692659378,1969.7930915235827
145.10410474999642,42,F#2,1096.57958984375,0.06825769692659378,1969.7930915235827
145.11278530207974,57,A3,1166.040283203125,0.0652993693947792,2425.797574730544
145.1171255781214,61,C#4,1166.040283203125,0.0652993693947792,2425.797574730544
145.1171255781214,64,E4,1166.040283203125,0.0652993693947792,2425.797574730544
145.1171255781214,69,A4,1166.040283203125,0.0652993693947792,2425.797574730544
145.32111855207972,64,E4,1155.4005126953125,0.06772971898317337,1653.6685643481894
145.44698655728806,57,A3,1108.30615234375,0.05412328243255615,1540.0431933806635
145.45132683332972,61,C#4,1108.30615234375,0.05412328243255615,1540.0431933806635
145.45132683332972,64,E4,1108.30615234375,0.05412328243255615,1540.0431933806635
145.5207712499964,46,A#2,1117.594970703125,0.13032805919647217,2280.9670611638794
145.5337920781214,57,A3,1191.713134765625,0.15537235140800476,3317.888504883549
145.7247642239547,52,E3,1131.2078857421875,0.06576430052518845,2618.886506993262
145.7247642239547,64,E4,1131.2078857421875,0.06576430052518845,2618.886506993262
145.88101416145471,57,A3,1148.44677734375,0.04945417493581772,2081.3659460600556
145.88535443749637,61,C#4,1148.44677734375,0.04945417493581772,2081.3659460600556
145.88535443749637,64,E4,1148.44677734375,0.04945417493581772,2081.3659460600556
145.93743774999638,40,E2,1130.874755859375,0.05441300570964813,1943.5942254180152
145.93743774999638,42,F#2,1130.874755859375,0.05441300570964813,1943.5942254180152
145.94177802603804,59,B3,1110.2208251953125,0.05497296527028084,2436.3270900261123
145.94177802603804,64,E4,1110.2208251953125,0.05497296527028084,2436.3270900261123
146.1457709999964,61,C#4,1131.0501708984375,0.06518936157226562,1868.0062845972432
146.2890001093714,57,A3,1156.84033203125,0.050263211131095886,1578.2280432480782
146.2890001093714,61,C#4,1156.84033203125,0.050263211131095886,1578.2280432480782
146.2890001093714,64,E4,1156.84033203125,0.050263211131095886,1578.2280432480782
146.34542369791305,57,A3,1154.921630859375,0.056305378675460815,1536.4721660927512
146.34542369791305,68,G#4,1154.921630859375,0.056305378675460815,1536.4721660927512
146.35410424999637,46,A#2,1154.921630859375,0.056305378675460815,1536.4721660927512
146.54941667187137,68,G#4,1110.9443359375,0.0874512568116188,2001.687722722519
146.70132633332972,59,B3,1107.6837158203125,0.07578834891319275,1672.139701256845
146.70566660937138,63,D#4,1107.6837158203125,0.07578834891319275,1672.139701256845
146.70566660937138,66,F#4,1107.6837158203125,0.07578834891319275,1672.139701256845
146.75340964582972,54,F#3,1107.9063720703125,0.06826075911521912,1678.1945981139743
146.75340964582972,59,B3,1107.9063720703125,0.06826075911521912,1678.1945981139743
146.75774992187138,63,D#4,1114.4696044921875,0.06544894725084305,1723.4868353671798
146.75774992187138,66,F#4,1114.4696044921875,0.06544894725084305,1723.4868353671798
146.77077074999636,30,F#1,1114.4696044921875,0.06544894725084305,1723.4868353671798
146.77077074999636,35,B1,1114.4696044921875,0.06544894725084305,1723.4868353671798
146.77077074999636,49,C#3,1114.4696044921875,0.06544894725084305,1723.4868353671798
146.77077074999636,59,B3,1114.4696044921875,0.06544894725084305,1723.4868353671798
146.77077074999636,63,D#4,1114.4696044921875,0.06544894725084305,1723.4868353671798
146.77077074999636,66,F#4,1114.4696044921875,0.06544894725084305,1723.4868353671798
146.77077074999636,68,G#4,1114.4696044921875,0.06544894725084305,1723.4868353671798
147.14837476562133,59,B3,1105.309326171875,0.05612106993794441,1495.2562056469444
147.14837476562133,63,D#4,1105.309326171875,0.05612106993794441,1495.2562056469444
147.14837476562133,66,F#4,1105.309326171875,0.05612106993794441,1495.2562056469444
147.16573586978797,59,B3,1110.3896484375,0.0531744658946991,1493.7058250359323
147.18309697395463,66,F#4,1114.8438720703125,0.08264077454805374,1528.253912598068
147.1874372499963,42,F#2,1114.8438720703125,0.08264077454805374,1528.253912598068
147.39577049999633,66,F#4,1105.2987060546875,0.06959060579538345,2738.1818662027595
147.55202043749634,59,B3,1160.2491455078125,0.0493270568549633,2032.0187302684037
147.55202043749634,63,D#4,1160.2491455078125,0.0493270568549633,2032.0187302684037
147.556360713538,66,F#4,1160.2491455078125,0.0493270568549633,2032.0187302684037
147.58674264582967,59,B3,1112.026611328125,0.049584902822971344,1948.7665803403283
147.59108292187133,63,D#4,1105.344482421875,0.05026987940073013,1894.8449697675287
147.59108292187133,66,F#4,1105.344482421875,0.05026987940073013,1894.8449697675287
147.60410374999634,40,E2,1105.344482421875,0.05026987940073013,1894.8449697675287
147.60410374999634,42,F#2,1105.344482421875,0.05026987940073013,1894.8449697675287
147.81243699999632,42,F#2,1105.8282470703125,0.06811750680208206,1916.8443648880357
147.95132583332963,59,B3,1157.513671875,0.05363478139042854,1744.2344649787842
147.95132583332963,66,F#4,1157.513671875,0.05363478139042854,1744.2344649787842
147.9556661093713,63,D#4,1157.513671875,0.05363478139042854,1744.2344649787842
147.99906886978795,59,B3,1154.9385986328125,0.044193051755428314,1814.584837470467
148.02077024999627,42,F#2,1155.2333984375,0.04142135754227638,1845.3225630619588
148.2117423958296,64,E4,1121.3509521484375,0.09345822781324387,2209.492249215855
148.41573536978794,45,A2,1118.3115234375,0.05998304486274719,1763.5430361911936
148.41573536978794,57,A3,1118.3115234375,0.05998304486274719,1763.5430361911936
148.41573536978794,61,C#4,1118.3115234375,0.05998304486274719,1763.5430361911936
148.41573536978794,64,E4,1118.3115234375,0.05998304486274719,1763.5430361911936
148.41573536978794,69,A4,1118.3115234375,0.05998304486274719,1763.5430361911936
148.4200756458296,61,C#4,1118.3115234375,0.05998304486274719,1763.5430361911936
148.4200756458296,64,E4,1118.3115234375,0.05998304486274719,1763.5430361911936
148.43743674999624,33,A1,1117.4290771484375,0.05672096461057663,1843.0252938426397
148.43743674999624,35,B1,1117.4290771484375,0.05672096461057663,1843.0252938426397
148.43743674999624,49,C#3,1117.4290771484375,0.05672096461057663,1843.0252938426397
148.43743674999624,57,A3,1117.4290771484375,0.05672096461057663,1843.0252938426397
148.43743674999624,61,C#4,1117.4290771484375,0.05672096461057663,1843.0252938426397
148.43743674999624,64,E4,1117.4290771484375,0.05672096461057663,1843.0252938426397
148.4417770260379,68,G#4,1117.4290771484375,0.05672096461057663,1843.0252938426397
148.8324018697879,57,A3,1109.8529052734375,0.060271188616752625,1543.346340243666
148.8714643541629,69,A4,1003.1087036132812,0.06751853972673416,1520.2142128399212
149.06243649999624,48,C3,1107.7152099609375,0.07002667337656021,2926.935404037422
149.24038781770457,47,B2,981.0912475585938,0.05620550364255905,2071.8567627244875
149.24038781770457,59,B3,981.0912475585938,0.05620550364255905,2071.8567627244875
149.24038781770457,63,D#4,981.0912475585938,0.05620550364255905,2071.8567627244875
149.24038781770457,66,F#4,981.0912475585938,0.05620550364255905,2071.8567627244875
149.24472809374623,63,D#4,981.0912475585938,0.05620550364255905,2071.8567627244875
149.24472809374623,66,F#4,981.0912475585938,0.05620550364255905,2071.8567627244875
149.25774892187124,71,B4,981.0912475585938,0.05620550364255905,2071.8567627244875
149.26642947395456,68,G#4,987.7859497070312,0.053976770490407944,2061.0746426847645
149.27076974999622,35,B1,987.7859497070312,0.053976770490407944,2061.0746426847645
149.27076974999622,48,C3,987.7859497070312,0.053976770490407944,2061.0746426847645
149.27076974999622,59,B3,987.7859497070312,0.053976770490407944,2061.0746426847645
149.27076974999622,63,D#4,987.7859497070312,0.053976770490407944,2061.0746426847645
149.27076974999622,66,F#4,987.7859497070312,0.053976770490407944,2061.0746426847645
149.6613945937462,59,B3,1110.5904541015625,0.07925350219011307,1261.5813215068154
149.68743624999618,45,A2,1111.94775390625,0.07395629584789276,1286.9681141617232
149.69177652603784,66,F#4,1111.94775390625,0.07395629584789276,1286.9681141617232
149.89576949999616,45,A2,990.5551147460938,0.10936134308576584,2440.833569369131
150.10410274999614,28,E1,1099.248291015625,0.07668501138687134,2274.471158993272
150.10410274999614,35,B1,1099.248291015625,0.07668501138687134,2274.471158993272
150.10410274999614,40,E2,1099.248291015625,0.07668501138687134,2274.471158993272
150.10410274999614,40,E2,1099.248291015625,0.07668501138687134,2274.471158993272
150.10410274999614,47,B2,1099.248291015625,0.07668501138687134,2274.471158993272
150.10410274999614,49,C#3,1099.248291015625,0.07668501138687134,2274.471158993272
150.10410274999614,52,E3,1099.248291015625,0.07668501138687134,2274.471158993272
150.10410274999614,52,E3,1099.248291015625,0.07668501138687134,2274.471158993272
150.10410274999614,56,G#3,1099.248291015625,0.07668501138687134,2274.471158993272
150.10410274999614,59,B3,1099.248291015625,0.07668501138687134,2274.471158993272
150.10410274999614,59,B3,1099.248291015625,0.07668501138687134,2274.471158993272
150.10410274999614,64,E4,1099.248291015625,0.07668501138687134,2274.471158993272
150.10410274999614,64,E4,1099.248291015625,0.07668501138687134,2274.471158993272
150.10410274999614,68,G#4,1099.248291015625,0.07668501138687134,2274.471158993272
150.10410274999614,68,G#4,1099.248291015625,0.07668501138687134,2274.471158993272
150.10410274999614,71,B4,1099.248291015625,0.07668501138687134,2274.471158993272
150.10410274999614,71,B4,1099.248291015625,0.07668501138687134,2274.471158993272
150.1084430260378,64,E4,1099.248291015625,0.07668501138687134,2274.471158993272
150.52076924999614,46,A#2,1101.4117431640625,0.07434210181236267,2007.7150431608534
150.93743574999613,40,E2,994.9166259765625,0.08671765774488449,2092.5439560805207
150.93743574999613,42,F#2,994.9166259765625,0.08671765774488449,2092.5439560805207
151.35410224999612,42,F#2,991.2872924804688,0.15412312746047974,1828.213462836563
151.77076874999614,35,B1,1109.4976806640625,0.10102430731058121,3640.6959782818485
151.77076874999614,42,F#2,1109.4976806640625,0.10102430731058121,3640.6959782818485
151.78378957812114,40,E2,1109.4976806640625,0.10102430731058121,3640.6959782818485
151.97910199999615,42,F#2,1109.7445068359375,0.08714944869279861,2568.8084733161636
152.01382420832948,59,B3,1109.6951904296875,0.08672695606946945,2503.929987030236
152.17007414582946,66,F#4,1109.2822265625,0.08013846725225449,2245.3551187288217
152.17875469791278,69,A4,1109.2822265625,0.08013846725225449,2245.3551187288217
152.18309497395444,64,E4,1109.2822265625,0.08013846725225449,2245.3551187288217
152.1874352499961,42,F#2,1109.6004638671875,0.07743413001298904,2245.7175752427215
152.40010877603777,68,G#4,1173.46875,0.0932406634092331,2998.6119184125664
152.59108092187108,52,E3,1109.1168212890625,0.0731421634554863,2170.1621504784143
152.6041017499961,40,E2,1109.1168212890625,0.0731421634554863,2170.1621504784143
152.60844202603775,64,E4,1109.5550537109375,0.07456604391336441,2110.7512214998246
152.6127823020794,68,G#4,1109.5550537109375,0.07456604391336441,2110.7512214998246
152.64316423437106,71,B4,1109.40283203125,0.0768374651670456,2101.976287591937
152.799414171871,71,B4,1153.8944091796875,0.07374732196331024,2315.1826057335365
152.80375444791267,59,B3,1153.8944091796875,0.07374732196331024,2315.1826057335365
153.007747421871,68,G#4,1109.541748046875,0.06143105775117874,2316.1376633592313
153.020768249996,46,A#2,1109.541748046875,0.06143105775117874,2316.1376633592313
153.02944880207932,63,D#4,1109.3912353515625,0.06531016528606415,2254.5125434476327
153.03378907812098,66,F#4,1109.3912353515625,0.06531016528606415,2254.5125434476327
153.09889321874593,69,A4,1109.264404296875,0.075029157102108,2162.6755747508205
153.21174039582925,64,E4,1110.211181640625,0.18026797473430634,2230.3221883602623
153.22910149999592,28,E1,1110.211181640625,0.18026797473430634,2230.3221883602623
153.43309447395424,63,D#4,1109.640380859375,0.08381398767232895,2488.2620884535836
153.4374347499959,35,B1,1109.640380859375,0.08381398767232895,2488.2620884535836
153.4374347499959,35,B1,1109.640380859375,0.08381398767232895,2488.2620884535836
153.4374347499959,47,B2,1109.640380859375,0.08381398767232895,2488.2620884535836
153.4374347499959,49,C#3,1109.640380859375,0.08381398767232895,2488.2620884535836
153.4374347499959,54,F#3,1109.640380859375,0.08381398767232895,2488.2620884535836
153.4374347499959,54,F#3,1109.640380859375,0.08381398767232895,2488.2620884535836
153.4374347499959,63,D#4,1109.640380859375,0.08381398767232895,2488.2620884535836
153.4374347499959,66,F#4,1109.640380859375,0.08381398767232895,2488.2620884535836
153.44611530207922,47,B2,1109.30419921875,0.08378606289625168,2530.579685745155
153.44611530207922,47,B2,1109.30419921875,0.08378606289625168,2530.579685745155
153.8541012499959,42,F#2,1109.7298583984375,0.0659770742058754,2534.0253111560705
153.87146235416256,59,B3,1109.8502197265625,0.06334838271141052,2569.203638952173
153.89750401041255,68,G#4,1152.3369140625,0.062277212738990784,2569.9429041490516
154.25774692187088,54,F#3,1153.5689697265625,0.06764208525419235,2586.30784966184
154.27076774999588,40,E2,1153.5689697265625,0.06764208525419235,2586.30784966184
154.27076774999588,42,F#2,1153.5689697265625,0.06764208525419235,2586.30784966184
154.4747607239542,59,B3,1109.7425537109375,0.06393278390169144,2719.1321657656235
154.68743424999585,35,B1,1109.796630859375,0.10159608721733093,1718.0211525423213
154.68743424999585,42,F#2,1109.796630859375,0.10159608721733093,1718.0211525423213
154.68743424999585,78,F#5,1109.796630859375,0.10159608721733093,1718.0211525423213
154.6917745260375,66,F#4,1109.796630859375,0.10159608721733093,1718.0211525423213
154.8870869479125,80,G#5,366.4745178222656,0.339213490486145,1725.931562466673
154.89142722395417,68,G#4,366.4745178222656,0.339213490486145,1725.931562466673
155.0954201979125,81,A5,1109.01611328125,0.11065822839736938,1889.9402650733605
155.09976047395415,69,A4,1109.01611328125,0.11065822839736938,1889.9402650733605
155.1041007499958,35,B1,1109.01611328125,0.11065822839736938,1889.9402650733605
155.1041007499958,35,B1,1109.01611328125,0.11065822839736938,1889.9402650733605
155.1041007499958,42,F#2,1109.01611328125,0.11065822839736938,1889.9402650733605
155.5034061458291,80,G#5,925.7244873046875,0.0830712541937828,2005.598035264492
155.50774642187076,68,G#4,982.5760498046875,0.08163704723119736,2028.491663584195
155.52076724999577,42,F#2,982.5760498046875,0.08163704723119736,2028.491663584195
155.9200726458291,78,F#5,1000.9113159179688,0.08600301295518875,2403.7393831206514
155.92441292187075,66,F#4,1000.9113159179688,0.08600301295518875,2403.7393831206514
155.93743374999576,66,F#4,997.3033447265625,0.08852561563253403,2262.449433155487
155.93743374999576,40,E2,997.3033447265625,0.08852561563253403,2262.449433155487
155.93743374999576,42,F#2,997.3033447265625,0.08852561563253403,2262.449433155487
156.14576699999577,42,F#2,1107.6636962890625,0.07185030728578568,2637.664812034128
156.34107942187075,76,E5,830.416748046875,0.27711308002471924,1759.6201251913103
156.3454196979124,64,E4,830.3878173828125,0.28334516286849976,1280.5519724113544
156.35410024999572,42,F#2,830.3878173828125,0.28334516286849976,1280.5519724113544
156.35410024999572,64,E4,830.3878173828125,0.28334516286849976,1280.5519724113544
156.35410024999572,46,A#2,830.3878173828125,0.28334516286849976,1280.5519724113544
156.71434316145402,54,F#3,1109.6995849609375,0.10354799777269363,1744.9024606867629
156.75340564582902,61,C#4,1109.1795654296875,0.09763554483652115,1669.0485236438462
156.75774592187068,61,C#4,1109.1795654296875,0.09763554483652115,1669.0485236438462
156.75774592187068,64,E4,1109.1795654296875,0.09763554483652115,1669.0485236438462
156.76208619791234,42,F#2,1109.903076171875,0.0934908464550972,1667.3493809116069
156.76208619791234,57,A3,1109.903076171875,0.0934908464550972,1667.3493809116069
156.77076674999566,35,B1,1109.903076171875,0.0934908464550972,1667.3493809116069
156.77076674999566,42,F#2,1109.903076171875,0.0934908464550972,1667.3493809116069
156.77076674999566,42,F#2,1109.903076171875,0.0934908464550972,1667.3493809116069
156.77076674999566,49,C#3,1109.903076171875,0.0934908464550972,1667.3493809116069
156.77076674999566,57,A3,1109.903076171875,0.0934908464550972,1667.3493809116069
156.77076674999566,61,C#4,1109.903076171875,0.0934908464550972,1667.3493809116069
156.77076674999566,66,F#4,1109.903076171875,0.0934908464550972,1667.3493809116069
156.77076674999566,76,E5,1109.903076171875,0.0934908464550972,1667.3493809116069
156.78378757812067,64,E4,1109.903076171875,0.0934908464550972,1667.3493809116069
157.16573186978732,57,A3,1109.5531005859375,0.06112483888864517,1755.2958629845916
157.18743324999565,42,F#2,1107.3297119140625,0.059275511652231216,1804.9805823250263
157.20913463020398,61,C#4,1109.479248046875,0.05796517804265022,1820.2929755742473
157.573717817704,54,F#3,1108.2135009765625,0.07022789865732193,2553.290524932333
157.60409974999567,40,E2,1108.85205078125,0.06540980935096741,2355.736764725696
157.60409974999567,42,F#2,1108.85205078125,0.06540980935096741,2355.736764725696
157.81243299999565,37,C#2,988.2774047851562,0.09485097229480743,2061.640538890507
158.01642597395397,54,F#3,1109.548828125,0.07606682181358337,1551.5788536696182
158.02076624999563,33,A1,1109.548828125,0.07606682181358337,1551.5788536696182
158.02076624999563,42,F#2,1109.548828125,0.07606682181358337,1551.5788536696182
158.22909949999564,32,G#1,651.8845825195312,0.3420791029930115,2283.278475785121
158.43743274999562,30,F#1,1107.063232421875,0.08293123543262482,2298.3109208078504
158.43743274999562,35,B1,1107.063232421875,0.08293123543262482,2298.3109208078504
158.43743274999562,42,F#2,1107.063232421875,0.08293123543262482,2298.3109208078504
158.85409924999564,46,A#2,1117.8472900390625,0.07416433840990067,2214.034124124989
159.0537519479123,42,F#2,1191.64111328125,0.18948185443878174,3329.2274508250403
159.2230227135373,57,A3,1114.3603515625,0.09875307977199554,2618.315523700273
159.26642547395394,59,B3,1111.98779296875,0.10551273077726364,2246.3524175212733
159.2707657499956,40,E2,731.3778076171875,0.11342485249042511,1983.8741052876942
159.2707657499956,42,F#2,731.3778076171875,0.11342485249042511,1983.8741052876942
159.47475872395393,64,E4,883.1034545898438,0.09637939184904099,2221.671839733316
159.6874322499956,33,A1,326.43609619140625,0.31630751490592957,1812.2639659722163
159.6874322499956,46,A#2,326.43609619140625,0.31630751490592957,1812.2639659722163
159.69177252603725,59,B3,326.43609619140625,0.31630751490592957,1812.2639659722163
159.8784043958289,57,A3,1129.6312255859375,0.30140867829322815,2492.861423970645
159.89576549999555,35,B1,1129.6312255859375,0.30140867829322815,2492.861423970645
160.09107792187052,61,C#4,741.94189453125,0.09400241076946259,1907.1843769870397
160.09107792187052,64,E4,741.94189453125,0.09400241076946259,1907.1843769870397
160.09107792187052,68,G#4,741.94189453125,0.09400241076946259,1907.1843769870397
160.09541819791218,49,C#3,741.94189453125,0.09400241076946259,1907.1843769870397
160.09541819791218,56,G#3,741.94189453125,0.09400241076946259,1907.1843769870397
160.09541819791218,64,E4,741.94189453125,0.09400241076946259,1907.1843769870397
160.1040987499955,37,C#2,741.94189453125,0.09400241076946259,1907.1843769870397
160.1040987499955,35,B1,741.94189453125,0.09400241076946259,1907.1843769870397
160.1040987499955,49,C#3,741.94189453125,0.09400241076946259,1907.1843769870397
160.1040987499955,49,C#3,741.94189453125,0.09400241076946259,1907.1843769870397
160.1040987499955,49,C#3,741.94189453125,0.09400241076946259,1907.1843769870397
160.1040987499955,56,G#3,741.94189453125,0.09400241076946259,1907.1843769870397
160.1040987499955,56,G#3,741.94189453125,0.09400241076946259,1907.1843769870397
160.1040987499955,61,C#4,741.94189453125,0.09400241076946259,1907.1843769870397
160.1040987499955,64,E4,741.94189453125,0.09400241076946259,1907.1843769870397
160.1171195781205,68,G#4,741.712158203125,0.09578368812799454,1852.6135790400651
160.50774442187046,56,G#3,1113.49365234375,0.07920961827039719,2008.797258397693
160.52076524999546,42,F#2,1113.49365234375,0.07920961827039719,2008.797258397693
160.72909849999547,49,C#3,1130.4825439453125,0.18070733547210693,2680.0807021473493
160.9330914739538,56,G#3,1097.19921875,0.07225757837295532,2703.1884388995522
160.9330914739538,61,C#4,1097.19921875,0.07225757837295532,2703.1884388995522
160.93743174999545,40,E2,1097.19921875,0.07225757837295532,2703.1884388995522
160.93743174999545,42,F#2,1097.19921875,0.07225757837295532,2703.1884388995522
160.9417720260371,64,E4,1100.8966064453125,0.07139898836612701,2584.5354311627816
161.14576499999544,33,A1,1109.5128173828125,0.07168485969305038,2188.2534178502024
161.14576499999544,42,F#2,1109.5128173828125,0.07168485969305038,2188.2534178502024
161.34107742187044,56,G#3,987.4188232421875,0.08382805436849594,1907.2757815015177
161.35409824999545,37,C#2,987.4188232421875,0.08382805436849594,1907.2757815015177
161.35409824999545,42,F#2,987.4188232421875,0.08382805436849594,1907.2757815015177
161.56243149999545,36,C2,1108.1318359375,0.08820319175720215,1776.9635054641153
161.72302171353712,66,F#4,1120.384521484375,0.1208118200302124,2396.0754945529866
161.7360425416621,47,B2,1120.6632080078125,0.10464324802160263,2406.7159401015297
161.74472309374542,66,F#4,1120.6632080078125,0.10464324802160263,2406.7159401015297
161.74906336978708,63,D#4,1120.6632080078125,0.10464324802160263,2406.7159401015297
161.76208419791206,47,B2,1100.651123046875,0.09563501924276352,2396.6005169357722
161.76208419791206,54,F#3,1100.651123046875,0.09563501924276352,2396.6005169357722
161.76208419791206,59,B3,1100.651123046875,0.09563501924276352,2396.6005169357722
161.76208419791206,63,D#4,1100.651123046875,0.09563501924276352,2396.6005169357722
161.77076474999538,35,B1,1100.651123046875,0.09563501924276352,2396.6005169357722
161.77076474999538,35,B1,1100.651123046875,0.09563501924276352,2396.6005169357722
161.77076474999538,47,B2,1100.651123046875,0.09563501924276352,2396.6005169357722
161.77076474999538,49,C#3,1100.651123046875,0.09563501924276352,2396.6005169357722
161.77076474999538,54,F#3,1100.651123046875,0.09563501924276352,2396.6005169357722
161.77076474999538,59,B3,1100.651123046875,0.09563501924276352,2396.6005169357722
161.77076474999538,63,D#4,1100.651123046875,0.09563501924276352,2396.6005169357722
161.77076474999538,66,F#4,1100.651123046875,0.09563501924276352,2396.6005169357722
162.17441042187036,54,F#3,1107.8792724609375,0.0682956874370575,2352.6217546167663
162.39576449999535,35,B1,1162.18994140625,0.05921951308846474,2429.9403433715706
162.60409774999536,35,B1,1107.924072265625,0.07222778350114822,2928.820909734979
162.60409774999536,40,E2,1107.924072265625,0.07222778350114822,2928.820909734979
162.60409774999536,46,A#2,1107.924072265625,0.07222778350114822,2928.820909734979
162.60843802603702,54,F#3,1107.924072265625,0.07222778350114822,2928.820909734979
162.61277830207868,59,B3,1107.924072265625,0.07222778350114822,2928.820909734979
162.61277830207868,63,D#4,1107.924072265625,0.07222778350114822,2928.820909734979
162.621458854162,68,G#4,1111.1612548828125,0.09092837572097778,2768.3276596232813
163.00774342187032,54,F#3,1118.1494140625,0.08400987833738327,2088.0171593265254
163.02076424999532,45,A2,1118.1494140625,0.08400987833738327,2088.0171593265254
163.22909749999533,45,A2,1116.487548828125,0.08993776887655258,1973.8218136008704
163.42006964582865,52,E3,1111.940185546875,0.13487111032009125,2302.137779246239
163.42006964582865,64,E4,1111.940185546875,0.13487111032009125,2302.137779246239
163.4244099218703,68,G#4,1111.940185546875,0.13487111032009125,2302.137779246239
163.4374307499953,28,E1,926.4500122070312,0.12901495397090912,2212.993347475234
163.4374307499953,35,B1,926.4500122070312,0.12901495397090912,2212.993347475234
163.4374307499953,40,E2,926.4500122070312,0.12901495397090912,2212.993347475234
163.4374307499953,40,E2,926.4500122070312,0.12901495397090912,2212.993347475234
163.4374307499953,47,B2,926.4500122070312,0.12901495397090912,2212.993347475234
163.4374307499953,49,C#3,926.4500122070312,0.12901495397090912,2212.993347475234
163.4374307499953,52,E3,926.4500122070312,0.12901495397090912,2212.993347475234
163.4374307499953,56,G#3,926.4500122070312,0.12901495397090912,2212.993347475234
163.4374307499953,59,B3,926.4500122070312,0.12901495397090912,2212.993347475234
163.4374307499953,64,E4,926.4500122070312,0.12901495397090912,2212.993347475234
163.44177102603695,52,E3,926.4500122070312,0.12901495397090912,2212.993347475234
163.44177102603695,56,G#3,926.4500122070312,0.12901495397090912,2212.993347475234
163.44177102603695,59,B3,926.4500122070312,0.12901495397090912,2212.993347475234
163.44177102603695,68,G#4,926.4500122070312,0.12901495397090912,2212.993347475234
163.4461113020786,64,E4,926.4500122070312,0.12901495397090912,2212.993347475234
163.85409724999525,46,A#2,1108.7431640625,0.081181600689888,2284.422595314536
163.85409724999525,56,G#3,1108.7431640625,0.081181600689888,2284.422595314536
164.25774292187026,68,G#4,1111.4193115234375,0.10777030140161514,2800.2017679172636
164.27076374999527,40,E2,1107.1748046875,0.10065647214651108,2738.0012263740873
164.27076374999527,42,F#2,1107.1748046875,0.10065647214651108,2738.0012263740873
164.27076374999527,59,B3,1107.1748046875,0.10065647214651108,2738.0012263740873
164.27076374999527,64,E4,1107.1748046875,0.10065647214651108,2738.0012263740873
164.27510402603693,56,G#3,1107.1748046875,0.10065647214651108,2738.0012263740873
164.2794443020786,52,E3,1107.1748046875,0.10065647214651108,2738.0012263740873
164.68743024999526,42,F#2,746.3764038085938,0.1384539008140564,1728.8936639207284
164.69177052603692,56,G#3,746.3764038085938,0.1384539008140564,1728.8936639207284
164.7091316302036,68,G#4,1109.206787109375,0.12863917648792267,1753.851813287196
165.0954161979119,56,G#3,1113.3031005859375,0.22253486514091492,2187.557539626377
165.0954161979119,59,B3,1113.3031005859375,0.22253486514091492,2187.557539626377
165.0954161979119,64,E4,1113.3031005859375,0.22253486514091492,2187.557539626377
165.0954161979119,71,B4,1113.3031005859375,0.22253486514091492,2187.557539626377
165.10409674999522,28,E1,1109.9859619140625,0.14180108904838562,2124.634017110521
165.10409674999522,35,B1,1109.9859619140625,0.14180108904838562,2124.634017110521
165.10409674999522,42,F#2,1109.9859619140625,0.14180108904838562,2124.634017110521
165.11711757812023,68,G#4,1109.9859619140625,0.14180108904838562,2124.634017110521
165.31242999999523,42,F#2,1109.5245361328125,0.10521774739027023,1967.1484471521483
165.50774242187023,56,G#3,1109.3143310546875,0.08728501200675964,2134.8437164765614
165.5120826979119,66,F#4,1109.3143310546875,0.08728501200675964,2134.8437164765614
165.51642297395355,69,A4,1109.079345703125,0.08898920565843582,2031.0499430198097
165.5207632499952,42,F#2,1109.079345703125,0.08898920565843582,2031.0499430198097
165.70739511978687,52,E3,1109.5341796875,0.07993581146001816,2029.188800630439
165.91572836978688,56,G#3,1173.964599609375,0.09619298577308655,3244.9470038782256
165.91572836978688,59,B3,1173.964599609375,0.09619298577308655,3244.9470038782256
165.91572836978688,64,E4,1173.964599609375,0.09619298577308655,3244.9470038782256
165.93308947395354,64,E4,1173.964599609375,0.09619298577308655,3244.9470038782256
165.93308947395354,68,G#4,1173.964599609375,0.09619298577308655,3244.9470038782256
165.9374297499952,40,E2,1155.0445556640625,0.08313880860805511,3017.7197304839156
165.9374297499952,52,E3,1155.0445556640625,0.08313880860805511,3017.7197304839156
166.32805459374515,56,G#3,1109.4993896484375,0.07570663094520569,2444.8175553268434
166.34541569791182,63,D#4,1109.1474609375,0.06991247087717056,2426.4658646219586
166.34541569791182,66,F#4,1109.1474609375,0.06991247087717056,2426.4658646219586
166.35409624999514,46,A#2,1109.4847412109375,0.06582942605018616,2395.3837397304105
166.35409624999514,71,B4,1109.4847412109375,0.06582942605018616,2395.3837397304105
166.56242949999515,28,E1,1109.6446533203125,0.08467813581228256,1945.3338930875539
166.72735998957847,47,B2,1109.540283203125,0.23112626373767853,2399.1615575499577
166.74038081770348,59,B3,1109.540283203125,0.23112626373767853,2399.1615575499577
166.74038081770348,63,D#4,1109.540283203125,0.23112626373767853,2399.1615575499577
166.74038081770348,66,F#4,1109.540283203125,0.23112626373767853,2399.1615575499577
166.74472109374514,47,B2,1109.540283203125,0.23112626373767853,2399.1615575499577
166.77076274999513,35,B1,1109.503173828125,0.10664685815572739,2496.0610368190373
166.77076274999513,35,B1,1109.503173828125,0.10664685815572739,2496.0610368190373
166.77076274999513,47,B2,1109.503173828125,0.10664685815572739,2496.0610368190373
166.77076274999513,49,C#3,1109.503173828125,0.10664685815572739,2496.0610368190373
166.77076274999513,54,F#3,1109.503173828125,0.10664685815572739,2496.0610368190373
166.77076274999513,63,D#4,1109.503173828125,0.10664685815572739,2496.0610368190373
166.77076274999513,66,F#4,1109.503173828125,0.10664685815572739,2496.0610368190373
166.77076274999513,69,A4,1109.503173828125,0.10664685815572739,2496.0610368190373
167.17874869791174,59,B3,1109.6361083984375,0.06360338628292084,2990.8874003086307
167.18742924999506,42,F#2,1109.5294189453125,0.06432732939720154,2876.237765084781
167.58239436978673,68,G#4,1174.489013671875,0.10632981359958649,3381.427453366697
167.5867346458284,54,F#3,1174.489013671875,0.10632981359958649,3381.427453366697
167.5867346458284,59,B3,1174.489013671875,0.10632981359958649,3381.427453366697
167.5867346458284,66,F#4,1174.489013671875,0.10632981359958649,3381.427453366697
167.59107492187005,63,D#4,1174.489013671875,0.10632981359958649,3381.427453366697
167.60409574999505,40,E2,1174.489013671875,0.10632981359958649,3381.427453366697
167.60409574999505,42,F#2,1174.489013671875,0.10632981359958649,3381.427453366697
168.01208169791173,68,G#4,1109.224853515625,0.10164222866296768,2215.215364606822
168.01642197395338,59,B3,1109.224853515625,0.10164222866296768,2215.215364606822
168.02076224999504,35,B1,1109.224853515625,0.10164222866296768,2215.215364606822
168.02076224999504,42,F#2,1109.224853515625,0.10164222866296768,2215.215364606822
168.02076224999504,78,F#5,1109.224853515625,0.10164222866296768,2215.215364606822
168.0251025260367,66,F#4,1109.8729248046875,0.09481921046972275,2176.687219705652
168.22041494791173,80,G#5,1109.3424072265625,0.0860256478190422,1996.4439288754352
168.2247552239534,68,G#4,1109.3424072265625,0.0860256478190422,1996.4439288754352
168.42874819791172,81,A5,190.1451873779297,0.3700801730155945,1783.6322222667663
168.43308847395338,59,B3,190.1451873779297,0.3700801730155945,1783.6322222667663
168.43308847395338,69,A4,190.1451873779297,0.3700801730155945,1783.6322222667663
168.43742874999504,35,B1,190.1451873779297,0.3700801730155945,1783.6322222667663
168.43742874999504,35,B1,190.1451873779297,0.3700801730155945,1783.6322222667663
168.43742874999504,42,F#2,190.1451873779297,0.3700801730155945,1783.6322222667663
168.83673414582836,80,G#5,1110.15283203125,0.07517562061548233,2515.2609149500295
168.84107442187002,68,G#4,1110.15283203125,0.07517562061548233,2515.2609149500295
168.85409524999503,42,F#2,1110.15283203125,0.07517562061548233,2515.2609149500295
168.85409524999503,47,B2,1110.15283203125,0.07517562061548233,2515.2609149500295
169.25340064582835,61,C#4,1182.2266845703125,0.2100418657064438,3389.563898741312
169.25340064582835,78,F#5,1182.2266845703125,0.2100418657064438,3389.563898741312
169.25774092187,66,F#4,1177.496337890625,0.14448098838329315,3488.262521572353
169.26642147395333,54,F#3,1177.496337890625,0.14448098838329315,3488.262521572353
169.270761749995,40,E2,1177.496337890625,0.14448098838329315,3488.262521572353
169.270761749995,42,F#2,1177.496337890625,0.14448098838329315,3488.262521572353
169.270761749995,54,F#3,1177.496337890625,0.14448098838329315,3488.262521572353
169.47041444791168,59,B3,1109.634033203125,0.06523329764604568,2419.7681353932758
169.479094999995,30,F#1,1109.634033203125,0.06523329764604568,2419.7681353932758
169.479094999995,42,F#2,1109.634033203125,0.06523329764604568,2419.7681353932758
169.6700671458283,64,E4,1108.6329345703125,0.06879999488592148,2889.5539809893626
169.67440742186997,76,E5,1109.4996337890625,0.06854687631130219,2700.8563068004414
169.67874769791163,64,E4,1109.4996337890625,0.06854687631130219,2700.8563068004414
169.68742824999495,35,B1,1109.4996337890625,0.06854687631130219,2700.8563068004414
169.68742824999495,46,A#2,1109.4996337890625,0.06854687631130219,2700.8563068004414
169.68742824999495,47,B2,1109.4996337890625,0.06854687631130219,2700.8563068004414
169.87840039582827,59,B3,992.8211669921875,0.1203916072845459,1818.8228249911704
169.8957614999949,37,C#2,829.6653442382812,0.1240057647228241,1799.1146933642835
170.05635171353657,45,A2,309.5085754394531,0.31028932332992554,1939.5049322412845
170.0823933697866,64,E4,881.177490234375,0.31161612272262573,1663.004951556925
170.08673364582825,52,E3,881.177490234375,0.31161612272262573,1663.004951556925
170.0910739218699,45,A2,880.1195678710938,0.3098903000354767,1958.482063043859
170.0910739218699,61,C#4,880.1195678710938,0.3098903000354767,1958.482063043859
170.0910739218699,69,A4,880.1195678710938,0.3098903000354767,1958.482063043859
170.09541419791157,61,C#4,880.1195678710938,0.3098903000354767,1958.482063043859
170.09975447395323,57,A3,880.1195678710938,0.3098903000354767,1958.482063043859
170.09975447395323,64,E4,880.1195678710938,0.3098903000354767,1958.482063043859
170.10409474999489,33,A1,880.1195678710938,0.3098903000354767,1958.482063043859
170.10409474999489,35,B1,880.1195678710938,0.3098903000354767,1958.482063043859
170.10409474999489,42,F#2,880.1195678710938,0.3098903000354767,1958.482063043859
170.10409474999489,45,A2,880.1195678710938,0.3098903000354767,1958.482063043859
170.10409474999489,52,E3,880.1195678710938,0.3098903000354767,1958.482063043859
170.10409474999489,57,A3,880.1195678710938,0.3098903000354767,1958.482063043859
170.10409474999489,61,C#4,880.1195678710938,0.3098903000354767,1958.482063043859
170.10409474999489,64,E4,880.1195678710938,0.3098903000354767,1958.482063043859
170.10409474999489,76,E5,880.1195678710938,0.3098903000354767,1958.482063043859
170.5164209739532,57,A3,1109.7904052734375,0.07630139589309692,2430.104677861157
170.52076124999485,42,F#2,1109.7904052734375,0.07630139589309692,2430.104677861157
170.7247542239532,52,E3,1111.372314453125,0.057395245879888535,2276.092549723258
170.92440692186986,57,A3,1182.8199462890625,0.19449040293693542,3325.476830375608
170.93308747395318,61,C#4,1182.0084228515625,0.19876621663570404,3495.28697346648
170.93308747395318,64,E4,1182.0084228515625,0.19876621663570404,3495.28697346648
170.93308747395318,69,A4,1182.0084228515625,0.19876621663570404,3495.28697346648
170.93742774999484,40,E2,1182.0084228515625,0.19876621663570404,3495.28697346648
170.93742774999484,42,F#2,1182.0084228515625,0.19876621663570404,3495.28697346648
171.34541369791148,57,A3,992.0131225585938,0.08954455703496933,2220.860445593785
171.3540942499948,33,A1,992.0131225585938,0.08954455703496933,2220.860445593785
171.3540942499948,42,F#2,992.0131225585938,0.08954455703496933,2220.860445593785
171.3540942499948,52,E3,992.0131225585938,0.08954455703496933,2220.860445593785
171.7707607499948,33,A1,316.9696350097656,0.3271404206752777,2010.0717048821036
171.7707607499948,35,B1,316.9696350097656,0.3271404206752777,2010.0717048821036
171.7707607499948,42,F#2,316.9696350097656,0.3271404206752777,2010.0717048821036
171.7794413020781,57,A3,316.9696350097656,0.3271404206752777,2010.0717048821036
171.7794413020781,69,A4,316.9696350097656,0.3271404206752777,2010.0717048821036
171.78378157811977,61,C#4,316.9696350097656,0.3271404206752777,2010.0717048821036
171.78812185416143,64,E4,211.681640625,0.32860276103019714,1732.363115165484
172.18308697395307,57,A3,1151.88134765625,0.06266700476408005,2795.676686684499
172.18742724999473,46,A#2,1151.88134765625,0.06266700476408005,2795.676686684499
172.39142022395308,52,E3,1151.5714111328125,0.06050177291035652,2420.8394014873616
172.5997534739531,59,B3,1182.192626953125,0.19698119163513184,3427.814268551686
172.5997534739531,64,E4,1182.192626953125,0.19698119163513184,3427.814268551686
172.60409374999475,40,E2,1182.192626953125,0.19698119163513184,3427.814268551686
172.60409374999475,42,F#2,1182.192626953125,0.19698119163513184,3427.814268551686
172.8080867239531,61,C#4,1150.680908203125,0.06199834868311882,2617.977991234968
173.01641997395308,59,B3,1151.9937744140625,0.0609937347471714,2847.669899028778
173.02076024999474,33,A1,1151.9937744140625,0.0609937347471714,2847.669899028778
173.02076024999474,35,B1,1151.9937744140625,0.0609937347471714,2847.669899028778
173.02076024999474,45,A2,1151.9937744140625,0.0609937347471714,2847.669899028778
173.02076024999474,46,A#2,1151.9937744140625,0.0609937347471714,2847.669899028778
173.21173239582808,57,A3,1152.520263671875,0.05825620889663696,2354.439473428042
173.22909349999475,35,B1,1150.9962158203125,0.05466409772634506,2276.284140691153
173.40270454166142,49,C#3,1150.853271484375,0.22680431604385376,2529.478489851632
173.42440592186972,68,G#4,442.2279968261719,0.29776352643966675,2278.6418540572167
173.43308647395304,49,C#3,442.2279968261719,0.29776352643966675,2278.6418540572167
173.4374267499947,35,B1,206.15139770507812,0.3005494773387909,1920.0545612800713
173.4374267499947,37,C#2,206.15139770507812,0.3005494773387909,1920.0545612800713
173.4374267499947,49,C#3,206.15139770507812,0.3005494773387909,1920.0545612800713
173.4374267499947,49,C#3,206.15139770507812,0.3005494773387909,1920.0545612800713
173.4374267499947,56,G#3,206.15139770507812,0.3005494773387909,1920.0545612800713
173.4374267499947,56,G#3,206.15139770507812,0.3005494773387909,1920.0545612800713
173.4374267499947,61,C#4,206.15139770507812,0.3005494773387909,1920.0545612800713
173.4374267499947,61,C#4,206.15139770507812,0.3005494773387909,1920.0545612800713
173.4374267499947,64,E4,206.15139770507812,0.3005494773387909,1920.0545612800713
173.44176702603636,64,E4,206.15139770507812,0.3005494773387909,1920.0545612800713
173.44610730207802,56,G#3,206.15139770507812,0.3005494773387909,1920.0545612800713
173.44610730207802,68,G#4,206.15139770507812,0.3005494773387909,1920.0545612800713
173.849752973953,56,G#3,1151.48583984375,0.07215242832899094,2411.194311492022
173.85409324999466,42,F#2,1153.0665283203125,0.07283759862184525,2603.174777261234
174.07110705207796,49,C#3,1165.7579345703125,0.06551048159599304,2260.669782558493
174.26641947395296,56,G#3,1118.294921875,0.18415015935897827,3241.2675391929192
174.26641947395296,61,C#4,1118.294921875,0.18415015935897827,3241.2675391929192
174.26641947395296,64,E4,1118.294921875,0.18415015935897827,3241.2675391929192
174.27075974999462,37,C#2,883.0795288085938,0.19191379845142365,3282.568887144855
174.27075974999462,40,E2,883.0795288085938,0.19191379845142365,3282.568887144855
174.27075974999462,42,F#2,883.0795288085938,0.19191379845142365,3282.568887144855
174.47909299999463,42,F#2,886.7139282226562,0.10600981116294861,2111.143183181294
174.6657248697863,66,F#4,882.480712890625,0.2699330151081085,2190.127755773252
174.68742624999462,42,F#2,326.5062255859375,0.30668726563453674,1879.4943338343621
174.68742624999462,49,C#3,326.5062255859375,0.30668726563453674,1879.4943338343621
174.69176652603628,56,G#3,326.5062255859375,0.30668726563453674,1879.4943338343621
174.70478735416128,64,E4,326.5062255859375,0.30668726563453674,1879.4943338343621
175.08673164582797,47,B2,1109.885986328125,0.08846111595630646,1881.9123041625157
175.08673164582797,63,D#4,1109.885986328125,0.08846111595630646,1881.9123041625157
175.08673164582797,66,F#4,1109.885986328125,0.08846111595630646,1881.9123041625157
175.09107192186963,59,B3,1109.885986328125,0.08846111595630646,1881.9123041625157
175.10409274999463,35,B1,1109.885986328125,0.08846111595630646,1881.9123041625157
175.10409274999463,35,B1,1109.885986328125,0.08846111595630646,1881.9123041625157
175.10409274999463,47,B2,1109.885986328125,0.08846111595630646,1881.9123041625157
175.10409274999463,49,C#3,1109.885986328125,0.08846111595630646,1881.9123041625157
175.10409274999463,54,F#3,1109.885986328125,0.08846111595630646,1881.9123041625157
175.10409274999463,54,F#3,1109.885986328125,0.08846111595630646,1881.9123041625157
175.10409274999463,59,B3,1109.885986328125,0.08846111595630646,1881.9123041625157
175.10409274999463,63,D#4,1109.885986328125,0.08846111595630646,1881.9123041625157
175.1084330260363,47,B2,1108.74853515625,0.26288774609565735,2094.7697719377006
175.1084330260363,54,F#3,1108.74853515625,0.26288774609565735,2094.7697719377006
175.1084330260363,59,B3,1108.74853515625,0.26288774609565735,2094.7697719377006
175.11277330207795,63,D#4,1108.74853515625,0.26288774609565735,2094.7697719377006
175.11277330207795,66,F#4,1108.74853515625,0.26288774609565735,2094.7697719377006
175.5207592499946,54,F#3,1109.100341796875,0.0883411318063736,2254.793367689122
175.7290924999946,35,B1,1112.830810546875,0.07474635541439056,2168.262915107204
175.9113840937446,40,E2,1123.2047119140625,0.06736478209495544,2236.5191517314493
175.93742574999456,40,E2,1119.35400390625,0.16088421642780304,2766.3268608202065
175.93742574999456,47,B2,1119.35400390625,0.16088421642780304,2766.3268608202065
175.93742574999456,54,F#3,1119.35400390625,0.16088421642780304,2766.3268608202065
175.94176602603622,54,F#3,1129.2476806640625,0.18328574299812317,3302.1881086850544
175.94176602603622,59,B3,1129.2476806640625,0.18328574299812317,3302.1881086850544
175.94176602603622,63,D#4,1129.2476806640625,0.18328574299812317,3302.1881086850544
176.14575899999457,40,E2,1123.61376953125,0.09098805487155914,2733.803680415407
176.24992562499455,45,A2,1126.566650390625,0.10352010279893875,1895.3951401800755
176.32371031770288,43,G2,1108.281982421875,0.0954909399151802,1859.6952278379342
176.3454116979112,54,F#3,1113.4847412109375,0.09146898984909058,1896.3308148195729
176.35409224999452,45,A2,1113.4847412109375,0.09146898984909058,1896.3308148195729
176.38013390624448,41,F2,1106.5396728515625,0.08928659558296204,1884.733766181533
176.43655749478614,40,E2,1108.6422119140625,0.088502436876297,2230.116854468952
176.4973213593695,38,D2,1110.7733154296875,0.07482123374938965,2196.5639835215366
176.5450643958278,36,C2,1160.9759521484375,0.06959010660648346,2115.0414098720094
176.56242549999448,45,A2,1160.9759521484375,0.06959010660648346,2115.0414098720094
176.58846715624446,35,B1,1111.1353759765625,0.0938495472073555,1813.3075385228576
176.64923102082776,33,A1,1127.84326171875,0.11917508393526077,1653.0904469602065
176.7707587499944,35,B1,1109.46484375,0.08407691866159439,1804.6684772482545
176.7707587499944,38,D2,1109.46484375,0.08407691866159439,1804.6684772482545
176.7707587499944,49,C#3,1109.46484375,0.08407691866159439,1804.6684772482545
176.7707587499944,50,D3,1109.46484375,0.08407691866159439,1804.6684772482545
176.7707587499944,57,A3,1109.46484375,0.08407691866159439,1804.6684772482545
176.7707587499944,57,A3,1109.46484375,0.08407691866159439,1804.6684772482545
176.7707587499944,62,D4,1109.46484375,0.08407691866159439,1804.6684772482545
176.7707587499944,62,D4,1109.46484375,0.08407691866159439,1804.6684772482545
176.7707587499944,66,F#4,1109.46484375,0.08407691866159439,1804.6684772482545
176.7707587499944,66,F#4,1109.46484375,0.08407691866159439,1804.6684772482545
177.18742524999442,38,D2,1108.6190185546875,0.0538201667368412,2409.2192505872317
177.18742524999442,46,A#2,1108.6190185546875,0.0538201667368412,2409.2192505872317
177.19176552603608,57,A3,1108.6190185546875,0.0538201667368412,2409.2192505872317
177.5910709218694,50,D3,1110.027099609375,0.0570649616420269,2137.5308189218626
177.5910709218694,57,A3,1110.027099609375,0.0570649616420269,2137.5308189218626
177.59975147395272,57,A3,1110.027099609375,0.0570649616420269,2137.5308189218626
177.59975147395272,62,D4,1110.027099609375,0.0570649616420269,2137.5308189218626
177.59975147395272,62,D4,1110.027099609375,0.0570649616420269,2137.5308189218626
177.59975147395272,66,F#4,1110.027099609375,0.0570649616420269,2137.5308189218626
177.59975147395272,66,F#4,1110.027099609375,0.0570649616420269,2137.5308189218626
177.60409174999438,38,D2,1110.027099609375,0.0570649616420269,2137.5308189218626
177.60409174999438,40,E2,1110.027099609375,0.0570649616420269,2137.5308189218626
177.60409174999438,42,F#2,1110.027099609375,0.0570649616420269,2137.5308189218626
178.01641797395268,62,D4,1109.065185546875,0.045801855623722076,2361.417384358353
178.02075824999434,38,D2,1109.065185546875,0.045801855623722076,2361.417384358353
178.02075824999434,46,A#2,1109.065185546875,0.045801855623722076,2361.417384358353
178.02075824999434,66,F#4,1109.065185546875,0.045801855623722076,2361.417384358353
178.02943880207766,57,A3,1109.065185546875,0.045801855623722076,2361.417384358353
178.02943880207766,66,F#4,1109.065185546875,0.045801855623722076,2361.417384358353
178.03377907811932,62,D4,1109.83056640625,0.059969838708639145,2392.2032193238624
178.43308447395265,57,A3,1109.59912109375,0.06576801091432571,2161.8297554330084
178.43308447395265,62,D4,1109.59912109375,0.06576801091432571,2161.8297554330084
178.4374247499943,35,B1,1109.59912109375,0.06576801091432571,2161.8297554330084
178.4374247499943,38,D2,1109.59912109375,0.06576801091432571,2161.8297554330084
178.4374247499943,42,F#2,1109.59912109375,0.06576801091432571,2161.8297554330084
178.4374247499943,62,D4,1109.59912109375,0.06576801091432571,2161.8297554330084
178.4374247499943,66,F#4,1109.59912109375,0.06576801091432571,2161.8297554330084
178.4374247499943,66,F#4,1109.59912109375,0.06576801091432571,2161.8297554330084
178.64575799999432,35,B1,987.7584838867188,0.11148283630609512,4857.140316575486
178.84975097395264,57,A3,1108.2559814453125,0.04350538179278374,4882.029219046817
178.84975097395264,62,D4,1108.2559814453125,0.04350538179278374,4882.029219046817
178.84975097395264,66,F#4,1108.2559814453125,0.04350538179278374,4882.029219046817
178.8540912499943,38,D2,1108.2559814453125,0.04350538179278374,4882.029219046817
178.8540912499943,46,A#2,1108.2559814453125,0.04350538179278374,4882.029219046817
178.8540912499943,64,E4,1108.2559814453125,0.04350538179278374,4882.029219046817
178.8540912499943,67,G4,1108.2559814453125,0.04350538179278374,4882.029219046817
179.25339664582762,50,D3,735.097412109375,0.03992949798703194,3151.925179930179
179.25339664582762,57,A3,735.097412109375,0.03992949798703194,3151.925179930179
179.2664174739526,66,F#4,739.0421752929688,0.04028437286615372,3166.594389095653
179.2664174739526,69,A4,739.0421752929688,0.04028437286615372,3166.594389095653
179.27075774999426,35,B1,739.0421752929688,0.04028437286615372,3166.594389095653
179.27075774999426,40,E2,739.0421752929688,0.04028437286615372,3166.594389095653
179.27075774999426,42,F#2,739.0421752929688,0.04028437286615372,3166.594389095653
179.27075774999426,57,A3,739.0421752929688,0.04028437286615372,3166.594389095653
179.27075774999426,62,D4,739.0421752929688,0.04028437286615372,3166.594389095653
179.27075774999426,66,F#4,739.0421752929688,0.04028437286615372,3166.594389095653
179.67874369791093,57,A3,1174.815185546875,0.045998379588127136,2557.8962913761784
179.6830839739526,66,F#4,1174.94677734375,0.04972512274980545,2510.1422877941795
179.68742424999425,38,D2,1174.94677734375,0.04972512274980545,2510.1422877941795
179.68742424999425,46,A#2,1174.94677734375,0.04972512274980545,2510.1422877941795
179.68742424999425,69,A4,1174.94677734375,0.04972512274980545,2510.1422877941795
180.0737088177026,59,B3,879.792236328125,0.040990106761455536,2669.5794750256446
180.07804909374426,67,G4,879.3487548828125,0.03947460651397705,2823.333887571276
180.0954101979109,55,G3,879.3487548828125,0.03947460651397705,2823.333887571276
180.0954101979109,59,B3,879.3487548828125,0.03947460651397705,2823.333887571276
180.0954101979109,62,D4,879.3487548828125,0.03947460651397705,2823.333887571276
180.09975047395255,67,G4,880.1988525390625,0.15589529275894165,2951.6205468825074
180.1040907499942,31,G1,880.1988525390625,0.15589529275894165,2951.6205468825074
180.1040907499942,35,B1,880.1988525390625,0.15589529275894165,2951.6205468825074
180.1040907499942,49,C#3,880.1988525390625,0.15589529275894165,2951.6205468825074
180.51641697395254,59,B3,1176.84375,0.0374792218208313,2120.028883163952
180.51641697395254,62,D4,1176.84375,0.0374792218208313,2120.028883163952
180.5207572499942,31,G1,1176.84375,0.0374792218208313,2120.028883163952
180.5207572499942,46,A#2,1176.84375,0.0374792218208313,2120.028883163952
180.5207572499942,59,B3,1176.84375,0.0374792218208313,2120.028883163952
180.9244029218692,43,G2,879.7617797851562,0.03609703481197357,2968.3382218553925
180.92874319791085,50,D3,879.7617797851562,0.03609703481197357,2968.3382218553925
180.9330834739525,59,B3,879.7617797851562,0.03609703481197357,2968.3382218553925
180.9330834739525,59,B3,879.7617797851562,0.03609703481197357,2968.3382218553925
180.9330834739525,62,D4,879.7617797851562,0.03609703481197357,2968.3382218553925
180.9330834739525,62,D4,879.7617797851562,0.03609703481197357,2968.3382218553925
180.9330834739525,67,G4,879.7617797851562,0.03609703481197357,2968.3382218553925
180.93742374999417,31,G1,881.1800537109375,0.12104129791259766,2844.2672322864137
180.93742374999417,40,E2,881.1800537109375,0.12104129791259766,2844.2672322864137
180.93742374999417,42,F#2,881.1800537109375,0.12104129791259766,2844.2672322864137
181.3497499739525,59,B3,1173.114013671875,0.07737936079502106,2100.0298009407434
181.35409024999416,31,G1,1174.0948486328125,0.08503235876560211,2544.7128612665206
181.35409024999416,46,A#2,1174.0948486328125,0.08503235876560211,2544.7128612665206
181.76641647395252,57,A3,879.6848754882812,0.06738854944705963,2441.435836893507
181.77075674999418,33,A1,590.3505249023438,0.3163655698299408,2359.021083128603
181.77075674999418,35,B1,590.3505249023438,0.3163655698299408,2359.021083128603
181.77075674999418,42,F#2,590.3505249023438,0.3163655698299408,2359.021083128603
181.77075674999418,61,C#4,590.3505249023438,0.3163655698299408,2359.021083128603
181.77075674999418,61,C#4,590.3505249023438,0.3163655698299408,2359.021083128603
181.77075674999418,64,E4,590.3505249023438,0.3163655698299408,2359.021083128603
181.7794373020775,45,A2,590.3505249023438,0.3163655698299408,2359.021083128603
181.7794373020775,57,A3,590.3505249023438,0.3163655698299408,2359.021083128603
181.7794373020775,64,E4,590.3505249023438,0.3163655698299408,2359.021083128603
181.97908999999416,35,B1,988.0769653320312,0.07384280860424042,3125.6605114117406
182.1830829739525,57,A3,1031.0377197265625,0.06474646180868149,2707.3411272433214
182.18742324999417,33,A1,992.385009765625,0.07525016367435455,2938.1982600248193
182.18742324999417,46,A#2,992.385009765625,0.07525016367435455,2938.1982600248193
182.59106892186915,45,A2,1174.6820068359375,0.16238051652908325,3106.4035376745564
182.59106892186915,52,E3,1174.6820068359375,0.16238051652908325,3106.4035376745564
182.59974947395247,57,A3,1174.6820068359375,0.16238051652908325,3106.4035376745564
182.59974947395247,61,C#4,1174.6820068359375,0.16238051652908325,3106.4035376745564
182.59974947395247,61,C#4,1174.6820068359375,0.16238051652908325,3106.4035376745564
182.59974947395247,64,E4,1174.6820068359375,0.16238051652908325,3106.4035376745564
182.59974947395247,64,E4,1174.6820068359375,0.16238051652908325,3106.4035376745564
182.60408974999413,33,A1,1174.6820068359375,0.16238051652908325,3106.4035376745564
182.60408974999413,40,E2,1174.6820068359375,0.16238051652908325,3106.4035376745564
182.60408974999413,42,F#2,1174.6820068359375,0.16238051652908325,3106.4035376745564
183.01641597395243,57,A3,1173.93701171875,0.07519408315420151,3148.0829879244084
183.01641597395243,62,D4,1173.93701171875,0.07519408315420151,3148.0829879244084
183.01641597395243,66,F#4,1173.93701171875,0.07519408315420151,3148.0829879244084
183.0207562499941,35,B1,1173.93701171875,0.07519408315420151,3148.0829879244084
183.0207562499941,46,A#2,1173.93701171875,0.07519408315420151,3148.0829879244084
183.2290894999941,33,A1,494.64471435546875,0.06292278319597244,3282.9914224049353
183.40270054166075,62,D4,987.8157958984375,0.19470451772212982,2580.9881530871894
183.40270054166075,66,F#4,987.8157958984375,0.19470451772212982,2580.9881530871894
183.4330824739524,50,D3,316.43243408203125,0.35957226157188416,2253.3726580612056
183.4330824739524,57,A3,316.43243408203125,0.35957226157188416,2253.3726580612056
183.4330824739524,62,D4,316.43243408203125,0.35957226157188416,2253.3726580612056
183.4330824739524,66,F#4,316.43243408203125,0.35957226157188416,2253.3726580612056
183.43742274999406,35,B1,316.43243408203125,0.35957226157188416,2253.3726580612056
183.43742274999406,38,D2,316.43243408203125,0.35957226157188416,2253.3726580612056
183.43742274999406,49,C#3,316.43243408203125,0.35957226157188416,2253.3726580612056
183.85408924999405,38,D2,440.3102722167969,0.10161657631397247,2879.1651156620046
183.85408924999405,46,A#2,440.3102722167969,0.10161657631397247,2879.1651156620046
183.8584295260357,57,A3,440.3102722167969,0.10161657631397247,2879.1651156620046
183.8584295260357,66,F#4,440.3102722167969,0.10161657631397247,2879.1651156620046
183.86276980207737,62,D4,329.0744934082031,0.11469923704862595,3152.599894453917
184.25339464582734,50,D3,1172.3258056640625,0.16942952573299408,3128.969529175711
184.25339464582734,57,A3,1172.3258056640625,0.16942952573299408,3128.969529175711
184.26641547395235,57,A3,1175.0164794921875,0.18725179135799408,3291.1486402343176
184.26641547395235,62,D4,1175.0164794921875,0.18725179135799408,3291.1486402343176
184.26641547395235,62,D4,1175.0164794921875,0.18725179135799408,3291.1486402343176
184.26641547395235,66,F#4,1175.0164794921875,0.18725179135799408,3291.1486402343176
184.270755749994,38,D2,1175.0164794921875,0.18725179135799408,3291.1486402343176
184.270755749994,40,E2,1175.0164794921875,0.18725179135799408,3291.1486402343176
184.270755749994,42,F#2,1175.0164794921875,0.18725179135799408,3291.1486402343176
184.270755749994,66,F#4,1175.0164794921875,0.18725179135799408,3291.1486402343176
184.6830819739523,62,D4,498.02880859375,0.08338717371225357,3431.430996202182
184.6830819739523,66,F#4,498.02880859375,0.08338717371225357,3431.430996202182
184.68742224999397,38,D2,498.02880859375,0.08338717371225357,3431.430996202182
184.68742224999397,46,A#2,498.02880859375,0.08338717371225357,3431.430996202182
184.68742224999397,57,A3,498.02880859375,0.08338717371225357,3431.430996202182
184.68742224999397,62,D4,498.02880859375,0.08338717371225357,3431.430996202182
184.68742224999397,66,F#4,498.02880859375,0.08338717371225357,3431.430996202182
185.09974847395233,62,D4,205.4066925048828,0.33546826243400574,2028.5348610060068
185.09974847395233,66,F#4,205.4066925048828,0.33546826243400574,2028.5348610060068
185.104088749994,35,B1,205.4066925048828,0.33546826243400574,2028.5348610060068
185.104088749994,38,D2,205.4066925048828,0.33546826243400574,2028.5348610060068
185.104088749994,42,F#2,205.4066925048828,0.33546826243400574,2028.5348610060068
185.104088749994,50,D3,205.4066925048828,0.33546826243400574,2028.5348610060068
185.104088749994,62,D4,205.4066925048828,0.33546826243400574,2028.5348610060068
185.10842902603565,57,A3,205.4066925048828,0.33546826243400574,2028.5348610060068
185.10842902603565,66,F#4,205.4066925048828,0.33546826243400574,2028.5348610060068
185.312421999994,35,B1,1174.921875,0.06264780461788177,5160.267251676525
185.51641497395232,64,E4,883.8903198242188,0.09861777722835541,3689.420116378058
185.51641497395232,67,G4,883.8903198242188,0.09861777722835541,3689.420116378058
185.52075524999398,38,D2,883.8903198242188,0.09861777722835541,3689.420116378058
185.52075524999398,46,A#2,883.8903198242188,0.09861777722835541,3689.420116378058
185.52509552603564,57,A3,883.8903198242188,0.09861777722835541,3689.420116378058
185.52509552603564,62,D4,883.8903198242188,0.09861777722835541,3689.420116378058
185.52509552603564,66,F#4,883.8903198242188,0.09861777722835541,3689.420116378058
185.92440092186894,50,D3,1187.94775390625,0.20009936392307281,3298.8869274764475
185.92440092186894,57,A3,1187.94775390625,0.20009936392307281,3298.8869274764475
185.9287411979106,66,F#4,1178.5460205078125,0.2109759896993637,3240.6500732396735
185.93308147395226,69,A4,1178.5460205078125,0.2109759896993637,3240.6500732396735
185.93742174999392,35,B1,1178.5460205078125,0.2109759896993637,3240.6500732396735
185.93742174999392,40,E2,1178.5460205078125,0.2109759896993637,3240.6500732396735
185.93742174999392,42,F#2,1178.5460205078125,0.2109759896993637,3240.6500732396735
185.93742174999392,57,A3,1178.5460205078125,0.2109759896993637,3240.6500732396735
185.93742174999392,62,D4,1178.5460205078125,0.2109759896993637,3240.6500732396735
185.93742174999392,66,F#4,1178.5460205078125,0.2109759896993637,3240.6500732396735
186.3454076979106,66,F#4,586.1377563476562,0.0667974129319191,4139.775033517924
186.34974797395225,69,A4,586.1377563476562,0.0667974129319191,4139.775033517924
186.3540882499939,33,A1,586.1377563476562,0.0667974129319191,4139.775033517924
186.3540882499939,46,A#2,586.1377563476562,0.0667974129319191,4139.775033517924
186.3540882499939,57,A3,586.1377563476562,0.0667974129319191,4139.775033517924
186.3540882499939,62,D4,586.1377563476562,0.0667974129319191,4139.775033517924
186.3540882499939,66,F#4,586.1377563476562,0.0667974129319191,4139.775033517924
186.72735198957724,62,D4,203.68829345703125,0.3952328860759735,2053.6126685506115
186.7316922656189,59,B3,203.68829345703125,0.3952328860759735,2053.6126685506115
186.7316922656189,67,G4,203.68829345703125,0.3952328860759735,2053.6126685506115
186.76641447395224,55,G3,294.7819519042969,0.39901870489120483,1539.1912737720418
186.76641447395224,59,B3,294.7819519042969,0.39901870489120483,1539.1912737720418
186.76641447395224,62,D4,294.7819519042969,0.39901870489120483,1539.1912737720418
186.7707547499939,31,G1,294.7819519042969,0.39901870489120483,1539.1912737720418
186.7707547499939,35,B1,294.7819519042969,0.39901870489120483,1539.1912737720418
186.7707547499939,49,C#3,294.7819519042969,0.39901870489120483,1539.1912737720418
186.7707547499939,67,G4,294.7819519042969,0.39901870489120483,1539.1912737720418
187.1874212499939,31,G1,668.6712036132812,0.06308306008577347,4023.262201768588
187.1874212499939,46,A#2,668.6712036132812,0.06308306008577347,4023.262201768588
187.1874212499939,59,B3,668.6712036132812,0.06308306008577347,4023.262201768588
187.1874212499939,67,G4,668.6712036132812,0.06308306008577347,4023.262201768588
187.1874212499939,71,B4,668.6712036132812,0.06308306008577347,4023.262201768588
187.1961018020772,62,D4,668.6712036132812,0.06308306008577347,4023.262201768588
187.1961018020772,67,G4,668.6712036132812,0.06308306008577347,4023.262201768588
187.59106692186884,43,G2,885.729248046875,0.23001502454280853,3245.170340646992
187.5954071979105,50,D3,885.729248046875,0.23001502454280853,3245.170340646992
187.60408774999382,31,G1,1179.1107177734375,0.18311218917369843,3306.7686153132527
187.60408774999382,40,E2,1179.1107177734375,0.18311218917369843,3306.7686153132527
187.60408774999382,42,F#2,1179.1107177734375,0.18311218917369843,3306.7686153132527
187.60842802603548,59,B3,1179.1107177734375,0.18311218917369843,3306.7686153132527
187.60842802603548,62,D4,1179.1107177734375,0.18311218917369843,3306.7686153132527
187.60842802603548,67,G4,1179.1107177734375,0.18311218917369843,3306.7686153132527
188.01641397395218,59,B3,587.8924560546875,0.09422297030687332,3401.969591792411
188.02075424999384,35,B1,587.8924560546875,0.09422297030687332,3401.969591792411
188.02075424999384,46,A#2,587.8924560546875,0.09422297030687332,3401.969591792411
188.02075424999384,69,A4,587.8924560546875,0.09422297030687332,3401.969591792411
188.0250945260355,64,E4,587.8924560546875,0.09422297030687332,3401.969591792411
188.4070388177022,61,C#4,201.85414123535156,0.39391255378723145,1736.22788861862
188.4070388177022,64,E4,201.85414123535156,0.39391255378723145,1736.22788861862
188.4070388177022,69,A4,201.85414123535156,0.39391255378723145,1736.22788861862
188.4287401979105,57,A3,295.47955322265625,0.3954882323741913,2251.8161958877527
188.4287401979105,61,C#4,295.47955322265625,0.3954882323741913,2251.8161958877527
188.4287401979105,64,E4,295.47955322265625,0.3954882323741913,2251.8161958877527
188.43742074999383,33,A1,987.8565673828125,0.24710838496685028,2966.2324804516265
188.43742074999383,35,B1,987.8565673828125,0.24710838496685028,2966.2324804516265
188.43742074999383,42,F#2,987.8565673828125,0.24710838496685028,2966.2324804516265
188.64575399999381,35,B1,989.2915649414062,0.048451390117406845,2928.886140585807
188.65009427603547,66,F#4,989.2915649414062,0.048451390117406845,2928.886140585807
188.8454066979105,57,A3,1180.26953125,0.07031431794166565,3628.310145776245
188.85408724999382,33,A1,496.61077880859375,0.06661885976791382,3796.6694013954802
188.85408724999382,46,A#2,496.61077880859375,0.06661885976791382,3796.6694013954802
188.85408724999382,64,E4,496.61077880859375,0.06661885976791382,3796.6694013954802
189.26641347395218,45,A2,1179.2657470703125,0.17614710330963135,3305.6077803151466
189.26641347395218,52,E3,1179.2657470703125,0.17614710330963135,3305.6077803151466
189.26641347395218,57,A3,1179.2657470703125,0.17614710330963135,3305.6077803151466
189.26641347395218,61,C#4,1179.2657470703125,0.17614710330963135,3305.6077803151466
189.26641347395218,64,E4,1179.2657470703125,0.17614710330963135,3305.6077803151466
189.26641347395218,66,F#4,1179.2657470703125,0.17614710330963135,3305.6077803151466
189.27075374999384,33,A1,1175.5272216796875,0.13911937177181244,3146.597160752589
189.27075374999384,40,E2,1175.5272216796875,0.13911937177181244,3146.597160752589
189.27075374999384,42,F#2,1175.5272216796875,0.13911937177181244,3146.597160752589
189.67873969791052,57,A3,990.4765014648438,0.0905049592256546,3409.805529222468
189.68307997395218,67,G4,990.4765014648438,0.0905049592256546,3409.805529222468
189.68742024999383,33,A1,990.1646728515625,0.08523792773485184,3517.508291175547
189.68742024999383,46,A#2,990.1646728515625,0.08523792773485184,3517.508291175547
189.8870729479105,47,B2,988.1174926757812,0.05554430931806564,2730.2214138591125
189.8870729479105,54,F#3,988.1174926757812,0.05554430931806564,2730.2214138591125
190.04766316145216,59,B3,221.17324829101562,0.3872772753238678,1649.0717953456415
190.04766316145216,66,F#4,221.17324829101562,0.3872772753238678,1649.0717953456415
190.05200343749382,62,D4,221.17324829101562,0.3872772753238678,1649.0717953456415
190.0780450937438,54,F#3,164.15919494628906,0.3885965943336487,1532.492501928926
190.08238536978547,47,B2,883.3362426757812,0.25908246636390686,1574.2190959876511
190.0910659218688,59,B3,883.3362426757812,0.25908246636390686,1574.2190959876511
190.0910659218688,62,D4,883.3362426757812,0.25908246636390686,1574.2190959876511
190.0910659218688,66,F#4,883.3362426757812,0.25908246636390686,1574.2190959876511
190.1040867499938,35,B1,883.3362426757812,0.25908246636390686,1574.2190959876511
190.1040867499938,35,B1,883.3362426757812,0.25908246636390686,1574.2190959876511
190.1040867499938,49,C#3,883.3362426757812,0.25908246636390686,1574.2190959876511
190.1040867499938,66,F#4,883.3362426757812,0.25908246636390686,1574.2190959876511
190.1040867499938,71,B4,883.3362426757812,0.25908246636390686,1574.2190959876511
190.1040867499938,74,D5,883.3362426757812,0.25908246636390686,1574.2190959876511
190.30807972395212,66,F#4,882.2237548828125,0.0627814307808876,1335.7189055283693
190.51641297395207,59,B3,440.0564270019531,0.08132856339216232,3500.259428177466
190.51641297395207,62,D4,440.0564270019531,0.08132856339216232,3500.259428177466
190.52075324999373,46,A#2,440.0564270019531,0.08132856339216232,3500.259428177466
190.72040594791042,54,F#3,658.3745727539062,0.05034871771931648,2518.958255047255
190.9330794739521,59,B3,1172.858642578125,0.13220730423927307,3016.2261874878745
190.9330794739521,62,D4,1172.858642578125,0.13220730423927307,3016.2261874878745
190.9330794739521,66,F#4,1172.858642578125,0.13220730423927307,3016.2261874878745
190.9330794739521,66,F#4,1172.858642578125,0.13220730423927307,3016.2261874878745
190.9330794739521,71,B4,1172.858642578125,0.13220730423927307,3016.2261874878745
190.93741974999375,35,B1,1172.858642578125,0.13220730423927307,3016.2261874878745
190.93741974999375,40,E2,1172.858642578125,0.13220730423927307,3016.2261874878745
190.93741974999375,42,F#2,1172.858642578125,0.13220730423927307,3016.2261874878745
190.9417600260354,62,D4,1179.314208984375,0.11754151433706284,2832.0733535860236
191.34974597395208,62,D4,1110.30859375,0.07138548046350479,3717.117571697505
191.34974597395208,66,F#4,1110.30859375,0.07138548046350479,3717.117571697505
191.34974597395208,71,B4,1110.30859375,0.07138548046350479,3717.117571697505
191.35408624999374,35,B1,1110.30859375,0.07138548046350479,3717.117571697505
191.35408624999374,46,A#2,1110.30859375,0.07138548046350479,3717.117571697505
191.35408624999374,59,B3,1110.30859375,0.07138548046350479,3717.117571697505
191.35408624999374,62,D4,1110.30859375,0.07138548046350479,3717.117571697505
191.3584265260354,66,F#4,1110.30859375,0.07138548046350479,3717.117571697505
191.740370817702,57,A3,1176.0885009765625,0.2895955443382263,4041.115323676986
191.76207219791033,59,B3,1175.3406982421875,0.1483011692762375,4466.673268119539
191.76207219791033,62,D4,1175.3406982421875,0.1483011692762375,4466.673268119539
191.76207219791033,69,A4,1175.3406982421875,0.1483011692762375,4466.673268119539
191.76207219791033,69,A4,1175.3406982421875,0.1483011692762375,4466.673268119539
191.766412473952,54,F#3,1175.3406982421875,0.1483011692762375,4466.673268119539
191.766412473952,62,D4,1175.3406982421875,0.1483011692762375,4466.673268119539
191.766412473952,66,F#4,1175.3406982421875,0.1483011692762375,4466.673268119539
191.766412473952,66,F#4,1175.3406982421875,0.1483011692762375,4466.673268119539
191.77075274999365,35,B1,1175.3406982421875,0.1483011692762375,4466.673268119539
191.77075274999365,35,B1,1175.3406982421875,0.1483011692762375,4466.673268119539
191.77075274999365,42,F#2,1175.3406982421875,0.1483011692762375,4466.673268119539
191.77943330207697,45,A2,1178.4501953125,0.12523530423641205,4535.589231467707
191.9790859999936,35,B1,1101.6793212890625,0.07316354662179947,4285.016336272147
192.1787386979103,59,B3,1174.2254638671875,0.10657461732625961,3384.4838090330613
192.18307897395195,61,C#4,1174.2254638671875,0.10657461732625961,3384.4838090330613
192.18307897395195,64,E4,1174.2254638671875,0.10657461732625961,3384.4838090330613
192.1874192499936,35,B1,1174.2254638671875,0.10657461732625961,3384.4838090330613
192.1874192499936,46,A#2,1174.2254638671875,0.10657461732625961,3384.4838090330613
192.3827316718686,54,F#3,1176.7906494140625,0.07588163763284683,2550.610644706257
192.59974547395194,59,B3,1173.4371337890625,0.11924680322408676,2636.2637588157118
192.59974547395194,59,B3,1173.4371337890625,0.11924680322408676,2636.2637588157118
192.59974547395194,62,D4,1173.4371337890625,0.11924680322408676,2636.2637588157118
192.59974547395194,69,A4,1173.4371337890625,0.11924680322408676,2636.2637588157118
192.6040857499936,35,B1,1173.4371337890625,0.11924680322408676,2636.2637588157118
192.6040857499936,40,E2,1173.4371337890625,0.11924680322408676,2636.2637588157118
192.6040857499936,42,F#2,1173.4371337890625,0.11924680322408676,2636.2637588157118
192.80807872395192,66,F#4,1190.46435546875,0.05808592960238457,2062.0128585767716
193.0164119739519,59,B3,1180.9949951171875,0.09305231273174286,3087.1405267970995
193.0164119739519,62,D4,1180.9949951171875,0.09305231273174286,3087.1405267970995
193.0164119739519,62,D4,1180.9949951171875,0.09305231273174286,3087.1405267970995
193.02075224999356,35,B1,1180.9949951171875,0.09305231273174286,3087.1405267970995
193.02075224999356,46,A#2,1180.9949951171875,0.09305231273174286,3087.1405267970995
193.22908549999357,59,B3,1173.9039306640625,0.06686730682849884,2177.6584568945273
193.39401598957687,59,B3,370.20989990234375,0.3646281361579895,1783.9460370620814
193.39401598957687,67,G4,370.20989990234375,0.3646281361579895,1783.9460370620814
193.42005764582686,74,D5,1099.3585205078125,0.1622529923915863,1945.5764422170846
193.42439792186852,67,G4,1099.3585205078125,0.1622529923915863,1945.5764422170846
193.42439792186852,71,B4,1099.3585205078125,0.1622529923915863,1945.5764422170846
193.42873819791018,43,G2,1103.041748046875,0.09299315512180328,1863.9785955052835
193.42873819791018,55,G3,1103.041748046875,0.09299315512180328,1863.9785955052835
193.43307847395184,59,B3,1103.041748046875,0.09299315512180328,1863.9785955052835
193.43307847395184,62,D4,1103.041748046875,0.09299315512180328,1863.9785955052835
193.4374187499935,31,G1,1103.041748046875,0.09299315512180328,1863.9785955052835
193.4374187499935,35,B1,1103.041748046875,0.09299315512180328,1863.9785955052835
193.4374187499935,49,C#3,1103.041748046875,0.09299315512180328,1863.9785955052835
193.4374187499935,50,D3,1103.041748046875,0.09299315512180328,1863.9785955052835
193.85408524999352,31,G1,1111.0888671875,0.10369321703910828,2809.839017472396
193.85408524999352,46,A#2,1111.0888671875,0.10369321703910828,2809.839017472396
193.86276580207684,59,B3,1111.0888671875,0.10369321703910828,2809.839017472396
194.05373794791015,55,G3,1098.5552978515625,0.06640931963920593,2284.8234310956873
194.27075174999348,31,G1,1172.2584228515625,0.08553549647331238,2698.790768894955
194.27075174999348,40,E2,1172.2584228515625,0.08553549647331238,2698.790768894955
194.27075174999348,42,F#2,1172.2584228515625,0.08553549647331238,2698.790768894955
194.27075174999348,67,G4,1172.2584228515625,0.08553549647331238,2698.790768894955
194.27509202603514,62,D4,1172.2584228515625,0.08553549647331238,2698.790768894955
194.2794323020768,59,B3,1172.2584228515625,0.08553549647331238,2698.790768894955
194.2794323020768,62,D4,1172.2584228515625,0.08553549647331238,2698.790768894955
194.2794323020768,67,G4,1172.2584228515625,0.08553549647331238,2698.790768894955
194.68307797395175,67,G4,1109.9898681640625,0.08206606656312943,2921.8835275668603
194.6874182499934,31,G1,1109.9898681640625,0.08206606656312943,2921.8835275668603
194.6874182499934,46,A#2,1109.9898681640625,0.08206606656312943,2921.8835275668603
194.6874182499934,62,D4,1109.9898681640625,0.08206606656312943,2921.8835275668603
194.69175852603507,59,B3,1109.9898681640625,0.08206606656312943,2921.8835275668603
195.04332088541008,66,F#4,1175.869384765625,0.2364601492881775,4043.461564866714
195.08238336978508,66,F#4,1173.40478515625,0.10842930525541306,4573.043551566398
195.0910639218684,54,F#3,1173.40478515625,0.10842930525541306,4573.043551566398
195.0910639218684,59,B3,1173.40478515625,0.10842930525541306,4573.043551566398
195.0910639218684,62,D4,1173.40478515625,0.10842930525541306,4573.043551566398
195.0910639218684,66,F#4,1173.40478515625,0.10842930525541306,4573.043551566398
195.09974447395172,62,D4,1175.083740234375,0.10001365095376968,4511.990256914407
195.10408474999338,30,F#1,1175.083740234375,0.10001365095376968,4511.990256914407
195.10408474999338,35,B1,1175.083740234375,0.10001365095376968,4511.990256914407
195.10408474999338,42,F#2,1175.083740234375,0.10001365095376968,4511.990256914407
195.10408474999338,67,G4,1175.083740234375,0.10001365095376968,4511.990256914407
195.10842502603504,42,F#2,1175.083740234375,0.10001365095376968,4511.990256914407
195.31241799999333,35,B1,1170.0469970703125,0.0631452277302742,4071.1598068056683
195.51641097395165,59,B3,1192.502197265625,0.06529898941516876,3452.354292295061
195.5207512499933,30,F#1,1192.502197265625,0.06529898941516876,3452.354292295061
195.5207512499933,46,A#2,1192.502197265625,0.06529898941516876,3452.354292295061
195.72040394790997,61,C#4,1174.3262939453125,0.054254528135061264,2663.223024071779
195.72474422395163,66,F#4,1172.63525390625,0.17963530123233795,3088.2686203447047
195.92873719790998,59,B3,1175.2449951171875,0.09521587193012238,2537.018272187486
195.92873719790998,62,D4,1175.2449951171875,0.09521587193012238,2537.018272187486
195.93307747395164,66,F#4,1175.2449951171875,0.09521587193012238,2537.018272187486
195.9374177499933,30,F#1,1174.7432861328125,0.0895116850733757,2389.451625823163
195.9374177499933,40,E2,1174.7432861328125,0.0895116850733757,2389.451625823163
195.9374177499933,42,F#2,1174.7432861328125,0.0895116850733757,2389.451625823163
196.34540369790994,59,B3,1178.1729736328125,0.08278928697109222,2909.18064096128
196.3497439739516,57,A3,1178.1729736328125,0.08278928697109222,2909.18064096128
196.3497439739516,62,D4,1178.1729736328125,0.08278928697109222,2909.18064096128
196.35408424999326,30,F#1,1176.284912109375,0.08111980557441711,2819.211390005582
196.35408424999326,46,A#2,1176.284912109375,0.08111980557441711,2819.211390005582
196.73602854165992,57,A3,1181.0281982421875,0.06234268471598625,1803.9200530108594
196.73602854165992,61,C#4,1181.0281982421875,0.06234268471598625,1803.9200530108594
196.73602854165992,64,E4,1181.0281982421875,0.06234268471598625,1803.9200530108594
196.74470909374324,45,A2,1181.0281982421875,0.06234268471598625,1803.9200530108594
196.7490493697849,52,E3,1175.670166015625,0.20250530540943146,2078.3375951797316
196.75338964582656,57,A3,1175.670166015625,0.20250530540943146,2078.3375951797316
196.75338964582656,64,E4,1175.670166015625,0.20250530540943146,2078.3375951797316
196.75338964582656,69,A4,1175.670166015625,0.20250530540943146,2078.3375951797316
196.75338964582656,73,C#5,1175.670166015625,0.20250530540943146,2078.3375951797316
196.76207019790988,45,A2,1175.670166015625,0.20250530540943146,2078.3375951797316
196.76207019790988,57,A3,1175.670166015625,0.20250530540943146,2078.3375951797316
196.76641047395154,61,C#4,1175.670166015625,0.20250530540943146,2078.3375951797316
196.76641047395154,64,E4,1175.670166015625,0.20250530540943146,2078.3375951797316
196.7707507499932,33,A1,260.9208068847656,0.27604547142982483,2041.5025377061459
196.7707507499932,35,B1,260.9208068847656,0.27604547142982483,2041.5025377061459
196.7707507499932,49,C#3,260.9208068847656,0.27604547142982483,2041.5025377061459
196.7707507499932,61,C#4,260.9208068847656,0.27604547142982483,2041.5025377061459
196.7707507499932,64,E4,260.9208068847656,0.27604547142982483,2041.5025377061459
197.20043807811817,57,A3,1175.8997802734375,0.06111675128340721,2959.006349548663
197.60408374999315,48,C3,1185.5772705078125,0.07793962955474854,2381.340238259462
197.60408374999315,52,E3,1185.5772705078125,0.07793962955474854,2381.340238259462
198.01640997395148,57,A3,1172.94775390625,0.0749700590968132,2823.365602626951
198.02075024999314,45,A2,1172.94775390625,0.0749700590968132,2823.365602626951
198.4287361979098,57,A3,1103.2904052734375,0.10886400192975998,4088.3806646105313
198.4287361979098,61,C#4,1103.2904052734375,0.10886400192975998,4088.3806646105313
198.43307647395147,69,A4,1103.2904052734375,0.10886400192975998,4088.3806646105313
198.64574999999311,45,A2,1108.9520263671875,0.0719403475522995,3474.5632388946806
199.27074974999312,41,F2,882.3330688476562,0.09972193092107773,1733.7330605018997
199.27943030207643,57,A3,1105.1502685546875,0.09275609254837036,1780.280204695392
199.48776355207642,71,B4,440.2862243652344,0.18600358068943024,2151.0690495890312
199.68741624999308,45,A2,881.0842895507812,0.0906120166182518,1747.956768162724
199.68741624999308,46,A#2,881.0842895507812,0.0906120166182518,1747.956768162724
199.70043707811809,73,C#5,880.7623901367188,0.08269738405942917,1736.9895725464394
199.8957494999931,41,F2,1129.9990234375,0.06684543192386627,1940.6424866221917
199.8957494999931,76,E5,1129.9990234375,0.06684543192386627,1940.6424866221917
200.10408274999307,35,B1,655.6004638671875,0.13678696751594543,3177.1952032583554
200.10408274999307,49,C#3,655.6004638671875,0.13678696751594543,3177.1952032583554
200.10842302603473,81,A5,655.6004638671875,0.13678696751594543,3177.1952032583554
202.59974147395144,56,G#3,1111.2918701171875,0.021583732217550278,2811.2493159102005
202.6040817499931,41,F2,1111.2918701171875,0.021583732217550278,2811.2493159102005
202.76467196353474,62,D4,1109.6610107421875,0.021533062681555748,2972.1071097214517
202.8210955520764,60,C4,1110.701416015625,0.022188104689121246,2986.9724168645353
202.88185941665975,59,B3,1110.2601318359375,0.02041790820658207,3152.303849768322
202.9513038333264,57,A3,1110.213623046875,0.021956773474812508,3216.868110528128
203.0120676979097,59,B3,1109.1197509765625,0.022141357883810997,3156.371069171534
203.05547045832637,55,G3,1125.238037109375,0.01976616494357586,3425.289160123773
203.05981073436803,53,F3,1125.238037109375,0.01976616494357586,3425.289160123773
203.12057459895135,52,E3,1128.921142578125,0.01929657533764839,3239.275837359239
203.229081499993,61,C#4,1117.428955078125,0.021012499928474426,3446.3580141856833
203.28116481249296,47,B2,1108.2867431640625,0.020257266238331795,3580.88295765067
203.42873419790962,56,G#3,1127.57080078125,0.018745195120573044,3715.9050912708526
203.43741474999294,28,E1,1108.2958984375,0.01844622939825058,3588.3923075431003
203.43741474999294,35,B1,1108.2958984375,0.01844622939825058,3588.3923075431003
203.43741474999294,40,E2,1108.2958984375,0.01844622939825058,3588.3923075431003
203.43741474999294,46,A#2,1108.2958984375,0.01844622939825058,3588.3923075431003
203.43741474999294,49,C#3,1108.2958984375,0.01844622939825058,3588.3923075431003
203.43741474999294,56,G#3,1108.2958984375,0.01844622939825058,3588.3923075431003
203.43741474999294,57,A3,1108.2958984375,0.01844622939825058,3588.3923075431003
203.43741474999294,59,B3,1108.2958984375,0.01844622939825058,3588.3923075431003
203.43741474999294,64,E4,1108.2958984375,0.01844622939825058,3588.3923075431003
203.4417550260346,52,E3,1108.2958984375,0.01844622939825058,3588.3923075431003
203.4417550260346,56,G#3,1108.2958984375,0.01844622939825058,3588.3923075431003
203.4417550260346,59,B3,1108.2958984375,0.01844622939825058,3588.3923075431003
203.44609530207626,64,E4,1108.2958984375,0.01844622939825058,3588.3923075431003
203.8540812499929,42,F#2,1109.074951171875,0.020577503368258476,3679.6823073018822
203.8540812499929,56,G#3,1109.074951171875,0.020577503368258476,3679.6823073018822
204.27074774999295,40,E2,1123.9097900390625,0.08092833310365677,2061.3786001967223
204.27074774999295,42,F#2,1123.9097900390625,0.08092833310365677,2061.3786001967223
204.27074774999295,59,B3,1123.9097900390625,0.08092833310365677,2061.3786001967223
204.27074774999295,64,E4,1123.9097900390625,0.08092833310365677,2061.3786001967223
204.2750880260346,56,G#3,1123.9097900390625,0.08092833310365677,2061.3786001967223
204.27942830207627,52,E3,1123.9097900390625,0.08092833310365677,2061.3786001967223
204.68307397395128,59,B3,1094.0611572265625,0.056935764849185944,2319.973533688371
204.68741424999294,42,F#2,1094.0611572265625,0.056935764849185944,2319.973533688371
204.6917545260346,56,G#3,1098.3525390625,0.05806459113955498,2251.4379340357464
204.88272667186797,61,C#4,986.2625122070312,0.2625580132007599,4198.554872346864
205.09540019790964,56,G#3,1108.802734375,0.09943035244941711,3833.6568063770665
205.09540019790964,56,G#3,1108.802734375,0.09943035244941711,3833.6568063770665
205.09540019790964,59,B3,1108.802734375,0.09943035244941711,3833.6568063770665
205.09540019790964,64,E4,1108.802734375,0.09943035244941711,3833.6568063770665
205.10408074999296,28,E1,1108.802734375,0.09943035244941711,3833.6568063770665
205.10408074999296,35,B1,1108.802734375,0.09943035244941711,3833.6568063770665
205.10408074999296,42,F#2,1108.802734375,0.09943035244941711,3833.6568063770665
205.50772642186794,56,G#3,1111.4228515625,0.07089180499315262,2317.652714473071
205.52074724999295,42,F#2,1111.4228515625,0.07089180499315262,2317.652714473071
205.7073791197846,52,E3,1177.134765625,0.10509957373142242,3416.5122353837305
205.91571236978461,56,G#3,1151.7825927734375,0.05931546911597252,2394.7983045583433
205.91571236978461,59,B3,1151.7825927734375,0.05931546911597252,2394.7983045583433
205.91571236978461,64,E4,1151.7825927734375,0.05931546911597252,2394.7983045583433
205.93741374999294,40,E2,1152.6478271484375,0.05944356322288513,2302.458101642742
205.93741374999294,42,F#2,1152.6478271484375,0.05944356322288513,2302.458101642742
205.93741374999294,56,G#3,1152.6478271484375,0.05944356322288513,2302.458101642742
206.14574699999295,42,F#2,984.8253173828125,0.06317074596881866,2228.3464388557077
206.32803859374295,54,F#3,1142.952392578125,0.06198158115148544,1935.9863409510108
206.32803859374295,56,G#3,1142.952392578125,0.06198158115148544,1935.9863409510108
206.35408024999293,35,B1,1113.0164794921875,0.06216764822602272,1935.2390449099598
206.35408024999293,46,A#2,1113.0164794921875,0.06216764822602272,1935.2390449099598
206.53203156770127,52,E3,989.9034423828125,0.16305701434612274,2119.295525027688
206.5624134999929,37,C#2,1041.475830078125,0.11582078039646149,2072.679947824985
206.72300371353455,54,F#3,1110.1015625,0.08134527504444122,1852.6895025590218
206.74036481770122,59,B3,1108.9764404296875,0.08085965365171432,1782.0855439762759
206.74036481770122,63,D#4,1108.9764404296875,0.08085965365171432,1782.0855439762759
206.74036481770122,66,F#4,1108.9764404296875,0.08085965365171432,1782.0855439762759
206.74470509374288,47,B2,1108.9764404296875,0.08085965365171432,1782.0855439762759
206.77074674999287,35,B1,1110.5609130859375,0.07797040045261383,1735.2832629784016
206.77074674999287,35,B1,1110.5609130859375,0.07797040045261383,1735.2832629784016
206.77074674999287,42,F#2,1110.5609130859375,0.07797040045261383,1735.2832629784016
206.77074674999287,63,D#4,1110.5609130859375,0.07797040045261383,1735.2832629784016
206.77074674999287,66,F#4,1110.5609130859375,0.07797040045261383,1735.2832629784016
206.93567723957617,47,B2,1152.70166015625,0.06270186603069305,2128.618403985632
207.16571186978445,47,B2,1111.185546875,0.05947369337081909,1822.3143086484984
207.17873269790942,59,B3,1110.4339599609375,0.059742823243141174,1824.9239274645015
207.18741324999274,42,F#2,1110.4339599609375,0.059742823243141174,1824.9239274645015
207.58671864582607,54,F#3,1110.1181640625,0.06808339804410934,2234.7933897736525
207.58671864582607,59,B3,1110.1181640625,0.06808339804410934,2234.7933897736525
207.58671864582607,66,F#4,1110.1181640625,0.06808339804410934,2234.7933897736525
207.59105892186773,63,D#4,1111.6510009765625,0.06653238832950592,2187.7460446921777
207.60407974999274,40,E2,1111.6510009765625,0.06653238832950592,2187.7460446921777
207.60407974999274,42,F#2,1111.6510009765625,0.06653238832950592,2187.7460446921777
208.01640597395107,59,B3,1155.331787109375,0.08999472856521606,1715.2974013839066
208.02074624999273,42,F#2,1155.331787109375,0.08999472856521606,1715.2974013839066
208.43307247395106,59,B3,1117.2550048828125,0.08288193494081497,2012.1126292367585
208.43741274999272,35,B1,1117.2550048828125,0.08288193494081497,2012.1126292367585
208.43741274999272,35,B1,1117.2550048828125,0.08288193494081497,2012.1126292367585
208.43741274999272,42,F#2,1117.2550048828125,0.08288193494081497,2012.1126292367585
208.43741274999272,63,D#4,1117.2550048828125,0.08288193494081497,2012.1126292367585
208.43741274999272,66,F#4,1117.2550048828125,0.08288193494081497,2012.1126292367585
208.84539869790936,59,B3,1110.5924072265625,0.07668633759021759,1718.4701624180316
208.84973897395102,44,G#2,1110.5924072265625,0.07668633759021759,1718.4701624180316
208.85407924999268,46,A#2,1110.5924072265625,0.07668633759021759,1718.4701624180316
209.05373194790934,47,B2,1153.76611328125,0.07581599056720734,2836.95348143768
209.05373194790934,59,B3,1153.76611328125,0.07581599056720734,2836.95348143768
209.05373194790934,66,F#4,1153.76611328125,0.07581599056720734,2836.95348143768
209.25772492186766,49,C#3,1107.6798095703125,0.06009809672832489,2165.597374391059
209.26640547395098,54,F#3,1110.8199462890625,0.057323332875967026,2160.6349558277575
209.27074574999264,40,E2,1110.8199462890625,0.057323332875967026,2160.6349558277575
209.27074574999264,42,F#2,1110.8199462890625,0.057323332875967026,2160.6349558277575
209.46171789582596,52,E3,1108.5614013671875,0.06826473772525787,2076.954731106948
209.47039844790928,59,B3,1108.5614013671875,0.06826473772525787,2076.954731106948
209.47039844790928,66,F#4,1108.5614013671875,0.06826473772525787,2076.954731106948
209.66571086978425,54,F#3,1106.2384033203125,0.0657438337802887,3468.5315573798907
209.68741224999258,46,A#2,1117.0943603515625,0.07239499688148499,3222.3210562870654
209.69175252603424,63,D#4,1117.0943603515625,0.07239499688148499,3222.3210562870654
209.8783843958259,59,B3,1108.4410400390625,0.09481872618198395,1675.373090905284
210.08671764582587,52,E3,1111.7288818359375,0.050844017416238785,3765.862139810244
210.09105792186753,45,A2,1111.7288818359375,0.050844017416238785,3765.862139810244
210.09105792186753,69,A4,1111.7288818359375,0.050844017416238785,3765.862139810244
210.0953981979092,61,C#4,1111.7288818359375,0.050844017416238785,3765.862139810244
210.09973847395085,57,A3,1119.717529296875,0.054788023233413696,3599.3551818059527
210.09973847395085,64,E4,1119.717529296875,0.054788023233413696,3599.3551818059527
210.1040787499925,33,A1,1119.717529296875,0.054788023233413696,3599.3551818059527
210.1040787499925,35,B1,1119.717529296875,0.054788023233413696,3599.3551818059527
210.1040787499925,42,F#2,1119.717529296875,0.054788023233413696,3599.3551818059527
210.1040787499925,57,A3,1119.717529296875,0.054788023233413696,3599.3551818059527
210.1040787499925,61,C#4,1119.717529296875,0.054788023233413696,3599.3551818059527
210.1040787499925,64,E4,1119.717529296875,0.054788023233413696,3599.3551818059527
210.5164049739508,49,C#3,1112.327880859375,0.14815205335617065,2182.7527136663166
210.5164049739508,57,A3,1112.327880859375,0.14815205335617065,2182.7527136663166
210.52074524999247,42,F#2,1112.327880859375,0.14815205335617065,2182.7527136663166
210.72473822395082,52,E3,1149.54248046875,0.07984331995248795,2551.933131237328
210.72907849999248,47,B2,1149.54248046875,0.07984331995248795,2551.933131237328
210.92439092186748,57,A3,1156.2171630859375,0.0691625252366066,2124.8840406461522
210.9330714739508,49,C#3,1156.2171630859375,0.0691625252366066,2124.8840406461522
210.9330714739508,61,C#4,1156.2171630859375,0.0691625252366066,2124.8840406461522
210.9330714739508,64,E4,1156.2171630859375,0.0691625252366066,2124.8840406461522
210.9330714739508,69,A4,1156.2171630859375,0.0691625252366066,2124.8840406461522
210.93741174999246,40,E2,1153.3153076171875,0.10240060091018677,2076.5690485398754
210.93741174999246,42,F#2,1153.3153076171875,0.10240060091018677,2076.5690485398754
211.13272417186744,52,E3,1113.1578369140625,0.16144509613513947,1621.8308435773358
211.33671714582576,54,F#3,1165.3155517578125,0.0797588974237442,1802.9241218701702
211.34539769790908,57,A3,1165.3155517578125,0.0797588974237442,1802.9241218701702
211.3540782499924,42,F#2,1195.2716064453125,0.23984211683273315,1864.9247944875783
211.7707447499924,33,A1,1161.1429443359375,0.07491986453533173,3528.0807680266794
211.7707447499924,35,B1,1161.1429443359375,0.07491986453533173,3528.0807680266794
211.7707447499924,42,F#2,1161.1429443359375,0.07491986453533173,3528.0807680266794
211.7794253020757,57,A3,1161.1429443359375,0.07491986453533173,3528.0807680266794
211.7794253020757,69,A4,1161.1429443359375,0.07491986453533173,3528.0807680266794
211.78376557811737,61,C#4,1161.1429443359375,0.07491986453533173,3528.0807680266794
211.78810585415903,64,E4,1161.1429443359375,0.07491986453533173,3528.0807680266794
212.1830709739507,57,A3,1198.1817626953125,0.1803426891565323,3087.710005788762
212.18741124999235,46,A#2,1198.1817626953125,0.1803426891565323,3087.710005788762
212.39140422395067,52,E3,1140.64892578125,0.06666427105665207,2722.7401577267683
212.59973747395068,59,B3,1152.1085205078125,0.06299277395009995,2312.3101706667376
212.59973747395068,64,E4,1152.1085205078125,0.06299277395009995,2312.3101706667376
212.60407774999234,40,E2,1152.1085205078125,0.06299277395009995,2312.3101706667376
212.60407774999234,42,F#2,1152.1085205078125,0.06299277395009995,2312.3101706667376
212.80807072395066,52,E3,1110.975341796875,0.060433682054281235,2411.844411076187
212.80807072395066,61,C#4,1110.975341796875,0.060433682054281235,2411.844411076187
213.01640397395064,49,C#3,553.0986938476562,0.3396648168563843,2287.0017708385367
213.01640397395064,59,B3,553.0986938476562,0.3396648168563843,2287.0017708385367
213.0207442499923,33,A1,553.0986938476562,0.3396648168563843,2287.0017708385367
213.0207442499923,46,A#2,553.0986938476562,0.3396648168563843,2287.0017708385367
213.21171639582562,57,A3,1109.6639404296875,0.08552832156419754,1722.281310648463
213.21605667186728,47,B2,1109.6639404296875,0.08552832156419754,1722.281310648463
213.2290774999923,35,B1,1109.6639404296875,0.08552832156419754,1722.281310648463
213.42873019790892,49,C#3,1161.1343994140625,0.12059630453586578,1920.2219587708396
213.43307047395058,49,C#3,1161.1343994140625,0.12059630453586578,1920.2219587708396
213.43741074999224,35,B1,1161.1343994140625,0.12059630453586578,1920.2219587708396
213.43741074999224,37,C#2,1161.1343994140625,0.12059630453586578,1920.2219587708396
213.43741074999224,49,C#3,1161.1343994140625,0.12059630453586578,1920.2219587708396
213.43741074999224,56,G#3,1161.1343994140625,0.12059630453586578,1920.2219587708396
213.43741074999224,61,C#4,1161.1343994140625,0.12059630453586578,1920.2219587708396
213.43741074999224,61,C#4,1161.1343994140625,0.12059630453586578,1920.2219587708396
213.43741074999224,64,E4,1161.1343994140625,0.12059630453586578,1920.2219587708396
213.4417510260339,64,E4,1139.8160400390625,0.13215428590774536,2015.4672417107838
213.44609130207556,56,G#3,1139.8160400390625,0.13215428590774536,2015.4672417107838
213.84973697395054,56,G#3,1125.324462890625,0.2093789279460907,3166.1969965798676
213.8540772499922,42,F#2,1125.324462890625,0.2093789279460907,3166.1969965798676
214.0710910520755,49,C#3,1161.23681640625,0.08670225739479065,2310.2983745783354
214.2664034739505,56,G#3,1104.2642822265625,0.10780154168605804,2132.2973712442517
214.2664034739505,61,C#4,1104.2642822265625,0.10780154168605804,2132.2973712442517
214.2664034739505,64,E4,1104.2642822265625,0.10780154168605804,2132.2973712442517
214.27074374999216,40,E2,1104.2642822265625,0.10780154168605804,2132.2973712442517
214.27074374999216,42,F#2,1104.2642822265625,0.10780154168605804,2132.2973712442517
214.47907699999217,42,F#2,211.72744750976562,0.31956109404563904,1534.4748747839108
214.67438942186718,47,B2,325.1087341308594,0.4084370732307434,1956.8043509698787
214.68741024999215,32,G#1,325.1087341308594,0.4084370732307434,1956.8043509698787
214.68741024999215,42,F#2,325.1087341308594,0.4084370732307434,1956.8043509698787
214.69175052603381,56,G#3,325.1087341308594,0.4084370732307434,1956.8043509698787
214.70477135415882,64,E4,197.7586669921875,0.4121362268924713,1833.6357159087856
214.8740421197838,49,C#3,1107.2498779296875,0.09280436486005783,4322.856144250444
215.0910559218671,47,B2,1108.638427734375,0.06996513903141022,3522.4232661499454
215.1040767499921,35,B1,1108.638427734375,0.06996513903141022,3522.4232661499454
215.1040767499921,35,B1,1108.638427734375,0.06996513903141022,3522.4232661499454
215.1040767499921,49,C#3,1108.638427734375,0.06996513903141022,3522.4232661499454
215.1040767499921,54,F#3,1108.638427734375,0.06996513903141022,3522.4232661499454
215.1040767499921,59,B3,1108.638427734375,0.06996513903141022,3522.4232661499454
215.1040767499921,63,D#4,1108.638427734375,0.06996513903141022,3522.4232661499454
215.10841702603375,47,B2,1108.638427734375,0.06996513903141022,3522.4232661499454
215.10841702603375,54,F#3,1108.638427734375,0.06996513903141022,3522.4232661499454
215.10841702603375,59,B3,1108.638427734375,0.06996513903141022,3522.4232661499454
215.1127573020754,63,D#4,1108.638427734375,0.06996513903141022,3522.4232661499454
215.52074324999205,54,F#3,1179.7890625,0.19268359243869781,3367.2927351184453
215.72907649999203,35,B1,1106.0086669921875,0.12160291522741318,2021.318052005795
215.72907649999203,35,B1,1106.0086669921875,0.12160291522741318,2021.318052005795
215.937409749992,37,C#2,1108.2254638671875,0.07943364232778549,2486.0243526904155
215.937409749992,40,E2,1108.2254638671875,0.07943364232778549,2486.0243526904155
215.937409749992,46,A#2,1108.2254638671875,0.07943364232778549,2486.0243526904155
215.94175002603367,54,F#3,1108.2254638671875,0.07943364232778549,2486.0243526904155
215.94175002603367,59,B3,1108.2254638671875,0.07943364232778549,2486.0243526904155
215.94175002603367,63,D#4,1108.2254638671875,0.07943364232778549,2486.0243526904155
216.14574299999202,40,E2,1108.196533203125,0.09860068559646606,3106.9286479800667
216.34539569790869,54,F#3,139.4911651611328,0.39146921038627625,1454.4384499359085
216.34539569790869,73,C#5,139.4911651611328,0.39146921038627625,1454.4384499359085
216.354076249992,37,C#2,139.4911651611328,0.39146921038627625,1454.4384499359085
216.354076249992,45,A2,139.4911651611328,0.39146921038627625,1454.4384499359085
216.354076249992,64,E4,139.4911651611328,0.39146921038627625,1454.4384499359085
216.55806922395033,71,B4,1105.138427734375,0.08264710009098053,3293.7134887504353
216.562409499992,35,B1,1105.138427734375,0.08264710009098053,3293.7134887504353
216.562409499992,45,A2,1105.138427734375,0.08264710009098053,3293.7134887504353
216.77074274999197,28,E1,1097.86865234375,0.06877081841230392,2270.680113698495
216.77074274999197,35,B1,1097.86865234375,0.06877081841230392,2270.680113698495
216.77074274999197,40,E2,1097.86865234375,0.06877081841230392,2270.680113698495
216.77074274999197,47,B2,1097.86865234375,0.06877081841230392,2270.680113698495
216.77074274999197,49,C#3,1097.86865234375,0.06877081841230392,2270.680113698495
216.77074274999197,52,E3,1097.86865234375,0.06877081841230392,2270.680113698495
216.77074274999197,56,G#3,1097.86865234375,0.06877081841230392,2270.680113698495
216.77074274999197,56,G#3,1097.86865234375,0.06877081841230392,2270.680113698495
216.77074274999197,59,B3,1097.86865234375,0.06877081841230392,2270.680113698495
216.77074274999197,64,E4,1097.86865234375,0.06877081841230392,2270.680113698495
216.77074274999197,64,E4,1097.86865234375,0.06877081841230392,2270.680113698495
216.77074274999197,64,E4,1097.86865234375,0.06877081841230392,2270.680113698495
216.77074274999197,68,G#4,1097.86865234375,0.06877081841230392,2270.680113698495
216.77074274999197,71,B4,1097.86865234375,0.06877081841230392,2270.680113698495
216.98341627603364,68,G#4,1123.692138671875,0.06062868982553482,1891.644584074058
217.18306897395027,56,G#3,1090.606201171875,0.1658727079629898,3375.858001209098
217.18740924999193,46,A#2,1090.606201171875,0.1658727079629898,3375.858001209098
217.1917495260336,68,G#4,1090.606201171875,0.1658727079629898,3375.858001209098
217.4000827760336,66,F#4,937.137939453125,0.11079639941453934,1955.782292738891
217.59973547395026,40,E2,738.9190063476562,0.09821400046348572,1701.4205230179082
217.60407574999192,40,E2,738.9190063476562,0.09821400046348572,1701.4205230179082
217.60407574999192,42,F#2,738.9190063476562,0.09821400046348572,1701.4205230179082
217.60407574999192,68,G#4,738.9190063476562,0.09821400046348572,1701.4205230179082
217.60841602603358,64,E4,738.9190063476562,0.09821400046348572,1701.4205230179082
217.60841602603358,66,F#4,738.9190063476562,0.09821400046348572,1701.4205230179082
217.61275630207524,56,G#3,738.9190063476562,0.09821400046348572,1701.4205230179082
217.61275630207524,59,B3,738.9190063476562,0.09821400046348572,1701.4205230179082
217.82108955207522,71,B4,1109.31396484375,0.10880398005247116,1233.6465532671568
218.00772142186688,56,G#3,660.1129150390625,0.3746351897716522,2807.8550060579546
218.02074224999186,42,F#2,988.51025390625,0.30229371786117554,4016.2803224942436
218.02074224999186,64,E4,988.51025390625,0.30229371786117554,4016.2803224942436
218.02942280207517,71,B4,988.51025390625,0.30229371786117554,4016.2803224942436
218.24209632811682,68,G#4,981.7877807617188,0.10804453492164612,3641.4909414588437
218.4157073697835,52,E3,1110.1060791015625,0.09281319379806519,3115.485768634613
218.4157073697835,56,G#3,1110.1060791015625,0.09281319379806519,3115.485768634613
218.4157073697835,68,G#4,1110.1060791015625,0.09281319379806519,3115.485768634613
218.42004764582515,59,B3,1110.1060791015625,0.09281319379806519,3115.485768634613
218.4243879218668,64,E4,1110.1060791015625,0.09281319379806519,3115.485768634613
218.43740874999182,28,E1,1108.8804931640625,0.09109900146722794,2937.5787034418277
218.43740874999182,35,B1,1108.8804931640625,0.09109900146722794,2937.5787034418277
218.43740874999182,42,F#2,1108.8804931640625,0.09109900146722794,2937.5787034418277
218.44608930207514,68,G#4,1108.8804931640625,0.09109900146722794,2937.5787034418277
218.6457419999918,42,F#2,1110.1875,0.0882379487156868,2237.9043171258627
218.65442255207512,66,F#4,1110.1875,0.0882379487156868,2237.9043171258627
218.8453946979084,56,G#3,1176.011962890625,0.1295245885848999,3488.1517516934487
218.84973497395006,66,F#4,1176.011962890625,0.1295245885848999,3488.1517516934487
218.85407524999172,42,F#2,1174.18115234375,0.1101166158914566,3274.506144947159
219.24035981770004,40,E2,1105.8885498046875,0.07251674681901932,3097.4971625370017
219.24904036978336,56,G#3,1108.8677978515625,0.07285790145397186,2988.3239121108745
219.24904036978336,59,B3,1108.8677978515625,0.07285790145397186,2988.3239121108745
219.24904036978336,64,E4,1108.8677978515625,0.07285790145397186,2988.3239121108745
219.26640147395,68,G#4,1108.8677978515625,0.07285790145397186,2988.3239121108745
219.27074174999166,40,E2,1108.9862060546875,0.07063755393028259,2737.966801634582
219.65702631769997,56,G#3,830.5913696289062,0.4115847945213318,1885.0652728874088
219.68740824999165,46,A#2,1109.2413330078125,0.17737984657287598,2200.0144819001707
219.90442205207495,66,F#4,1110.1934814453125,0.09471737593412399,1880.3610037616152
219.9999081249916,64,E4,1107.139404296875,0.08655340224504471,2323.990787651411
220.0780330937416,42,F#2,1108.1319580078125,0.08521236479282379,2482.92224451059
220.0780330937416,54,F#3,1108.1319580078125,0.08521236479282379,2482.92224451059
220.08237336978326,59,B3,1109.840576171875,0.08033253252506256,2405.450185073424
220.08237336978326,63,D#4,1109.840576171875,0.08033253252506256,2405.450185073424
220.08237336978326,66,F#4,1109.840576171875,0.08033253252506256,2405.450185073424
220.10407474999158,30,F#1,1109.840576171875,0.08033253252506256,2405.450185073424
220.10407474999158,35,B1,1109.840576171875,0.08033253252506256,2405.450185073424
220.10407474999158,42,F#2,1109.840576171875,0.08033253252506256,2405.450185073424
220.10407474999158,47,B2,1109.840576171875,0.08033253252506256,2405.450185073424
220.10407474999158,49,C#3,1109.840576171875,0.08033253252506256,2405.450185073424
220.10407474999158,63,D#4,1109.840576171875,0.08033253252506256,2405.450185073424
220.10407474999158,66,F#4,1109.840576171875,0.08033253252506256,2405.450185073424
220.10841502603324,66,F#4,1109.91015625,0.07784884423017502,2268.5869276866406
220.5164009739499,59,B3,1175.9442138671875,0.11211290955543518,3340.529642474201
220.52074124999157,42,F#2,1175.9442138671875,0.11211290955543518,3340.529642474201
220.91136609374155,59,B3,1110.749267578125,0.07334408164024353,2581.642636769345
220.91136609374155,66,F#4,1110.749267578125,0.07334408164024353,2581.642636769345
220.9157063697832,63,D#4,1110.749267578125,0.07334408164024353,2581.642636769345
220.93740774999154,40,E2,1110.8453369140625,0.07042490690946579,2430.9979628916794
220.93740774999154,42,F#2,1110.8453369140625,0.07042490690946579,2430.9979628916794
221.34105342186652,73,C#5,1110.108642578125,0.1281304955482483,1976.1447799266177
221.34973397394984,59,B3,1110.108642578125,0.1281304955482483,1976.1447799266177
221.3540742499915,42,F#2,1110.108642578125,0.1281304955482483,1976.1447799266177
221.56240749999145,30,F#1,1109.095458984375,0.09121865779161453,1753.2120292256918
221.7533796458248,42,F#2,1109.3740234375,0.0815972238779068,2068.5779940535767
221.7533796458248,54,F#3,1109.3740234375,0.0815972238779068,2068.5779940535767
221.7620601979081,59,B3,1107.122314453125,0.08152120560407639,2001.4303873654762
221.76640047394977,63,D#4,1107.122314453125,0.08152120560407639,2001.4303873654762
221.76640047394977,66,F#4,1107.122314453125,0.08152120560407639,2001.4303873654762
221.77074074999143,30,F#1,1107.122314453125,0.08152120560407639,2001.4303873654762
221.77074074999143,35,B1,1107.122314453125,0.08152120560407639,2001.4303873654762
221.77074074999143,42,F#2,1107.122314453125,0.08152120560407639,2001.4303873654762
222.17004614582478,59,B3,1173.1134033203125,0.09630683809518814,3249.9550319889713
222.18740724999145,42,F#2,1162.561767578125,0.0826408788561821,3009.2812081447437
222.3653585676998,54,F#3,984.0748291015625,0.03945259749889374,2247.900731466837
222.58237236978312,59,B3,1107.8592529296875,0.07108644396066666,2043.4211202681925
222.58671264582478,66,F#4,1107.8592529296875,0.07108644396066666,2043.4211202681925
222.60407374999141,40,E2,1108.0615234375,0.06794869154691696,1923.6523421678585
222.60407374999141,42,F#2,1108.0615234375,0.06794869154691696,1923.6523421678585
222.79070561978307,73,C#5,988.7509765625,0.07970843464136124,1670.8353261382751
222.79504589582473,63,D#4,988.7509765625,0.07970843464136124,1670.8353261382751
222.8124069999914,42,F#2,742.8140869140625,0.07875733077526093,1669.34744611101
223.0033791458247,59,B3,556.2518920898438,0.10569147020578384,1716.4982729436165
223.0163999739497,76,E5,556.1094360351562,0.1009180098772049,1626.7920618233866
223.02074024999135,30,F#1,556.1094360351562,0.1009180098772049,1626.7920618233866
223.02074024999135,42,F#2,556.1094360351562,0.1009180098772049,1626.7920618233866
223.02074024999135,46,A#2,556.1094360351562,0.1009180098772049,1626.7920618233866
223.2247332239497,73,C#5,984.5275268554688,0.08436720818281174,1419.154654291755
223.22907349999136,32,G#1,984.5275268554688,0.08436720818281174,1419.154654291755
223.22907349999136,44,G#2,984.5275268554688,0.08436720818281174,1419.154654291755
223.415705369783,45,A2,988.4274291992188,0.06304720789194107,1720.0860937416696
223.415705369783,57,A3,988.4274291992188,0.06304720789194107,1720.0860937416696
223.42004564582467,61,C#4,988.4274291992188,0.06304720789194107,1720.0860937416696
223.42004564582467,64,E4,988.4274291992188,0.06304720789194107,1720.0860937416696
223.42004564582467,69,A4,988.4274291992188,0.06304720789194107,1720.0860937416696
223.43306647394965,73,C#5,987.8746948242188,0.054774653166532516,1724.0409250678988
223.43306647394965,76,E5,987.8746948242188,0.054774653166532516,1724.0409250678988
223.4374067499913,33,A1,987.8746948242188,0.054774653166532516,1724.0409250678988
223.4374067499913,35,B1,987.8746948242188,0.054774653166532516,1724.0409250678988
223.4374067499913,45,A2,987.8746948242188,0.054774653166532516,1724.0409250678988
223.4374067499913,49,C#3,987.8746948242188,0.054774653166532516,1724.0409250678988
223.4374067499913,52,E3,987.8746948242188,0.054774653166532516,1724.0409250678988
223.4374067499913,57,A3,987.8746948242188,0.054774653166532516,1724.0409250678988
223.4374067499913,61,C#4,987.8746948242188,0.054774653166532516,1724.0409250678988
223.4374067499913,64,E4,987.8746948242188,0.054774653166532516,1724.0409250678988
223.64139972394963,71,B4,1108.2841796875,0.03650068864226341,1530.9757153998185
223.83237186978297,57,A3,1178.029541015625,0.09640542417764664,2976.8165745499864
223.84973297394964,68,G#4,1150.9267578125,0.0867692306637764,2970.3187537392578
223.8540732499913,42,F#2,1150.9267578125,0.0867692306637764,2970.3187537392578
224.06240649999128,73,C#5,1108.010498046875,0.08635367453098297,2140.39925113055
224.06240649999128,76,E5,1108.010498046875,0.08635367453098297,2140.39925113055
224.25771892186629,57,A3,988.0271606445312,0.1101958304643631,1617.786234402411
224.25771892186629,69,A4,988.0271606445312,0.1101958304643631,1617.786234402411
224.26205919790794,52,E3,987.2501831054688,0.10730068385601044,1551.5204131267756
224.26205919790794,61,C#4,987.2501831054688,0.10730068385601044,1551.5204131267756
224.26205919790794,64,E4,987.2501831054688,0.10730068385601044,1551.5204131267756
224.2663994739496,71,B4,987.2501831054688,0.10730068385601044,1551.5204131267756
224.27073974999126,40,E2,987.2501831054688,0.10730068385601044,1551.5204131267756
224.27073974999126,42,F#2,987.2501831054688,0.10730068385601044,1551.5204131267756
224.47473272394956,68,G#4,1110.26220703125,0.0953083261847496,1291.1294292787397
224.66570486978287,57,A3,1108.7811279296875,0.1390562504529953,4449.566868329397
224.68306597394954,71,B4,1110.1712646484375,0.13465313613414764,4245.362201445696
224.6874062499912,33,A1,1110.1712646484375,0.13465313613414764,4245.362201445696
224.6874062499912,42,F#2,1110.1712646484375,0.13465313613414764,4245.362201445696
224.8783783958245,45,A2,988.833740234375,0.0881359875202179,3757.0487458524617
224.89139922394952,73,C#5,987.3248291015625,0.08593302220106125,3753.0573605403206
225.08237136978283,57,A3,1098.613525390625,0.07768912613391876,2808.3864722362605
225.0867116458245,61,C#4,1098.613525390625,0.07768912613391876,2808.3864722362605
225.0867116458245,64,E4,1098.613525390625,0.07768912613391876,2808.3864722362605
225.0867116458245,69,A4,1098.613525390625,0.07768912613391876,2808.3864722362605
225.09973247394947,73,C#5,1095.9937744140625,0.07427588850259781,2815.124688520557
225.09973247394947,76,E5,1095.9937744140625,0.07427588850259781,2815.124688520557
225.10407274999113,33,A1,1095.9937744140625,0.07427588850259781,2815.124688520557
225.10407274999113,35,B1,1095.9937744140625,0.07427588850259781,2815.124688520557
225.10407274999113,42,F#2,1095.9937744140625,0.07427588850259781,2815.124688520557
225.30806572394945,71,B4,1110.7412109375,0.16290271282196045,2321.1539806078727
225.51205869790775,57,A3,1128.06298828125,0.07875356823205948,2937.4068956885167
225.52073924999107,46,A#2,1102.3521728515625,0.07256515324115753,2795.6067585125165
225.52073924999107,68,G#4,1102.3521728515625,0.07256515324115753,2795.6067585125165
225.7203919479077,57,A3,1100.0675048828125,0.06932875514030457,2294.752793290052
225.7203919479077,61,C#4,1100.0675048828125,0.06932875514030457,2294.752793290052
225.7203919479077,69,A4,1100.0675048828125,0.06932875514030457,2294.752793290052
225.7203919479077,71,B4,1100.0675048828125,0.06932875514030457,2294.752793290052
225.92004464582436,45,A2,1107.146728515625,0.07934725284576416,1950.204619716767
225.93306547394937,73,C#5,1107.146728515625,0.07934725284576416,1950.204619716767
225.93740574999103,40,E2,662.204833984375,0.07914756238460541,1898.2540488111026
225.93740574999103,42,F#2,662.204833984375,0.07914756238460541,1898.2540488111026
226.13271817186603,57,A3,1106.864501953125,0.15761911869049072,2020.8867249404561
226.13271817186603,61,C#4,1106.864501953125,0.15761911869049072,2020.8867249404561
226.13271817186603,69,A4,1106.864501953125,0.15761911869049072,2020.8867249404561
226.14139872394935,76,E5,1106.864501953125,0.15761911869049072,2020.8867249404561
226.34539169790767,64,E4,660.4820556640625,0.09951470792293549,1633.762853500596
226.34973197394933,80,G#5,660.4820556640625,0.09951470792293549,1633.762853500596
226.354072249991,35,B1,660.3824462890625,0.0936020240187645,1617.8588635709361
226.354072249991,35,B1,660.3824462890625,0.0936020240187645,1617.8588635709361
226.354072249991,46,A#2,660.3824462890625,0.0936020240187645,1617.8588635709361
226.549384671866,61,C#4,988.1558837890625,0.19918711483478546,1983.2619234309248
226.56240549999097,35,B1,492.4388122558594,0.35879531502723694,2184.756089522567
226.56240549999097,36,C2,492.4388122558594,0.35879531502723694,2184.756089522567
226.56240549999097,78,F#5,492.4388122558594,0.35879531502723694,2184.756089522567
226.66657212499095,76,E5,1155.9798583984375,0.1357322335243225,2316.138214561148
226.73167626561593,40,E2,1105.4986572265625,0.07703448832035065,2016.769769482085
226.7490373697826,47,B2,988.0911865234375,0.07396695017814636,2062.3443049288585
226.7620581979076,59,B3,988.0911865234375,0.07396695017814636,2062.3443049288585
226.7620581979076,66,F#4,988.0911865234375,0.07396695017814636,2062.3443049288585
226.76639847394927,78,F#5,988.0911865234375,0.07396695017814636,2062.3443049288585
226.77073874999093,35,B1,1106.641845703125,0.07750299572944641,2102.738244003096
226.77073874999093,40,E2,1106.641845703125,0.07750299572944641,2102.738244003096
226.77073874999093,46,A#2,1106.641845703125,0.07750299572944641,2102.738244003096
226.77073874999093,47,B2,1106.641845703125,0.07750299572944641,2102.738244003096
226.77073874999093,54,F#3,1106.641845703125,0.07750299572944641,2102.738244003096
226.77073874999093,59,B3,1106.641845703125,0.07750299572944641,2102.738244003096
226.77073874999093,63,D#4,1106.641845703125,0.07750299572944641,2102.738244003096
226.77073874999093,66,F#4,1106.641845703125,0.07750299572944641,2102.738244003096
226.77507902603259,63,D#4,1106.641845703125,0.07750299572944641,2102.738244003096
227.15702331769924,48,C3,880.6929931640625,0.08345665782690048,2827.6634249554068
227.17872469790757,59,B3,1063.590087890625,0.07978572696447372,2718.904318373976
227.1874052499909,48,C3,1063.590087890625,0.07978572696447372,2718.904318373976
227.59973147394922,59,B3,813.6580200195312,0.27923375368118286,2203.684999369403
227.59973147394922,66,F#4,813.6580200195312,0.27923375368118286,2203.684999369403
227.60407174999088,63,D#4,813.6580200195312,0.27923375368118286,2203.684999369403
227.79070361978256,48,C3,988.9049072265625,0.22551614046096802,1577.9535847781913
227.8124049999909,48,C3,989.2341918945312,0.2562836706638336,2498.193031739156
228.0033771458242,59,B3,809.3115234375,0.13170285522937775,3831.2880534462756
228.22907149999085,35,B1,744.9551391601562,0.1430407017469406,3884.892532399245
228.42438392186585,45,A2,988.3430786132812,0.10001564770936966,2238.9820254447372
228.42438392186585,52,E3,988.3430786132812,0.10001564770936966,2238.9820254447372
228.4287241979075,57,A3,988.3430786132812,0.10001564770936966,2238.9820254447372
228.4287241979075,61,C#4,988.3430786132812,0.10001564770936966,2238.9820254447372
228.4287241979075,64,E4,988.3430786132812,0.10001564770936966,2238.9820254447372
228.43740474999083,33,A1,988.3430786132812,0.10001564770936966,2238.9820254447372
228.43740474999083,81,A5,988.3430786132812,0.10001564770936966,2238.9820254447372
228.43740474999083,45,A2,988.3430786132812,0.10001564770936966,2238.9820254447372
228.43740474999083,45,A2,988.3430786132812,0.10001564770936966,2238.9820254447372
228.43740474999083,52,E3,988.3430786132812,0.10001564770936966,2238.9820254447372
228.43740474999083,57,A3,988.3430786132812,0.10001564770936966,2238.9820254447372
228.43740474999083,61,C#4,988.3430786132812,0.10001564770936966,2238.9820254447372
228.43740474999083,64,E4,988.3430786132812,0.10001564770936966,2238.9820254447372
228.82368931769915,57,A3,990.1691284179688,0.11942347884178162,3634.9723793096823
229.06240449999083,41,F2,1111.712890625,0.10100342333316803,1917.605209008917
229.24469609374083,47,B2,1109.2908935546875,0.0658661499619484,1750.3831643253575
229.2490363697825,54,F#3,1109.2908935546875,0.0658661499619484,1750.3831643253575
229.25337664582415,59,B3,1109.2908935546875,0.0658661499619484,1750.3831643253575
229.2577169218658,63,D#4,983.3818969726562,0.06230408325791359,1696.1387505780785
229.2577169218658,66,F#4,983.3818969726562,0.06230408325791359,1696.1387505780785
229.2707377499908,35,B1,983.3818969726562,0.06230408325791359,1696.1387505780785
229.2707377499908,41,F2,983.3818969726562,0.06230408325791359,1696.1387505780785
229.2707377499908,47,B2,983.3818969726562,0.06230408325791359,1696.1387505780785
229.2707377499908,54,F#3,983.3818969726562,0.06230408325791359,1696.1387505780785
229.2707377499908,59,B3,983.3818969726562,0.06230408325791359,1696.1387505780785
229.2707377499908,63,D#4,983.3818969726562,0.06230408325791359,1696.1387505780785
229.2707377499908,66,F#4,983.3818969726562,0.06230408325791359,1696.1387505780785
229.66570286978242,59,B3,893.1071166992188,0.1462157815694809,1716.5230609261057
229.68740424999075,64,E4,890.7088623046875,0.12943591177463531,1786.803259515813
229.89139722394907,64,E4,894.4144897460938,0.10592295229434967,1932.9974868185732
230.1040707499907,35,B1,1098.1954345703125,0.1092713251709938,2623.3774053913558
230.1040707499907,49,C#3,1098.1954345703125,0.1092713251709938,2623.3774053913558
230.1040707499907,57,A3,1098.1954345703125,0.1092713251709938,2623.3774053913558
230.11275130207403,52,E3,1098.1954345703125,0.1092713251709938,2623.3774053913558
230.11275130207403,57,A3,1098.1954345703125,0.1092713251709938,2623.3774053913558
230.1170915781157,45,A2,883.2416381835938,0.10959889739751816,1845.3115848411792
230.1170915781157,61,C#4,883.2416381835938,0.10959889739751816,1845.3115848411792
230.1170915781157,64,E4,883.2416381835938,0.10959889739751816,1845.3115848411792
230.13445268228236,69,A4,883.2416381835938,0.10959889739751816,1845.3115848411792
230.39052896874068,68,G#4,1109.8289794921875,0.21150290966033936,1553.4782559485202
230.516396973949,57,A3,1110.329345703125,0.13097086548805237,1698.6124940003237
230.72907049999066,52,E3,989.5145263671875,0.13509425520896912,2045.7300846949136
230.75511215624064,64,E4,988.5598754882812,0.13021457195281982,1893.7658508723548
230.9417440260323,57,A3,988.2991943359375,0.09278690069913864,2050.7198439135764
230.9417440260323,61,C#4,988.2991943359375,0.09278690069913864,2050.7198439135764
230.9417440260323,69,A4,988.2991943359375,0.09278690069913864,2050.7198439135764
231.34104942186562,57,A3,1104.1641845703125,0.09990706294775009,1651.0478273994845
231.53636184374062,64,E4,989.2476196289062,0.09149910509586334,1700.1061135550929
231.54938267186563,57,A3,989.2476196289062,0.09149910509586334,1700.1061135550929
231.5537229479073,64,E4,989.2467651367188,0.09210040420293808,1649.4544137554146
231.75337564582395,52,E3,988.5943603515625,0.09885718673467636,1520.9852549116833
231.76205619790727,69,A4,989.2898559570312,0.09707330167293549,1539.8788948327779
231.9617088958239,57,A3,988.6851806640625,0.09215954691171646,2254.885639086491
231.9617088958239,64,E4,988.6851806640625,0.09215954691171646,2254.885639086491
232.00511165624056,68,G#4,989.5321044921875,0.07888031005859375,2005.9956421320546
232.17438242186554,57,A3,988.6701049804688,0.0867978110909462,1706.3828467350065
232.37403511978223,45,A2,989.1861572265625,0.07427642494440079,1731.454828466719
232.37403511978223,64,E4,989.1861572265625,0.07427642494440079,1731.454828466719
232.57802809374056,59,B3,989.3939208984375,0.07945597171783447,1691.7656349878173
232.57802809374056,64,E4,989.3939208984375,0.07945597171783447,1691.7656349878173
232.78636134374057,61,C#4,989.6213989257812,0.08369316905736923,1866.4929494054468
233.02073624999053,57,A3,988.5786743164062,0.07818253338336945,1634.9099218511478
233.22906949999054,45,A2,988.7744750976562,0.06536813080310822,1569.9318686259307
233.22906949999054,68,G#4,988.7744750976562,0.06536813080310822,1569.9318686259307
233.38531943749055,54,F#3,1152.70849609375,0.0595117025077343,2183.3938052759813
233.4200416458239,59,B3,1100.0240478515625,0.07469240576028824,1909.7209458735176
233.42438192186555,47,B2,1100.0240478515625,0.07469240576028824,1909.7209458735176
233.42438192186555,63,D#4,1100.0240478515625,0.07469240576028824,1909.7209458735176
233.42438192186555,66,F#4,1100.0240478515625,0.07469240576028824,1909.7209458735176
233.43740274999055,68,G#4,881.2999877929688,0.07873246818780899,1728.8286295248195
233.64139572394888,66,F#4,1102.2093505859375,0.06925380975008011,1601.0647742093272
233.83670814582385,59,B3,878.963623046875,0.08469254523515701,1405.0516921989936
234.03636084374048,54,F#3,1097.6912841796875,0.07433506846427917,1781.721032022891
234.04070111978214,66,F#4,1099.8345947265625,0.06727134436368942,1677.2909844858941
234.2403538176988,66,F#4,1154.318115234375,0.05984702706336975,1430.453600435795
234.24903436978212,59,B3,1157.31689453125,0.05982215330004692,1455.5130737295563
234.24903436978212,63,D#4,1157.31689453125,0.05982215330004692,1455.5130737295563
234.24903436978212,71,B4,1157.31689453125,0.05982215330004692,1455.5130737295563
234.62663838540715,66,F#4,988.6767578125,0.057396940886974335,1922.6485408818328
234.87403411978215,59,B3,989.2471313476562,0.04680261388421059,1838.393111330018
234.87403411978215,66,F#4,989.2471313476562,0.04680261388421059,1838.393111330018
234.88271467186547,66,F#4,989.2471313476562,0.04680261388421059,1838.393111330018
235.11708957811547,66,F#4,1002.2779541015625,0.05373769998550415,1829.5665259487591
235.2950408958238,66,F#4,1112.1468505859375,0.06007138267159462,1965.8351752690905
235.30372144790712,59,B3,1112.1468505859375,0.06007138267159462,1965.8351752690905
235.40354779686544,66,F#4,1109.2137451171875,0.056416019797325134,1934.0327127148068
235.50337414582378,59,B3,1110.2828369140625,0.050957974046468735,1933.7126661741233
235.7117073958238,54,F#3,1107.424072265625,0.05203421413898468,1903.8116050881126
235.72906849999046,68,G#4,1107.424072265625,0.05203421413898468,1903.8116050881126
235.91570036978214,59,B3,989.4862670898438,0.05602911114692688,1765.5700193538366
235.91570036978214,63,D#4,989.4862670898438,0.05602911114692688,1765.5700193538366
235.91570036978214,71,B4,989.4862670898438,0.05602911114692688,1765.5700193538366
236.23688079686548,66,F#4,1119.047607421875,0.053036823868751526,1778.2243696300116
236.33670714582382,59,B3,991.5255126953125,0.04781603813171387,1746.5198263898822
236.33670714582382,66,F#4,991.5255126953125,0.04781603813171387,1746.5198263898822
236.5233390156155,66,F#4,986.5,0.07631292194128036,1782.346500285808
236.5363598437405,63,D#4,986.5,0.07631292194128036,1782.346500285808
236.7316722656155,57,A3,988.0737915039062,0.04731189087033272,1643.3433325297951
236.75771392186547,49,C#3,1177.9908447265625,0.048853740096092224,1572.766816533867
236.75771392186547,57,A3,1177.9908447265625,0.048853740096092224,1572.766816533867
236.75771392186547,64,E4,1177.9908447265625,0.048853740096092224,1572.766816533867
236.76205419790713,61,C#4,1177.9908447265625,0.048853740096092224,1572.766816533867
236.77073474999045,37,C#2,1177.9908447265625,0.048853740096092224,1572.766816533867
236.77073474999045,43,G2,1177.9908447265625,0.048853740096092224,1572.766816533867
236.78809585415712,66,F#4,1177.933349609375,0.04920857399702072,1577.2539157806668
237.0528526926988,64,E4,988.7147216796875,0.05505210533738136,2218.121389319069
237.15701931769877,57,A3,983.9545288085938,0.05231386050581932,1883.6359960818247
237.17438042186544,57,A3,982.866455078125,0.04974210262298584,1799.3963430728995
237.1787206979071,61,C#4,982.866455078125,0.04974210262298584,1799.3963430728995
237.1787206979071,64,E4,982.866455078125,0.04974210262298584,1799.3963430728995
237.18740124999042,37,C#2,982.866455078125,0.04974210262298584,1799.3963430728995
237.18740124999042,43,G2,982.866455078125,0.04974210262298584,1799.3963430728995
237.36969284374038,64,E4,996.1275024414062,0.04792510345578194,1898.5594047730137
237.5606649895737,57,A3,1185.7027587890625,0.046511974185705185,1916.7109261653668
237.57802609374036,57,A3,1186.37646484375,0.04518836736679077,1890.0471857795737
237.58236636978202,61,C#4,1186.37646484375,0.04518836736679077,1890.0471857795737
237.58236636978202,64,E4,1186.37646484375,0.04518836736679077,1890.0471857795737
237.60406774999035,37,C#2,1184.8785400390625,0.04157242551445961,1886.884803700069
237.60406774999035,43,G2,1184.8785400390625,0.04157242551445961,1886.884803700069
237.62576913019868,64,E4,1185.6849365234375,0.04058964550495148,1941.907325015855
237.92090790103202,64,E4,1159.17529296875,0.05260428413748741,1651.716617265322
237.96865093749037,57,A3,1156.2135009765625,0.04485576972365379,1619.6258875850226
237.99469259374035,57,A3,1155.3455810546875,0.045969679951667786,1560.611916986748
237.99469259374035,61,C#4,1155.3455810546875,0.045969679951667786,1560.611916986748
237.99469259374035,64,E4,1155.3455810546875,0.045969679951667786,1560.611916986748
238.02073424999034,37,C#2,1155.473388671875,0.045057278126478195,1585.1644988391713
238.02073424999034,43,G2,1155.473388671875,0.045057278126478195,1585.1644988391713
238.19434529165702,64,E4,1156.6009521484375,0.06626355648040771,1785.4063203903906
238.39399798957365,57,A3,1156.0047607421875,0.04328564554452896,1452.6178637276034
238.41569936978198,49,C#3,1157.8590087890625,0.03887872025370598,1537.6067098566461
238.41569936978198,57,A3,1157.8590087890625,0.03887872025370598,1537.6067098566461
238.42003964582364,61,C#4,1157.8590087890625,0.03887872025370598,1537.6067098566461
238.42003964582364,64,E4,1157.8590087890625,0.03887872025370598,1537.6067098566461
238.4374007499903,37,C#2,1155.1395263671875,0.036291465163230896,1486.973470104439
238.4374007499903,43,G2,1155.1395263671875,0.036291465163230896,1486.973470104439
238.45910213019863,64,E4,1106.78369140625,0.036773040890693665,1488.8662279837608
238.7368797968653,64,E4,1102.1981201171875,0.06171903386712074,1727.504042877337
238.7889631093653,57,A3,1156.0147705078125,0.04711906611919403,1719.648180619888
238.8280255937403,57,A3,1155.851806640625,0.042135633528232574,1746.3929891078953
238.8280255937403,61,C#4,1155.851806640625,0.042135633528232574,1746.3929891078953
238.8280255937403,64,E4,1155.851806640625,0.042135633528232574,1746.3929891078953
238.8540672499903,37,C#2,1110.1533203125,0.04330199211835861,1645.4409029308306
238.8540672499903,43,G2,1110.1533203125,0.04330199211835861,1645.4409029308306
239.02767829165694,64,E4,1158.57177734375,0.09655969589948654,1673.387063407536
239.21431016144862,57,A3,1106.7606201171875,0.055548205971717834,1513.4739043330414
239.25337264582362,49,C#3,1100.174072265625,0.049799978733062744,1486.1255257176997
239.25771292186528,57,A3,1100.174072265625,0.049799978733062744,1486.1255257176997
239.25771292186528,61,C#4,1100.174072265625,0.049799978733062744,1486.1255257176997
239.25771292186528,64,E4,1100.174072265625,0.049799978733062744,1486.1255257176997
239.27073374999028,37,C#2,1155.5382080078125,0.046401675790548325,1452.1721883917098
239.27073374999028,43,G2,1155.5382080078125,0.046401675790548325,1452.1721883917098
239.2837545781153,64,E4,1155.5382080078125,0.046401675790548325,1452.1721883917098
239.63965721353193,57,A3,1103.447265625,0.07564087212085724,1607.1991354191384
239.67437942186527,57,A3,1151.2003173828125,0.07051672041416168,1599.1450900077289
239.67437942186527,61,C#4,1151.2003173828125,0.07051672041416168,1599.1450900077289
239.67437942186527,64,E4,1151.2003173828125,0.07051672041416168,1599.1450900077289
239.68740024999028,37,C#2,1153.065673828125,0.06936561316251755,1553.2961460412916
239.68740024999028,43,G2,1153.065673828125,0.06936561316251755,1553.2961460412916
239.8696918437403,64,E4,1154.3199462890625,0.09744942933320999,1753.3454794695522
240.0910459218653,68,G#4,1097.2379150390625,0.05862325429916382,1491.5610083214847
240.1040667499903,35,B1,1097.8857421875,0.08697491884231567,1583.3505091826105
240.1040667499903,51,D#3,1097.8857421875,0.08697491884231567,1583.3505091826105
240.10840702603195,59,B3,1097.8857421875,0.08697491884231567,1583.3505091826105
240.11274730207361,63,D#4,1097.8857421875,0.08697491884231567,1583.3505091826105
240.11274730207361,66,F#4,1097.8857421875,0.08697491884231567,1583.3505091826105
240.33410138019858,66,F#4,1155.9345703125,0.09685520827770233,1585.6122879310014
240.4990318697819,47,B2,1106.83154296875,0.058430265635252,1487.8098505141368
240.50337214582356,59,B3,1106.83154296875,0.058430265635252,1487.8098505141368
240.52073324999023,39,D#2,1106.241455078125,0.08812975883483887,1502.2217175093283
240.52073324999023,40,E2,1106.241455078125,0.08812975883483887,1502.2217175093283
240.52073324999023,43,G2,1106.241455078125,0.08812975883483887,1502.2217175093283
240.52073324999023,46,A#2,1106.241455078125,0.08812975883483887,1502.2217175093283
240.52073324999023,47,B2,1106.241455078125,0.08812975883483887,1502.2217175093283
240.53375407811524,59,B3,1106.241455078125,0.08812975883483887,1502.2217175093283
240.53375407811524,63,D#4,1106.241455078125,0.08812975883483887,1502.2217175093283
240.53375407811524,66,F#4,1106.241455078125,0.08812975883483887,1502.2217175093283
240.72472622394855,66,F#4,1155.0406494140625,0.12838202714920044,1677.432567659332
240.9373997499902,44,G#2,1106.6597900390625,0.08849899470806122,1319.1155953838725
240.9504205781152,59,B3,1106.6597900390625,0.08849899470806122,1319.1155953838725
240.9504205781152,63,D#4,1106.6597900390625,0.08849899470806122,1319.1155953838725
240.9504205781152,66,F#4,1106.6597900390625,0.08849899470806122,1319.1155953838725
241.33670514582352,64,E4,1110.474365234375,0.1898396611213684,2843.086751381068
241.33670514582352,76,E5,1110.474365234375,0.1898396611213684,2843.086751381068
241.34972597394852,52,E3,1110.474365234375,0.1898396611213684,2843.086751381068
241.35406624999018,33,A1,987.0661010742188,0.23743122816085815,3211.7995548129056
241.35406624999018,40,E2,987.0661010742188,0.23743122816085815,3211.7995548129056
241.35406624999018,45,A2,987.0661010742188,0.23743122816085815,3211.7995548129056
241.35406624999018,45,A2,987.0661010742188,0.23743122816085815,3211.7995548129056
241.35406624999018,64,E4,987.0661010742188,0.23743122816085815,3211.7995548129056
241.3627468020735,66,F#4,987.0661010742188,0.23743122816085815,3211.7995548129056
241.36708707811516,59,B3,987.0661010742188,0.23743122816085815,3211.7995548129056
241.36708707811516,63,D#4,987.0661010742188,0.23743122816085815,3211.7995548129056
241.52767729165677,52,E3,738.267333984375,0.16594645380973816,4144.168568681752
241.54069811978178,64,E4,743.1956176757812,0.15848739445209503,3933.713415815496
241.54503839582344,76,E5,743.1956176757812,0.15848739445209503,3933.713415815496
241.5493786718651,64,E4,743.1956176757812,0.15848739445209503,3933.713415815496
241.56239949999008,33,A1,992.6460571289062,0.14203085005283356,4185.191633433403
241.56239949999008,40,E2,992.6460571289062,0.14203085005283356,4185.191633433403
241.56239949999008,45,A2,992.6460571289062,0.14203085005283356,4185.191633433403
241.56239949999008,45,A2,992.6460571289062,0.14203085005283356,4185.191633433403
241.77507302603175,68,G#4,1107.7476806640625,0.0993853211402893,3309.8194863408944
241.7794133020734,45,A2,1107.7476806640625,0.0993853211402893,3309.8194863408944
241.7794133020734,52,E3,1107.7476806640625,0.0993853211402893,3309.8194863408944
241.78375357811507,57,A3,1107.7476806640625,0.0993853211402893,3309.8194863408944
241.78375357811507,61,C#4,1107.7476806640625,0.0993853211402893,3309.8194863408944
241.78375357811507,64,E4,1107.7476806640625,0.0993853211402893,3309.8194863408944
241.78375357811507,69,A4,1107.7476806640625,0.0993853211402893,3309.8194863408944
242.20910063019838,69,A4,1110.9910888671875,0.1322626918554306,2874.820014422285
242.5953851979067,68,G#4,1109.7166748046875,0.13877594470977783,4702.431928752736
242.59972547394835,47,B2,1109.7166748046875,0.13877594470977783,4702.431928752736
242.59972547394835,54,F#3,1109.7166748046875,0.13877594470977783,4702.431928752736
242.60406574999,35,B1,1109.7166748046875,0.13877594470977783,4702.431928752736
242.60406574999,40,E2,1109.7166748046875,0.13877594470977783,4702.431928752736
242.60406574999,45,A2,1109.7166748046875,0.13877594470977783,4702.431928752736
242.60406574999,47,B2,1109.7166748046875,0.13877594470977783,4702.431928752736
242.60406574999,59,B3,1109.7166748046875,0.13877594470977783,4702.431928752736
242.60406574999,63,D#4,1109.7166748046875,0.13877594470977783,4702.431928752736
242.60406574999,71,B4,1109.7166748046875,0.13877594470977783,4702.431928752736
242.60840602603167,66,F#4,1113.3848876953125,0.13902345299720764,4045.982781491498
242.62142685415668,59,B3,1113.3848876953125,0.13902345299720764,4045.982781491498
242.7255934791567,61,C#4,1157.5174560546875,0.12882912158966064,3515.499275020944
242.81239899999,35,B1,1153.47802734375,0.10677725076675415,3342.1758621048966
242.81239899999,40,E2,1153.47802734375,0.10677725076675415,3342.1758621048966
242.81239899999,45,A2,1153.47802734375,0.10677725076675415,3342.1758621048966
242.81239899999,47,B2,1153.47802734375,0.10677725076675415,3342.1758621048966
242.81673927603165,63,D#4,1152.3687744140625,0.10021235048770905,3079.1518713231044
242.96430866144834,64,E4,1153.2001953125,0.07837866991758347,2632.215540925221
243.02073224998998,35,B1,1153.0687255859375,0.08406650274991989,2576.2717926679215
243.03375307811498,66,F#4,1151.9727783203125,0.08503080904483795,2501.116897611182
243.03809335415664,66,F#4,1151.9727783203125,0.08503080904483795,2501.116897611182
243.16396135936498,68,G#4,1152.66357421875,0.07653272897005081,2134.251058044868
243.27246826040664,69,A4,1153.2349853515625,0.07174406945705414,2007.366270207313
243.43739874998997,28,E1,1149.24951171875,0.16716179251670837,3222.01283717203
243.43739874998997,35,B1,1149.24951171875,0.16716179251670837,3222.01283717203
243.43739874998997,40,E2,1149.24951171875,0.16716179251670837,3222.01283717203
243.43739874998997,40,E2,1149.24951171875,0.16716179251670837,3222.01283717203
243.43739874998997,40,E2,1149.24951171875,0.16716179251670837,3222.01283717203
243.43739874998997,47,B2,1149.24951171875,0.16716179251670837,3222.01283717203
243.43739874998997,47,B2,1149.24951171875,0.16716179251670837,3222.01283717203
243.43739874998997,49,C#3,1149.24951171875,0.16716179251670837,3222.01283717203
243.43739874998997,52,E3,1149.24951171875,0.16716179251670837,3222.01283717203
243.43739874998997,52,E3,1149.24951171875,0.16716179251670837,3222.01283717203
243.43739874998997,59,B3,1149.24951171875,0.16716179251670837,3222.01283717203
243.43739874998997,59,B3,1149.24951171875,0.16716179251670837,3222.01283717203
243.43739874998997,64,E4,1149.24951171875,0.16716179251670837,3222.01283717203
243.43739874998997,68,G#4,1149.24951171875,0.16716179251670837,3222.01283717203
243.43739874998997,71,B4,1149.24951171875,0.16716179251670837,3222.01283717203
243.43739874998997,71,B4,1149.24951171875,0.16716179251670837,3222.01283717203
243.43739874998997,83,B5,1149.24951171875,0.16716179251670837,3222.01283717203
243.44173902603163,64,E4,626.39453125,0.17593133449554443,3220.043423311787
243.54156537498994,56,G#3,987.5260620117188,0.1926480084657669,1383.9941664410717
243.54156537498994,59,B3,987.5260620117188,0.1926480084657669,1383.9941664410717
243.54156537498994,64,E4,987.5260620117188,0.1926480084657669,1383.9941664410717
244.27073174998995,40,E2,987.9168090820312,0.3125258982181549,2454.9333720732943
244.27073174998995,51,D#3,987.9168090820312,0.3125258982181549,2454.9333720732943
244.68739824998994,51,D#3,1153.7705078125,0.06774633377790451,3734.625132059877
245.09104392186495,83,B5,1182.5211181640625,0.19007496535778046,3393.6083749927534
245.10406474998996,35,B1,1182.5211181640625,0.19007496535778046,3393.6083749927534
245.10406474998996,51,D#3,1182.5211181640625,0.19007496535778046,3393.6083749927534
245.11708557811497,40,E2,1181.8707275390625,0.18682333827018738,3679.8614579717014
245.31239799998997,51,D#3,1151.59375,0.05501288175582886,2725.8010286527274
245.3471202083233,59,B3,1152.205810546875,0.04861678555607796,2726.5993937291396
245.50771042186497,81,A5,1109.9754638671875,0.06041305884718895,2819.353721137706
245.5163909739483,64,E4,1109.7882080078125,0.06113296374678612,2782.601660757383
245.52073124998995,51,D#3,1109.7882080078125,0.06113296374678612,2782.601660757383
245.73340477603162,68,G#4,1108.758544921875,0.05264483019709587,2368.9073966763963
245.92437692186493,52,E3,205.90267944335938,0.3923436105251312,1837.0384842122712
245.92437692186493,80,G#5,205.90267944335938,0.3923436105251312,1837.0384842122712
245.93739774998994,40,E2,208.98260498046875,0.3970532715320587,1537.8865148716263
245.93739774998994,51,D#3,208.98260498046875,0.3970532715320587,1537.8865148716263
245.9764602343649,71,B4,1109.7991943359375,0.12647618353366852,2535.66596141668
246.13271017186491,71,B4,1109.455078125,0.08176954835653305,2510.8506089639936
246.13705044790657,59,B3,1151.95166015625,0.07962372899055481,2541.6259561220268
246.3410434218649,68,G#4,1109.6829833984375,0.06651560962200165,3109.9176068044126
246.3410434218649,78,F#5,1109.6829833984375,0.06651560962200165,3109.9176068044126
246.3540642499899,51,D#3,1109.6778564453125,0.06637809425592422,3060.793605031119
246.4321892187399,69,A4,1150.7430419921875,0.06140325590968132,2960.777370101057
246.54503639582322,64,E4,1151.5509033203125,0.0550035759806633,2786.172774097472
246.56239749998988,28,E1,1150.3939208984375,0.05401671305298805,2789.1265478634286
246.7663904739482,63,D#4,1182.5948486328125,0.16485385596752167,3642.2311699376237
246.77073074998987,35,B1,1182.5948486328125,0.16485385596752167,3642.2311699376237
246.77073074998987,35,B1,1182.5948486328125,0.16485385596752167,3642.2311699376237
246.77073074998987,47,B2,1182.5948486328125,0.16485385596752167,3642.2311699376237
246.77073074998987,49,C#3,1182.5948486328125,0.16485385596752167,3642.2311699376237
246.77073074998987,54,F#3,1182.5948486328125,0.16485385596752167,3642.2311699376237
246.77073074998987,54,F#3,1182.5948486328125,0.16485385596752167,3642.2311699376237
246.77073074998987,63,D#4,1182.5948486328125,0.16485385596752167,3642.2311699376237
246.77073074998987,66,F#4,1182.5948486328125,0.16485385596752167,3642.2311699376237
246.77941130207319,47,B2,1182.5948486328125,0.16485385596752167,3642.2311699376237
246.77941130207319,47,B2,1182.5948486328125,0.16485385596752167,3642.2311699376237
247.18739724998986,51,D#3,1109.1834716796875,0.05510770529508591,2730.442803512614
247.20475835415652,59,B3,1152.16455078125,0.05293913558125496,2643.682023099957
247.2308000104065,68,G#4,1150.4619140625,0.05031841993331909,2540.894748884402
247.59104292186484,54,F#3,366.91705322265625,0.3042636513710022,1797.1633009596335
247.60406374998985,40,E2,1108.13671875,0.30330023169517517,2037.445822732338
247.60406374998985,51,D#3,1108.13671875,0.30330023169517517,2037.445822732338
247.80805672394817,59,B3,1108.451904296875,0.0922437235713005,2232.193219783692
248.0207302499898,35,B1,1109.5489501953125,0.07573641091585159,2493.8984211653456
248.0207302499898,51,D#3,1109.5489501953125,0.07573641091585159,2493.8984211653456
248.0207302499898,78,F#5,1109.5489501953125,0.07573641091585159,2493.8984211653456
248.02507052603147,66,F#4,1109.5489501953125,0.07573641091585159,2493.8984211653456
248.22038294790647,80,G#5,1110.2412109375,0.07041756808757782,2313.5991791419538
248.22472322394813,68,G#4,1110.2412109375,0.07041756808757782,2313.5991791419538
248.42871619790645,81,A5,1180.19482421875,0.13324853777885437,3623.3427959322917
248.4330564739481,69,A4,1180.19482421875,0.13324853777885437,3623.3427959322917
248.43739674998977,35,B1,1175.486328125,0.09813451766967773,3482.679240150216
248.43739674998977,35,B1,1175.486328125,0.09813451766967773,3482.679240150216
248.43739674998977,51,D#3,1175.486328125,0.09813451766967773,3482.679240150216
248.83670214582307,80,G#5,1109.283935546875,0.07348255068063736,2524.243085391139
248.84104242186473,68,G#4,1109.283935546875,0.07348255068063736,2524.243085391139
248.85406324998974,51,D#3,1109.9755859375,0.07180289924144745,2428.1446661973055
249.25336864582306,78,F#5,879.5908813476562,0.29970890283584595,2016.2008840010676
249.25770892186472,66,F#4,879.5908813476562,0.29970890283584595,2016.2008840010676
249.27072974998973,40,E2,1109.510498046875,0.11704523116350174,2204.4509522139074
249.27072974998973,51,D#3,1109.510498046875,0.11704523116350174,2204.4509522139074
249.27072974998973,66,F#4,1109.510498046875,0.11704523116350174,2204.4509522139074
249.47906299998974,51,D#3,1109.767333984375,0.07224864512681961,2108.942161008319
249.6743754218647,76,E5,1108.4151611328125,0.06842075288295746,2385.47420969041
249.67871569790637,64,E4,1108.4151611328125,0.06842075288295746,2385.47420969041
249.6873962499897,42,F#2,1108.4151611328125,0.06842075288295746,2385.47420969041
249.6873962499897,51,D#3,1108.4151611328125,0.06842075288295746,2385.47420969041
249.6873962499897,64,E4,1108.4151611328125,0.06842075288295746,2385.47420969041
250.047639161448,54,F#3,1181.3951416015625,0.19946418702602386,3421.3864903095214
250.09104192186464,61,C#4,1175.6478271484375,0.1028018519282341,3479.349049764072
250.09104192186464,64,E4,1175.6478271484375,0.1028018519282341,3479.349049764072
250.0953821979063,42,F#2,1175.6478271484375,0.1028018519282341,3479.349049764072
250.0953821979063,57,A3,1175.6478271484375,0.1028018519282341,3479.349049764072
250.10406274998962,35,B1,1175.6478271484375,0.1028018519282341,3479.349049764072
250.10406274998962,42,F#2,1175.6478271484375,0.1028018519282341,3479.349049764072
250.10406274998962,49,C#3,1175.6478271484375,0.1028018519282341,3479.349049764072
250.10406274998962,51,D#3,1175.6478271484375,0.1028018519282341,3479.349049764072
250.10406274998962,57,A3,1175.6478271484375,0.1028018519282341,3479.349049764072
250.10406274998962,61,C#4,1175.6478271484375,0.1028018519282341,3479.349049764072
250.10406274998962,66,F#4,1175.6478271484375,0.1028018519282341,3479.349049764072
250.10406274998962,76,E5,1175.6478271484375,0.1028018519282341,3479.349049764072
250.11708357811463,64,E4,1172.1768798828125,0.08584661781787872,3460.3341474499794
250.4990278697813,57,A3,1109.307861328125,0.09789328277111053,2089.684432107335
250.5207292499896,51,D#3,1110.1724853515625,0.09142817556858063,2112.7396780704967
250.54243063019794,61,C#4,1108.730712890625,0.08785170316696167,2094.7519395054437
250.90701381769796,54,F#3,369.5843811035156,0.3405071794986725,1838.2717552261665
250.93739574998963,40,E2,1109.5142822265625,0.19248449802398682,2373.3107058053033
250.93739574998963,51,D#3,1109.5142822265625,0.19248449802398682,2373.3107058053033
251.14572899998961,37,C#2,1108.8953857421875,0.07838747650384903,2276.1916665930694
251.34972197394794,54,F#3,1113.4139404296875,0.07192869484424591,2285.761567034164
251.3540622499896,33,A1,1113.4139404296875,0.07192869484424591,2285.761567034164
251.3540622499896,51,D#3,1113.4139404296875,0.07192869484424591,2285.761567034164
251.5623954999896,32,G#1,1125.6129150390625,0.06212783604860306,2276.6790406708824
251.73600654165628,81,A5,1173.819091796875,0.09553342312574387,3280.570614040399
251.77072874998962,30,F#1,1164.759521484375,0.08574719727039337,3066.1580745684023
251.77072874998962,35,B1,1164.759521484375,0.08574719727039337,3066.1580745684023
251.77072874998962,51,D#3,1164.759521484375,0.08574719727039337,3066.1580745684023
252.1873952499896,51,D#3,1120.0875244140625,0.08158083260059357,1953.894372057891
252.38704794790627,42,F#2,1111.368896484375,0.08736860007047653,1824.9838152858692
252.55631871353125,57,A3,1110.5294189453125,0.10614609718322754,2867.6097092770033
252.58236036978124,83,B5,1110.53369140625,0.07643858343362808,2888.6044275508207
252.5997214739479,59,B3,1108.5565185546875,0.07466758787631989,2903.4677672345633
252.60406174998957,40,E2,1108.5565185546875,0.07466758787631989,2903.4677672345633
252.60406174998957,51,D#3,1108.5565185546875,0.07466758787631989,2903.4677672345633
252.8080547239479,64,E4,1109.1964111328125,0.0546383261680603,2962.07470130082
253.02072824998956,33,A1,1108.60498046875,0.05492744594812393,2780.850321582773
253.02072824998956,51,D#3,1108.60498046875,0.05492744594812393,2780.850321582773
253.02506852603122,59,B3,1108.60498046875,0.05492744594812393,2780.850321582773
253.21170039582287,57,A3,1107.0635986328125,0.06616995483636856,2470.062630710794
253.2290614999895,35,B1,1108.7340087890625,0.06292330473661423,2413.7316857114142
253.3809711614478,80,G#5,1175.1575927734375,0.0922827273607254,3721.223592435874
253.42437392186446,61,C#4,1169.712158203125,0.07566685974597931,3587.0682093754876
253.42871419790612,49,C#3,1151.713134765625,0.06893892586231232,3459.66446058175
253.42871419790612,56,G#3,1151.713134765625,0.06893892586231232,3459.66446058175
253.42871419790612,64,E4,1151.713134765625,0.06893892586231232,3459.66446058175
253.43739474998944,35,B1,1151.713134765625,0.06893892586231232,3459.66446058175
253.43739474998944,37,C#2,1151.713134765625,0.06893892586231232,3459.66446058175
253.43739474998944,49,C#3,1151.713134765625,0.06893892586231232,3459.66446058175
253.43739474998944,49,C#3,1151.713134765625,0.06893892586231232,3459.66446058175
253.43739474998944,49,C#3,1151.713134765625,0.06893892586231232,3459.66446058175
253.43739474998944,56,G#3,1151.713134765625,0.06893892586231232,3459.66446058175
253.43739474998944,56,G#3,1151.713134765625,0.06893892586231232,3459.66446058175
253.43739474998944,61,C#4,1151.713134765625,0.06893892586231232,3459.66446058175
253.43739474998944,64,E4,1151.713134765625,0.06893892586231232,3459.66446058175
253.45041557811444,68,G#4,1151.94482421875,0.06538718193769455,3372.5315527991884
253.84104042186442,56,G#3,1113.62060546875,0.0912431925535202,2231.2679394276574
253.85406124998943,51,D#3,1112.689697265625,0.0868663489818573,2206.208704915536
254.06239449998944,49,C#3,1110.5032958984375,0.0813538134098053,2209.9809168579704
254.26638747394776,56,G#3,1111.967041015625,0.08807174861431122,2600.3169849221003
254.26638747394776,61,C#4,1111.967041015625,0.08807174861431122,2600.3169849221003
254.27072774998942,40,E2,1111.967041015625,0.08807174861431122,2600.3169849221003
254.27072774998942,51,D#3,1111.967041015625,0.08807174861431122,2600.3169849221003
254.27506802603108,64,E4,1111.967041015625,0.08807174861431122,2600.3169849221003
254.4790609999894,33,A1,1107.5653076171875,0.07236575335264206,2570.9373607204334
254.4790609999894,51,D#3,1107.5653076171875,0.07236575335264206,2570.9373607204334
254.6743734218644,56,G#3,1110.9927978515625,0.07005854696035385,2473.0145414007898
254.6873942499894,37,C#2,1110.633544921875,0.07338733226060867,2404.027644198111
254.6873942499894,51,D#3,1110.633544921875,0.07338733226060867,2404.027644198111
254.89572749998942,36,C2,1126.134033203125,0.12071110308170319,2401.3671658673456
255.05197743748943,78,F#5,1161.564208984375,0.08358348906040192,3137.7557145250757
255.0563177135311,66,F#4,1161.564208984375,0.08358348906040192,3137.7557145250757
255.0693385416561,47,B2,1161.564208984375,0.08358348906040192,3137.7557145250757
255.09538019790608,47,B2,1152.7828369140625,0.07704880833625793,3051.375757700934
255.09538019790608,54,F#3,1152.7828369140625,0.07704880833625793,3051.375757700934
255.09538019790608,59,B3,1152.7828369140625,0.07704880833625793,3051.375757700934
255.09538019790608,63,D#4,1152.7828369140625,0.07704880833625793,3051.375757700934
255.1040607499894,35,B1,1108.2158203125,0.08560756593942642,2975.7313792512623
255.1040607499894,35,B1,1108.2158203125,0.08560756593942642,2975.7313792512623
255.1040607499894,47,B2,1108.2158203125,0.08560756593942642,2975.7313792512623
255.1040607499894,49,C#3,1108.2158203125,0.08560756593942642,2975.7313792512623
255.1040607499894,54,F#3,1108.2158203125,0.08560756593942642,2975.7313792512623
255.1040607499894,59,B3,1108.2158203125,0.08560756593942642,2975.7313792512623
255.1040607499894,63,D#4,1108.2158203125,0.08560756593942642,2975.7313792512623
255.1040607499894,66,F#4,1108.2158203125,0.08560756593942642,2975.7313792512623
255.50770642186438,54,F#3,1107.6732177734375,0.06960347294807434,2373.3704190042417
255.72906049998937,35,B1,1108.8349609375,0.08862222731113434,2086.711958175123
255.93739374998938,35,B1,992.2425537109375,0.08294540643692017,2419.908663764976
255.93739374998938,40,E2,992.2425537109375,0.08294540643692017,2419.908663764976
255.93739374998938,51,D#3,992.2425537109375,0.08294540643692017,2419.908663764976
255.94173402603104,54,F#3,992.2425537109375,0.08294540643692017,2419.908663764976
255.9460743020727,59,B3,992.2425537109375,0.08294540643692017,2419.908663764976
255.9460743020727,63,D#4,992.2425537109375,0.08294540643692017,2419.908663764976
255.95475485415602,68,G#4,992.2425537109375,0.08294540643692017,2419.908663764976
256.34103942186437,54,F#3,1110.391845703125,0.06561939418315887,2333.3603530281093
256.35406024998935,45,A2,1111.0423583984375,0.07158877700567245,2386.985296557029
256.56239349998935,45,A2,1191.3472900390625,0.19971908628940582,3199.907724823068
256.7533656458226,52,E3,990.0298461914062,0.1123330295085907,2530.8649314086224
256.7533656458226,76,E5,990.0298461914062,0.1123330295085907,2530.8649314086224
256.77072674998925,28,E1,998.2344970703125,0.12045997381210327,2121.530720421254
256.77072674998925,35,B1,998.2344970703125,0.12045997381210327,2121.530720421254
256.77072674998925,40,E2,998.2344970703125,0.12045997381210327,2121.530720421254
256.77072674998925,40,E2,998.2344970703125,0.12045997381210327,2121.530720421254
256.77072674998925,47,B2,998.2344970703125,0.12045997381210327,2121.530720421254
256.77072674998925,49,C#3,998.2344970703125,0.12045997381210327,2121.530720421254
256.77072674998925,52,E3,998.2344970703125,0.12045997381210327,2121.530720421254
256.77072674998925,56,G#3,998.2344970703125,0.12045997381210327,2121.530720421254
256.77072674998925,59,B3,998.2344970703125,0.12045997381210327,2121.530720421254
256.77072674998925,64,E4,998.2344970703125,0.12045997381210327,2121.530720421254
256.7750670260309,52,E3,998.2344970703125,0.12045997381210327,2121.530720421254
256.7750670260309,56,G#3,998.2344970703125,0.12045997381210327,2121.530720421254
256.7750670260309,59,B3,998.2344970703125,0.12045997381210327,2121.530720421254
256.7750670260309,68,G#4,998.2344970703125,0.12045997381210327,2121.530720421254
256.77940730207257,64,E4,998.2344970703125,0.12045997381210327,2121.530720421254
257.1873932499892,51,D#3,987.4740600585938,0.11246714740991592,2182.781972526783
257.1873932499892,56,G#3,987.4740600585938,0.11246714740991592,2182.781972526783
257.5910389218642,68,G#4,1155.4356689453125,0.13138462603092194,3909.358292119298
257.6040597499892,40,E2,1155.4356689453125,0.13138462603092194,3909.358292119298
257.6040597499892,51,D#3,1155.4356689453125,0.13138462603092194,3909.358292119298
257.6040597499892,59,B3,1155.4356689453125,0.13138462603092194,3909.358292119298
257.6040597499892,64,E4,1155.4356689453125,0.13138462603092194,3909.358292119298
257.60840002603084,56,G#3,1153.0638427734375,0.12777957320213318,3817.17820983903
257.6127403020725,52,E3,1153.0638427734375,0.12777957320213318,3817.17820983903
258.02072624998914,51,D#3,1151.674072265625,0.07108848541975021,2409.886338475194
258.0250665260308,56,G#3,1152.6962890625,0.06947533041238785,2447.5539686527004
258.04242763019744,68,G#4,1152.6962890625,0.06947533041238785,2447.5539686527004
258.4287121979057,56,G#3,1150.810302734375,0.05778634175658226,2663.1713984657217
258.4287121979057,59,B3,1150.810302734375,0.05778634175658226,2663.1713984657217
258.4287121979057,64,E4,1150.810302734375,0.05778634175658226,2663.1713984657217
258.43739274998904,28,E1,1150.810302734375,0.05778634175658226,2663.1713984657217
258.43739274998904,35,B1,1150.810302734375,0.05778634175658226,2663.1713984657217
258.43739274998904,51,D#3,1150.810302734375,0.05778634175658226,2663.1713984657217
258.450413578114,83,B5,1152.1256103515625,0.056361738592386246,2544.749573036429
258.645725999989,51,D#3,986.6434936523438,0.05445830523967743,2600.761074793694
258.84103842186397,56,G#3,1150.874755859375,0.054520126432180405,2369.3937088002385
258.84103842186397,81,A5,1150.874755859375,0.054520126432180405,2369.3937088002385
258.85405924998895,51,D#3,1150.874755859375,0.054520126432180405,2369.3937088002385
259.0406911197806,52,E3,983.35888671875,0.3737378418445587,2541.0724716139407
259.24902436978056,56,G#3,1008.4865112304688,0.07620313763618469,2403.421322284552
259.24902436978056,59,B3,1008.4865112304688,0.07620313763618469,2403.421322284552
259.24902436978056,64,E4,1008.4865112304688,0.07620313763618469,2403.421322284552
259.24902436978056,80,G#5,1008.4865112304688,0.07620313763618469,2403.421322284552
259.2707257499889,40,E2,990.3584594726562,0.0749950259923935,2358.031608686758
259.2707257499889,52,E3,990.3584594726562,0.0749950259923935,2358.031608686758
259.6570103176972,78,F#5,1150.5743408203125,0.058726321905851364,2713.597491810975
259.66135059373886,56,G#3,1150.5743408203125,0.058726321905851364,2713.597491810975
259.6873922499889,51,D#3,1149.5628662109375,0.05570374056696892,2662.8967718605672
259.6873922499889,71,B4,1149.5628662109375,0.05570374056696892,2662.8967718605672
259.8957254999888,28,E1,881.7080688476562,0.2027338147163391,3339.4614834702807
260.0606559895722,47,B2,1108.284912109375,0.06542720645666122,2967.821737983164
260.07367681769716,59,B3,1108.8790283203125,0.06565631926059723,2831.447875785466
260.07367681769716,63,D#4,1108.8790283203125,0.06565631926059723,2831.447875785466
260.07367681769716,66,F#4,1108.8790283203125,0.06565631926059723,2831.447875785466
260.0780170937388,47,B2,1108.8790283203125,0.06565631926059723,2831.447875785466
260.1040587499888,35,B1,1109.884521484375,0.06257928162813187,2739.3366389978646
260.1040587499888,35,B1,1109.884521484375,0.06257928162813187,2739.3366389978646
260.1040587499888,47,B2,1109.884521484375,0.06257928162813187,2739.3366389978646
260.1040587499888,49,C#3,1109.884521484375,0.06257928162813187,2739.3366389978646
260.1040587499888,54,F#3,1109.884521484375,0.06257928162813187,2739.3366389978646
260.1040587499888,63,D#4,1109.884521484375,0.06257928162813187,2739.3366389978646
260.1040587499888,66,F#4,1109.884521484375,0.06257928162813187,2739.3366389978646
260.1040587499888,69,A4,1109.884521484375,0.06257928162813187,2739.3366389978646
260.5120446979055,59,B3,1151.9322509765625,0.06777572631835938,1906.1470406731737
260.5207252499888,51,D#3,1151.9322509765625,0.06777572631835938,1906.1470406731737
260.9156903697804,68,G#4,1108.65625,0.09771478176116943,4241.516795013944
260.92003064582207,54,F#3,1108.65625,0.09771478176116943,4241.516795013944
260.92003064582207,59,B3,1108.65625,0.09771478176116943,4241.516795013944
260.92003064582207,66,F#4,1108.65625,0.09771478176116943,4241.516795013944
260.9243709218637,63,D#4,1108.65625,0.09771478176116943,4241.516795013944
260.9373917499887,40,E2,1109.1136474609375,0.0938437432050705,4030.2507184616993
260.9373917499887,51,D#3,1109.1136474609375,0.0938437432050705,4030.2507184616993
261.34537769790535,68,G#4,1110.0482177734375,0.0627569705247879,2607.448344203887
261.349717973947,59,B3,1110.0482177734375,0.0627569705247879,2607.448344203887
261.35405824998867,35,B1,1110.0482177734375,0.0627569705247879,2607.448344203887
261.35405824998867,51,D#3,1110.0482177734375,0.0627569705247879,2607.448344203887
261.35405824998867,78,F#5,1110.0482177734375,0.0627569705247879,2607.448344203887
261.3583985260303,66,F#4,1110.0482177734375,0.0627569705247879,2607.448344203887
261.55371094790524,80,G#5,1180.9161376953125,0.17217475175857544,3492.698394447122
261.5580512239469,68,G#4,1180.9161376953125,0.17217475175857544,3492.698394447122
261.7316622656135,81,A5,1112.387939453125,0.06098766252398491,2671.278659834882
261.7620441979052,81,A5,1109.3863525390625,0.05619240552186966,2561.3813584611917
261.76638447394686,59,B3,1109.4716796875,0.05321700870990753,2587.2141529194732
261.76638447394686,69,A4,1109.4716796875,0.05321700870990753,2587.2141529194732
261.7707247499885,35,B1,1109.4716796875,0.05321700870990753,2587.2141529194732
261.7707247499885,35,B1,1109.4716796875,0.05321700870990753,2587.2141529194732
261.7707247499885,51,D#3,1109.4716796875,0.05321700870990753,2587.2141529194732
262.15266904165514,80,G#5,831.4761962890625,0.10311397910118103,1877.177673656397
262.1700301458218,80,G#5,830.2161865234375,0.11184556782245636,1808.2680094957586
262.17437042186344,68,G#4,830.2161865234375,0.11184556782245636,1808.2680094957586
262.1873912499884,47,B2,829.6076049804688,0.10993948578834534,1799.0928754958427
262.1873912499884,51,D#3,829.6076049804688,0.10993948578834534,1799.0928754958427
262.58235636978003,78,F#5,1109.0472412109375,0.07886707037687302,2329.783004605873
262.5866966458217,61,C#4,1109.0472412109375,0.07886707037687302,2329.783004605873
262.5866966458217,78,F#5,1109.0472412109375,0.07886707037687302,2329.783004605873
262.59103692186335,66,F#4,1109.0472412109375,0.07886707037687302,2329.783004605873
262.59971747394667,54,F#3,1109.091552734375,0.07543535530567169,2340.0904004490567
262.6040577499883,40,E2,1109.091552734375,0.07543535530567169,2340.0904004490567
262.6040577499883,51,D#3,1109.091552734375,0.07543535530567169,2340.0904004490567
262.6040577499883,54,F#3,1109.091552734375,0.07543535530567169,2340.0904004490567
262.80371044790496,59,B3,1110.939697265625,0.0759958028793335,2738.414960914298
262.8123909999883,30,F#1,1111.7027587890625,0.07423260807991028,2709.2491286921795
262.8123909999883,51,D#3,1111.7027587890625,0.07423260807991028,2709.2491286921795
262.97732148957164,76,E5,1109.036376953125,0.06177881360054016,2477.4683171047573
263.0033631458216,64,E4,1109.7490234375,0.06045752391219139,2484.7978442657914
263.00770342186325,76,E5,1109.7490234375,0.06045752391219139,2484.7978442657914
263.0120436979049,64,E4,1109.7490234375,0.06045752391219139,2484.7978442657914
263.02072424998823,35,B1,1109.9962158203125,0.0583619587123394,2466.7337751861114
263.02072424998823,47,B2,1109.9962158203125,0.0583619587123394,2466.7337751861114
263.02072424998823,51,D#3,1109.9962158203125,0.0583619587123394,2466.7337751861114
263.21169639582155,59,B3,1182.8741455078125,0.19005289673805237,3741.3961257210585
263.2290574999882,37,C#2,1176.8544921875,0.10873349010944366,3643.51923322627
263.3896477135298,45,A2,1109.4918212890625,0.052658312022686005,2876.5941643281762
263.42002964582144,52,E3,1108.7064208984375,0.049936484545469284,2793.44369013332
263.4243699218631,45,A2,1108.7064208984375,0.049936484545469284,2793.44369013332
263.4243699218631,69,A4,1108.7064208984375,0.049936484545469284,2793.44369013332
263.42871019790476,61,C#4,1108.7064208984375,0.049936484545469284,2793.44369013332
263.4330504739464,57,A3,1108.7064208984375,0.049936484545469284,2793.44369013332
263.4330504739464,64,E4,1108.7064208984375,0.049936484545469284,2793.44369013332
263.4373907499881,33,A1,1109.092529296875,0.04859684407711029,2724.77378150794
263.4373907499881,35,B1,1109.092529296875,0.04859684407711029,2724.77378150794
263.4373907499881,45,A2,1109.092529296875,0.04859684407711029,2724.77378150794
263.4373907499881,51,D#3,1109.092529296875,0.04859684407711029,2724.77378150794
263.4373907499881,52,E3,1109.092529296875,0.04859684407711029,2724.77378150794
263.4373907499881,57,A3,1109.092529296875,0.04859684407711029,2724.77378150794
263.4373907499881,61,C#4,1109.092529296875,0.04859684407711029,2724.77378150794
263.4373907499881,64,E4,1109.092529296875,0.04859684407711029,2724.77378150794
263.4373907499881,76,E5,1109.092529296875,0.04859684407711029,2724.77378150794
263.8497169739464,57,A3,1129.1441650390625,0.17183434963226318,1484.8924354498379
263.85405724998805,51,D#3,1111.1884765625,0.09006021171808243,1539.8514253330898
264.05805022394634,52,E3,333.2757873535156,0.3381589949131012,2874.3035275976144
264.25770292186303,57,A3,988.9910888671875,0.1032457947731018,3830.8933601461977
264.26638347394635,61,C#4,988.9910888671875,0.1032457947731018,3830.8933601461977
264.26638347394635,64,E4,988.9910888671875,0.1032457947731018,3830.8933601461977
264.26638347394635,69,A4,988.9910888671875,0.1032457947731018,3830.8933601461977
264.270723749988,40,E2,987.7799072265625,0.10039352625608444,3714.6032440517006
264.270723749988,51,D#3,987.7799072265625,0.10039352625608444,3714.6032440517006
264.2794043020713,68,G#4,987.7799072265625,0.10039352625608444,3714.6032440517006
264.4703764479047,68,G#4,1097.2176513671875,0.08498317003250122,2934.8639923637593
264.67870969790465,57,A3,989.4019775390625,0.08754704147577286,2209.2126377056015
264.68739024998797,33,A1,989.4019775390625,0.08754704147577286,2209.2126377056015
264.68739024998797,51,D#3,989.4019775390625,0.08754704147577286,2209.2126377056015
264.68739024998797,52,E3,989.4019775390625,0.08754704147577286,2209.2126377056015
265.10405674998793,33,A1,986.8447875976562,0.10149680078029633,2605.4539265182857
265.10405674998793,35,B1,986.8447875976562,0.10149680078029633,2605.4539265182857
265.10405674998793,51,D#3,986.8447875976562,0.10149680078029633,2605.4539265182857
265.10405674998793,64,E4,986.8447875976562,0.10149680078029633,2605.4539265182857
265.11273730207125,57,A3,987.8226318359375,0.09792891889810562,2417.0369348169525
265.11273730207125,69,A4,987.8226318359375,0.09792891889810562,2417.0369348169525
265.1170775781129,61,C#4,987.8226318359375,0.09792891889810562,2417.0369348169525
265.1214178541546,64,E4,987.8226318359375,0.09792891889810562,2417.0369348169525
265.5163829739461,57,A3,1163.336181640625,0.10150622576475143,2215.8596484910595
265.5207232499878,51,D#3,1163.336181640625,0.10150622576475143,2215.8596484910595
265.7247162239461,52,E3,990.716552734375,0.1033644899725914,2348.322534285596
265.9330494739461,59,B3,1098.533447265625,0.09680972993373871,1994.108491184201
265.9330494739461,64,E4,1098.533447265625,0.09680972993373871,1994.108491184201
265.93738974998774,40,E2,1098.533447265625,0.09680972993373871,1994.108491184201
265.93738974998774,51,D#3,1098.533447265625,0.09680972993373871,1994.108491184201
266.14138272394604,61,C#4,991.4972534179688,0.08343331515789032,2190.0135878962933
266.15006327602936,81,A5,991.4972534179688,0.08343331515789032,2190.0135878962933
266.349715973946,59,B3,1099.78369140625,0.08172997832298279,2141.8607764876374
266.35405624998765,33,A1,1099.78369140625,0.08172997832298279,2141.8607764876374
266.35405624998765,35,B1,1099.78369140625,0.08172997832298279,2141.8607764876374
266.35405624998765,45,A2,1099.78369140625,0.08172997832298279,2141.8607764876374
266.35405624998765,51,D#3,1099.78369140625,0.08172997832298279,2141.8607764876374
266.35405624998765,83,B5,1099.78369140625,0.08172997832298279,2141.8607764876374
266.5450283958209,57,A3,1172.0555419921875,0.11057072132825851,3412.963908145457
266.56238949998755,35,B1,1169.2425537109375,0.10202720761299133,3190.9600337516454
266.7360005416542,49,C#3,1158.02978515625,0.11956825852394104,2032.7928129006782
266.76638247394584,49,C#3,989.026611328125,0.1107967346906662,2028.644670668686
266.7707227499875,35,B1,989.026611328125,0.1107967346906662,2028.644670668686
266.7707227499875,37,C#2,989.026611328125,0.1107967346906662,2028.644670668686
266.7707227499875,49,C#3,989.026611328125,0.1107967346906662,2028.644670668686
266.7707227499875,49,C#3,989.026611328125,0.1107967346906662,2028.644670668686
266.7707227499875,56,G#3,989.026611328125,0.1107967346906662,2028.644670668686
266.7707227499875,56,G#3,989.026611328125,0.1107967346906662,2028.644670668686
266.7707227499875,61,C#4,989.026611328125,0.1107967346906662,2028.644670668686
266.7707227499875,61,C#4,989.026611328125,0.1107967346906662,2028.644670668686
266.7707227499875,64,E4,989.026611328125,0.1107967346906662,2028.644670668686
266.77506302602916,64,E4,989.026611328125,0.1107967346906662,2028.644670668686
266.7794033020708,56,G#3,1112.708984375,0.10631323605775833,2029.0500542907816
266.7794033020708,61,C#4,1112.708984375,0.10631323605775833,2029.0500542907816
266.7794033020708,68,G#4,1112.708984375,0.10631323605775833,2029.0500542907816
266.78808385415414,85,C#6,1112.708984375,0.10631323605775833,2029.0500542907816
267.1830489739458,56,G#3,1112.010986328125,0.13455745577812195,2024.7197658153143
267.18738924998746,51,D#3,1112.010986328125,0.13455745577812195,2024.7197658153143
267.40440305207073,49,C#3,1113.203857421875,0.13990828394889832,4159.987310365377
267.59971547394576,56,G#3,1113.9951171875,0.09242328256368637,3507.326978844118
267.59971547394576,61,C#4,1113.9951171875,0.09242328256368637,3507.326978844118
267.59971547394576,64,E4,1113.9951171875,0.09242328256368637,3507.326978844118
267.6040557499874,37,C#2,1113.9951171875,0.09242328256368637,3507.326978844118
267.6040557499874,40,E2,1113.9951171875,0.09242328256368637,3507.326978844118
267.6040557499874,51,D#3,1113.9951171875,0.09242328256368637,3507.326978844118
267.8123889999874,51,D#3,1113.5050048828125,0.08361237496137619,2828.93097923276
267.999020869779,66,F#4,1127.5345458984375,0.07933712750673294,2527.429812293722
268.0207222499873,35,B1,1114.26904296875,0.07845306396484375,2554.677563726402
268.0207222499873,49,C#3,1114.26904296875,0.07845306396484375,2554.677563726402
268.0207222499873,51,D#3,1114.26904296875,0.07845306396484375,2554.677563726402
268.02506252602893,56,G#3,1114.26904296875,0.07845306396484375,2554.677563726402
268.0380833541539,64,E4,1129.8017578125,0.07531780749559402,2628.596293989427
268.3939859895705,87,D#6,1105.149169921875,0.0687650814652443,2713.3964925397845
268.4070068176955,59,B3,1109.1650390625,0.07101092487573624,2654.781383369036
268.4200276458205,47,B2,1109.1650390625,0.07101092487573624,2654.781383369036
268.4373887499871,35,B1,1110.2000732421875,0.07180868089199066,2525.093576068902
268.4373887499871,35,B1,1110.2000732421875,0.07180868089199066,2525.093576068902
268.4373887499871,47,B2,1110.2000732421875,0.07180868089199066,2525.093576068902
268.4373887499871,49,C#3,1110.2000732421875,0.07180868089199066,2525.093576068902
268.4373887499871,54,F#3,1110.2000732421875,0.07180868089199066,2525.093576068902
268.4373887499871,54,F#3,1110.2000732421875,0.07180868089199066,2525.093576068902
268.4373887499871,59,B3,1110.2000732421875,0.07180868089199066,2525.093576068902
268.4373887499871,63,D#4,1110.2000732421875,0.07180868089199066,2525.093576068902
268.4417290260288,47,B2,1110.2000732421875,0.07180868089199066,2525.093576068902
268.4417290260288,54,F#3,1110.2000732421875,0.07180868089199066,2525.093576068902
268.4417290260288,59,B3,1110.2000732421875,0.07180868089199066,2525.093576068902
268.44606930207044,63,D#4,1110.2000732421875,0.07180868089199066,2525.093576068902
268.44606930207044,66,F#4,1110.2000732421875,0.07180868089199066,2525.093576068902
268.85405524998714,54,F#3,1115.1673583984375,0.09460651874542236,2163.1485145157994
269.0623884999871,35,B1,988.8565063476562,0.15801632404327393,4241.228505392568
269.2446800937371,40,E2,1109.9293212890625,0.11714356392621994,3503.3731818960837
269.27072174998705,40,E2,1110.339599609375,0.11445722728967667,3396.68262023626
269.27072174998705,47,B2,1110.339599609375,0.11445722728967667,3396.68262023626
269.27072174998705,54,F#3,1110.339599609375,0.11445722728967667,3396.68262023626
269.2750620260287,54,F#3,1110.339599609375,0.11445722728967667,3396.68262023626
269.2750620260287,59,B3,1110.339599609375,0.11445722728967667,3396.68262023626
269.2750620260287,63,D#4,1110.339599609375,0.11445722728967667,3396.68262023626
269.583221624987,45,A2,991.1559448242188,0.3151722550392151,1694.1637672471093
269.65700631769533,43,G2,247.74322509765625,0.37854936718940735,1341.2307197795394
269.6787076979037,54,F#3,247.74322509765625,0.37854936718940735,1341.2307197795394
269.687388249987,45,A2,988.6140747070312,0.32820239663124084,1971.14752024689
269.71342990623697,41,F2,1108.538818359375,0.22358663380146027,3031.2308042859095
269.7698534947786,40,E2,1181.930419921875,0.23518267273902893,3303.8173831582544
269.8306173593619,38,D2,1172.2635498046875,0.13615606725215912,4202.851547149763
269.8783603958202,36,C2,1151.9317626953125,0.11436495929956436,4182.741172112972
269.89572149998685,45,A2,1110.5355224609375,0.10917938500642776,3989.6938472537795
269.9217631562368,35,B1,1109.5947265625,0.11041002720594406,3966.079889052815
269.9825270208201,33,A1,1109.8143310546875,0.11014369875192642,3747.7541828130225
270.0606519895701,88,E6,1109.80224609375,0.09352873265743256,3487.2394433073596
270.10405474998674,28,E1,1110.30078125,0.1121339350938797,3312.4111463010777
270.10405474998674,35,B1,1110.30078125,0.1121339350938797,3312.4111463010777
270.10405474998674,40,E2,1110.30078125,0.1121339350938797,3312.4111463010777
270.10405474998674,47,B2,1110.30078125,0.1121339350938797,3312.4111463010777
270.10405474998674,49,C#3,1110.30078125,0.1121339350938797,3312.4111463010777
270.10405474998674,52,E3,1110.30078125,0.1121339350938797,3312.4111463010777
270.10405474998674,56,G#3,1110.30078125,0.1121339350938797,3312.4111463010777
270.10405474998674,56,G#3,1110.30078125,0.1121339350938797,3312.4111463010777
270.10405474998674,59,B3,1110.30078125,0.1121339350938797,3312.4111463010777
270.10405474998674,64,E4,1110.30078125,0.1121339350938797,3312.4111463010777
270.10405474998674,64,E4,1110.30078125,0.1121339350938797,3312.4111463010777
270.10405474998674,68,G#4,1110.30078125,0.1121339350938797,3312.4111463010777
270.1083950260284,68,G#4,1110.30078125,0.1121339350938797,3312.4111463010777
270.5163809739451,56,G#3,1109.9912109375,0.10896429419517517,2060.702529211142
270.53374207811174,68,G#4,1109.9912109375,0.10896429419517517,2060.702529211142
270.7420753281117,68,G#4,1108.676025390625,0.14129477739334106,4342.285664765961
270.933047473945,40,E2,1110.027099609375,0.09096121042966843,3666.2967161339293
270.93738774998667,40,E2,1109.688232421875,0.08606164157390594,3679.7845886616337
270.93738774998667,51,D#3,1109.688232421875,0.08606164157390594,3679.7845886616337
270.93738774998667,68,G#4,1109.688232421875,0.08606164157390594,3679.7845886616337
270.94172802602833,64,E4,1109.688232421875,0.08606164157390594,3679.7845886616337
270.94606830207,56,G#3,1109.688232421875,0.08606164157390594,3679.7845886616337
270.94606830207,59,B3,1109.688232421875,0.08606164157390594,3679.7845886616337
271.34103342186165,56,G#3,1153.72119140625,0.12971465289592743,2732.64367817808
271.35405424998663,51,D#3,1199.7451171875,0.18336832523345947,3230.352356315978
271.3583945260283,68,G#4,1199.7451171875,0.18336832523345947,3230.352356315978
271.55804722394487,68,G#4,1151.8587646484375,0.07269693911075592,2916.9458817136738
271.7490193697782,52,E3,1109.39697265625,0.06316105276346207,2572.7746824277865
271.7490193697782,56,G#3,1109.39697265625,0.06316105276346207,2572.7746824277865
271.7490193697782,68,G#4,1109.39697265625,0.06316105276346207,2572.7746824277865
271.75335964581984,59,B3,1109.39697265625,0.06316105276346207,2572.7746824277865
271.7576999218615,64,E4,1109.39697265625,0.06316105276346207,2572.7746824277865
271.7663804739448,69,A4,1109.39697265625,0.06316105276346207,2572.7746824277865
271.7707207499865,28,E1,1109.57861328125,0.0625133216381073,2767.395567826324
271.7707207499865,35,B1,1109.57861328125,0.0625133216381073,2767.395567826324
271.7707207499865,51,D#3,1109.57861328125,0.0625133216381073,2767.395567826324
271.97905399998643,51,D#3,1108.9427490234375,0.08282270282506943,1985.294113733226
271.9833942760281,68,G#4,1108.9427490234375,0.08282270282506943,1985.294113733226
272.1787066979031,56,G#3,1110.1412353515625,0.27168765664100647,2540.206109399077
272.18738724998644,51,D#3,1110.1412353515625,0.27168765664100647,2540.206109399077
272.39138022394474,71,B4,1109.6007080078125,0.0761512964963913,2240.603178890642
272.57367181769473,40,E2,1109.4898681640625,0.057506632059812546,2490.3106511223486
272.58235236977805,56,G#3,1109.4898681640625,0.057506632059812546,2490.3106511223486
272.58235236977805,59,B3,1109.4898681640625,0.057506632059812546,2490.3106511223486
272.58235236977805,64,E4,1109.4898681640625,0.057506632059812546,2490.3106511223486
272.6040537499864,40,E2,1109.3837890625,0.0569726824760437,2758.0572853600615
272.6040537499864,51,D#3,1109.3837890625,0.0569726824760437,2758.0572853600615
272.9903383176947,56,G#3,1109.6602783203125,0.15738581120967865,2945.2818014245368
273.012039697903,68,G#4,1194.30859375,0.18917375802993774,3313.8526686219957
273.0207202499863,51,D#3,1194.30859375,0.18917375802993774,3313.8526686219957
273.22037294790294,68,G#4,656.2821044921875,0.1013992428779602,2692.756980491308
273.3983242656112,90,F#6,1109.299072265625,0.09992847591638565,2317.6093217220487
273.4026645416529,54,F#3,1109.299072265625,0.09992847591638565,2317.6093217220487
273.4113450937362,42,F#2,1109.299072265625,0.09992847591638565,2317.6093217220487
273.4113450937362,54,F#3,1109.299072265625,0.09992847591638565,2317.6093217220487
273.41568536977786,59,B3,1109.299072265625,0.09992847591638565,2317.6093217220487
273.41568536977786,63,D#4,1109.299072265625,0.09992847591638565,2317.6093217220487
273.41568536977786,66,F#4,1109.299072265625,0.09992847591638565,2317.6093217220487
273.42870619790284,68,G#4,1110.046142578125,0.10899928212165833,2366.889393410952
273.43738674998616,30,F#1,1110.046142578125,0.10899928212165833,2366.889393410952
273.43738674998616,35,B1,1110.046142578125,0.10899928212165833,2366.889393410952
273.43738674998616,42,F#2,1110.046142578125,0.10899928212165833,2366.889393410952
273.43738674998616,47,B2,1110.046142578125,0.10899928212165833,2366.889393410952
273.43738674998616,49,C#3,1110.046142578125,0.10899928212165833,2366.889393410952
273.43738674998616,63,D#4,1110.046142578125,0.10899928212165833,2366.889393410952
273.43738674998616,66,F#4,1110.046142578125,0.10899928212165833,2366.889393410952
273.8410324218611,68,G#4,984.897216796875,0.29274478554725647,2237.187472681579
273.8497129739444,59,B3,984.897216796875,0.29274478554725647,2237.187472681579
273.85405324998607,51,D#3,984.897216796875,0.29274478554725647,2237.187472681579
274.0450253958194,68,G#4,1109.953857421875,0.10803550481796265,2242.981688374367
274.24467809373607,59,B3,1109.6434326171875,0.08403488248586655,2639.5569272014327
274.24467809373607,66,F#4,1109.6434326171875,0.08403488248586655,2639.5569272014327
274.24901836977773,63,D#4,1109.6434326171875,0.08403488248586655,2639.5569272014327
274.2707197499861,40,E2,1109.443115234375,0.08467432111501694,2785.5144779312914
274.2707197499861,51,D#3,1109.443115234375,0.08467432111501694,2785.5144779312914
274.6787056979027,68,G#4,848.5540161132812,0.2140495330095291,3212.1490696565106
274.6830459739444,59,B3,848.5540161132812,0.2140495330095291,3212.1490696565106
274.68738624998605,51,D#3,848.5540161132812,0.2140495330095291,3212.1490696565106
274.8870389479026,68,G#4,1109.8876953125,0.06977095454931259,2681.0643550884874
274.89571949998594,30,F#1,1109.8876953125,0.06977095454931259,2681.0643550884874
275.0866916458193,42,F#2,1108.8701171875,0.079225555062294,2682.352517067445
275.0866916458193,54,F#3,1108.8701171875,0.079225555062294,2682.352517067445
275.091031921861,69,A4,1109.95263671875,0.08292042464017868,2662.8083642792385
275.09537219790263,59,B3,1109.95263671875,0.08292042464017868,2662.8083642792385
275.0997124739443,63,D#4,1109.95263671875,0.08292042464017868,2662.8083642792385
275.0997124739443,66,F#4,1109.95263671875,0.08292042464017868,2662.8083642792385
275.10405274998595,30,F#1,1109.95263671875,0.08292042464017868,2662.8083642792385
275.10405274998595,35,B1,1109.95263671875,0.08292042464017868,2662.8083642792385
275.10405274998595,51,D#3,1109.95263671875,0.08292042464017868,2662.8083642792385
275.3080457239442,68,G#4,1109.822265625,0.13221369683742523,1617.1950590066408
275.50335814581916,59,B3,490.29217529296875,0.3101903200149536,2220.959411052818
275.5207192499858,51,D#3,491.43218994140625,0.31210121512413025,1743.5778042928378
275.6986705676941,54,F#3,1109.7203369140625,0.10679954290390015,1968.9210411606714
275.72471222394404,71,B4,1109.4320068359375,0.10599981248378754,1979.6439128010747
275.9113440937357,71,B4,1109.89990234375,0.10429545491933823,2515.5647562669224
275.91568436977735,59,B3,1109.89990234375,0.10429545491933823,2515.5647562669224
275.920024645819,66,F#4,1109.89990234375,0.10429545491933823,2515.5647562669224
275.93738574998565,40,E2,1108.967529296875,0.10913895070552826,2336.2518324818284
275.93738574998565,51,D#3,1108.967529296875,0.10913895070552826,2336.2518324818284
276.12835789581897,63,D#4,1110.6016845703125,0.08733534067869186,2295.720314110736
276.1457189999856,51,D#3,1109.6290283203125,0.08955315500497818,2210.1565324770163
276.33235086977726,42,F#2,1183.4029541015625,0.20162568986415863,3292.658841050199
276.3366911458189,54,F#3,1183.4029541015625,0.20162568986415863,3292.658841050199
276.3366911458189,59,B3,1183.4029541015625,0.20162568986415863,3292.658841050199
276.35405224998556,30,F#1,1182.663330078125,0.20455524325370789,3505.446387141972
276.35405224998556,42,F#2,1182.663330078125,0.20455524325370789,3505.446387141972
276.35405224998556,51,D#3,1182.663330078125,0.20455524325370789,3505.446387141972
276.35405224998556,68,G#4,1182.663330078125,0.20455524325370789,3505.446387141972
276.4582188749855,92,G#6,1152.0888671875,0.07409162074327469,3051.399462238846
276.56238549998545,32,G#1,1109.40478515625,0.05697900429368019,2847.682619194984
276.56238549998545,44,G#2,1109.40478515625,0.05697900429368019,2847.682619194984
276.56238549998545,44,G#2,1109.40478515625,0.05697900429368019,2847.682619194984
276.56238549998545,56,G#3,1109.40478515625,0.05697900429368019,2847.682619194984
276.58408688019375,68,G#4,1110.7774658203125,0.05383739620447159,2587.0630724605444
276.6882535051937,93,A6,1111.1951904296875,0.0652022510766983,2480.655156148352
276.7403368176937,57,A3,554.0609130859375,0.14008104801177979,1996.1637139963223
276.749017369777,45,A2,554.0609130859375,0.14008104801177979,1996.1637139963223
276.749017369777,45,A2,554.0609130859375,0.14008104801177979,1996.1637139963223
276.749017369777,57,A3,554.0609130859375,0.14008104801177979,1996.1637139963223
276.75335764581865,61,C#4,554.0609130859375,0.14008104801177979,1996.1637139963223
276.75335764581865,64,E4,554.0609130859375,0.14008104801177979,1996.1637139963223
276.75335764581865,69,A4,554.0609130859375,0.14008104801177979,1996.1637139963223
276.7707187499853,33,A1,557.5963745117188,0.1478998214006424,2114.881674279123
276.7707187499853,35,B1,557.5963745117188,0.1478998214006424,2114.881674279123
276.7707187499853,45,A2,557.5963745117188,0.1478998214006424,2114.881674279123
276.7707187499853,51,D#3,557.5963745117188,0.1478998214006424,2114.881674279123
276.7707187499853,52,E3,557.5963745117188,0.1478998214006424,2114.881674279123
276.7707187499853,57,A3,557.5963745117188,0.1478998214006424,2114.881674279123
276.7707187499853,61,C#4,557.5963745117188,0.1478998214006424,2114.881674279123
276.7707187499853,64,E4,557.5963745117188,0.1478998214006424,2114.881674279123
276.78373957811027,69,A4,557.5963745117188,0.1478998214006424,2114.881674279123
276.9920728281103,68,G#4,368.11956787109375,0.3013061583042145,1885.4757492536514
277.1656838697769,57,A3,209.81265258789062,0.3604804277420044,1978.0263078910364
277.1873852499852,51,D#3,531.9384765625,0.36688119173049927,1677.9599998100698
277.4000587760268,64,E4,880.9381713867188,0.13719601929187775,2473.330119090121
277.5910309218601,57,A3,880.8677368164062,0.11651891469955444,2696.6042585874384
277.5910309218601,69,A4,880.8677368164062,0.11651891469955444,2696.6042585874384
277.5953711979018,52,E3,880.8677368164062,0.11651891469955444,2696.6042585874384
277.5953711979018,61,C#4,880.8677368164062,0.11651891469955444,2696.6042585874384
277.5953711979018,64,E4,880.8677368164062,0.11651891469955444,2696.6042585874384
277.6040517499851,40,E2,881.431884765625,0.1167936697602272,2693.343616298238
277.6040517499851,51,D#3,881.431884765625,0.1167936697602272,2693.343616298238
277.82540582811004,61,C#4,556.5238647460938,0.12141427397727966,2440.3240468598187
277.99901686977665,57,A3,1182.3431396484375,0.19356860220432281,3608.6423290976027
278.020718249985,33,A1,881.6949462890625,0.14848962426185608,3365.1478805824554
278.020718249985,51,D#3,881.6949462890625,0.14848962426185608,3365.1478805824554
278.21169039581827,45,A2,884.312744140625,0.12426242977380753,2632.91925025852
278.4156833697766,57,A3,874.9436645507812,0.10854434221982956,2759.997943215113
278.4200236458183,61,C#4,874.9436645507812,0.10854434221982956,2759.997943215113
278.4200236458183,64,E4,874.9436645507812,0.10854434221982956,2759.997943215113
278.4200236458183,69,A4,874.9436645507812,0.10854434221982956,2759.997943215113
278.43304447394326,69,A4,874.9436645507812,0.10854434221982956,2759.997943215113
278.4373847499849,33,A1,893.0743408203125,0.1051148921251297,2728.202694883822
278.4373847499849,35,B1,893.0743408203125,0.1051148921251297,2728.202694883822
278.4373847499849,51,D#3,893.0743408203125,0.1051148921251297,2728.202694883822
278.8453706979016,57,A3,556.0155639648438,0.29268205165863037,2218.1039698215213
278.8453706979016,68,G#4,556.0155639648438,0.29268205165863037,2218.1039698215213
278.85405124998493,51,D#3,877.8115844726562,0.13425186276435852,2372.2284795840797
279.05370394790157,57,A3,880.5272827148438,0.11845342069864273,2215.76410423271
279.05370394790157,61,C#4,880.5272827148438,0.11845342069864273,2215.76410423271
279.05370394790157,69,A4,880.5272827148438,0.11845342069864273,2215.76410423271
279.0580442239432,64,E4,880.5272827148438,0.11845342069864273,2215.76410423271
279.2533566458182,45,A2,882.0220336914062,0.1185845285654068,2430.919141405368
279.27071774998484,40,E2,883.870849609375,0.11408474296331406,2359.1704358910665
279.27071774998484,51,D#3,883.870849609375,0.11408474296331406,2359.1704358910665
279.46168989581815,61,C#4,882.174560546875,0.10059518367052078,2446.372452262564
279.4660301718598,57,A3,882.174560546875,0.10059518367052078,2446.372452262564
279.4660301718598,61,C#4,882.174560546875,0.10059518367052078,2446.372452262564
279.4660301718598,69,A4,882.174560546875,0.10059518367052078,2446.372452262564
279.6787036979014,64,E4,884.8866577148438,0.14505840837955475,3389.438316921794
279.68738424998475,35,B1,884.8866577148438,0.14505840837955475,3389.438316921794
279.68738424998475,51,D#3,884.8866577148438,0.14505840837955475,3389.438316921794
279.68738424998475,68,G#4,884.8866577148438,0.14505840837955475,3389.438316921794
279.8826966718597,61,C#4,867.1371459960938,0.10554111003875732,2652.4503566163226
279.8957174999847,36,C2,867.1371459960938,0.10554111003875732,2652.4503566163226
279.8957174999847,68,G#4,867.1371459960938,0.10554111003875732,2652.4503566163226
280.04328688540136,47,B2,879.82666015625,0.13298097252845764,2254.4407233277193
280.0519674374847,59,B3,879.82666015625,0.13298097252845764,2254.4407233277193
280.05630771352634,95,B6,879.82666015625,0.13298097252845764,2254.4407233277193
280.07800909373464,73,C#5,883.021484375,0.13136880099773407,2336.035880665655
280.0823493697763,47,B2,883.021484375,0.13136880099773407,2336.035880665655
280.0953701979013,59,B3,659.382568359375,0.12651902437210083,2393.5240092499616
280.0953701979013,66,F#4,659.382568359375,0.12651902437210083,2393.5240092499616
280.1040507499846,35,B1,659.382568359375,0.12651902437210083,2393.5240092499616
280.1040507499846,35,B1,659.382568359375,0.12651902437210083,2393.5240092499616
280.1040507499846,47,B2,659.382568359375,0.12651902437210083,2393.5240092499616
280.1040507499846,49,C#3,659.382568359375,0.12651902437210083,2393.5240092499616
280.1040507499846,54,F#3,659.382568359375,0.12651902437210083,2393.5240092499616
280.1040507499846,59,B3,659.382568359375,0.12651902437210083,2393.5240092499616
280.1040507499846,63,D#4,659.382568359375,0.12651902437210083,2393.5240092499616
280.1040507499846,66,F#4,659.382568359375,0.12651902437210083,2393.5240092499616
280.1040507499846,68,G#4,659.382568359375,0.12651902437210083,2393.5240092499616
280.10839102602625,63,D#4,875.6692504882812,0.1176377683877945,2334.780923923345
280.5120366979012,59,B3,1109.7652587890625,0.21326804161071777,2677.2115281031492
280.5120366979012,66,F#4,1109.7652587890625,0.21326804161071777,2677.2115281031492
280.5207172499845,51,D#3,1109.7652587890625,0.21326804161071777,2677.2115281031492
280.93304347394286,59,B3,987.048095703125,0.08866957575082779,2730.413018061602
280.93304347394286,66,F#4,987.048095703125,0.08866957575082779,2730.413018061602
280.9373837499845,40,E2,987.048095703125,0.08866957575082779,2730.413018061602
280.9373837499845,51,D#3,987.048095703125,0.08866957575082779,2730.413018061602
280.9373837499845,63,D#4,987.048095703125,0.08866957575082779,2730.413018061602
281.1457169999845,51,D#3,989.1576538085938,0.09388246387243271,2607.9538426463855
281.33668914581773,59,B3,993.9725341796875,0.12246454507112503,3185.0652332145455
281.35405024998437,51,D#3,993.9725341796875,0.12246454507112503,3185.0652332145455
281.5623834999844,35,B1,1109.743896484375,0.09246984124183655,2635.041098107427
281.7186334374844,45,A2,1110.5748291015625,0.08206135779619217,2827.685005549531
281.72731398956773,57,A3,1110.5748291015625,0.08206135779619217,2827.685005549531
281.7576959218594,45,A2,988.8704833984375,0.080900177359581,2751.4989098938704
281.7576959218594,52,E3,988.8704833984375,0.080900177359581,2751.4989098938704
281.7576959218594,64,E4,988.8704833984375,0.080900177359581,2751.4989098938704
281.76203619790107,57,A3,988.8704833984375,0.080900177359581,2751.4989098938704
281.76203619790107,61,C#4,988.8704833984375,0.080900177359581,2751.4989098938704
281.76203619790107,64,E4,988.8704833984375,0.080900177359581,2751.4989098938704
281.76203619790107,71,B4,988.8704833984375,0.080900177359581,2751.4989098938704
281.7663764739427,93,A6,988.8704833984375,0.080900177359581,2751.4989098938704
281.7707167499844,33,A1,988.8704833984375,0.080900177359581,2751.4989098938704
281.7707167499844,35,B1,988.8704833984375,0.080900177359581,2751.4989098938704
281.7707167499844,45,A2,988.8704833984375,0.080900177359581,2751.4989098938704
281.7707167499844,49,C#3,988.8704833984375,0.080900177359581,2751.4989098938704
281.7707167499844,52,E3,988.8704833984375,0.080900177359581,2751.4989098938704
281.7707167499844,57,A3,988.8704833984375,0.080900177359581,2751.4989098938704
281.7707167499844,61,C#4,988.8704833984375,0.080900177359581,2751.4989098938704
281.7707167499844,64,E4,988.8704833984375,0.080900177359581,2751.4989098938704
281.983390276026,73,C#5,988.7435913085938,0.0928381010890007,2667.638444591724
282.1570013176926,57,A3,1043.9583740234375,0.20735880732536316,2685.02381195706
282.18738324998424,76,E5,1095.9456787109375,0.11406447738409042,2721.521329401955
282.3957164999842,35,B1,1103.2127685546875,0.09399882704019547,2709.9568566647804
282.40005677602585,73,C#5,1103.2127685546875,0.09399882704019547,2709.9568566647804
282.5780080937341,47,B2,1099.502685546875,0.09000734239816666,2605.8847684167836
282.5823483697758,47,B2,1099.502685546875,0.09000734239816666,2605.8847684167836
282.5823483697758,54,F#3,1099.502685546875,0.09000734239816666,2605.8847684167836
282.58668864581745,59,B3,1099.502685546875,0.09000734239816666,2605.8847684167836
282.5910289218591,63,D#4,1096.626220703125,0.08469109237194061,2484.3264530899132
282.5910289218591,63,D#4,1096.626220703125,0.08469109237194061,2484.3264530899132
282.5910289218591,66,F#4,1096.626220703125,0.08469109237194061,2484.3264530899132
282.59536919790077,95,B6,1096.626220703125,0.08469109237194061,2484.3264530899132
282.5997094739424,59,B3,1096.626220703125,0.08469109237194061,2484.3264530899132
282.5997094739424,76,E5,1096.626220703125,0.08469109237194061,2484.3264530899132
282.6040497499841,35,B1,1096.626220703125,0.08469109237194061,2484.3264530899132
282.6040497499841,40,E2,1096.626220703125,0.08469109237194061,2484.3264530899132
282.6040497499841,47,B2,1096.626220703125,0.08469109237194061,2484.3264530899132
282.6040497499841,51,D#3,1096.626220703125,0.08469109237194061,2484.3264530899132
282.6040497499841,54,F#3,1096.626220703125,0.08469109237194061,2484.3264530899132
282.6040497499841,59,B3,1096.626220703125,0.08469109237194061,2484.3264530899132
282.6040497499841,63,D#4,1096.626220703125,0.08469109237194061,2484.3264530899132
282.6040497499841,66,F#4,1096.626220703125,0.08469109237194061,2484.3264530899132
282.8167232760257,73,C#5,1110.1746826171875,0.08665914088487625,2429.0121025871276
282.9990148697757,59,B3,1175.33349609375,0.1506035029888153,2980.822125559731
283.01203569790067,64,E4,1088.2161865234375,0.1430475264787674,2856.2095460108044
283.020716249984,45,A2,1088.2161865234375,0.1430475264787674,2856.2095460108044
283.020716249984,71,B4,1088.2161865234375,0.1430475264787674,2856.2095460108044
283.22904949998394,45,A2,1109.013916015625,0.10767507553100586,2584.5372149026425
283.23773005206726,69,A4,1109.013916015625,0.10767507553100586,2584.5372149026425
283.4373827499839,28,E1,1107.9542236328125,0.11436653882265091,2208.502566406839
283.4373827499839,35,B1,1107.9542236328125,0.11436653882265091,2208.502566406839
283.4373827499839,40,E2,1107.9542236328125,0.11436653882265091,2208.502566406839
283.4373827499839,47,B2,1107.9542236328125,0.11436653882265091,2208.502566406839
283.4373827499839,52,E3,1107.9542236328125,0.11436653882265091,2208.502566406839
283.4373827499839,52,E3,1107.9542236328125,0.11436653882265091,2208.502566406839
283.4373827499839,52,E3,1107.9542236328125,0.11436653882265091,2208.502566406839
283.4373827499839,57,A3,1107.9542236328125,0.11436653882265091,2208.502566406839
283.4373827499839,59,B3,1107.9542236328125,0.11436653882265091,2208.502566406839
283.4373827499839,59,B3,1107.9542236328125,0.11436653882265091,2208.502566406839
283.4373827499839,59,B3,1107.9542236328125,0.11436653882265091,2208.502566406839
283.4373827499839,64,E4,1107.9542236328125,0.11436653882265091,2208.502566406839
283.4373827499839,68,G#4,1107.9542236328125,0.11436653882265091,2208.502566406839
283.4373827499839,68,G#4,1107.9542236328125,0.11436653882265091,2208.502566406839
283.4373827499839,71,B4,1107.9542236328125,0.11436653882265091,2208.502566406839
283.4373827499839,76,E5,1107.9542236328125,0.11436653882265091,2208.502566406839
283.8453686979005,59,B3,1118.5850830078125,0.1382850855588913,3498.9584851027603
283.8540492499838,28,E1,1118.5850830078125,0.1382850855588913,3498.9584851027603
284.2533546458171,59,B3,1119.4456787109375,0.1063757985830307,2062.9020972933895
284.2533546458171,64,E4,1119.4456787109375,0.1063757985830307,2062.9020972933895
284.2576949218588,68,G#4,1119.4456787109375,0.1063757985830307,2062.9020972933895
284.27071574998376,28,E1,1111.782958984375,0.10458201169967651,2044.452208855422
284.27071574998376,40,E2,1111.782958984375,0.10458201169967651,2044.452208855422
284.27071574998376,51,D#3,1111.782958984375,0.10458201169967651,2044.452208855422
284.2750560260254,59,B3,1111.782958984375,0.10458201169967651,2044.452208855422
284.67870169790035,59,B3,1109.125732421875,0.12376721203327179,2488.9071719742105
284.68738224998367,28,E1,1111.5528564453125,0.11356490850448608,2453.9979409348102
284.68738224998367,51,D#3,1111.5528564453125,0.11356490850448608,2453.9979409348102
284.68738224998367,64,E4,1111.5528564453125,0.11356490850448608,2453.9979409348102
284.87401411977527,52,E3,1108.1324462890625,0.11241057515144348,1787.637675085477
284.89571549998357,66,F#4,1108.5321044921875,0.10839468985795975,1760.084842461848
285.09102792185854,59,B3,1150.791748046875,0.10801851749420166,1830.9809267045796
285.09102792185854,64,E4,1150.791748046875,0.10801851749420166,1830.9809267045796
285.09102792185854,71,B4,1150.791748046875,0.10801851749420166,1830.9809267045796
285.09970847394186,66,F#4,1152.880615234375,0.10357270389795303,1850.74062378087
285.1040487499835,35,B1,1152.880615234375,0.10357270389795303,1850.74062378087
285.1040487499835,47,B2,1152.880615234375,0.10357270389795303,1850.74062378087
285.1040487499835,51,D#3,1152.880615234375,0.10357270389795303,1850.74062378087
285.3123819999835,47,B2,1109.58935546875,0.2178916037082672,2075.9891727438703
285.52071524998337,47,B2,1110.0458984375,0.08933492004871368,2619.0058228535263
285.52071524998337,51,D#3,1110.0458984375,0.08933492004871368,2619.0058228535263
285.525055526025,59,B3,1110.0458984375,0.08933492004871368,2619.0058228535263
285.7247082239416,52,E3,1109.77685546875,0.08654026687145233,2590.587532844434
285.72904849998326,47,B2,1109.541748046875,0.09685378521680832,2535.1950514694427
285.9373817499832,40,E2,1151.1102294921875,0.1207256019115448,2539.748950078494
285.9373817499832,47,B2,1151.1102294921875,0.1207256019115448,2539.748950078494
285.9373817499832,51,D#3,1151.1102294921875,0.1207256019115448,2539.748950078494
285.9373817499832,71,B4,1151.1102294921875,0.1207256019115448,2539.748950078494
285.9417220260249,59,B3,1151.1102294921875,0.1207256019115448,2539.748950078494
285.9417220260249,64,E4,1151.1102294921875,0.1207256019115448,2539.748950078494
285.9417220260249,71,B4,1151.1102294921875,0.1207256019115448,2539.748950078494
285.9417220260249,76,E5,1151.1102294921875,0.1207256019115448,2539.748950078494
286.1413747239415,68,G#4,1109.34619140625,0.11042449623346329,2356.9670708594067
286.1413747239415,69,A4,1109.34619140625,0.11042449623346329,2356.9670708594067
286.14571499998317,44,G#2,1109.3868408203125,0.20989328622817993,2913.1737570354776
286.34970797394146,68,G#4,1115.99072265625,0.1265164166688919,2652.4142743844423
286.3540482499831,40,E2,986.755615234375,0.13289393484592438,2537.2494235435925
286.3540482499831,51,D#3,986.755615234375,0.13289393484592438,2537.2494235435925
286.562381499983,66,F#4,1109.8370361328125,0.1137712225317955,2506.398739737506
286.7533536458163,47,B2,1109.9718017578125,0.10749482363462448,2259.8651871464344
286.75769392185794,54,F#3,1109.9718017578125,0.10749482363462448,2259.8651871464344
286.75769392185794,59,B3,1109.9718017578125,0.10749482363462448,2259.8651871464344
286.75769392185794,63,D#4,1109.9718017578125,0.10749482363462448,2259.8651871464344
286.75769392185794,66,F#4,1109.9718017578125,0.10749482363462448,2259.8651871464344
286.76637447394126,51,D#3,1109.9718017578125,0.10749482363462448,2259.8651871464344
286.76637447394126,66,F#4,1109.9718017578125,0.10749482363462448,2259.8651871464344
286.76637447394126,75,D#5,1109.9718017578125,0.10749482363462448,2259.8651871464344
286.7707147499829,35,B1,1151.681884765625,0.10928776860237122,2109.891893391541
286.7707147499829,35,B1,1151.681884765625,0.10928776860237122,2109.891893391541
286.7707147499829,47,B2,1151.681884765625,0.10928776860237122,2109.891893391541
286.7707147499829,49,C#3,1151.681884765625,0.10928776860237122,2109.891893391541
286.7707147499829,54,F#3,1151.681884765625,0.10928776860237122,2109.891893391541
286.7707147499829,59,B3,1151.681884765625,0.10928776860237122,2109.891893391541
287.16567986977446,59,B3,1109.334228515625,0.13395549356937408,4064.4097790231767
287.1873812499828,35,B1,1109.334228515625,0.13395549356937408,4064.4097790231767
287.1873812499828,51,D#3,1109.334228515625,0.13395549356937408,4064.4097790231767
287.38703394789934,64,E4,1112.5660400390625,0.1385483592748642,3079.027112801281
287.57366581769105,59,B3,1109.22314453125,0.12382961064577103,2486.45779726935
287.5780060937327,54,F#3,1109.22314453125,0.12382961064577103,2486.45779726935
287.59536719789935,66,F#4,1108.77587890625,0.12707510590553284,2387.759518851107
287.60404774998267,35,B1,1108.77587890625,0.12707510590553284,2387.759518851107
287.60404774998267,40,E2,1108.77587890625,0.12707510590553284,2387.759518851107
287.60404774998267,51,D#3,1108.77587890625,0.12707510590553284,2387.759518851107
288.003353145816,66,F#4,1109.1336669921875,0.12418792396783829,2337.129106780325
288.0120336978993,78,F#5,1109.1336669921875,0.12418792396783829,2337.129106780325
288.02071424998263,35,B1,1109.1336669921875,0.12418792396783829,2337.129106780325
288.02071424998263,51,D#3,1109.1336669921875,0.12418792396783829,2337.129106780325
288.21168639581595,68,G#4,1109.9891357421875,0.12542594969272614,2112.1680602036695
288.22036694789927,80,G#5,1109.9891357421875,0.12542594969272614,2112.1680602036695
288.2290474999826,34,A#1,1109.9891357421875,0.12542594969272614,2112.1680602036695
288.42435992185756,59,B3,1106.9000244140625,0.09979351609945297,2185.7750847088582
288.4287001978992,47,B2,1106.9000244140625,0.09979351609945297,2185.7750847088582
288.4287001978992,54,F#3,1106.9000244140625,0.09979351609945297,2185.7750847088582
288.4287001978992,69,A4,1106.9000244140625,0.09979351609945297,2185.7750847088582
288.4330404739409,81,A5,1106.9000244140625,0.09979351609945297,2185.7750847088582
288.43738074998254,35,B1,1106.9000244140625,0.09979351609945297,2185.7750847088582
288.43738074998254,35,B1,1106.9000244140625,0.09979351609945297,2185.7750847088582
288.43738074998254,51,D#3,1106.9000244140625,0.09979351609945297,2185.7750847088582
288.8497069739408,68,G#4,1128.4967041015625,0.10921064764261246,2299.4058744848853
288.8497069739408,80,G#5,1128.4967041015625,0.10921064764261246,2299.4058744848853
288.85404724998244,34,A#1,1128.4967041015625,0.10921064764261246,2299.4058744848853
288.85404724998244,51,D#3,1128.4967041015625,0.10921064764261246,2299.4058744848853
289.2576929218575,54,F#3,1129.9749755859375,0.10852424800395966,2288.701082889653
289.2576929218575,59,B3,1129.9749755859375,0.10852424800395966,2288.701082889653
289.26203319789914,66,F#4,1129.9749755859375,0.10852424800395966,2288.701082889653
289.2663734739408,78,F#5,1129.9749755859375,0.10852424800395966,2288.701082889653
289.27071374998246,35,B1,1129.9749755859375,0.10852424800395966,2288.701082889653
289.27071374998246,40,E2,1129.9749755859375,0.10852424800395966,2288.701082889653
289.27071374998246,51,D#3,1129.9749755859375,0.10852424800395966,2288.701082889653
289.4790469999824,51,D#3,1116.635009765625,0.2138264775276184,3120.3338184409704
289.6830399739407,64,E4,1109.2669677734375,0.08228271454572678,2444.2150016981286
289.6830399739407,76,E5,1109.2669677734375,0.08228271454572678,2444.2150016981286
289.68738024998237,36,C2,1109.2669677734375,0.08228271454572678,2444.2150016981286
289.68738024998237,51,D#3,1109.2669677734375,0.08228271454572678,2444.2150016981286
290.0953661978989,61,C#4,555.4590454101562,0.33264705538749695,1390.6412061253247
290.09970647394056,49,C#3,555.4590454101562,0.33264705538749695,1390.6412061253247
290.09970647394056,56,G#3,555.4590454101562,0.33264705538749695,1390.6412061253247
290.09970647394056,64,E4,555.4590454101562,0.33264705538749695,1390.6412061253247
290.09970647394056,68,G#4,555.4590454101562,0.33264705538749695,1390.6412061253247
290.09970647394056,73,C#5,555.4590454101562,0.33264705538749695,1390.6412061253247
290.09970647394056,76,E5,555.4590454101562,0.33264705538749695,1390.6412061253247
290.09970647394056,76,E5,555.4590454101562,0.33264705538749695,1390.6412061253247
290.1040467499822,35,B1,555.4590454101562,0.33264705538749695,1390.6412061253247
290.1040467499822,37,C#2,555.4590454101562,0.33264705538749695,1390.6412061253247
290.1040467499822,49,C#3,555.4590454101562,0.33264705538749695,1390.6412061253247
290.1040467499822,49,C#3,555.4590454101562,0.33264705538749695,1390.6412061253247
290.1040467499822,49,C#3,555.4590454101562,0.33264705538749695,1390.6412061253247
290.1040467499822,56,G#3,555.4590454101562,0.33264705538749695,1390.6412061253247
290.1040467499822,61,C#4,555.4590454101562,0.33264705538749695,1390.6412061253247
290.1040467499822,73,C#5,555.4590454101562,0.33264705538749695,1390.6412061253247
290.5120326978988,64,E4,1108.476318359375,0.13507220149040222,3899.5162674979597
290.5207132499821,37,C#2,1108.476318359375,0.13507220149040222,3899.5162674979597
290.5207132499821,51,D#3,1108.476318359375,0.13507220149040222,3899.5162674979597
290.71168539581544,56,G#3,1107.9498291015625,0.12156753987073898,2928.892423065269
290.92869919789877,68,G#4,1109.096923828125,0.10733015835285187,2218.5344579648286
290.9330394739404,51,D#3,1109.096923828125,0.10733015835285187,2218.5344579648286
290.9330394739404,61,C#4,1109.096923828125,0.10733015835285187,2218.5344579648286
290.9330394739404,64,E4,1109.096923828125,0.10733015835285187,2218.5344579648286
290.9373797499821,39,D#2,1109.096923828125,0.10733015835285187,2218.5344579648286
290.9373797499821,40,E2,1109.096923828125,0.10733015835285187,2218.5344579648286
290.9373797499821,51,D#3,1109.096923828125,0.10733015835285187,2218.5344579648286
290.9373797499821,55,G3,1109.096923828125,0.10733015835285187,2218.5344579648286
290.9373797499821,63,D#4,1109.096923828125,0.10733015835285187,2218.5344579648286
291.34536569789867,76,E5,1108.740234375,0.12049660086631775,1971.1860983524425
291.34970597394033,52,E3,1108.740234375,0.12049660086631775,1971.1860983524425
291.34970597394033,64,E4,1108.740234375,0.12049660086631775,1971.1860983524425
291.354046249982,40,E2,1108.740234375,0.12049660086631775,1971.1860983524425
291.354046249982,51,D#3,1108.740234375,0.12049660086631775,1971.1860983524425
291.354046249982,52,E3,1108.740234375,0.12049660086631775,1971.1860983524425
291.354046249982,68,G#4,1108.740234375,0.12049660086631775,1971.1860983524425
291.76637247394024,47,B2,1109.4898681640625,0.07708240300416946,1982.1606460287521
291.76637247394024,59,B3,1109.4898681640625,0.07708240300416946,1982.1606460287521
291.76637247394024,64,E4,1109.4898681640625,0.07708240300416946,1982.1606460287521
291.76637247394024,68,G#4,1109.4898681640625,0.07708240300416946,1982.1606460287521
291.76637247394024,71,B4,1109.4898681640625,0.07708240300416946,1982.1606460287521
291.76637247394024,75,D#5,1109.4898681640625,0.07708240300416946,1982.1606460287521
291.7707127499819,35,B1,1109.4898681640625,0.07708240300416946,1982.1606460287521
291.7707127499819,35,B1,1109.4898681640625,0.07708240300416946,1982.1606460287521
291.7707127499819,47,B2,1109.4898681640625,0.07708240300416946,1982.1606460287521
291.7707127499819,47,B2,1109.4898681640625,0.07708240300416946,1982.1606460287521
291.7707127499819,49,C#3,1109.4898681640625,0.07708240300416946,1982.1606460287521
291.7707127499819,56,G#3,1109.4898681640625,0.07708240300416946,1982.1606460287521
291.7707127499819,63,D#4,1109.4898681640625,0.07708240300416946,1982.1606460287521
291.97904599998185,66,F#4,369.44256591796875,0.34312349557876587,1692.9492606603721
292.18737924998186,35,B1,1173.011962890625,0.10250852257013321,2105.432036362665
292.18737924998186,51,D#3,1173.011962890625,0.10250852257013321,2105.432036362665
292.1960598020652,59,B3,1173.011962890625,0.10250852257013321,2105.432036362665
292.3132472551901,66,F#4,1108.763427734375,0.25527143478393555,2320.7136312584457
292.4087333281068,56,G#3,743.5407104492188,0.31067678332328796,1744.9006747150372
292.5953651978984,66,F#4,1109.38525390625,0.10499436408281326,2198.5165128082467
292.59970547394005,51,D#3,1109.77490234375,0.094659723341465,2188.017302858866
292.6040457499817,39,D#2,1109.77490234375,0.094659723341465,2188.017302858866
292.6040457499817,40,E2,1109.77490234375,0.094659723341465,2188.017302858866
292.6040457499817,51,D#3,1109.77490234375,0.094659723341465,2188.017302858866
292.6040457499817,51,D#3,1109.77490234375,0.094659723341465,2188.017302858866
292.6040457499817,63,D#4,1109.77490234375,0.094659723341465,2188.017302858866
292.6040457499817,76,E5,1109.77490234375,0.094659723341465,2188.017302858866
292.612726302065,59,B3,1109.77490234375,0.094659723341465,2188.017302858866
292.6170665781067,68,G#4,1109.77490234375,0.094659723341465,2188.017302858866
292.821059552065,66,F#4,830.0875244140625,0.18936091661453247,3191.892217909461
292.87314286456495,66,F#4,831.6372680664062,0.14098221063613892,2813.1977501988863
293.0163719739399,52,E3,988.963134765625,0.1075688898563385,2303.868012964282
293.0163719739399,64,E4,988.963134765625,0.1075688898563385,2303.868012964282
293.02071224998156,40,E2,988.963134765625,0.1075688898563385,2303.868012964282
293.02071224998156,51,D#3,988.963134765625,0.1075688898563385,2303.868012964282
293.02071224998156,52,E3,988.963134765625,0.1075688898563385,2303.868012964282
293.0250525260232,64,E4,988.963134765625,0.1075688898563385,2303.868012964282
293.1422399791482,66,F#4,987.7410278320312,0.09565150737762451,2220.7845299029664
293.4200176458148,66,F#4,1109.595458984375,0.09030125290155411,2229.852552225821
293.4243579218565,45,A2,1109.595458984375,0.09030125290155411,2229.852552225821
293.4243579218565,52,E3,1109.595458984375,0.09030125290155411,2229.852552225821
293.42869819789814,57,A3,1109.595458984375,0.09030125290155411,2229.852552225821
293.42869819789814,64,E4,1109.595458984375,0.09030125290155411,2229.852552225821
293.4330384739398,45,A2,1109.595458984375,0.09030125290155411,2229.852552225821
293.4330384739398,61,C#4,1109.595458984375,0.09030125290155411,2229.852552225821
293.4330384739398,61,C#4,1109.595458984375,0.09030125290155411,2229.852552225821
293.4330384739398,69,A4,1109.595458984375,0.09030125290155411,2229.852552225821
293.4330384739398,73,C#5,1109.595458984375,0.09030125290155411,2229.852552225821
293.4330384739398,76,E5,1109.595458984375,0.09030125290155411,2229.852552225821
293.43737874998146,33,A1,1107.3006591796875,0.08331087976694107,2241.027794330955
293.43737874998146,35,B1,1107.3006591796875,0.08331087976694107,2241.027794330955
293.43737874998146,45,A2,1107.3006591796875,0.08331087976694107,2241.027794330955
293.43737874998146,49,C#3,1107.3006591796875,0.08331087976694107,2241.027794330955
293.43737874998146,52,E3,1107.3006591796875,0.08331087976694107,2241.027794330955
293.43737874998146,57,A3,1107.3006591796875,0.08331087976694107,2241.027794330955
293.6977953124814,66,F#4,1104.5999755859375,0.14029169082641602,4043.6397104638295
293.85404524998137,33,A1,1179.411865234375,0.10363343358039856,3589.387742406224
293.85404524998137,51,D#3,1179.411865234375,0.10363343358039856,3589.387742406224
293.8627258020647,57,A3,1179.411865234375,0.10363343358039856,3589.387742406224
293.87574663018967,64,E4,1117.7706298828125,0.10382314771413803,3560.5541967747577
294.07539932810624,52,E3,988.092529296875,0.10188267379999161,2424.925763661419
294.24467009373126,64,E4,1112.916259765625,0.10670556873083115,2317.0513693733624
294.26637147393956,57,A3,1122.59375,0.10708781331777573,2203.300469222517
294.26637147393956,59,B3,1122.59375,0.10708781331777573,2203.300469222517
294.26637147393956,64,E4,1122.59375,0.10708781331777573,2203.300469222517
294.2707117499812,33,A1,1128.323974609375,0.10618774592876434,2235.9479323707674
294.2707117499812,40,E2,1128.323974609375,0.10618774592876434,2235.9479323707674
294.2707117499812,51,D#3,1128.323974609375,0.10618774592876434,2235.9479323707674
294.4790449999812,51,D#3,1174.249267578125,0.14110463857650757,2915.64351017452
294.4833852760229,61,C#4,1174.249267578125,0.14110463857650757,2915.64351017452
294.6830379739395,57,A3,988.4110717773438,0.09358177334070206,2139.7976205839423
294.6873782499812,33,A1,988.4110717773438,0.09358177334070206,2139.7976205839423
294.6873782499812,51,D#3,988.4110717773438,0.09358177334070206,2139.7976205839423
294.8913712239395,57,A3,1107.9283447265625,0.11229466646909714,2004.4520347522352
294.89571149998113,35,B1,1107.9283447265625,0.11229466646909714,2004.4520347522352
294.89571149998113,61,C#4,1107.9283447265625,0.11229466646909714,2004.4520347522352
294.89571149998113,64,E4,1107.9283447265625,0.11229466646909714,2004.4520347522352
295.1040447499811,40,E2,988.653076171875,0.3455764055252075,2155.365753890415
295.1040447499811,49,C#3,988.653076171875,0.3455764055252075,2155.365753890415
295.1127253020644,52,E3,657.47119140625,0.35819122195243835,1719.2837673547751
295.29067661977274,56,G#3,1177.9229736328125,0.14839299023151398,4309.248446834334
295.3210585520644,57,A3,989.2024536132812,0.11959053575992584,4644.317473311399
295.5163709739394,57,A3,1108.0738525390625,0.11499002575874329,3421.0805468249255
295.5163709739394,59,B3,1108.0738525390625,0.11499002575874329,3421.0805468249255
295.5163709739394,64,E4,1108.0738525390625,0.11499002575874329,3421.0805468249255
295.52071124998105,33,A1,1108.0738525390625,0.11499002575874329,3421.0805468249255
295.52071124998105,40,E2,1108.0738525390625,0.11499002575874329,3421.0805468249255
295.52071124998105,52,E3,1108.0738525390625,0.11499002575874329,3421.0805468249255
295.52071124998105,59,B3,1108.0738525390625,0.11499002575874329,3421.0805468249255
295.70300284373104,56,G#3,1176.5355224609375,0.1433171033859253,3335.821433594374
295.71168339581436,57,A3,1172.606689453125,0.11878467351198196,3174.687212242454
295.71168339581436,64,E4,1172.606689453125,0.11878467351198196,3174.687212242454
295.716023671856,61,C#4,1172.606689453125,0.11878467351198196,3174.687212242454
295.729044499981,33,A1,1172.606689453125,0.11878467351198196,3174.687212242454
295.729044499981,35,B1,1172.606689453125,0.11878467351198196,3174.687212242454
295.729044499981,45,A2,1172.606689453125,0.11878467351198196,3174.687212242454
295.9200166458143,45,A2,1041.8939208984375,0.11979956179857254,2271.282282356071
295.92869719789763,61,C#4,1041.8939208984375,0.11979956179857254,2271.282282356071
295.93737774998095,40,E2,1041.8939208984375,0.11979956179857254,2271.282282356071
295.93737774998095,45,A2,1041.8939208984375,0.11979956179857254,2271.282282356071
295.93737774998095,57,A3,1041.8939208984375,0.11979956179857254,2271.282282356071
295.93737774998095,57,A3,1041.8939208984375,0.11979956179857254,2271.282282356071
296.13269017185587,59,B3,1111.3826904296875,0.14193686842918396,1830.9828249866214
296.1413707239392,57,A3,1111.3826904296875,0.14193686842918396,1830.9828249866214
296.14571099998085,33,A1,1111.3826904296875,0.14193686842918396,1830.9828249866214
296.1500512760225,64,E4,1111.3826904296875,0.14193686842918396,1830.9828249866214
296.2151554166475,48,C3,1139.3087158203125,0.10871704667806625,1960.3901909720155
296.33668314581416,57,A3,1108.4761962890625,0.12623068690299988,1654.1656851784614
296.3410234218558,59,B3,1108.4761962890625,0.12623068690299988,1654.1656851784614
296.3410234218558,64,E4,1108.4761962890625,0.12623068690299988,1654.1656851784614
296.34970397393914,56,G#3,1108.4761962890625,0.12623068690299988,1654.1656851784614
296.3540442499808,40,E2,1108.4761962890625,0.12623068690299988,1654.1656851784614
296.3540442499808,45,A2,1108.4761962890625,0.12623068690299988,1654.1656851784614
296.54067611977246,59,B3,1110.0042724609375,0.10808349400758743,1978.0368608697113
296.56237749998076,45,A2,1109.4527587890625,0.10279948264360428,1863.6625605047343
296.76203019789733,61,C#4,1107.644775390625,0.09752456098794937,2094.69999674756
296.77071074998065,28,E1,1107.644775390625,0.09752456098794937,2094.69999674756
296.77071074998065,35,B1,1107.644775390625,0.09752456098794937,2094.69999674756
296.77071074998065,40,E2,1107.644775390625,0.09752456098794937,2094.69999674756
296.77071074998065,47,B2,1107.644775390625,0.09752456098794937,2094.69999674756
296.77071074998065,52,E3,1107.644775390625,0.09752456098794937,2094.69999674756
296.77071074998065,52,E3,1107.644775390625,0.09752456098794937,2094.69999674756
296.77071074998065,52,E3,1107.644775390625,0.09752456098794937,2094.69999674756
296.77071074998065,57,A3,1107.644775390625,0.09752456098794937,2094.69999674756
296.77071074998065,59,B3,1107.644775390625,0.09752456098794937,2094.69999674756
296.77071074998065,59,B3,1107.644775390625,0.09752456098794937,2094.69999674756
296.77071074998065,64,E4,1107.644775390625,0.09752456098794937,2094.69999674756
296.77071074998065,68,G#4,1107.644775390625,0.09752456098794937,2094.69999674756
296.77071074998065,68,G#4,1107.644775390625,0.09752456098794937,2094.69999674756
296.77071074998065,71,B4,1107.644775390625,0.09752456098794937,2094.69999674756
296.77071074998065,76,E5,1107.644775390625,0.09752456098794937,2094.69999674756
296.974703723939,59,B3,1115.06005859375,0.19477137923240662,3855.698605530344
297.17869669789735,59,B3,1109.4930419921875,0.12175162881612778,3339.6116486367573
297.18737724998067,28,E1,1109.4930419921875,0.12175162881612778,3339.6116486367573
297.18737724998067,56,G#3,1109.4930419921875,0.12175162881612778,3339.6116486367573
297.4087313281057,54,F#3,1107.77880859375,0.08597539365291595,2822.000688591742
297.5866826458141,59,B3,1127.54345703125,0.09398697316646576,2377.4094470669565
297.5866826458141,64,E4,1127.54345703125,0.09398697316646576,2377.4094470669565
297.59102292185577,68,G#4,1149.262939453125,0.09020213782787323,2371.8052337038744
297.60404374998075,28,E1,1149.262939453125,0.09020213782787323,2371.8052337038744
297.60404374998075,40,E2,1149.262939453125,0.09020213782787323,2371.8052337038744
297.60404374998075,51,D#3,1149.262939453125,0.09020213782787323,2371.8052337038744
297.6083840260224,56,G#3,1149.262939453125,0.09020213782787323,2371.8052337038744
298.01202969789733,59,B3,1108.859375,0.0827031210064888,2396.15203016408
298.02071024998065,28,E1,1108.859375,0.0827031210064888,2396.15203016408
298.02071024998065,51,D#3,1108.859375,0.0827031210064888,2396.15203016408
298.02071024998065,61,C#4,1108.859375,0.0827031210064888,2396.15203016408
298.02071024998065,64,E4,1108.859375,0.0827031210064888,2396.15203016408
298.20734211977225,52,E3,1154.8994140625,0.11420184373855591,2147.3369144346957
298.2247032239389,59,B3,1109.9388427734375,0.11491774767637253,2032.5553241605849
298.4243559218555,59,B3,1109.4791259765625,0.13040651381015778,2006.953955058246
298.4243559218555,64,E4,1109.4791259765625,0.13040651381015778,2006.953955058246
298.4243559218555,71,B4,1109.4791259765625,0.13040651381015778,2006.953955058246
298.4373767499805,35,B1,1108.9539794921875,0.12375903129577637,2033.4995458538194
298.4373767499805,47,B2,1108.9539794921875,0.12375903129577637,2033.4995458538194
298.4373767499805,51,D#3,1108.9539794921875,0.12375903129577637,2033.4995458538194
298.4373767499805,54,F#3,1108.9539794921875,0.12375903129577637,2033.4995458538194
298.64570999998045,47,B2,1043.0260009765625,0.11713437736034393,2460.8204047034205
298.85404324998035,47,B2,1102.86279296875,0.0877753272652626,2520.188267579776
298.85404324998035,51,D#3,1102.86279296875,0.0877753272652626,2520.188267579776
298.85404324998035,59,B3,1102.86279296875,0.0877753272652626,2520.188267579776
298.858383526022,59,B3,1102.86279296875,0.0877753272652626,2520.188267579776
299.0580362239386,52,E3,1108.226806640625,0.1164461299777031,2262.219079463139
299.06237649998025,47,B2,1108.226806640625,0.1164461299777031,2262.219079463139
299.27070974998026,40,E2,1110.333251953125,0.08685299754142761,2280.0237265059523
299.27070974998026,47,B2,1110.333251953125,0.08685299754142761,2280.0237265059523
299.27070974998026,51,D#3,1110.333251953125,0.08685299754142761,2280.0237265059523
299.27070974998026,61,C#4,1110.333251953125,0.08685299754142761,2280.0237265059523
299.2750500260219,59,B3,1110.333251953125,0.08685299754142761,2280.0237265059523
299.2750500260219,64,E4,1110.333251953125,0.08685299754142761,2280.0237265059523
299.2750500260219,71,B4,1110.333251953125,0.08685299754142761,2280.0237265059523
299.47470272393855,69,A4,1153.807373046875,0.12507428228855133,2420.442660985786
299.4790429999802,44,G#2,1153.807373046875,0.12507428228855133,2420.442660985786
299.4790429999802,59,B3,1153.807373046875,0.12507428228855133,2420.442660985786
299.6830359739385,68,G#4,1109.343994140625,0.09721657633781433,2279.9137602403944
299.68737624998016,40,E2,1109.343994140625,0.09721657633781433,2279.9137602403944
299.68737624998016,51,D#3,1109.343994140625,0.09721657633781433,2279.9137602403944
299.68737624998016,61,C#4,1109.343994140625,0.09721657633781433,2279.9137602403944
299.8913692239384,64,E4,1112.0274658203125,0.10775555670261383,2126.3656388990867
300.0866816458133,47,B2,1108.881591796875,0.08756992965936661,2168.795671848971
300.091021921855,54,F#3,1108.881591796875,0.08756992965936661,2168.795671848971
300.091021921855,59,B3,1108.881591796875,0.08756992965936661,2168.795671848971
300.091021921855,63,D#4,1108.881591796875,0.08756992965936661,2168.795671848971
300.091021921855,66,F#4,1108.881591796875,0.08756992965936661,2168.795671848971
300.0997024739383,51,D#3,1035.6944580078125,0.08588168025016785,2129.0589330932253
300.0997024739383,66,F#4,1035.6944580078125,0.08588168025016785,2129.0589330932253
300.0997024739383,75,D#5,1035.6944580078125,0.08588168025016785,2129.0589330932253
300.10404274997995,35,B1,1035.6944580078125,0.08588168025016785,2129.0589330932253
300.10404274997995,35,B1,1035.6944580078125,0.08588168025016785,2129.0589330932253
300.10404274997995,47,B2,1035.6944580078125,0.08588168025016785,2129.0589330932253
300.10404274997995,49,C#3,1035.6944580078125,0.08588168025016785,2129.0589330932253
300.10404274997995,54,F#3,1035.6944580078125,0.08588168025016785,2129.0589330932253
300.10404274997995,59,B3,1035.6944580078125,0.08588168025016785,2129.0589330932253
300.30803572393825,61,C#4,1114.292236328125,0.1268685907125473,2190.8698515823135
300.49900786977156,59,B3,1109.9384765625,0.09019182622432709,2244.977715692758
300.5163689739382,59,B3,1109.70947265625,0.09816556423902512,2197.029605527266
300.5163689739382,64,E4,1109.70947265625,0.09816556423902512,2197.029605527266
300.52070924997986,35,B1,1109.70947265625,0.09816556423902512,2197.029605527266
300.52070924997986,51,D#3,1109.70947265625,0.09816556423902512,2197.029605527266
300.90699381768815,59,B3,1118.6771240234375,0.1192610114812851,2115.0237783485536
300.9113340937298,54,F#3,1116.5074462890625,0.1231168881058693,2161.362935945633
300.9330354739381,61,C#4,1116.5074462890625,0.1231168881058693,2161.362935945633
300.93737574997976,35,B1,985.502197265625,0.19231058657169342,2279.1445265308594
300.93737574997976,40,E2,985.502197265625,0.19231058657169342,2279.1445265308594
300.93737574997976,51,D#3,985.502197265625,0.19231058657169342,2279.1445265308594
301.14136872393806,59,B3,1113.1669921875,0.10863123834133148,2601.8902647640853
301.14136872393806,64,E4,1113.1669921875,0.10863123834133148,2601.8902647640853
301.33668114581303,66,F#4,1107.3297119140625,0.07927600294351578,2069.701207252749
301.34536169789635,78,F#5,1107.3297119140625,0.07927600294351578,2069.701207252749
301.35404224997967,35,B1,1110.0799560546875,0.10151372849941254,2020.142113569363
301.35404224997967,51,D#3,1110.0799560546875,0.10151372849941254,2020.142113569363
301.545014395813,68,G#4,1110.3187255859375,0.08708116412162781,2193.5810876926917
301.5536949478963,80,G#5,1110.3187255859375,0.08708116412162781,2193.5810876926917
301.55803522393796,61,C#4,1110.3187255859375,0.08708116412162781,2193.5810876926917
301.5623754999796,34,A#1,1186.160888671875,0.0987403616309166,2244.4618872808815
301.7576879218546,59,B3,1108.1649169921875,0.11505912244319916,2230.1343309572494
301.76202819789626,47,B2,1108.1649169921875,0.11505912244319916,2230.1343309572494
301.76202819789626,54,F#3,1108.1649169921875,0.11505912244319916,2230.1343309572494
301.76202819789626,69,A4,1108.1649169921875,0.11505912244319916,2230.1343309572494
301.7663684739379,59,B3,1108.1649169921875,0.11505912244319916,2230.1343309572494
301.7663684739379,64,E4,1108.1649169921875,0.11505912244319916,2230.1343309572494
301.7663684739379,81,A5,1108.1649169921875,0.11505912244319916,2230.1343309572494
301.7707087499796,35,B1,1109.5528564453125,0.29948243498802185,2411.870872600872
301.7707087499796,35,B1,1109.5528564453125,0.29948243498802185,2411.870872600872
301.7707087499796,51,D#3,1109.5528564453125,0.29948243498802185,2411.870872600872
302.1830349739378,68,G#4,1110.2001953125,0.23901154100894928,2401.9694725928325
302.1830349739378,80,G#5,1110.2001953125,0.23901154100894928,2401.9694725928325
302.1873752499795,34,A#1,1110.2001953125,0.23901154100894928,2401.9694725928325
302.1873752499795,51,D#3,1110.2001953125,0.23901154100894928,2401.9694725928325
302.1873752499795,61,C#4,1110.2001953125,0.23901154100894928,2401.9694725928325
302.3913682239377,59,B3,1110.9407958984375,0.11641517281532288,2173.3657474121082
302.3913682239377,64,E4,1110.9407958984375,0.11641517281532288,2173.3657474121082
302.59102092185435,54,F#3,989.0635986328125,0.2006457895040512,2846.013154051013
302.59102092185435,59,B3,989.0635986328125,0.2006457895040512,2846.013154051013
302.595361197896,66,F#4,989.0635986328125,0.2006457895040512,2846.013154051013
302.59970147393767,78,F#5,989.0635986328125,0.2006457895040512,2846.013154051013
302.60404174997933,35,B1,989.0635986328125,0.2006457895040512,2846.013154051013
302.60404174997933,40,E2,989.0635986328125,0.2006457895040512,2846.013154051013
302.60404174997933,51,D#3,989.0635986328125,0.2006457895040512,2846.013154051013
302.8080347239376,59,B3,1100.9959716796875,0.10814812034368515,2498.168554875352
302.8123749999793,51,D#3,1100.9959716796875,0.10814812034368515,2498.168554875352
303.0163679739376,64,E4,1109.0860595703125,0.11915089935064316,2076.0819661204096
303.0163679739376,76,E5,1109.0860595703125,0.11915089935064316,2076.0819661204096
303.02070824997924,36,C2,1109.0860595703125,0.11915089935064316,2076.0819661204096
303.02070824997924,51,D#3,1109.0860595703125,0.11915089935064316,2076.0819661204096
303.2377220520625,64,E4,329.43780517578125,0.32955726981163025,1579.080409498877
303.42869419789577,61,C#4,1109.938232421875,0.19674815237522125,1904.2613331361397
303.4330344739374,49,C#3,1109.938232421875,0.19674815237522125,1904.2613331361397
303.4330344739374,56,G#3,1109.938232421875,0.19674815237522125,1904.2613331361397
303.4330344739374,64,E4,1109.938232421875,0.19674815237522125,1904.2613331361397
303.4330344739374,64,E4,1109.938232421875,0.19674815237522125,1904.2613331361397
303.4330344739374,68,G#4,1109.938232421875,0.19674815237522125,1904.2613331361397
303.4330344739374,73,C#5,1109.938232421875,0.19674815237522125,1904.2613331361397
303.4330344739374,76,E5,1109.938232421875,0.19674815237522125,1904.2613331361397
303.4330344739374,76,E5,1109.938232421875,0.19674815237522125,1904.2613331361397
303.4373747499791,35,B1,1109.938232421875,0.19674815237522125,1904.2613331361397
303.4373747499791,37,C#2,1109.938232421875,0.19674815237522125,1904.2613331361397
303.4373747499791,49,C#3,1109.938232421875,0.19674815237522125,1904.2613331361397
303.4373747499791,49,C#3,1109.938232421875,0.19674815237522125,1904.2613331361397
303.4373747499791,49,C#3,1109.938232421875,0.19674815237522125,1904.2613331361397
303.4373747499791,56,G#3,1109.938232421875,0.19674815237522125,1904.2613331361397
303.4373747499791,61,C#4,1109.938232421875,0.19674815237522125,1904.2613331361397
303.84536069789567,64,E4,1169.6805419921875,0.13800011575222015,2845.36717662139
303.854041249979,37,C#2,1169.6805419921875,0.13800011575222015,2845.36717662139
303.854041249979,51,D#3,1169.6805419921875,0.13800011575222015,2845.36717662139
304.0450133958123,56,G#3,1106.61865234375,0.1190355122089386,2437.0262741236857
304.26202719789563,68,G#4,1111.7821044921875,0.2223944067955017,3023.5112185470716
304.2663674739373,51,D#3,1111.7821044921875,0.2223944067955017,3023.5112185470716
304.2663674739373,61,C#4,1111.7821044921875,0.2223944067955017,3023.5112185470716
304.2663674739373,64,E4,1111.7821044921875,0.2223944067955017,3023.5112185470716
304.27070774997895,39,D#2,1111.7821044921875,0.2223944067955017,3023.5112185470716
304.27070774997895,40,E2,1111.7821044921875,0.2223944067955017,3023.5112185470716
304.27070774997895,51,D#3,1111.7821044921875,0.2223944067955017,3023.5112185470716
304.27070774997895,55,G3,1111.7821044921875,0.2223944067955017,3023.5112185470716
304.27070774997895,63,D#4,1111.7821044921875,0.2223944067955017,3023.5112185470716
304.67869369789554,76,E5,1156.5667724609375,0.09327961504459381,2511.1394801374163
304.6830339739372,52,E3,1156.5667724609375,0.09327961504459381,2511.1394801374163
304.6830339739372,64,E4,1156.5667724609375,0.09327961504459381,2511.1394801374163
304.68737424997886,40,E2,1156.5667724609375,0.09327961504459381,2511.1394801374163
304.68737424997886,51,D#3,1156.5667724609375,0.09327961504459381,2511.1394801374163
304.68737424997886,52,E3,1156.5667724609375,0.09327961504459381,2511.1394801374163
304.68737424997886,68,G#4,1156.5667724609375,0.09327961504459381,2511.1394801374163
305.0997004739371,47,B2,484.64349365234375,0.38142088055610657,2224.6171744834205
305.0997004739371,59,B3,484.64349365234375,0.38142088055610657,2224.6171744834205
305.0997004739371,64,E4,484.64349365234375,0.38142088055610657,2224.6171744834205
305.0997004739371,68,G#4,484.64349365234375,0.38142088055610657,2224.6171744834205
305.0997004739371,71,B4,484.64349365234375,0.38142088055610657,2224.6171744834205
305.0997004739371,75,D#5,484.64349365234375,0.38142088055610657,2224.6171744834205
305.10404074997876,35,B1,484.64349365234375,0.38142088055610657,2224.6171744834205
305.10404074997876,35,B1,484.64349365234375,0.38142088055610657,2224.6171744834205
305.10404074997876,47,B2,484.64349365234375,0.38142088055610657,2224.6171744834205
305.10404074997876,47,B2,484.64349365234375,0.38142088055610657,2224.6171744834205
305.10404074997876,49,C#3,484.64349365234375,0.38142088055610657,2224.6171744834205
305.10404074997876,56,G#3,484.64349365234375,0.38142088055610657,2224.6171744834205
305.10404074997876,63,D#4,484.64349365234375,0.38142088055610657,2224.6171744834205
305.52070724997867,35,B1,185.84320068359375,0.38635167479515076,1454.2716063379853
305.52070724997867,51,D#3,185.84320068359375,0.38635167479515076,1454.2716063379853
305.529387802062,59,B3,185.84320068359375,0.38635167479515076,1454.2716063379853
305.7420613281036,56,G#3,1108.828125,0.11832574009895325,2156.9719733204315
305.93303347393686,51,D#3,1179.4984130859375,0.2272665947675705,3137.5457514338596
305.9373737499785,39,D#2,1179.4984130859375,0.2272665947675705,3137.5457514338596
305.9373737499785,40,E2,1179.4984130859375,0.2272665947675705,3137.5457514338596
305.9373737499785,51,D#3,1179.4984130859375,0.2272665947675705,3137.5457514338596
305.9373737499785,51,D#3,1179.4984130859375,0.2272665947675705,3137.5457514338596
305.9373737499785,63,D#4,1179.4984130859375,0.2272665947675705,3137.5457514338596
305.9373737499785,76,E5,1179.4984130859375,0.2272665947675705,3137.5457514338596
305.94605430206184,59,B3,1179.4984130859375,0.2272665947675705,3137.5457514338596
305.9503945781035,68,G#4,1186.125732421875,0.20827709138393402,3151.3789030207686
306.15438755206185,66,F#4,1108.939208984375,0.10010172426700592,2202.919124831204
306.34969997393677,52,E3,1112.10498046875,0.11531871557235718,2330.446189064163
306.34969997393677,64,E4,1112.10498046875,0.11531871557235718,2330.446189064163
306.3540402499784,40,E2,1112.10498046875,0.11531871557235718,2330.446189064163
306.3540402499784,51,D#3,1112.10498046875,0.11531871557235718,2330.446189064163
306.3540402499784,52,E3,1112.10498046875,0.11531871557235718,2330.446189064163
306.3583805260201,64,E4,1112.10498046875,0.11531871557235718,2330.446189064163
306.7576859218533,45,A2,1106.5137939453125,0.21939997375011444,3015.4271356898525
306.7576859218533,52,E3,1106.5137939453125,0.21939997375011444,3015.4271356898525
306.76202619789495,57,A3,1106.5137939453125,0.21939997375011444,3015.4271356898525
306.76202619789495,64,E4,1106.5137939453125,0.21939997375011444,3015.4271356898525
306.7663664739366,45,A2,1182.72509765625,0.23261579871177673,3170.0020683861085
306.7663664739366,61,C#4,1182.72509765625,0.23261579871177673,3170.0020683861085
306.7663664739366,61,C#4,1182.72509765625,0.23261579871177673,3170.0020683861085
306.7663664739366,69,A4,1182.72509765625,0.23261579871177673,3170.0020683861085
306.7663664739366,73,C#5,1182.72509765625,0.23261579871177673,3170.0020683861085
306.7663664739366,76,E5,1182.72509765625,0.23261579871177673,3170.0020683861085
306.7707067499783,33,A1,1182.72509765625,0.23261579871177673,3170.0020683861085
306.7707067499783,35,B1,1182.72509765625,0.23261579871177673,3170.0020683861085
306.7707067499783,45,A2,1182.72509765625,0.23261579871177673,3170.0020683861085
306.7707067499783,49,C#3,1182.72509765625,0.23261579871177673,3170.0020683861085
306.7707067499783,52,E3,1182.72509765625,0.23261579871177673,3170.0020683861085
306.7707067499783,57,A3,1182.72509765625,0.23261579871177673,3170.0020683861085
307.18737324997824,33,A1,1131.802734375,0.21158666908740997,3636.1403770442066
307.18737324997824,40,E2,1131.802734375,0.21158666908740997,3636.1403770442066
307.18737324997824,57,A3,1131.802734375,0.21158666908740997,3636.1403770442066
307.19605380206156,57,A3,1131.802734375,0.21158666908740997,3636.1403770442066
307.20907463018654,64,E4,991.1607666015625,0.1544230729341507,3858.6991059328843
307.40872732810317,52,E3,1103.5865478515625,0.12712034583091736,3364.715360399967
307.5996994739365,57,A3,990.1710205078125,0.248684361577034,2281.1433573568393
307.5996994739365,59,B3,990.1710205078125,0.248684361577034,2281.1433573568393
307.5996994739365,64,E4,990.1710205078125,0.248684361577034,2281.1433573568393
307.60403974997814,33,A1,990.1710205078125,0.248684361577034,2281.1433573568393
307.60403974997814,35,B1,990.1710205078125,0.248684361577034,2281.1433573568393
307.81237299997815,40,E2,1177.9923095703125,0.14775943756103516,3390.5645660018595
307.81237299997815,49,C#3,1177.9923095703125,0.14775943756103516,3390.5645660018595
307.8167132760198,61,C#4,1177.9923095703125,0.14775943756103516,3390.5645660018595
308.01636597393644,57,A3,880.5064697265625,0.09168559312820435,2417.3295106185
308.0207062499781,33,A1,880.5064697265625,0.09168559312820435,2417.3295106185
308.22469922393645,57,A3,1102.0716552734375,0.1463707983493805,2306.538271238364
308.2290394999781,35,B1,1107.990234375,0.13937164843082428,2309.5159340064374
308.2290394999781,61,C#4,1107.990234375,0.13937164843082428,2309.5159340064374
308.2290394999781,64,E4,1107.990234375,0.13937164843082428,2309.5159340064374
308.41567136976977,40,E2,947.2840576171875,0.1954786777496338,3190.3051936392735
308.43737274997807,40,E2,1098.4046630859375,0.15307466685771942,3175.2873465170446
308.43737274997807,46,A#2,1098.4046630859375,0.15307466685771942,3175.2873465170446
308.4460533020614,52,E3,1098.4046630859375,0.15307466685771942,3175.2873465170446
308.6543865520614,57,A3,881.2973022460938,0.11829683184623718,1932.9192335436464
308.84969897393637,57,A3,882.3004150390625,0.14985550940036774,2278.4627622736534
308.84969897393637,59,B3,882.3004150390625,0.14985550940036774,2278.4627622736534
308.84969897393637,64,E4,882.3004150390625,0.14985550940036774,2278.4627622736534
308.85403924997803,33,A1,881.5514526367188,0.1455860584974289,2173.386701070579
308.85403924997803,45,A2,881.5514526367188,0.1455860584974289,2173.386701070579
308.85403924997803,52,E3,881.5514526367188,0.1455860584974289,2173.386701070579
309.04501139581134,57,A3,1120.2108154296875,0.08400644361972809,2283.0881560855078
309.04501139581134,64,E4,1120.2108154296875,0.08400644361972809,2283.0881560855078
309.049351671853,61,C#4,1120.2108154296875,0.08400644361972809,2283.0881560855078
309.062372499978,33,A1,1098.7144775390625,0.0863977000117302,2250.7482078311214
309.062372499978,35,B1,1098.7144775390625,0.0863977000117302,2250.7482078311214
309.062372499978,45,A2,1098.7144775390625,0.0863977000117302,2250.7482078311214
309.2533446458113,45,A2,1097.5216064453125,0.16513529419898987,3109.122000795385
309.27070574997794,40,E2,1088.6983642578125,0.1888735443353653,2941.3968206508553
309.27070574997794,45,A2,1088.6983642578125,0.1888735443353653,2941.3968206508553
309.27070574997794,57,A3,1088.6983642578125,0.1888735443353653,2941.3968206508553
309.27070574997794,57,A3,1088.6983642578125,0.1888735443353653,2941.3968206508553
309.40959458331116,40,E2,1102.7119140625,0.14077125489711761,2855.746449957246
309.4746987239361,57,A3,879.1224365234375,0.15646323561668396,3088.1646480307327
309.4790389999778,33,A1,879.1224365234375,0.15646323561668396,3088.1646480307327
309.48337927601943,64,E4,880.187744140625,0.15320773422718048,2493.8646343731843
309.54848341664444,40,E2,882.120361328125,0.13346517086029053,2254.8962573114027
309.67001114581103,57,A3,879.2049560546875,0.1635754257440567,2078.5398163689506
309.6743514218527,59,B3,879.2049560546875,0.1635754257440567,2078.5398163689506
309.6743514218527,64,E4,879.2049560546875,0.1635754257440567,2078.5398163689506
309.68737224997767,40,E2,879.2049560546875,0.1635754257440567,2078.5398163689506
309.68737224997767,45,A2,879.2049560546875,0.1635754257440567,2078.5398163689506
309.82626108331095,45,A2,1097.000732421875,0.10037482529878616,2107.822363489418
309.9651499166443,45,A2,1121.2728271484375,0.09108944237232208,2156.113150495812
310.1040387499775,28,E1,664.57763671875,0.37890881299972534,3069.154138205995
310.1040387499775,35,B1,664.57763671875,0.37890881299972534,3069.154138205995
310.1040387499775,40,E2,664.57763671875,0.37890881299972534,3069.154138205995
310.1040387499775,47,B2,664.57763671875,0.37890881299972534,3069.154138205995
310.1040387499775,52,E3,664.57763671875,0.37890881299972534,3069.154138205995
310.1040387499775,52,E3,664.57763671875,0.37890881299972534,3069.154138205995
310.1040387499775,52,E3,664.57763671875,0.37890881299972534,3069.154138205995
310.1040387499775,57,A3,664.57763671875,0.37890881299972534,3069.154138205995
310.1040387499775,59,B3,664.57763671875,0.37890881299972534,3069.154138205995
310.1040387499775,59,B3,664.57763671875,0.37890881299972534,3069.154138205995
310.1040387499775,64,E4,664.57763671875,0.37890881299972534,3069.154138205995
310.1040387499775,68,G#4,664.57763671875,0.37890881299972534,3069.154138205995
310.1040387499775,68,G#4,664.57763671875,0.37890881299972534,3069.154138205995
310.1040387499775,71,B4,664.57763671875,0.37890881299972534,3069.154138205995
310.1040387499775,76,E5,664.57763671875,0.37890881299972534,3069.154138205995
310.51202469789416,59,B3,991.1184692382812,0.1421215534210205,2545.8776262999118
310.5207052499775,28,E1,991.1184692382812,0.1421215534210205,2545.8776262999118
310.92001064581075,59,B3,1136.459716796875,0.14854751527309418,3493.278093933909
310.92001064581075,64,E4,1136.459716796875,0.14854751527309418,3493.278093933909
310.9243509218524,68,G#4,1136.459716796875,0.14854751527309418,3493.278093933909
310.9373717499774,28,E1,1136.459716796875,0.14854751527309418,3493.278093933909
310.9373717499774,40,E2,1136.459716796875,0.14854751527309418,3493.278093933909
310.9373717499774,51,D#3,1136.459716796875,0.14854751527309418,3493.278093933909
310.9460523020607,68,G#4,1192.524658203125,0.14184582233428955,3523.0117092468217
311.345357697894,59,B3,989.802978515625,0.11450934410095215,2454.9619372463026
311.3540382499773,28,E1,989.802978515625,0.11450934410095215,2454.9619372463026
311.3540382499773,51,D#3,989.802978515625,0.11450934410095215,2454.9619372463026
311.52330901560225,68,G#4,986.18701171875,0.1419910043478012,2502.0681321231987
311.5406701197689,52,E3,986.18701171875,0.1419910043478012,2502.0681321231987
311.7576839218522,59,B3,1109.7320556640625,0.07406605780124664,2784.9740246535694
311.7576839218522,64,E4,1109.7320556640625,0.07406605780124664,2784.9740246535694
311.7576839218522,71,B4,1109.7320556640625,0.07406605780124664,2784.9740246535694
311.7707047499772,35,B1,1109.7320556640625,0.07406605780124664,2784.9740246535694
311.7707047499772,47,B2,1109.7320556640625,0.07406605780124664,2784.9740246535694
311.7707047499772,51,D#3,1109.7320556640625,0.07406605780124664,2784.9740246535694
311.9790379999772,47,B2,981.3509521484375,0.10445009917020798,2437.41012369293
311.9790379999772,64,E4,981.3509521484375,0.10445009917020798,2437.41012369293
312.1049060051855,65,F4,661.4010009765625,0.3721352219581604,1897.5599750630158
312.18737124997716,47,B2,982.0449829101562,0.11891699582338333,2557.94143392371
312.18737124997716,51,D#3,982.0449829101562,0.11891699582338333,2557.94143392371
312.1917115260188,59,B3,982.0449829101562,0.11891699582338333,2557.94143392371
312.20907263018546,66,F#4,987.8319702148438,0.12215925008058548,2445.298396924381
312.2915378749771,67,G4,995.3956909179688,0.15452715754508972,2240.5682293721943
312.3913642239354,52,E3,894.8216552734375,0.16143834590911865,2272.675633748283
312.3913642239354,68,G#4,894.8216552734375,0.16143834590911865,2272.675633748283
312.39570449997706,47,B2,894.8216552734375,0.16143834590911865,2272.675633748283
312.4781697447687,69,A4,1182.0087890625,0.22084763646125793,3047.0149397385653
312.5562947135187,70,A#4,990.5587158203125,0.17470893263816833,3965.5488252481255
312.604037749977,40,E2,886.99609375,0.15729032456874847,4207.050524284295
312.604037749977,47,B2,886.99609375,0.15729032456874847,4207.050524284295
312.604037749977,51,D#3,886.99609375,0.15729032456874847,4207.050524284295
312.60837802601867,59,B3,886.99609375,0.15729032456874847,4207.050524284295
312.60837802601867,64,E4,886.99609375,0.15729032456874847,4207.050524284295
312.60837802601867,71,B4,886.99609375,0.15729032456874847,4207.050524284295
312.61271830206033,71,B4,886.99609375,0.15729032456874847,4207.050524284295
312.8080307239353,69,A4,1109.84228515625,0.11393652111291885,3445.604748057082
312.81237099997696,44,G#2,1109.84228515625,0.11393652111291885,3445.604748057082
312.81237099997696,71,B4,1109.84228515625,0.11393652111291885,3445.604748057082
313.01636397393526,68,G#4,988.5262451171875,0.12719681859016418,2551.5126168016695
313.0207042499769,40,E2,988.5262451171875,0.12719681859016418,2551.5126168016695
313.0207042499769,51,D#3,988.5262451171875,0.12719681859016418,2551.5126168016695
313.0207042499769,71,B4,988.5262451171875,0.12719681859016418,2551.5126168016695
313.23771805206013,80,G#5,988.417724609375,0.10124101489782333,2376.518502914083
313.42000964581007,47,B2,1115.86279296875,0.145411878824234,2357.43775365577
313.42434992185173,54,F#3,1115.86279296875,0.145411878824234,2357.43775365577
313.42434992185173,59,B3,1115.86279296875,0.145411878824234,2357.43775365577
313.42434992185173,63,D#4,1115.86279296875,0.145411878824234,2357.43775365577
313.42434992185173,66,F#4,1115.86279296875,0.145411878824234,2357.43775365577
313.43303047393505,51,D#3,1116.0908203125,0.11101075261831284,2390.683607656541
313.43303047393505,66,F#4,1116.0908203125,0.11101075261831284,2390.683607656541
313.43303047393505,75,D#5,1116.0908203125,0.11101075261831284,2390.683607656541
313.4373707499767,35,B1,1116.0908203125,0.11101075261831284,2390.683607656541
313.4373707499767,35,B1,1116.0908203125,0.11101075261831284,2390.683607656541
313.4373707499767,47,B2,1116.0908203125,0.11101075261831284,2390.683607656541
313.4373707499767,49,C#3,1116.0908203125,0.11101075261831284,2390.683607656541
313.4373707499767,54,F#3,1116.0908203125,0.11101075261831284,2390.683607656541
313.4373707499767,59,B3,1116.0908203125,0.11101075261831284,2390.683607656541
313.8323358697684,59,B3,1110.4259033203125,0.10831033438444138,2161.9624802865314
313.8540372499767,35,B1,1110.4207763671875,0.10921699553728104,2102.5984901549828
313.8540372499767,51,D#3,1110.4207763671875,0.10921699553728104,2102.5984901549828
314.031988567685,78,F#5,990.7212524414062,0.11311574280261993,1990.0983997894637
314.11879408851837,76,E5,985.26025390625,0.2006412297487259,3028.985412034283
314.23598154164335,78,F#5,1111.011962890625,0.1296808123588562,4325.580610730264
314.240321817685,59,B3,1111.093017578125,0.12386307120323181,4246.810202673649
314.2446620937267,54,F#3,1111.093017578125,0.12386307120323181,4246.810202673649
314.2707037499767,35,B1,1108.4208984375,0.12839055061340332,4119.172853238207
314.2707037499767,40,E2,1108.4208984375,0.12839055061340332,4119.172853238207
314.2707037499767,51,D#3,1108.4208984375,0.12839055061340332,4119.172853238207
314.67000914581,66,F#4,1109.9656982421875,0.11907550692558289,2433.937892607143
314.67868969789333,78,F#5,1109.9656982421875,0.11907550692558289,2433.937892607143
314.68737024997665,35,B1,1109.3975830078125,0.11580295860767365,2402.501954927121
314.68737024997665,51,D#3,1109.3975830078125,0.11580295860767365,2402.501954927121
314.87834239580997,68,G#4,1106.4820556640625,0.10830630362033844,2211.2694703457355
314.8870229478933,80,G#5,1106.4820556640625,0.10830630362033844,2211.2694703457355
314.8957034999766,34,A#1,1108.5548095703125,0.10371532291173935,2174.8379673023046
315.0910159218516,59,B3,1112.1121826171875,0.11535995453596115,2295.8535529552196
315.09535619789324,47,B2,1112.1121826171875,0.11535995453596115,2295.8535529552196
315.09535619789324,54,F#3,1112.1121826171875,0.11535995453596115,2295.8535529552196
315.09535619789324,69,A4,1112.1121826171875,0.11535995453596115,2295.8535529552196
315.0996964739349,81,A5,1112.3701171875,0.11115706712007523,2249.2941950877334
315.10403674997656,35,B1,1112.3701171875,0.11115706712007523,2249.2941950877334
315.10403674997656,35,B1,1112.3701171875,0.11115706712007523,2249.2941950877334
315.10403674997656,51,D#3,1112.3701171875,0.11115706712007523,2249.2941950877334
315.2559464114349,80,G#5,1111.43896484375,0.10789947956800461,2182.649313298638
315.5163629739348,68,G#4,882.6935424804688,0.12870196998119354,2218.241883906996
315.5163629739348,80,G#5,882.6935424804688,0.12870196998119354,2218.241883906996
315.52070324997646,34,A#1,882.6935424804688,0.12870196998119354,2218.241883906996
315.52070324997646,51,D#3,882.6935424804688,0.12870196998119354,2218.241883906996
315.9243489218514,54,F#3,1125.8250732421875,0.09155423939228058,2765.216364205725
315.9243489218514,59,B3,1125.8250732421875,0.09155423939228058,2765.216364205725
315.92868919789305,66,F#4,1125.8250732421875,0.09155423939228058,2765.216364205725
315.9330294739347,78,F#5,1125.8250732421875,0.09155423939228058,2765.216364205725
315.93736974997637,35,B1,1108.0135498046875,0.09401531517505646,2619.1264183320254
315.93736974997637,40,E2,1108.0135498046875,0.09401531517505646,2619.1264183320254
315.93736974997637,51,D#3,1108.0135498046875,0.09401531517505646,2619.1264183320254
316.1457029999763,51,D#3,1110.3726806640625,0.1244644895195961,2279.9484271721967
316.34969597393456,64,E4,991.226806640625,0.11648456007242203,2084.6029738567477
316.34969597393456,76,E5,991.226806640625,0.11648456007242203,2084.6029738567477
316.3540362499762,36,C2,1116.1025390625,0.11536474525928497,2052.3298361709567
316.3540362499762,51,D#3,1116.1025390625,0.11536474525928497,2052.3298361709567
316.76202219789275,61,C#4,1110.81982421875,0.1211680993437767,2521.976719477193
316.7663624739344,49,C#3,1110.81982421875,0.1211680993437767,2521.976719477193
316.7663624739344,56,G#3,1110.81982421875,0.1211680993437767,2521.976719477193
316.7663624739344,64,E4,1110.81982421875,0.1211680993437767,2521.976719477193
316.7663624739344,68,G#4,1110.81982421875,0.1211680993437767,2521.976719477193
316.7663624739344,73,C#5,1110.81982421875,0.1211680993437767,2521.976719477193
316.7663624739344,76,E5,1110.81982421875,0.1211680993437767,2521.976719477193
316.7663624739344,76,E5,1110.81982421875,0.1211680993437767,2521.976719477193
316.77070274997607,35,B1,1129.6981201171875,0.12356585264205933,2444.475924206474
316.77070274997607,37,C#2,1129.6981201171875,0.12356585264205933,2444.475924206474
316.77070274997607,49,C#3,1129.6981201171875,0.12356585264205933,2444.475924206474
316.77070274997607,49,C#3,1129.6981201171875,0.12356585264205933,2444.475924206474
316.77070274997607,49,C#3,1129.6981201171875,0.12356585264205933,2444.475924206474
316.77070274997607,56,G#3,1129.6981201171875,0.12356585264205933,2444.475924206474
316.77070274997607,61,C#4,1129.6981201171875,0.12356585264205933,2444.475924206474
316.7750430260177,73,C#5,1129.6981201171875,0.12356585264205933,2444.475924206474
317.1786886978927,64,E4,1110.642333984375,0.12669360637664795,2259.4323268371168
317.18736924997603,37,C#2,1110.642333984375,0.12669360637664795,2259.4323268371168
317.18736924997603,51,D#3,1110.642333984375,0.12669360637664795,2259.4323268371168
317.37834139580934,56,G#3,1115.75732421875,0.20324929058551788,2911.5866125835482
317.5953551978927,68,G#4,1111.001220703125,0.1377938687801361,3592.835977488594
317.59969547393433,51,D#3,1111.001220703125,0.1377938687801361,3592.835977488594
317.59969547393433,61,C#4,1111.001220703125,0.1377938687801361,3592.835977488594
317.59969547393433,64,E4,1111.001220703125,0.1377938687801361,3592.835977488594
317.604035749976,39,D#2,1111.001220703125,0.1377938687801361,3592.835977488594
317.604035749976,40,E2,1111.001220703125,0.1377938687801361,3592.835977488594
317.604035749976,51,D#3,1111.001220703125,0.1377938687801361,3592.835977488594
317.604035749976,55,G3,1111.001220703125,0.1377938687801361,3592.835977488594
317.604035749976,63,D#4,1111.001220703125,0.1377938687801361,3592.835977488594
318.0120216978926,76,E5,1110.9833984375,0.2823907732963562,2116.2810841797004
318.01636197393424,52,E3,1110.9833984375,0.2823907732963562,2116.2810841797004
318.01636197393424,64,E4,1110.9833984375,0.2823907732963562,2116.2810841797004
318.0207022499759,40,E2,1110.9833984375,0.2823907732963562,2116.2810841797004
318.0207022499759,51,D#3,1110.9833984375,0.2823907732963562,2116.2810841797004
318.0207022499759,52,E3,1110.9833984375,0.2823907732963562,2116.2810841797004
318.0207022499759,68,G#4,1110.9833984375,0.2823907732963562,2116.2810841797004
318.4330284739341,47,B2,1106.7132568359375,0.12045541405677795,2320.911040795815
318.4330284739341,59,B3,1106.7132568359375,0.12045541405677795,2320.911040795815
318.4330284739341,64,E4,1106.7132568359375,0.12045541405677795,2320.911040795815
318.4330284739341,68,G#4,1106.7132568359375,0.12045541405677795,2320.911040795815
318.4330284739341,71,B4,1106.7132568359375,0.12045541405677795,2320.911040795815
318.4330284739341,75,D#5,1106.7132568359375,0.12045541405677795,2320.911040795815
318.43736874997575,35,B1,1106.7132568359375,0.12045541405677795,2320.911040795815
318.43736874997575,35,B1,1106.7132568359375,0.12045541405677795,2320.911040795815
318.43736874997575,47,B2,1106.7132568359375,0.12045541405677795,2320.911040795815
318.43736874997575,47,B2,1106.7132568359375,0.12045541405677795,2320.911040795815
318.43736874997575,49,C#3,1106.7132568359375,0.12045541405677795,2320.911040795815
318.43736874997575,56,G#3,1106.7132568359375,0.12045541405677795,2320.911040795815
318.43736874997575,63,D#4,1106.7132568359375,0.12045541405677795,2320.911040795815
318.6066395156007,71,B4,1111.5858154296875,0.1258452832698822,2273.270078434319
318.85403524997565,35,B1,1169.3653564453125,0.11725485324859619,1876.636885485898
318.85403524997565,51,D#3,1169.3653564453125,0.11725485324859619,1876.636885485898
318.85403524997565,73,C#5,1169.3653564453125,0.11725485324859619,1876.636885485898
318.862715802059,59,B3,1171.0321044921875,0.11836470663547516,1836.770393263843
319.04934767185057,71,B4,1108.83740234375,0.1984470933675766,3230.2963867199614
319.0753893281006,56,G#3,1111.38720703125,0.20590999722480774,3205.6327485986917
319.26636147393384,51,D#3,1170.9898681640625,0.11041156947612762,2153.2574341449044
319.26636147393384,76,E5,1170.9898681640625,0.11041156947612762,2153.2574341449044
319.2707017499755,39,D#2,1170.9898681640625,0.11041156947612762,2153.2574341449044
319.2707017499755,40,E2,1170.9898681640625,0.11041156947612762,2153.2574341449044
319.2707017499755,51,D#3,1170.9898681640625,0.11041156947612762,2153.2574341449044
319.2707017499755,51,D#3,1170.9898681640625,0.11041156947612762,2153.2574341449044
319.2707017499755,63,D#4,1170.9898681640625,0.11041156947612762,2153.2574341449044
319.2707017499755,76,E5,1170.9898681640625,0.11041156947612762,2153.2574341449044
319.2793823020588,59,B3,1174.4580078125,0.10838287323713303,2140.6267280139787
319.2837225781005,68,G#4,1174.4580078125,0.10838287323713303,2140.6267280139787
319.4746947239338,73,C#5,1115.196044921875,0.09659404307603836,2357.5385055011766
319.4877155520588,66,F#4,1196.9903564453125,0.09616105258464813,2270.775713965815
319.68302797393375,52,E3,1108.64453125,0.09050855040550232,2256.7255964658584
319.68302797393375,64,E4,1108.64453125,0.09050855040550232,2256.7255964658584
319.68302797393375,71,B4,1108.64453125,0.09050855040550232,2256.7255964658584
319.6873682499754,40,E2,1108.64453125,0.09050855040550232,2256.7255964658584
319.6873682499754,51,D#3,1108.64453125,0.09050855040550232,2256.7255964658584
319.6873682499754,52,E3,1108.64453125,0.09050855040550232,2256.7255964658584
319.69170852601707,64,E4,1108.64453125,0.09050855040550232,2256.7255964658584
319.89570149997536,76,E5,1173.7244873046875,0.20133402943611145,2925.072564999942
320.09101392185033,45,A2,1184.78662109375,0.18533244729042053,3106.056494197579
320.09101392185033,52,E3,1184.78662109375,0.18533244729042053,3106.056494197579
320.095354197892,57,A3,1184.78662109375,0.18533244729042053,3106.056494197579
320.095354197892,64,E4,1184.78662109375,0.18533244729042053,3106.056494197579
320.09969447393365,45,A2,1184.78662109375,0.18533244729042053,3106.056494197579
320.09969447393365,61,C#4,1184.78662109375,0.18533244729042053,3106.056494197579
320.09969447393365,61,C#4,1184.78662109375,0.18533244729042053,3106.056494197579
320.09969447393365,69,A4,1184.78662109375,0.18533244729042053,3106.056494197579
320.09969447393365,73,C#5,1184.78662109375,0.18533244729042053,3106.056494197579
320.09969447393365,76,E5,1184.78662109375,0.18533244729042053,3106.056494197579
320.1040347499753,33,A1,1184.78662109375,0.18533244729042053,3106.056494197579
320.1040347499753,35,B1,1184.78662109375,0.18533244729042053,3106.056494197579
320.1040347499753,45,A2,1184.78662109375,0.18533244729042053,3106.056494197579
320.1040347499753,49,C#3,1184.78662109375,0.18533244729042053,3106.056494197579
320.1040347499753,52,E3,1184.78662109375,0.18533244729042053,3106.056494197579
320.1040347499753,57,A3,1184.78662109375,0.18533244729042053,3106.056494197579
320.5163609739336,73,C#5,1112.0250244140625,0.11647596955299377,3820.0978744004287
320.5207012499753,33,A1,1112.0250244140625,0.11647596955299377,3820.0978744004287
320.5207012499753,51,D#3,1112.0250244140625,0.11647596955299377,3820.0978744004287
320.5293818020586,57,A3,1112.0250244140625,0.11647596955299377,3820.0978744004287
320.5424026301836,64,E4,1109.022216796875,0.10973978042602539,3873.7700971015565
320.73337477601694,71,B4,1118.629150390625,0.1318126618862152,2739.3560022187394
320.74205532810026,52,E3,1116.1793212890625,0.1289154291152954,2606.3155384315946
320.9330274739336,57,A3,1184.31201171875,0.10930373519659042,2107.510832780225
320.9330274739336,59,B3,1184.31201171875,0.10930373519659042,2107.510832780225
320.9330274739336,64,E4,1184.31201171875,0.10930373519659042,2107.510832780225
320.9330274739336,76,E5,1184.31201171875,0.10930373519659042,2107.510832780225
320.93736774997524,33,A1,1184.31201171875,0.10930373519659042,2107.510832780225
320.93736774997524,40,E2,1184.31201171875,0.10930373519659042,2107.510832780225
320.93736774997524,57,A3,1184.31201171875,0.10930373519659042,2107.510832780225
321.0371940989336,73,C#5,1110.701171875,0.08998366445302963,2138.1958654619048
321.1457009999752,51,D#3,1178.3565673828125,0.2251558005809784,2937.112605858569
321.1457009999752,71,B4,1178.3565673828125,0.2251558005809784,2937.112605858569
321.15004127601685,61,C#4,1178.3565673828125,0.2251558005809784,2937.112605858569
321.2498676249752,76,E5,1110.543212890625,0.13827469944953918,2649.982783302916
321.34969397393354,57,A3,1180.64501953125,0.2064913660287857,3113.4345895739016
321.3540342499752,33,A1,1180.64501953125,0.2064913660287857,3113.4345895739016
321.3540342499752,51,D#3,1180.64501953125,0.2064913660287857,3113.4345895739016
321.45820087497515,73,C#5,1162.30810546875,0.11402362585067749,2734.4541774532618
321.55802722393344,57,A3,442.6403503417969,0.39383259415626526,2327.701050614897
321.5623674999751,35,B1,442.6403503417969,0.39383259415626526,2327.701050614897
321.5623674999751,61,C#4,442.6403503417969,0.39383259415626526,2327.701050614897
321.5623674999751,64,E4,442.6403503417969,0.39383259415626526,2327.701050614897
321.5623674999751,71,B4,442.6403503417969,0.39383259415626526,2327.701050614897
321.6665341249751,73,C#5,1104.468505859375,0.13183560967445374,4130.126109974357
321.77070074997505,40,E2,1120.9888916015625,0.12638795375823975,3505.226326349107
321.77070074997505,46,A#2,1120.9888916015625,0.12638795375823975,3505.226326349107
321.77070074997505,76,E5,1120.9888916015625,0.12638795375823975,3505.226326349107
321.77938130205837,52,E3,1120.9888916015625,0.12638795375823975,3505.226326349107
321.87486737497505,73,C#5,1108.4652099609375,0.15189623832702637,3063.166481772926
321.9746937239334,71,B4,1106.14599609375,0.19226384162902832,2832.8585049902013
321.97903399997506,40,E2,1106.14599609375,0.19226384162902832,2832.8585049902013
321.9877145520584,57,A3,1106.14599609375,0.19226384162902832,2832.8585049902013
322.0788603489334,73,C#5,1117.5982666015625,0.13951830565929413,2485.186872338113
322.1830269739334,57,A3,1126.9818115234375,0.11822716891765594,2370.8367390700832
322.1830269739334,59,B3,1126.9818115234375,0.11822716891765594,2370.8367390700832
322.1830269739334,64,E4,1126.9818115234375,0.11822716891765594,2370.8367390700832
322.1830269739334,76,E5,1126.9818115234375,0.11822716891765594,2370.8367390700832
322.18736724997507,33,A1,1126.9818115234375,0.11822716891765594,2370.8367390700832
322.18736724997507,40,E2,1126.9818115234375,0.11822716891765594,2370.8367390700832
322.18736724997507,52,E3,1126.9818115234375,0.11822716891765594,2370.8367390700832
322.28719359893336,73,C#5,1111.3673095703125,0.10889064520597458,2152.2839087647353
322.3783393958084,57,A3,1182.04931640625,0.220977321267128,2955.7238394485057
322.3783393958084,64,E4,1182.04931640625,0.220977321267128,2955.7238394485057
322.38267967185004,61,C#4,1182.04931640625,0.220977321267128,2955.7238394485057
322.395700499975,33,A1,1107.4306640625,0.1865910291671753,3089.819812732023
322.395700499975,35,B1,1107.4306640625,0.1865910291671753,3089.819812732023
322.395700499975,45,A2,1107.4306640625,0.1865910291671753,3089.819812732023
322.395700499975,71,B4,1107.4306640625,0.1865910291671753,3089.819812732023
322.499867124975,40,E2,875.3648071289062,0.2351686805486679,3070.2551678035798
322.499867124975,73,C#5,875.3648071289062,0.2351686805486679,3070.2551678035798
322.5823323697667,40,E2,1160.4078369140625,0.13626712560653687,2927.5374465499235
322.58667264580833,45,A2,1160.4078369140625,0.13626712560653687,2927.5374465499235
322.604033749975,40,E2,872.2086181640625,0.15018759667873383,3122.5875567194535
322.604033749975,45,A2,872.2086181640625,0.15018759667873383,3122.5875567194535
322.604033749975,57,A3,872.2086181640625,0.15018759667873383,3122.5875567194535
322.604033749975,76,E5,872.2086181640625,0.15018759667873383,3122.5875567194535
322.708200374975,73,C#5,892.844970703125,0.13181275129318237,2250.450932616262
322.8080267239332,57,A3,1112.5235595703125,0.1582440882921219,1829.4757305364585
322.81236699997487,33,A1,1112.5235595703125,0.1582440882921219,1829.4757305364585
322.81236699997487,48,C3,1112.5235595703125,0.1582440882921219,1829.4757305364585
322.81236699997487,71,B4,1112.5235595703125,0.1582440882921219,1829.4757305364585
322.81670727601653,64,E4,1112.5235595703125,0.1582440882921219,1829.4757305364585
322.91653362497476,48,C3,1125.44677734375,0.12767352163791656,1957.523134427412
322.91653362497476,73,C#5,1125.44677734375,0.12767352163791656,1957.523134427412
323.00333914580807,57,A3,890.3233642578125,0.12521062791347504,2365.0552726842016
323.00767942184973,59,B3,890.3233642578125,0.12521062791347504,2365.0552726842016
323.00767942184973,64,E4,890.3233642578125,0.12521062791347504,2365.0552726842016
323.0207002499747,40,E2,894.863525390625,0.11820866167545319,2438.1805856856986
323.0207002499747,45,A2,894.863525390625,0.11820866167545319,2438.1805856856986
323.0207002499747,76,E5,894.863525390625,0.11820866167545319,2438.1805856856986
323.1248668749747,73,C#5,990.2385864257812,0.1054907962679863,2127.5745482899383
323.2290334999748,45,A2,835.58642578125,0.3231255114078522,2952.1203542638273
323.2290334999748,71,B4,835.58642578125,0.3231255114078522,2952.1203542638273
323.328859848933,73,C#5,1108.225830078125,0.1432919204235077,4241.314779787286
323.420005645808,76,E5,1110.013671875,0.11779239773750305,3852.1475726088565
323.4373667499746,28,E1,1109.38330078125,0.1155497208237648,3785.656654974088
323.4373667499746,35,B1,1109.38330078125,0.1155497208237648,3785.656654974088
323.4373667499746,40,E2,1109.38330078125,0.1155497208237648,3785.656654974088
323.4373667499746,47,B2,1109.38330078125,0.1155497208237648,3785.656654974088
323.4373667499746,52,E3,1109.38330078125,0.1155497208237648,3785.656654974088
323.4373667499746,52,E3,1109.38330078125,0.1155497208237648,3785.656654974088
323.4373667499746,52,E3,1109.38330078125,0.1155497208237648,3785.656654974088
323.4373667499746,57,A3,1109.38330078125,0.1155497208237648,3785.656654974088
323.4373667499746,59,B3,1109.38330078125,0.1155497208237648,3785.656654974088
323.4373667499746,59,B3,1109.38330078125,0.1155497208237648,3785.656654974088
323.4373667499746,64,E4,1109.38330078125,0.1155497208237648,3785.656654974088
323.4373667499746,68,G#4,1109.38330078125,0.1155497208237648,3785.656654974088
323.4373667499746,68,G#4,1109.38330078125,0.1155497208237648,3785.656654974088
323.4373667499746,71,B4,1109.38330078125,0.1155497208237648,3785.656654974088
323.4373667499746,76,E5,1109.38330078125,0.1155497208237648,3785.656654974088
323.84535269789126,59,B3,1109.11669921875,0.12241949886083603,2430.9896088464207
323.8540332499746,28,E1,1109.021484375,0.12368377298116684,2384.384541466458
324.2533386458079,59,B3,1108.816162109375,0.13726967573165894,3061.023084481236
324.2533386458079,64,E4,1108.816162109375,0.13726967573165894,3061.023084481236
324.25767892184956,68,G#4,1108.816162109375,0.13726967573165894,3061.023084481236
324.27069974997454,28,E1,1108.149169921875,0.13690954446792603,2936.6613677356745
324.27069974997454,40,E2,1108.149169921875,0.13690954446792603,2936.6613677356745
324.27069974997454,51,D#3,1108.149169921875,0.13690954446792603,2936.6613677356745
324.6786856978911,59,B3,1109.5634765625,0.13129757344722748,1899.5362505320945
324.68736624997445,28,E1,1109.5634765625,0.13129757344722748,1899.5362505320945
324.68736624997445,51,D#3,1109.5634765625,0.13129757344722748,1899.5362505320945
324.87399811976604,52,E3,1109.6373291015625,0.157002791762352,2505.2253037865694
325.0910119218494,59,B3,1108.8575439453125,0.06988896429538727,2419.0997391570486
325.0910119218494,64,E4,1108.8575439453125,0.06988896429538727,2419.0997391570486
325.0910119218494,71,B4,1108.8575439453125,0.06988896429538727,2419.0997391570486
325.10403274997435,35,B1,1108.8575439453125,0.06988896429538727,2419.0997391570486
325.10403274997435,47,B2,1108.8575439453125,0.06988896429538727,2419.0997391570486
325.10403274997435,51,D#3,1108.8575439453125,0.06988896429538727,2419.0997391570486
325.31236599997436,47,B2,1109.3616943359375,0.11924003064632416,2299.3696341645473
325.5206992499743,47,B2,1109.279052734375,0.10612975805997849,2189.659436335268
325.5206992499743,51,D#3,1109.279052734375,0.10612975805997849,2189.659436335268
325.525039526016,59,B3,1109.68896484375,0.11062780767679214,2222.7328926783885
325.72469222393255,52,E3,1109.751708984375,0.14243076741695404,3050.7100315541643
325.7290324999742,47,B2,1109.751708984375,0.14243076741695404,3050.7100315541643
325.9373657499742,40,E2,1109.29736328125,0.11209209263324738,2375.3922811415564
325.9373657499742,47,B2,1109.29736328125,0.11209209263324738,2375.3922811415564
325.9373657499742,51,D#3,1109.29736328125,0.11209209263324738,2375.3922811415564
325.9417060260159,59,B3,1109.29736328125,0.11209209263324738,2375.3922811415564
325.9417060260159,64,E4,1109.29736328125,0.11209209263324738,2375.3922811415564
325.9417060260159,71,B4,1109.29736328125,0.11209209263324738,2375.3922811415564
326.1413587239325,69,A4,1109.9300537109375,0.11573903262615204,2035.5449579857873
326.1456989999742,44,G#2,1109.9300537109375,0.11573903262615204,2035.5449579857873
326.34969197393247,68,G#4,1109.0972900390625,0.11615495383739471,1742.8920151434013
326.3540322499741,40,E2,1109.0972900390625,0.11615495383739471,1742.8920151434013
326.3540322499741,51,D#3,1109.0972900390625,0.11615495383739471,1742.8920151434013
326.75333764580733,47,B2,556.2939453125,0.13213969767093658,3778.8297714086375
326.757677921849,54,F#3,556.6484375,0.130959153175354,3618.096512588048
326.757677921849,59,B3,556.6484375,0.130959153175354,3618.096512588048
326.757677921849,63,D#4,556.6484375,0.130959153175354,3618.096512588048
326.757677921849,66,F#4,556.6484375,0.130959153175354,3618.096512588048
326.7663584739323,51,D#3,556.6484375,0.130959153175354,3618.096512588048
326.7663584739323,66,F#4,556.6484375,0.130959153175354,3618.096512588048
326.7663584739323,75,D#5,556.6484375,0.130959153175354,3618.096512588048
326.770698749974,35,B1,556.6484375,0.130959153175354,3618.096512588048
326.770698749974,35,B1,556.6484375,0.130959153175354,3618.096512588048
326.770698749974,47,B2,556.6484375,0.130959153175354,3618.096512588048
326.770698749974,49,C#3,556.6484375,0.130959153175354,3618.096512588048
326.770698749974,54,F#3,556.6484375,0.130959153175354,3618.096512588048
326.770698749974,59,B3,556.6484375,0.130959153175354,3618.096512588048
326.770698749974,63,D#4,556.6484375,0.130959153175354,3618.096512588048
326.82278206247395,62,D4,1115.8582763671875,0.12021016329526901,3350.737847123306
326.8922264791406,60,C4,1108.5579833984375,0.11744534969329834,2736.22705869849
326.93996951559893,58,A#3,999.5206298828125,0.11448226124048233,2730.215497569584
326.9920528280989,57,A3,991.3099365234375,0.11430776864290237,2316.287338841292
327.0354555885156,55,G3,988.7354125976562,0.11309488117694855,2355.5002128769183
327.1049000051823,53,F3,1118.6890869140625,0.10444457083940506,2189.372206489077
327.1396222135156,51,D#3,1003.7726440429688,0.10830724239349365,2215.19232157028
327.16566386976564,59,B3,1113.44873046875,0.10995755344629288,2161.330801029042
327.18736524997394,35,B1,1113.7547607421875,0.1122296005487442,2120.4773891921513
327.18736524997394,51,D#3,1113.7547607421875,0.1122296005487442,2120.4773891921513
327.19604580205726,50,D3,737.4364013671875,0.11548738926649094,2114.221383598225
327.2524693905989,48,C3,994.65625,0.19115476310253143,2844.3109577659043
327.31323325518224,46,A#2,1179.122802734375,0.20982879400253296,3249.1822813274466
327.36531656768227,45,A2,991.283203125,0.1395370215177536,2936.30307489785
327.42174015622396,43,G2,1115.8829345703125,0.13156399130821228,2540.6674275678815
327.57364981768234,59,B3,1113.87744140625,0.09753265976905823,2255.3973635991597
327.577990093724,54,F#3,1113.87744140625,0.09753265976905823,2255.3973635991597
327.604031749974,35,B1,1114.964111328125,0.09541726112365723,2256.4975772426674
327.604031749974,40,E2,1114.964111328125,0.09541726112365723,2256.4975772426674
327.604031749974,51,D#3,1114.964111328125,0.09541726112365723,2256.4975772426674
327.81236499997397,64,E4,982.3146362304688,0.11629220843315125,2093.512754358241
328.0033371458073,66,F#4,1111.5692138671875,0.09527979046106339,2117.316752914369
328.0120176978906,78,F#5,1114.3408203125,0.09312203526496887,2202.6770907586642
328.0206982499739,35,B1,1114.3408203125,0.09312203526496887,2202.6770907586642
328.0206982499739,51,D#3,1114.3408203125,0.09312203526496887,2202.6770907586642
328.0423996301822,66,F#4,990.4928588867188,0.08536633104085922,2259.889059481248
328.21167039580723,68,G#4,978.8021240234375,0.12645472586154938,2368.209545591323
328.22035094789055,80,G#5,985.5450439453125,0.12142889201641083,2368.6003350857063
328.22903149997387,34,A#1,985.5450439453125,0.12142889201641083,2368.6003350857063
328.22903149997387,69,A4,985.5450439453125,0.12142889201641083,2368.6003350857063
328.42434392184884,59,B3,1114.652099609375,0.10004740208387375,2399.2381099467248
328.4286841978905,47,B2,1115.602783203125,0.09705015271902084,2430.7953159327762
328.4286841978905,54,F#3,1115.602783203125,0.09705015271902084,2430.7953159327762
328.4286841978905,69,A4,1115.602783203125,0.09705015271902084,2430.7953159327762
328.43302447393216,81,A5,1115.602783203125,0.09705015271902084,2430.7953159327762
328.4373647499738,35,B1,1115.602783203125,0.09705015271902084,2430.7953159327762
328.4373647499738,35,B1,1115.602783203125,0.09705015271902084,2430.7953159327762
328.4373647499738,51,D#3,1115.602783203125,0.09705015271902084,2430.7953159327762
328.4373647499738,69,A4,1115.602783203125,0.09705015271902084,2430.7953159327762
328.84969097393207,68,G#4,1112.163818359375,0.06420927494764328,2407.3612448036592
328.84969097393207,68,G#4,1112.163818359375,0.06420927494764328,2407.3612448036592
328.84969097393207,80,G#5,1112.163818359375,0.06420927494764328,2407.3612448036592
328.85403124997373,34,A#1,1112.163818359375,0.06420927494764328,2407.3612448036592
328.85403124997373,51,D#3,1112.163818359375,0.06420927494764328,2407.3612448036592
329.2576769218487,54,F#3,1119.0927734375,0.10093461722135544,2526.3709991255128
329.2576769218487,59,B3,1119.0927734375,0.10093461722135544,2526.3709991255128
329.2620171978904,66,F#4,1119.0927734375,0.10093461722135544,2526.3709991255128
329.26635747393203,66,F#4,1113.46875,0.09831350296735764,2497.9099157857145
329.26635747393203,78,F#5,1113.46875,0.09831350296735764,2497.9099157857145
329.2706977499737,35,B1,1113.46875,0.09831350296735764,2497.9099157857145
329.2706977499737,40,E2,1113.46875,0.09831350296735764,2497.9099157857145
329.2706977499737,51,D#3,1113.46875,0.09831350296735764,2497.9099157857145
329.47903099997365,51,D#3,1196.5582275390625,0.09653329104185104,2467.8856839990653
329.68302397393194,64,E4,1110.441162109375,0.05934405326843262,2187.1162334047494
329.68302397393194,76,E5,1110.441162109375,0.05934405326843262,2187.1162334047494
329.6873642499736,36,C2,1110.441162109375,0.05934405326843262,2187.1162334047494
329.6873642499736,51,D#3,1110.441162109375,0.05934405326843262,2187.1162334047494
329.6873642499736,64,E4,1110.441162109375,0.05934405326843262,2187.1162334047494
330.0953501978901,61,C#4,1107.6285400390625,0.11994681507349014,3428.3133144866565
330.0996904739318,49,C#3,1129.485107421875,0.1206108033657074,3329.3816886133986
330.0996904739318,56,G#3,1129.485107421875,0.1206108033657074,3329.3816886133986
330.0996904739318,64,E4,1129.485107421875,0.1206108033657074,3329.3816886133986
330.0996904739318,68,G#4,1129.485107421875,0.1206108033657074,3329.3816886133986
330.0996904739318,73,C#5,1129.485107421875,0.1206108033657074,3329.3816886133986
330.0996904739318,76,E5,1129.485107421875,0.1206108033657074,3329.3816886133986
330.0996904739318,76,E5,1129.485107421875,0.1206108033657074,3329.3816886133986
330.10403074997345,35,B1,1129.485107421875,0.1206108033657074,3329.3816886133986
330.10403074997345,37,C#2,1129.485107421875,0.1206108033657074,3329.3816886133986
330.10403074997345,49,C#3,1129.485107421875,0.1206108033657074,3329.3816886133986
330.10403074997345,49,C#3,1129.485107421875,0.1206108033657074,3329.3816886133986
330.10403074997345,49,C#3,1129.485107421875,0.1206108033657074,3329.3816886133986
330.10403074997345,56,G#3,1129.485107421875,0.1206108033657074,3329.3816886133986
330.10403074997345,61,C#4,1129.485107421875,0.1206108033657074,3329.3816886133986
330.10403074997345,61,C#4,1129.485107421875,0.1206108033657074,3329.3816886133986
330.5120166978901,64,E4,1110.740234375,0.10886769741773605,2375.279774669404
330.5206972499734,37,C#2,1109.2958984375,0.12928293645381927,2334.5523232548035
330.5206972499734,51,D#3,1109.2958984375,0.12928293645381927,2334.5523232548035
330.7116693958067,56,G#3,1121.169189453125,0.11309210956096649,2612.832904018521
330.92868319789005,68,G#4,1109.334716796875,0.07699213922023773,2320.0168950118773
330.9330234739317,51,D#3,1109.334716796875,0.07699213922023773,2320.0168950118773
330.9330234739317,61,C#4,1109.334716796875,0.07699213922023773,2320.0168950118773
330.9330234739317,64,E4,1109.334716796875,0.07699213922023773,2320.0168950118773
330.9373637499734,39,D#2,1113.175048828125,0.07414877414703369,2403.1757820091348
330.9373637499734,40,E2,1113.175048828125,0.07414877414703369,2403.1757820091348
330.9373637499734,51,D#3,1113.175048828125,0.07414877414703369,2403.1757820091348
330.9373637499734,55,G3,1113.175048828125,0.07414877414703369,2403.1757820091348
330.9373637499734,63,D#4,1113.175048828125,0.07414877414703369,2403.1757820091348
331.34534969788996,76,E5,1120.2882080078125,0.06721019744873047,2332.2719244931495
331.3496899739316,52,E3,1120.2882080078125,0.06721019744873047,2332.2719244931495
331.3496899739316,64,E4,1120.2882080078125,0.06721019744873047,2332.2719244931495
331.3540302499733,40,E2,1120.7603759765625,0.074228435754776,2287.0828397413215
331.3540302499733,51,D#3,1120.7603759765625,0.074228435754776,2287.0828397413215
331.3540302499733,52,E3,1120.7603759765625,0.074228435754776,2287.0828397413215
331.3540302499733,68,G#4,1120.7603759765625,0.074228435754776,2287.0828397413215
331.7663564739315,47,B2,1110.9169921875,0.10187111049890518,3615.8092072218897
331.7663564739315,59,B3,1110.9169921875,0.10187111049890518,3615.8092072218897
331.7663564739315,59,B3,1110.9169921875,0.10187111049890518,3615.8092072218897
331.7663564739315,64,E4,1110.9169921875,0.10187111049890518,3615.8092072218897
331.7663564739315,68,G#4,1110.9169921875,0.10187111049890518,3615.8092072218897
331.7663564739315,71,B4,1110.9169921875,0.10187111049890518,3615.8092072218897
331.7663564739315,75,D#5,1110.9169921875,0.10187111049890518,3615.8092072218897
331.7706967499732,35,B1,1110.0872802734375,0.11031517386436462,3334.2875295743734
331.7706967499732,35,B1,1110.0872802734375,0.11031517386436462,3334.2875295743734
331.7706967499732,47,B2,1110.0872802734375,0.11031517386436462,3334.2875295743734
331.7706967499732,47,B2,1110.0872802734375,0.11031517386436462,3334.2875295743734
331.7706967499732,49,C#3,1110.0872802734375,0.11031517386436462,3334.2875295743734
331.7706967499732,56,G#3,1110.0872802734375,0.11031517386436462,3334.2875295743734
331.7706967499732,63,D#4,1110.0872802734375,0.11031517386436462,3334.2875295743734
331.87486337497313,59,B3,1109.2513427734375,0.11874938011169434,2750.0201985580215
331.9790299999731,61,C#4,1116.0283203125,0.10777143388986588,2614.1179523358137
332.07885634893137,64,E4,1110.8111572265625,0.09511533379554749,2312.3365962563535
332.1830229739314,66,F#4,1109.25927734375,0.1493007093667984,2391.9433804332657
332.18736324997303,35,B1,1109.25927734375,0.1493007093667984,2391.9433804332657
332.18736324997303,51,D#3,1109.25927734375,0.1493007093667984,2391.9433804332657
332.19604380205635,59,B3,1194.8543701171875,0.1883869767189026,3187.3684609070624
332.2871895989313,68,G#4,1139.217529296875,0.14716605842113495,2994.3694838414535
332.3956964999729,71,B4,1108.70361328125,0.11898654699325562,2666.435399750665
332.4087173280979,56,G#3,1109.669189453125,0.1151592805981636,2591.233839071737
332.4998631249729,73,C#5,1109.4471435546875,0.10643179714679718,2678.487702637502
332.5996894739311,51,D#3,1108.98486328125,0.10771005600690842,2988.805256950802
332.60402974997277,39,D#2,1108.98486328125,0.10771005600690842,2988.805256950802
332.60402974997277,40,E2,1108.98486328125,0.10771005600690842,2988.805256950802
332.60402974997277,51,D#3,1108.98486328125,0.10771005600690842,2988.805256950802
332.60402974997277,51,D#3,1108.98486328125,0.10771005600690842,2988.805256950802
332.60402974997277,63,D#4,1108.98486328125,0.10771005600690842,2988.805256950802
332.60402974997277,76,E5,1108.98486328125,0.10771005600690842,2988.805256950802
332.60402974997277,76,E5,1108.98486328125,0.10771005600690842,2988.805256950802
332.6127103020561,59,B3,1108.9580078125,0.10697653889656067,2998.0822878382232
332.61705057809775,68,G#4,1108.9580078125,0.10697653889656067,2998.0822878382232
332.8210435520561,66,F#4,1109.3807373046875,0.09599751979112625,3377.3958923344594
333.016355973931,52,E3,1108.869384765625,0.10167740285396576,3428.7774385951557
333.016355973931,64,E4,1108.869384765625,0.10167740285396576,3428.7774385951557
333.0206962499727,40,E2,1108.869384765625,0.10167740285396576,3428.7774385951557
333.0206962499727,51,D#3,1108.869384765625,0.10167740285396576,3428.7774385951557
333.0206962499727,52,E3,1108.869384765625,0.10167740285396576,3428.7774385951557
333.02503652601433,64,E4,1108.58740234375,0.30686676502227783,2955.4116659531783
333.22902949997257,73,C#5,1107.750244140625,0.12078765034675598,4356.931322106331
333.3418766770559,71,B4,1108.7359619140625,0.11689962446689606,3923.9455586783806
333.42434192184754,45,A2,1111.0933837890625,0.11732921004295349,3545.9505622025918
333.42434192184754,52,E3,1111.0933837890625,0.11732921004295349,3545.9505622025918
333.4286821978892,57,A3,1111.0933837890625,0.11732921004295349,3545.9505622025918
333.4286821978892,64,E4,1111.0933837890625,0.11732921004295349,3545.9505622025918
333.43302247393086,45,A2,1111.0933837890625,0.11732921004295349,3545.9505622025918
333.43302247393086,61,C#4,1111.0933837890625,0.11732921004295349,3545.9505622025918
333.43302247393086,61,C#4,1111.0933837890625,0.11732921004295349,3545.9505622025918
333.43302247393086,69,A4,1111.0933837890625,0.11732921004295349,3545.9505622025918
333.43302247393086,73,C#5,1111.0933837890625,0.11732921004295349,3545.9505622025918
333.43302247393086,76,E5,1111.0933837890625,0.11732921004295349,3545.9505622025918
333.4373627499725,33,A1,1111.0933837890625,0.11732921004295349,3545.9505622025918
333.4373627499725,35,B1,1111.0933837890625,0.11732921004295349,3545.9505622025918
333.4373627499725,45,A2,1111.0933837890625,0.11732921004295349,3545.9505622025918
333.4373627499725,49,C#3,1111.0933837890625,0.11732921004295349,3545.9505622025918
333.4373627499725,52,E3,1111.0933837890625,0.11732921004295349,3545.9505622025918
333.4373627499725,57,A3,1111.0933837890625,0.11732921004295349,3545.9505622025918
333.4417030260142,76,E5,1111.0933837890625,0.11732921004295349,3545.9505622025918
333.8540292499725,33,A1,983.5595703125,0.10246463865041733,3528.6027372047247
333.8540292499725,51,D#3,983.5595703125,0.10246463865041733,3528.6027372047247
333.8627098020558,57,A3,983.8194580078125,0.10299071669578552,3505.988853976563
333.8757306301808,64,E4,983.8194580078125,0.10299071669578552,3505.988853976563
334.0753833280974,52,E3,979.2395629882812,0.10375014692544937,3290.1188529021633
334.26635547393073,57,A3,982.2374877929688,0.09598514437675476,3616.326312598497
334.26635547393073,59,B3,982.2374877929688,0.09598514437675476,3616.326312598497
334.26635547393073,64,E4,982.2374877929688,0.09598514437675476,3616.326312598497
334.2706957499724,33,A1,982.2374877929688,0.09598514437675476,3616.326312598497
334.2706957499724,40,E2,982.2374877929688,0.09598514437675476,3616.326312598497
334.2706957499724,51,D#3,982.2374877929688,0.09598514437675476,3616.326312598497
334.28371657809737,73,C#5,981.21484375,0.09774692356586456,3536.2084261978407
334.470348447889,76,E5,980.5631713867188,0.09273377805948257,3722.975094258196
334.47902899997234,51,D#3,980.5631713867188,0.09273377805948257,3722.975094258196
334.483369276014,61,C#4,980.5631713867188,0.09273377805948257,3722.975094258196
334.57885534893063,73,C#5,992.5320434570312,0.09602329879999161,3498.9526367306325
334.6830219739306,57,A3,979.8811645507812,0.10005819797515869,3344.314784959148
334.68736224997224,33,A1,979.8811645507812,0.10005819797515869,3344.314784959148
334.68736224997224,51,D#3,979.8811645507812,0.10005819797515869,3344.314784959148
334.89135522393053,57,A3,1102.05908203125,0.09264715015888214,3162.589691673602
334.8956954999722,35,B1,1102.05908203125,0.09264715015888214,3162.589691673602
334.8956954999722,61,C#4,1102.05908203125,0.09264715015888214,3162.589691673602
334.8956954999722,64,E4,1102.05908203125,0.09264715015888214,3162.589691673602
335.10402874997214,40,E2,979.2202758789062,0.08463379740715027,3117.788927054273
335.10402874997214,49,C#3,979.2202758789062,0.08463379740715027,3117.788927054273
335.11270930205546,52,E3,979.2202758789062,0.08463379740715027,3117.788927054273
335.3210425520555,57,A3,982.0103149414062,0.09121881425380707,2471.914260986313
335.51635497393045,57,A3,1102.449462890625,0.08971214294433594,2170.636268666061
335.51635497393045,59,B3,1102.449462890625,0.08971214294433594,2170.636268666061
335.51635497393045,64,E4,1102.449462890625,0.08971214294433594,2170.636268666061
335.5206952499721,33,A1,1102.449462890625,0.08971214294433594,2170.636268666061
335.5206952499721,40,E2,1102.449462890625,0.08971214294433594,2170.636268666061
335.5206952499721,52,E3,1102.449462890625,0.08971214294433594,2170.636268666061
335.7116673958054,57,A3,981.1049194335938,0.09215101599693298,2072.9422065346507
335.7116673958054,64,E4,981.1049194335938,0.09215101599693298,2072.9422065346507
335.7160076718471,61,C#4,981.1049194335938,0.09215101599693298,2072.9422065346507
335.72902849997206,33,A1,976.9559936523438,0.09146147966384888,1992.241799184088
335.72902849997206,35,B1,976.9559936523438,0.09146147966384888,1992.241799184088
335.72902849997206,45,A2,976.9559936523438,0.09146147966384888,1992.241799184088
335.9200006458054,45,A2,1097.81298828125,0.08584240078926086,2085.6765167953354
335.937361749972,40,E2,1100.4368896484375,0.08559172600507736,2059.633299834024
335.937361749972,45,A2,1100.4368896484375,0.08559172600507736,2059.633299834024
335.937361749972,57,A3,1100.4368896484375,0.08559172600507736,2059.633299834024
335.937361749972,57,A3,1100.4368896484375,0.08559172600507736,2059.633299834024
336.14135472393025,57,A3,988.8604125976562,0.08513835072517395,2067.6211830799803
336.1456949999719,33,A1,988.8604125976562,0.08513835072517395,2067.6211830799803
336.15003527601357,64,E4,988.8604125976562,0.08513835072517395,2067.6211830799803
336.2151394166386,48,C3,1117.197509765625,0.08320854604244232,2125.678097100416
336.3366671458052,57,A3,985.1531982421875,0.061896875500679016,2150.8337902476546
336.3410074218469,59,B3,985.1531982421875,0.061896875500679016,2150.8337902476546
336.3410074218469,64,E4,985.1531982421875,0.061896875500679016,2150.8337902476546
336.35402824997186,40,E2,1113.055908203125,0.04890894144773483,2260.2374472042634
336.35402824997186,45,A2,1113.055908203125,0.04890894144773483,2260.2374472042634
336.56236149997187,45,A2,988.6123046875,0.01917463168501854,2085.179799601709
336.77069474997177,28,E1,1108.020751953125,0.010324683040380478,1895.4545165675686
336.77069474997177,35,B1,1108.020751953125,0.010324683040380478,1895.4545165675686
336.77069474997177,40,E2,1108.020751953125,0.010324683040380478,1895.4545165675686
336.77069474997177,47,B2,1108.020751953125,0.010324683040380478,1895.4545165675686
336.77069474997177,52,E3,1108.020751953125,0.010324683040380478,1895.4545165675686
336.77069474997177,52,E3,1108.020751953125,0.010324683040380478,1895.4545165675686
336.77069474997177,52,E3,1108.020751953125,0.010324683040380478,1895.4545165675686
336.77069474997177,57,A3,1108.020751953125,0.010324683040380478,1895.4545165675686
336.77069474997177,59,B3,1108.020751953125,0.010324683040380478,1895.4545165675686
336.77069474997177,59,B3,1108.020751953125,0.010324683040380478,1895.4545165675686
336.77069474997177,64,E4,1108.020751953125,0.010324683040380478,1895.4545165675686
336.77069474997177,68,G#4,1108.020751953125,0.010324683040380478,1895.4545165675686
336.77069474997177,68,G#4,1108.020751953125,0.010324683040380478,1895.4545165675686
336.77069474997177,68,G#4,1108.020751953125,0.010324683040380478,1895.4545165675686
336.77069474997177,71,B4,1108.020751953125,0.010324683040380478,1895.4545165675686
336.77069474997177,76,E5,1108.020751953125,0.010324683040380478,1895.4545165675686
337.1786806978883,59,B3,1108.9083251953125,0.0029304777272045612,2189.601447178043
337.1873612499716,28,E1,989.7587890625,0.0026359441690146923,2237.7197512351026
337.58666664580494,59,B3,988.2369384765625,0.0007270865025930107,2808.850551434285
337.58666664580494,64,E4,988.2369384765625,0.0007270865025930107,2808.850551434285
337.5910069218466,68,G#4,988.2369384765625,0.0007270865025930107,2808.850551434285
337.6040277499716,28,E1,1152.309814453125,0.0007097062771208584,2776.3762138671163
337.6040277499716,40,E2,1152.309814453125,0.0007097062771208584,2776.3762138671163
337.6040277499716,51,D#3,1152.309814453125,0.0007097062771208584,2776.3762138671163
337.61704857809656,68,G#4,1152.309814453125,0.0007097062771208584,2776.3762138671163
338.01201369788816,59,B3,1021.9271240234375,0.0003927518555428833,2907.5246683178007
338.0206942499715,28,E1,987.1455078125,0.00038226318429224193,3032.265804813027
338.0206942499715,51,D#3,987.1455078125,0.00038226318429224193,3032.265804813027
338.04673590622144,68,G#4,1076.7698974609375,0.0003681377856992185,3256.630295306897
338.20732611976314,52,E3,982.1566162109375,0.00036736117908731103,2585.315245642293
338.4243399218464,59,B3,982.0932006835938,0.00037826623884029686,2727.462778507552
338.4243399218464,64,E4,982.0932006835938,0.00037826623884029686,2727.462778507552
338.4243399218464,71,B4,982.0932006835938,0.00037826623884029686,2727.462778507552
338.4373607499714,47,B2,982.7860107421875,0.0003590631822589785,3161.9006220528454
338.4373607499714,35,B1,982.7860107421875,0.0003590631822589785,3161.9006220528454
338.4373607499714,51,D#3,982.7860107421875,0.0003590631822589785,3161.9006220528454
338.64569399997134,47,B2,980.7333374023438,0.00038937959470786154,3155.9629182812914
338.85402724997124,47,B2,981.5386352539062,0.0003327215963508934,3158.4681099019845
338.85402724997124,51,D#3,981.5386352539062,0.0003327215963508934,3158.4681099019845
338.8583675260129,59,B3,981.5386352539062,0.0003327215963508934,3158.4681099019845
339.0580202239295,52,E3,0.0,0.00036716670729219913,2755.176565413296
339.06236049997113,47,B2,982.9196166992188,0.00034439595765434206,3070.1185361260077
339.25767292184605,71,B4,982.0671997070312,0.0003482881002128124,2906.7336711832813
339.27069374997103,47,B2,978.4055786132812,0.0003446065238676965,3330.913350092215
339.27069374997103,40,E2,978.4055786132812,0.0003446065238676965,3330.913350092215
339.27069374997103,51,D#3,978.4055786132812,0.0003446065238676965,3330.913350092215
339.2750340260127,59,B3,978.4055786132812,0.0003446065238676965,3330.913350092215
339.2750340260127,64,E4,978.4055786132812,0.0003446065238676965,3330.913350092215
339.2750340260127,71,B4,978.4055786132812,0.0003446065238676965,3330.913350092215
339.47468672392927,69,A4,981.1893310546875,0.0003668178687803447,2988.2360781217294
339.4790269999709,44,G#2,981.1893310546875,0.0003668178687803447,2988.2360781217294
339.66999914580424,69,A4,980.452880859375,0.0003331120533403009,3071.0011427956306
339.6830199739292,68,G#4,980.452880859375,0.0003331120533403009,3071.0011427956306
339.6873602499709,40,E2,980.452880859375,0.0003331120533403009,3071.0011427956306
339.6873602499709,51,D#3,980.452880859375,0.0003331120533403009,3071.0011427956306
340.086665645804,47,B2,737.7819213867188,0.00040373162482865155,3060.462964195118
340.09100592184564,54,F#3,737.7819213867188,0.00040373162482865155,3060.462964195118
340.09100592184564,59,B3,737.7819213867188,0.00040373162482865155,3060.462964195118
340.09100592184564,63,D#4,737.7819213867188,0.00040373162482865155,3060.462964195118
340.09100592184564,66,F#4,737.7819213867188,0.00040373162482865155,3060.462964195118
340.09968647392895,51,D#3,737.7819213867188,0.00040373162482865155,3060.462964195118
340.09968647392895,66,F#4,737.7819213867188,0.00040373162482865155,3060.462964195118
340.09968647392895,75,D#5,737.7819213867188,0.00040373162482865155,3060.462964195118
340.1040267499706,35,B1,737.7819213867188,0.00040373162482865155,3060.462964195118
340.1040267499706,35,B1,737.7819213867188,0.00040373162482865155,3060.462964195118
340.1040267499706,47,B2,737.7819213867188,0.00040373162482865155,3060.462964195118
340.1040267499706,49,C#3,737.7819213867188,0.00040373162482865155,3060.462964195118
340.1040267499706,54,F#3,737.7819213867188,0.00040373162482865155,3060.462964195118
340.1040267499706,59,B3,737.7819213867188,0.00040373162482865155,3060.462964195118
340.4252071770539,68,G#4,735.8118286132812,0.00041431860881857574,3115.1370986342695
340.49899186976216,59,B3,735.9052124023438,0.0004339813895057887,2702.7475853765773
340.5206932499705,35,B1,736.35595703125,0.0004134153132326901,2946.334349058553
340.5206932499705,51,D#3,736.35595703125,0.0004134153132326901,2946.334349058553
340.9069778176787,59,B3,736.3743896484375,0.0003651559818536043,3117.8930531396904
340.91131809372035,54,F#3,736.3743896484375,0.0003651559818536043,3117.8930531396904
340.93735974997037,35,B1,735.710205078125,0.0003274747868999839,3142.2141358555573
340.93735974997037,40,E2,735.710205078125,0.0003274747868999839,3142.2141358555573
340.93735974997037,51,D#3,735.710205078125,0.0003274747868999839,3142.2141358555573
341.33666514580364,66,F#4,735.6755981445312,0.00037005552439950407,3107.40824350202
341.34534569788696,78,F#5,735.252685546875,0.00034969919943250716,3298.779746787807
341.3540262499703,35,B1,735.252685546875,0.00034969919943250716,3298.779746787807
341.3540262499703,51,D#3,735.252685546875,0.00034969919943250716,3298.779746787807
341.54499839580353,68,G#4,736.0200805664062,0.0003645532997325063,3272.6413470516795
341.55367894788685,80,G#5,735.4959716796875,0.00035314480192027986,3241.3221075080783
341.56235949997017,34,A#1,735.4959716796875,0.00035314480192027986,3241.3221075080783
341.75767192184514,59,B3,735.4142456054688,0.00036530045326799154,3064.8285864596683
341.7620121978868,47,B2,735.4142456054688,0.00036530045326799154,3064.8285864596683
341.7620121978868,54,F#3,735.4142456054688,0.00036530045326799154,3064.8285864596683
341.7620121978868,69,A4,735.4142456054688,0.00036530045326799154,3064.8285864596683
341.76635247392846,81,A5,735.4142456054688,0.00036530045326799154,3064.8285864596683
341.7706927499701,35,B1,735.4142456054688,0.00036530045326799154,3064.8285864596683
341.7706927499701,35,B1,735.4142456054688,0.00036530045326799154,3064.8285864596683
341.7706927499701,51,D#3,735.4142456054688,0.00036530045326799154,3064.8285864596683
342.18301897392837,68,G#4,735.611328125,0.0003783480788115412,2990.893128597065
342.18301897392837,80,G#5,735.611328125,0.0003783480788115412,2990.893128597065
342.18735924997003,34,A#1,735.611328125,0.0003783480788115412,2990.893128597065
342.18735924997003,51,D#3,735.611328125,0.0003783480788115412,2990.893128597065
342.59100492184496,54,F#3,0.0,0.0003406044270377606,2875.1417399302454
342.59100492184496,59,B3,0.0,0.0003406044270377606,2875.1417399302454
342.5953451978866,66,F#4,0.0,0.0003406044270377606,2875.1417399302454
342.5996854739283,78,F#5,0.0,0.0003406044270377606,2875.1417399302454
342.60402574996994,35,B1,0.0,0.0003406044270377606,2875.1417399302454
342.60402574996994,40,E2,0.0,0.0003406044270377606,2875.1417399302454
342.60402574996994,51,D#3,0.0,0.0003406044270377606,2875.1417399302454
342.6213868541366,61,C#4,0.0,0.0003524868516251445,2761.609853301466
342.8123589999699,51,D#3,737.21826171875,0.00038207037141546607,2638.9780338309656
343.00767142184475,64,E4,734.4291381835938,0.0003519609454087913,3162.0820377594127
343.01635197392807,64,E4,804.821533203125,0.0003571551642380655,2673.5938368194766
343.01635197392807,76,E5,804.821533203125,0.0003571551642380655,2673.5938368194766
343.0206922499697,36,C2,804.821533203125,0.0003571551642380655,2673.5938368194766
343.0206922499697,51,D#3,804.821533203125,0.0003571551642380655,2673.5938368194766
343.42867819788626,61,C#4,0.0,0.0003477180143818259,2602.5655377509197
343.4330184739279,49,C#3,0.0,0.0003477180143818259,2602.5655377509197
343.4330184739279,56,G#3,0.0,0.0003477180143818259,2602.5655377509197
343.4330184739279,64,E4,0.0,0.0003477180143818259,2602.5655377509197
343.4330184739279,68,G#4,0.0,0.0003477180143818259,2602.5655377509197
343.4330184739279,73,C#5,0.0,0.0003477180143818259,2602.5655377509197
343.4330184739279,76,E5,0.0,0.0003477180143818259,2602.5655377509197
343.4330184739279,76,E5,0.0,0.0003477180143818259,2602.5655377509197
343.4373587499696,37,C#2,0.0,0.0003477180143818259,2602.5655377509197
343.4373587499696,35,B1,0.0,0.0003477180143818259,2602.5655377509197
343.4373587499696,49,C#3,0.0,0.0003477180143818259,2602.5655377509197
343.4373587499696,49,C#3,0.0,0.0003477180143818259,2602.5655377509197
343.4373587499696,49,C#3,0.0,0.0003477180143818259,2602.5655377509197
343.4373587499696,56,G#3,0.0,0.0003477180143818259,2602.5655377509197
343.4373587499696,61,C#4,0.0,0.0003477180143818259,2602.5655377509197
343.84534469788616,64,E4,736.408447265625,0.00037621945375576615,2498.6736664943155
343.8540252499695,37,C#2,736.408447265625,0.00037621945375576615,2498.6736664943155
343.8540252499695,51,D#3,736.408447265625,0.00037621945375576615,2498.6736664943155
344.04499739580274,56,G#3,794.0548095703125,0.000386809027986601,2627.369325870752
344.26201119788595,68,G#4,0.0,0.0003842699807137251,2708.0759201607316
344.2663514739276,51,D#3,0.0,0.0003715057682711631,2793.405153084288
344.2663514739276,61,C#4,0.0,0.0003715057682711631,2793.405153084288
344.2663514739276,64,E4,0.0,0.0003715057682711631,2793.405153084288
344.2706917499693,39,D#2,0.0,0.0003715057682711631,2793.405153084288
344.2706917499693,51,D#3,0.0,0.0003715057682711631,2793.405153084288
344.2706917499693,63,D#4,0.0,0.0003715057682711631,2793.405153084288
344.2706917499693,40,E2,0.0,0.0003715057682711631,2793.405153084288
344.2706917499693,55,G3,0.0,0.0003715057682711631,2793.405153084288
344.6786776978858,76,E5,765.509521484375,0.0003449421201366931,2769.7870624621282
344.68301797392746,52,E3,733.8889770507812,0.00034386120387353003,3026.1762859054256
344.68301797392746,64,E4,733.8889770507812,0.00034386120387353003,3026.1762859054256
344.6873582499691,40,E2,733.8889770507812,0.00034386120387353003,3026.1762859054256
344.6873582499691,52,E3,733.8889770507812,0.00034386120387353003,3026.1762859054256
344.6873582499691,68,G#4,733.8889770507812,0.00034386120387353003,3026.1762859054256
344.6873582499691,51,D#3,733.8889770507812,0.00034386120387353003,3026.1762859054256
345.09968447392737,47,B2,737.0602416992188,0.0003462888125795871,3340.8619775424686
345.09968447392737,59,B3,737.0602416992188,0.0003462888125795871,3340.8619775424686
345.09968447392737,64,E4,737.0602416992188,0.0003462888125795871,3340.8619775424686
345.09968447392737,68,G#4,737.0602416992188,0.0003462888125795871,3340.8619775424686
345.09968447392737,71,B4,737.0602416992188,0.0003462888125795871,3340.8619775424686
345.09968447392737,75,D#5,737.0602416992188,0.0003462888125795871,3340.8619775424686
345.104024749969,35,B1,737.0602416992188,0.0003462888125795871,3340.8619775424686
345.104024749969,35,B1,737.0602416992188,0.0003462888125795871,3340.8619775424686
345.104024749969,47,B2,737.0602416992188,0.0003462888125795871,3340.8619775424686
345.104024749969,47,B2,737.0602416992188,0.0003462888125795871,3340.8619775424686
345.104024749969,49,C#3,737.0602416992188,0.0003462888125795871,3340.8619775424686
345.104024749969,56,G#3,737.0602416992188,0.0003462888125795871,3340.8619775424686
345.104024749969,63,D#4,737.0602416992188,0.0003462888125795871,3340.8619775424686
345.5206912499689,35,B1,734.9318237304688,0.00036459427792578936,3071.279818425086
345.5206912499689,51,D#3,734.9318237304688,0.00036459427792578936,3071.279818425086
345.5293718020522,59,B3,734.9318237304688,0.00036459427792578936,3071.279818425086
345.7420453280938,56,G#3,736.73583984375,0.00033278565388172865,3165.90671251911
345.933017473927,51,D#3,734.378173828125,0.00033663204521872103,3137.414071840338
345.93735774996867,39,D#2,735.0348510742188,0.00033970249933190644,3096.651654739231
345.93735774996867,76,E5,735.0348510742188,0.00033970249933190644,3096.651654739231
345.93735774996867,63,D#4,735.0348510742188,0.00033970249933190644,3096.651654739231
345.93735774996867,40,E2,735.0348510742188,0.00033970249933190644,3096.651654739231
345.93735774996867,51,D#3,735.0348510742188,0.00033970249933190644,3096.651654739231
345.93735774996867,51,D#3,735.0348510742188,0.00033970249933190644,3096.651654739231
345.946038302052,59,B3,735.0348510742188,0.00033970249933190644,3096.651654739231
345.95037857809365,68,G#4,735.0348510742188,0.00033970249933190644,3096.651654739231
346.1543715520519,66,F#4,735.2387084960938,0.0003607638645917177,2970.870260069055
346.3496839739268,52,E3,736.7550659179688,0.00041243559098802507,2945.1539234990123
346.3496839739268,64,E4,736.7550659179688,0.00041243559098802507,2945.1539234990123
346.35402424996846,40,E2,735.6617431640625,0.00038642066647298634,2941.0075213243317
346.35402424996846,51,D#3,735.6617431640625,0.00038642066647298634,2941.0075213243317
346.35402424996846,52,E3,735.6617431640625,0.00038642066647298634,2941.0075213243317
346.3583645260101,64,E4,735.6617431640625,0.00038642066647298634,2941.0075213243317
