Time,MIDI_Note,Note_Label,Pitch,Power,Spectral_Centroid
0.0,28,E1,0.0,0.00017065633437596262,3866.4809966662824
0.0,28,E1,0.0,0.00017065633437596262,3866.4809966662824
0.0,28,E1,0.0,0.00017065633437596262,3866.4809966662824
0.0,54,F#3,0.0,0.00017065633437596262,3866.4809966662824
0.0,52,E3,0.0,0.00017065633437596262,3866.4809966662824
0.0,59,B3,0.0,0.00017065633437596262,3866.4809966662824
0.0,64,E4,0.0,0.00017065633437596262,3866.4809966662824
0.0,66,F#4,0.0,0.00017065633437596262,3866.4809966662824
0.0,52,E3,0.0,0.00017065633437596262,3866.4809966662824
0.0,40,E2,0.0,0.00017065633437596262,3866.4809966662824
0.0,59,B3,0.0,0.00017065633437596262,3866.4809966662824
0.0,64,E4,0.0,0.00017065633437596262,3866.4809966662824
0.0,66,F#4,0.0,0.00017065633437596262,3866.4809966662824
0.125,59,B3,0.0,0.1197282001376152,552.5973310162703
0.125,40,E2,0.0,0.1197282001376152,552.5973310162703
0.125,64,E4,0.0,0.1197282001376152,552.5973310162703
0.125,66,F#4,0.0,0.1197282001376152,552.5973310162703
0.25,40,E2,988.5481567382812,0.03334067761898041,675.9160848988845
0.25,40,E2,988.5481567382812,0.03334067761898041,675.9160848988845
0.25,40,E2,988.5481567382812,0.03334067761898041,675.9160848988845
0.25,40,E2,988.5481567382812,0.03334067761898041,675.9160848988845
0.25,40,E2,988.5481567382812,0.03334067761898041,675.9160848988845
0.25,59,B3,988.5481567382812,0.03334067761898041,675.9160848988845
0.25,64,E4,988.5481567382812,0.03334067761898041,675.9160848988845
0.25,66,F#4,988.5481567382812,0.03334067761898041,675.9160848988845
0.375,40,E2,1156.526611328125,0.024408768862485886,993.543611764569
0.375,59,B3,1156.526611328125,0.024408768862485886,993.543611764569
0.375,64,E4,1156.526611328125,0.024408768862485886,993.543611764569
0.375,66,F#4,1156.526611328125,0.024408768862485886,993.543611764569
0.5,35,B1,993.37109375,0.027836406603455544,1194.6950310814375
0.5,35,B1,993.37109375,0.027836406603455544,1194.6950310814375
0.5,35,B1,993.37109375,0.027836406603455544,1194.6950310814375
0.5,35,B1,993.37109375,0.027836406603455544,1194.6950310814375
0.5,54,F#3,993.37109375,0.027836406603455544,1194.6950310814375
0.5,52,E3,993.37109375,0.027836406603455544,1194.6950310814375
0.5,40,E2,993.37109375,0.027836406603455544,1194.6950310814375
0.5,59,B3,993.37109375,0.027836406603455544,1194.6950310814375
0.5,64,E4,993.37109375,0.027836406603455544,1194.6950310814375
0.5,66,F#4,993.37109375,0.027836406603455544,1194.6950310814375
0.625,40,E2,903.8211669921875,0.02960394322872162,1054.6025751976454
0.625,59,B3,903.8211669921875,0.02960394322872162,1054.6025751976454
0.625,64,E4,903.8211669921875,0.02960394322872162,1054.6025751976454
0.625,66,F#4,903.8211669921875,0.02960394322872162,1054.6025751976454
0.75,38,D2,377.4869384765625,0.03735949099063873,983.1158456997657
0.75,38,D2,377.4869384765625,0.03735949099063873,983.1158456997657
0.75,38,D2,377.4869384765625,0.03735949099063873,983.1158456997657
0.75,38,D2,377.4869384765625,0.03735949099063873,983.1158456997657
0.75,40,E2,377.4869384765625,0.03735949099063873,983.1158456997657
0.75,59,B3,377.4869384765625,0.03735949099063873,983.1158456997657
0.75,64,E4,377.4869384765625,0.03735949099063873,983.1158456997657
0.75,66,F#4,377.4869384765625,0.03735949099063873,983.1158456997657
0.875,40,E2,266.4401550292969,0.03450053185224533,1203.736546680303
0.875,59,B3,266.4401550292969,0.03450053185224533,1203.736546680303
0.875,64,E4,266.4401550292969,0.03450053185224533,1203.736546680303
0.875,66,F#4,266.4401550292969,0.03450053185224533,1203.736546680303
1.0,28,E1,1124.5379638671875,0.03503144159913063,1032.2252420398731
1.0,28,E1,1124.5379638671875,0.03503144159913063,1032.2252420398731
1.0,28,E1,1124.5379638671875,0.03503144159913063,1032.2252420398731
1.0,28,E1,1124.5379638671875,0.03503144159913063,1032.2252420398731
1.0,54,F#3,1124.5379638671875,0.03503144159913063,1032.2252420398731
1.0,52,E3,1124.5379638671875,0.03503144159913063,1032.2252420398731
1.0,40,E2,1124.5379638671875,0.03503144159913063,1032.2252420398731
1.0,59,B3,1124.5379638671875,0.03503144159913063,1032.2252420398731
1.0,64,E4,1124.5379638671875,0.03503144159913063,1032.2252420398731
1.0,66,F#4,1124.5379638671875,0.03503144159913063,1032.2252420398731
1.125,40,E2,1160.013427734375,0.019995801150798798,1407.0000714897246
1.125,59,B3,1160.013427734375,0.019995801150798798,1407.0000714897246
1.125,64,E4,1160.013427734375,0.019995801150798798,1407.0000714897246
1.125,66,F#4,1160.013427734375,0.019995801150798798,1407.0000714897246
1.25,28,E1,1120.371826171875,0.022477934136986732,1202.7049819134145
1.25,28,E1,1120.371826171875,0.022477934136986732,1202.7049819134145
1.25,28,E1,1120.371826171875,0.022477934136986732,1202.7049819134145
1.25,28,E1,1120.371826171875,0.022477934136986732,1202.7049819134145
1.25,40,E2,1120.371826171875,0.022477934136986732,1202.7049819134145
1.25,59,B3,1120.371826171875,0.022477934136986732,1202.7049819134145
1.25,64,E4,1120.371826171875,0.022477934136986732,1202.7049819134145
1.25,66,F#4,1120.371826171875,0.022477934136986732,1202.7049819134145
1.375,40,E2,1127.8546142578125,0.02201799489557743,1426.0577661221105
1.375,59,B3,1127.8546142578125,0.02201799489557743,1426.0577661221105
1.375,64,E4,1127.8546142578125,0.02201799489557743,1426.0577661221105
1.375,66,F#4,1127.8546142578125,0.02201799489557743,1426.0577661221105
1.5,35,B1,988.1854858398438,0.026110848411917686,1245.1180285608639
1.5,35,B1,988.1854858398438,0.026110848411917686,1245.1180285608639
1.5,35,B1,988.1854858398438,0.026110848411917686,1245.1180285608639
1.5,35,B1,988.1854858398438,0.026110848411917686,1245.1180285608639
1.5,52,E3,988.1854858398438,0.026110848411917686,1245.1180285608639
1.5,40,E2,988.1854858398438,0.026110848411917686,1245.1180285608639
1.5,59,B3,988.1854858398438,0.026110848411917686,1245.1180285608639
1.5,64,E4,988.1854858398438,0.026110848411917686,1245.1180285608639
1.5,66,F#4,988.1854858398438,0.026110848411917686,1245.1180285608639
1.625,40,E2,983.00830078125,0.024540020152926445,1533.6498795374455
1.625,59,B3,983.00830078125,0.024540020152926445,1533.6498795374455
1.625,64,E4,983.00830078125,0.024540020152926445,1533.6498795374455
1.625,66,F#4,983.00830078125,0.024540020152926445,1533.6498795374455
1.75,38,D2,1151.813232421875,0.018361030146479607,1472.2055945582606
1.75,38,D2,1151.813232421875,0.018361030146479607,1472.2055945582606
1.75,38,D2,1151.813232421875,0.018361030146479607,1472.2055945582606
1.75,38,D2,1151.813232421875,0.018361030146479607,1472.2055945582606
1.75,40,E2,1151.813232421875,0.018361030146479607,1472.2055945582606
1.75,59,B3,1151.813232421875,0.018361030146479607,1472.2055945582606
1.75,64,E4,1151.813232421875,0.018361030146479607,1472.2055945582606
1.75,66,F#4,1151.813232421875,0.018361030146479607,1472.2055945582606
1.875,40,E2,1129.2767333984375,0.024966474622488022,1515.1859821380335
1.875,59,B3,1129.2767333984375,0.024966474622488022,1515.1859821380335
1.875,64,E4,1129.2767333984375,0.024966474622488022,1515.1859821380335
1.875,66,F#4,1129.2767333984375,0.024966474622488022,1515.1859821380335
2.0,28,E1,1162.159912109375,0.018928905948996544,1626.038223876451
2.0,28,E1,1162.159912109375,0.018928905948996544,1626.038223876451
2.0,28,E1,1162.159912109375,0.018928905948996544,1626.038223876451
2.0,28,E1,1162.159912109375,0.018928905948996544,1626.038223876451
2.0,54,F#3,1162.159912109375,0.018928905948996544,1626.038223876451
2.0,52,E3,1162.159912109375,0.018928905948996544,1626.038223876451
2.0,60,C4,1162.159912109375,0.018928905948996544,1626.038223876451
2.0,64,E4,1162.159912109375,0.018928905948996544,1626.038223876451
2.0,66,F#4,1162.159912109375,0.018928905948996544,1626.038223876451
2.0,48,C3,1162.159912109375,0.018928905948996544,1626.038223876451
2.0,36,C2,1162.159912109375,0.018928905948996544,1626.038223876451
2.0,60,C4,1162.159912109375,0.018928905948996544,1626.038223876451
2.0,64,E4,1162.159912109375,0.018928905948996544,1626.038223876451
2.0,66,F#4,1162.159912109375,0.018928905948996544,1626.038223876451
2.125,36,C2,642.640380859375,0.03546517342329025,1527.015786589756
2.125,60,C4,642.640380859375,0.03546517342329025,1527.015786589756
2.125,64,E4,642.640380859375,0.03546517342329025,1527.015786589756
2.125,66,F#4,642.640380859375,0.03546517342329025,1527.015786589756
2.25,40,E2,1113.84130859375,0.018859952688217163,1914.9889495704242
2.25,40,E2,1113.84130859375,0.018859952688217163,1914.9889495704242
2.25,40,E2,1113.84130859375,0.018859952688217163,1914.9889495704242
2.25,40,E2,1113.84130859375,0.018859952688217163,1914.9889495704242
2.25,36,C2,1113.84130859375,0.018859952688217163,1914.9889495704242
2.25,60,C4,1113.84130859375,0.018859952688217163,1914.9889495704242
2.25,64,E4,1113.84130859375,0.018859952688217163,1914.9889495704242
2.25,66,F#4,1113.84130859375,0.018859952688217163,1914.9889495704242
2.375,36,C2,1159.0546875,0.019749628379940987,2021.0840488927943
2.375,60,C4,1159.0546875,0.019749628379940987,2021.0840488927943
2.375,64,E4,1159.0546875,0.019749628379940987,2021.0840488927943
2.375,66,F#4,1159.0546875,0.019749628379940987,2021.0840488927943
2.5,35,B1,1123.3323974609375,0.022862549871206284,1814.8110151884948
2.5,35,B1,1123.3323974609375,0.022862549871206284,1814.8110151884948
2.5,35,B1,1123.3323974609375,0.022862549871206284,1814.8110151884948
2.5,35,B1,1123.3323974609375,0.022862549871206284,1814.8110151884948
2.5,54,F#3,1123.3323974609375,0.022862549871206284,1814.8110151884948
2.5,52,E3,1123.3323974609375,0.022862549871206284,1814.8110151884948
2.5,36,C2,1123.3323974609375,0.022862549871206284,1814.8110151884948
2.5,60,C4,1123.3323974609375,0.022862549871206284,1814.8110151884948
2.5,64,E4,1123.3323974609375,0.022862549871206284,1814.8110151884948
2.5,66,F#4,1123.3323974609375,0.022862549871206284,1814.8110151884948
2.625,36,C2,1153.0599365234375,0.028233671560883522,1799.3637236497816
2.625,60,C4,1153.0599365234375,0.028233671560883522,1799.3637236497816
2.625,64,E4,1153.0599365234375,0.028233671560883522,1799.3637236497816
2.625,66,F#4,1153.0599365234375,0.028233671560883522,1799.3637236497816
2.75,38,D2,775.9652099609375,0.027906931936740875,1909.6371339451487
2.75,38,D2,775.9652099609375,0.027906931936740875,1909.6371339451487
2.75,38,D2,775.9652099609375,0.027906931936740875,1909.6371339451487
2.75,38,D2,775.9652099609375,0.027906931936740875,1909.6371339451487
2.75,36,C2,775.9652099609375,0.027906931936740875,1909.6371339451487
2.75,60,C4,775.9652099609375,0.027906931936740875,1909.6371339451487
2.75,64,E4,775.9652099609375,0.027906931936740875,1909.6371339451487
2.75,66,F#4,775.9652099609375,0.027906931936740875,1909.6371339451487
2.875,36,C2,1032.2052001953125,0.021388355642557144,2187.5008711190444
2.875,60,C4,1032.2052001953125,0.021388355642557144,2187.5008711190444
2.875,64,E4,1032.2052001953125,0.021388355642557144,2187.5008711190444
2.875,66,F#4,1032.2052001953125,0.021388355642557144,2187.5008711190444
3.0,28,E1,993.0391235351562,0.02385234460234642,2168.5277249708593
3.0,28,E1,993.0391235351562,0.02385234460234642,2168.5277249708593
3.0,28,E1,993.0391235351562,0.02385234460234642,2168.5277249708593
3.0,28,E1,993.0391235351562,0.02385234460234642,2168.5277249708593
3.0,54,F#3,993.0391235351562,0.02385234460234642,2168.5277249708593
3.0,52,E3,993.0391235351562,0.02385234460234642,2168.5277249708593
3.0,36,C2,993.0391235351562,0.02385234460234642,2168.5277249708593
3.0,60,C4,993.0391235351562,0.02385234460234642,2168.5277249708593
3.0,64,E4,993.0391235351562,0.02385234460234642,2168.5277249708593
3.0,66,F#4,993.0391235351562,0.02385234460234642,2168.5277249708593
3.125,36,C2,1158.5733642578125,0.020286787301301956,2387.778536799583
3.125,60,C4,1158.5733642578125,0.020286787301301956,2387.778536799583
3.125,64,E4,1158.5733642578125,0.020286787301301956,2387.778536799583
3.125,66,F#4,1158.5733642578125,0.020286787301301956,2387.778536799583
3.25,28,E1,1122.9637451171875,0.018466677516698837,2601.9949530979056
3.25,28,E1,1122.9637451171875,0.018466677516698837,2601.9949530979056
3.25,28,E1,1122.9637451171875,0.018466677516698837,2601.9949530979056
3.25,28,E1,1122.9637451171875,0.018466677516698837,2601.9949530979056
3.25,36,C2,1122.9637451171875,0.018466677516698837,2601.9949530979056
3.25,60,C4,1122.9637451171875,0.018466677516698837,2601.9949530979056
3.25,64,E4,1122.9637451171875,0.018466677516698837,2601.9949530979056
3.25,66,F#4,1122.9637451171875,0.018466677516698837,2601.9949530979056
3.375,36,C2,860.6190185546875,0.017108337953686714,2758.65931762025
3.375,60,C4,860.6190185546875,0.017108337953686714,2758.65931762025
3.375,64,E4,860.6190185546875,0.017108337953686714,2758.65931762025
3.375,66,F#4,860.6190185546875,0.017108337953686714,2758.65931762025
3.5,35,B1,773.0087280273438,0.014930672943592072,2930.8612416994456
3.5,35,B1,773.0087280273438,0.014930672943592072,2930.8612416994456
3.5,35,B1,773.0087280273438,0.014930672943592072,2930.8612416994456
3.5,35,B1,773.0087280273438,0.014930672943592072,2930.8612416994456
3.5,52,E3,773.0087280273438,0.014930672943592072,2930.8612416994456
3.5,36,C2,773.0087280273438,0.014930672943592072,2930.8612416994456
3.5,60,C4,773.0087280273438,0.014930672943592072,2930.8612416994456
3.5,64,E4,773.0087280273438,0.014930672943592072,2930.8612416994456
3.5,66,F#4,773.0087280273438,0.014930672943592072,2930.8612416994456
3.625,36,C2,1121.08837890625,0.014927394688129425,3020.3059157403045
3.625,60,C4,1121.08837890625,0.014927394688129425,3020.3059157403045
3.625,64,E4,1121.08837890625,0.014927394688129425,3020.3059157403045
3.625,66,F#4,1121.08837890625,0.014927394688129425,3020.3059157403045
3.75,38,D2,732.9199829101562,0.02016516402363777,3245.8667552184907
3.75,38,D2,732.9199829101562,0.02016516402363777,3245.8667552184907
3.75,38,D2,732.9199829101562,0.02016516402363777,3245.8667552184907
3.75,38,D2,732.9199829101562,0.02016516402363777,3245.8667552184907
3.75,36,C2,732.9199829101562,0.02016516402363777,3245.8667552184907
3.75,60,C4,732.9199829101562,0.02016516402363777,3245.8667552184907
3.75,64,E4,732.9199829101562,0.02016516402363777,3245.8667552184907
3.75,66,F#4,732.9199829101562,0.02016516402363777,3245.8667552184907
3.875,36,C2,0.0,0.04144042730331421,909.3598889271127
3.875,60,C4,0.0,0.04144042730331421,909.3598889271127
3.875,64,E4,0.0,0.04144042730331421,909.3598889271127
3.875,66,F#4,0.0,0.04144042730331421,909.3598889271127
4.0,28,E1,734.948974609375,0.003858173731714487,832.1727616471302
4.0,28,E1,734.948974609375,0.003858173731714487,832.1727616471302
4.0,28,E1,734.948974609375,0.003858173731714487,832.1727616471302
4.0,28,E1,734.948974609375,0.003858173731714487,832.1727616471302
4.0,54,F#3,734.948974609375,0.003858173731714487,832.1727616471302
4.0,52,E3,734.948974609375,0.003858173731714487,832.1727616471302
4.0,50,D3,734.948974609375,0.003858173731714487,832.1727616471302
4.0,62,D4,734.948974609375,0.003858173731714487,832.1727616471302
4.0,64,E4,734.948974609375,0.003858173731714487,832.1727616471302
4.0,66,F#4,734.948974609375,0.003858173731714487,832.1727616471302
4.0,62,D4,734.948974609375,0.003858173731714487,832.1727616471302
4.0,64,E4,734.948974609375,0.003858173731714487,832.1727616471302
4.0,66,F#4,734.948974609375,0.003858173731714487,832.1727616471302
4.0,38,D2,734.948974609375,0.003858173731714487,832.1727616471302
4.125,62,D4,769.9036865234375,0.0012698452919721603,1057.477199402007
4.125,64,E4,769.9036865234375,0.0012698452919721603,1057.477199402007
4.125,66,F#4,769.9036865234375,0.0012698452919721603,1057.477199402007
4.125,38,D2,769.9036865234375,0.0012698452919721603,1057.477199402007
4.25,40,E2,734.3779296875,0.0008398450445383787,1126.407126330292
4.25,40,E2,734.3779296875,0.0008398450445383787,1126.407126330292
4.25,40,E2,734.3779296875,0.0008398450445383787,1126.407126330292
4.25,40,E2,734.3779296875,0.0008398450445383787,1126.407126330292
4.25,62,D4,734.3779296875,0.0008398450445383787,1126.407126330292
4.25,64,E4,734.3779296875,0.0008398450445383787,1126.407126330292
4.25,66,F#4,734.3779296875,0.0008398450445383787,1126.407126330292
4.25,38,D2,734.3779296875,0.0008398450445383787,1126.407126330292
4.375,62,D4,737.5,0.0004486737016122788,1226.2701806405796
4.375,64,E4,737.5,0.0004486737016122788,1226.2701806405796
4.375,66,F#4,737.5,0.0004486737016122788,1226.2701806405796
4.375,38,D2,737.5,0.0004486737016122788,1226.2701806405796
4.5,35,B1,754.2969360351562,0.00027835395303554833,1479.1557176513206
4.5,35,B1,754.2969360351562,0.00027835395303554833,1479.1557176513206
4.5,35,B1,754.2969360351562,0.00027835395303554833,1479.1557176513206
4.5,35,B1,754.2969360351562,0.00027835395303554833,1479.1557176513206
4.5,54,F#3,754.2969360351562,0.00027835395303554833,1479.1557176513206
4.5,52,E3,754.2969360351562,0.00027835395303554833,1479.1557176513206
4.5,62,D4,754.2969360351562,0.00027835395303554833,1479.1557176513206
4.5,64,E4,754.2969360351562,0.00027835395303554833,1479.1557176513206
4.5,66,F#4,754.2969360351562,0.00027835395303554833,1479.1557176513206
4.5,38,D2,754.2969360351562,0.00027835395303554833,1479.1557176513206
4.625,62,D4,0.0,9.716879139887169e-05,1808.2568162154726
4.625,64,E4,0.0,9.716879139887169e-05,1808.2568162154726
4.625,66,F#4,0.0,9.716879139887169e-05,1808.2568162154726
4.625,38,D2,0.0,9.716879139887169e-05,1808.2568162154726
4.75,38,D2,0.0,2.71016797341872e-05,2978.4119917180706
4.75,38,D2,0.0,2.71016797341872e-05,2978.4119917180706
4.75,38,D2,0.0,2.71016797341872e-05,2978.4119917180706
4.75,38,D2,0.0,2.71016797341872e-05,2978.4119917180706
4.75,62,D4,0.0,2.71016797341872e-05,2978.4119917180706
4.75,64,E4,0.0,2.71016797341872e-05,2978.4119917180706
4.75,66,F#4,0.0,2.71016797341872e-05,2978.4119917180706
4.75,38,D2,0.0,2.71016797341872e-05,2978.4119917180706
4.875,62,D4,0.0,0.0,0.0
4.875,64,E4,0.0,0.0,0.0
4.875,66,F#4,0.0,0.0,0.0
4.875,38,D2,0.0,0.0,0.0
5.0,28,E1,0.0,0.0,0.0
5.0,28,E1,0.0,0.0,0.0
5.0,28,E1,0.0,0.0,0.0
5.0,28,E1,0.0,0.0,0.0
5.0,54,F#3,0.0,0.0,0.0
5.0,52,E3,0.0,0.0,0.0
5.0,62,D4,0.0,0.0,0.0
5.0,64,E4,0.0,0.0,0.0
5.0,66,F#4,0.0,0.0,0.0
5.0,38,D2,0.0,0.0,0.0
5.125,62,D4,0.0,0.0,0.0
5.125,64,E4,0.0,0.0,0.0
5.125,66,F#4,0.0,0.0,0.0
5.125,38,D2,0.0,0.0,0.0
5.25,28,E1,0.0,0.0,0.0
5.25,28,E1,0.0,0.0,0.0
5.25,28,E1,0.0,0.0,0.0
5.25,28,E1,0.0,0.0,0.0
5.25,62,D4,0.0,0.0,0.0
5.25,64,E4,0.0,0.0,0.0
5.25,66,F#4,0.0,0.0,0.0
5.25,38,D2,0.0,0.0,0.0
5.375,62,D4,0.0,0.0,0.0
5.375,64,E4,0.0,0.0,0.0
5.375,66,F#4,0.0,0.0,0.0
5.375,38,D2,0.0,0.0,0.0
5.5,35,B1,0.0,0.0,0.0
5.5,35,B1,0.0,0.0,0.0
5.5,35,B1,0.0,0.0,0.0
5.5,35,B1,0.0,0.0,0.0
5.5,52,E3,0.0,0.0,0.0
5.5,62,D4,0.0,0.0,0.0
5.5,64,E4,0.0,0.0,0.0
5.5,66,F#4,0.0,0.0,0.0
5.5,38,D2,0.0,0.0,0.0
5.625,62,D4,0.0,0.0,0.0
5.625,64,E4,0.0,0.0,0.0
5.625,66,F#4,0.0,0.0,0.0
5.625,38,D2,0.0,0.0,0.0
5.75,38,D2,0.0,0.0,0.0
5.75,38,D2,0.0,0.0,0.0
5.75,38,D2,0.0,0.0,0.0
5.75,38,D2,0.0,0.0,0.0
5.75,62,D4,0.0,0.0,0.0
5.75,64,E4,0.0,0.0,0.0
5.75,66,F#4,0.0,0.0,0.0
5.75,38,D2,0.0,0.0,0.0
5.875,62,D4,0.0,0.0,0.0
5.875,64,E4,0.0,0.0,0.0
5.875,66,F#4,0.0,0.0,0.0
5.875,38,D2,0.0,0.0,0.0
6.0,28,E1,0.0,0.0,0.0
6.0,28,E1,0.0,0.0,0.0
6.0,28,E1,0.0,0.0,0.0
6.0,28,E1,0.0,0.0,0.0
6.0,54,F#3,0.0,0.0,0.0
6.0,52,E3,0.0,0.0,0.0
6.0,52,E3,0.0,0.0,0.0
6.0,59,B3,0.0,0.0,0.0
6.0,64,E4,0.0,0.0,0.0
6.0,66,F#4,0.0,0.0,0.0
6.0,59,B3,0.0,0.0,0.0
6.0,64,E4,0.0,0.0,0.0
6.0,66,F#4,0.0,0.0,0.0
6.0,40,E2,0.0,0.0,0.0
6.125,59,B3,0.0,0.0,0.0
6.125,64,E4,0.0,0.0,0.0
6.125,66,F#4,0.0,0.0,0.0
6.125,40,E2,0.0,0.0,0.0
6.25,40,E2,0.0,0.0,0.0
6.25,40,E2,0.0,0.0,0.0
6.25,40,E2,0.0,0.0,0.0
6.25,40,E2,0.0,0.0,0.0
6.25,59,B3,0.0,0.0,0.0
6.25,64,E4,0.0,0.0,0.0
6.25,66,F#4,0.0,0.0,0.0
6.25,40,E2,0.0,0.0,0.0
6.375,59,B3,0.0,0.0,0.0
6.375,64,E4,0.0,0.0,0.0
6.375,66,F#4,0.0,0.0,0.0
6.375,40,E2,0.0,0.0,0.0
6.5,35,B1,0.0,0.0,0.0
6.5,35,B1,0.0,0.0,0.0
6.5,35,B1,0.0,0.0,0.0
6.5,35,B1,0.0,0.0,0.0
6.5,54,F#3,0.0,0.0,0.0
6.5,52,E3,0.0,0.0,0.0
6.5,59,B3,0.0,0.0,0.0
6.5,64,E4,0.0,0.0,0.0
6.5,66,F#4,0.0,0.0,0.0
6.5,40,E2,0.0,0.0,0.0
6.625,59,B3,0.0,0.0,0.0
6.625,64,E4,0.0,0.0,0.0
6.625,66,F#4,0.0,0.0,0.0
6.625,40,E2,0.0,0.0,0.0
6.75,38,D2,0.0,0.0,0.0
6.75,38,D2,0.0,0.0,0.0
6.75,28,E1,0.0,0.0,0.0
6.75,38,D2,0.0,0.0,0.0
6.75,38,D2,0.0,0.0,0.0
6.75,59,B3,0.0,0.0,0.0
6.75,64,E4,0.0,0.0,0.0
6.75,66,F#4,0.0,0.0,0.0
6.75,40,E2,0.0,0.0,0.0
6.875,59,B3,0.0,0.0,0.0
6.875,64,E4,0.0,0.0,0.0
6.875,66,F#4,0.0,0.0,0.0
6.875,40,E2,0.0,0.0,0.0
7.0,28,E1,0.0,0.0,0.0
7.0,28,E1,0.0,0.0,0.0
7.0,28,E1,0.0,0.0,0.0
7.0,28,E1,0.0,0.0,0.0
7.0,54,F#3,0.0,0.0,0.0
7.0,52,E3,0.0,0.0,0.0
7.0,59,B3,0.0,0.0,0.0
7.0,64,E4,0.0,0.0,0.0
7.0,66,F#4,0.0,0.0,0.0
7.0,40,E2,0.0,0.0,0.0
7.125,59,B3,0.0,0.0,0.0
7.125,64,E4,0.0,0.0,0.0
7.125,66,F#4,0.0,0.0,0.0
7.125,40,E2,0.0,0.0,0.0
7.25,28,E1,0.0,0.0,0.0
7.25,28,E1,0.0,0.0,0.0
7.25,28,E1,0.0,0.0,0.0
7.25,28,E1,0.0,0.0,0.0
7.25,59,B3,0.0,0.0,0.0
7.25,64,E4,0.0,0.0,0.0
7.25,66,F#4,0.0,0.0,0.0
7.25,40,E2,0.0,0.0,0.0
7.375,59,B3,0.0,0.0,0.0
7.375,64,E4,0.0,0.0,0.0
7.375,66,F#4,0.0,0.0,0.0
7.375,40,E2,0.0,0.0,0.0
7.5,35,B1,0.0,0.0,0.0
7.5,35,B1,0.0,0.0,0.0
7.5,35,B1,0.0,0.0,0.0
7.5,35,B1,0.0,0.0,0.0
7.5,52,E3,0.0,0.0,0.0
7.5,40,E2,0.0,0.0,0.0
7.5,47,B2,0.0,0.0,0.0
7.5,47,B2,0.0,0.0,0.0
7.5,59,B3,0.0,0.0,0.0
7.5,64,E4,0.0,0.0,0.0
7.5,66,F#4,0.0,0.0,0.0
7.5,40,E2,0.0,0.0,0.0
7.625,40,E2,0.0,0.0,0.0
7.625,59,B3,0.0,0.0,0.0
7.625,64,E4,0.0,0.0,0.0
7.625,66,F#4,0.0,0.0,0.0
7.625,40,E2,0.0,0.0,0.0
7.75,38,D2,0.0,0.0,0.0
7.75,38,D2,0.0,0.0,0.0
7.75,38,D2,0.0,0.0,0.0
7.75,38,D2,0.0,0.0,0.0
7.75,40,E2,0.0,0.0,0.0
7.75,50,D3,0.0,0.0,0.0
7.75,50,D3,0.0,0.0,0.0
7.75,59,B3,0.0,0.0,0.0
7.75,64,E4,0.0,0.0,0.0
7.75,66,F#4,0.0,0.0,0.0
7.75,40,E2,0.0,0.0,0.0
7.875,40,E2,0.0,0.0,0.0
7.875,59,B3,0.0,0.0,0.0
7.875,64,E4,0.0,0.0,0.0
7.875,66,F#4,0.0,0.0,0.0
7.875,40,E2,0.0,0.0,0.0
8.0,28,E1,0.0,0.0,0.0
8.0,28,E1,0.0,0.0,0.0
8.0,28,E1,0.0,0.0,0.0
8.0,28,E1,0.0,0.0,0.0
8.0,35,B1,0.0,0.0,0.0
8.0,52,E3,0.0,0.0,0.0
8.0,49,C#3,0.0,0.0,0.0
8.0,40,E2,0.0,0.0,0.0
8.0,40,E2,0.0,0.0,0.0
8.25,40,E2,0.0,0.0,0.0
8.25,40,E2,0.0,0.0,0.0
8.25,40,E2,0.0,0.0,0.0
8.25,40,E2,0.0,0.0,0.0
8.25,52,E3,0.0,0.0,0.0
8.25,52,E3,0.0,0.0,0.0
8.25,52,E3,0.0,0.0,0.0
8.5,35,B1,0.0,0.0,0.0
8.5,35,B1,0.0,0.0,0.0
8.5,35,B1,0.0,0.0,0.0
8.5,35,B1,0.0,0.0,0.0
8.5,52,E3,0.0,0.0,0.0
8.5,40,E2,0.0,0.0,0.0
8.5,47,B2,0.0,0.0,0.0
8.5,47,B2,0.0,0.0,0.0
8.75,38,D2,0.0,0.0,0.0
8.75,38,D2,0.0,0.0,0.0
8.75,38,D2,0.0,0.0,0.0
8.75,38,D2,0.0,0.0,0.0
8.75,52,E3,0.0,0.0,0.0
8.75,50,D3,0.0,0.0,0.0
8.75,50,D3,0.0,0.0,0.0
9.0,28,E1,0.0,0.0,0.0
9.0,28,E1,0.0,0.0,0.0
9.0,28,E1,0.0,0.0,0.0
9.0,28,E1,0.0,0.0,0.0
9.0,52,E3,0.0,0.0,0.0
9.0,35,B1,0.0,0.0,0.0
9.0,40,E2,0.0,0.0,0.0
9.0,40,E2,0.0,0.0,0.0
9.25,28,E1,0.0,0.0,0.0
9.25,28,E1,0.0,0.0,0.0
9.25,28,E1,0.0,0.0,0.0
9.25,28,E1,0.0,0.0,0.0
9.25,52,E3,0.0,0.0,0.0
9.25,35,B1,0.0,0.0,0.0
9.25,40,E2,0.0,0.0,0.0
9.25,40,E2,0.0,0.0,0.0
9.5,35,B1,0.0,0.0,0.0
9.5,35,B1,0.0,0.0,0.0
9.5,35,B1,0.0,0.0,0.0
9.5,35,B1,0.0,0.0,0.0
9.5,52,E3,0.0,0.0,0.0
9.5,40,E2,0.0,0.0,0.0
9.5,47,B2,0.0,0.0,0.0
9.5,47,B2,0.0,0.0,0.0
9.75,38,D2,0.0,0.0,0.0
9.75,38,D2,0.0,0.0,0.0
9.75,38,D2,0.0,0.0,0.0
9.75,38,D2,0.0,0.0,0.0
9.75,52,E3,0.0,0.0,0.0
9.75,50,D3,0.0,0.0,0.0
9.75,50,D3,0.0,0.0,0.0
10.0,28,E1,0.0,1.787318615242839e-05,4913.386085882318
10.0,28,E1,0.0,1.787318615242839e-05,4913.386085882318
10.0,28,E1,0.0,1.787318615242839e-05,4913.386085882318
10.0,28,E1,0.0,1.787318615242839e-05,4913.386085882318
10.0,52,E3,0.0,1.787318615242839e-05,4913.386085882318
10.0,35,B1,0.0,1.787318615242839e-05,4913.386085882318
10.0,40,E2,0.0,1.787318615242839e-05,4913.386085882318
10.0,40,E2,0.0,1.787318615242839e-05,4913.386085882318
10.25,40,E2,0.0,1.7414264220860787e-05,4739.006457934685
10.25,40,E2,0.0,1.7414264220860787e-05,4739.006457934685
10.25,40,E2,0.0,1.7414264220860787e-05,4739.006457934685
10.25,40,E2,0.0,1.7414264220860787e-05,4739.006457934685
10.25,52,E3,0.0,1.7414264220860787e-05,4739.006457934685
10.25,52,E3,0.0,1.7414264220860787e-05,4739.006457934685
10.25,52,E3,0.0,1.7414264220860787e-05,4739.006457934685
10.5,35,B1,0.0,3.408281918382272e-05,2962.575613007588
10.5,35,B1,0.0,3.408281918382272e-05,2962.575613007588
10.5,35,B1,0.0,3.408281918382272e-05,2962.575613007588
10.5,35,B1,0.0,3.408281918382272e-05,2962.575613007588
10.5,52,E3,0.0,3.408281918382272e-05,2962.575613007588
10.5,40,E2,0.0,3.408281918382272e-05,2962.575613007588
10.5,47,B2,0.0,3.408281918382272e-05,2962.575613007588
10.5,47,B2,0.0,3.408281918382272e-05,2962.575613007588
10.75,38,D2,0.0,0.00012612361751962453,1776.3046974142674
10.75,38,D2,0.0,0.00012612361751962453,1776.3046974142674
10.75,38,D2,0.0,0.00012612361751962453,1776.3046974142674
10.75,38,D2,0.0,0.00012612361751962453,1776.3046974142674
10.75,52,E3,0.0,0.00012612361751962453,1776.3046974142674
10.75,50,D3,0.0,0.00012612361751962453,1776.3046974142674
10.75,50,D3,0.0,0.00012612361751962453,1776.3046974142674
11.0,28,E1,0.0,0.0002342260122532025,1794.9664199860708
11.0,28,E1,0.0,0.0002342260122532025,1794.9664199860708
11.0,28,E1,0.0,0.0002342260122532025,1794.9664199860708
11.0,28,E1,0.0,0.0002342260122532025,1794.9664199860708
11.0,52,E3,0.0,0.0002342260122532025,1794.9664199860708
11.0,35,B1,0.0,0.0002342260122532025,1794.9664199860708
11.0,40,E2,0.0,0.0002342260122532025,1794.9664199860708
11.0,40,E2,0.0,0.0002342260122532025,1794.9664199860708
11.25,28,E1,1118.111083984375,0.0005027224542573094,1517.6860403179917
11.25,28,E1,1118.111083984375,0.0005027224542573094,1517.6860403179917
11.25,28,E1,1118.111083984375,0.0005027224542573094,1517.6860403179917
11.25,28,E1,1118.111083984375,0.0005027224542573094,1517.6860403179917
11.25,52,E3,1118.111083984375,0.0005027224542573094,1517.6860403179917
11.25,35,B1,1118.111083984375,0.0005027224542573094,1517.6860403179917
11.25,40,E2,1118.111083984375,0.0005027224542573094,1517.6860403179917
11.25,40,E2,1118.111083984375,0.0005027224542573094,1517.6860403179917
11.5,35,B1,1115.1549072265625,0.0010355610866099596,1330.5412057183014
11.5,35,B1,1115.1549072265625,0.0010355610866099596,1330.5412057183014
11.5,35,B1,1115.1549072265625,0.0010355610866099596,1330.5412057183014
11.5,35,B1,1115.1549072265625,0.0010355610866099596,1330.5412057183014
11.5,52,E3,1115.1549072265625,0.0010355610866099596,1330.5412057183014
11.5,40,E2,1115.1549072265625,0.0010355610866099596,1330.5412057183014
11.5,47,B2,1115.1549072265625,0.0010355610866099596,1330.5412057183014
11.5,47,B2,1115.1549072265625,0.0010355610866099596,1330.5412057183014
11.75,38,D2,985.5457763671875,0.00250130333006382,1097.9822795197706
11.75,38,D2,985.5457763671875,0.00250130333006382,1097.9822795197706
11.75,38,D2,985.5457763671875,0.00250130333006382,1097.9822795197706
11.75,38,D2,985.5457763671875,0.00250130333006382,1097.9822795197706
11.75,52,E3,985.5457763671875,0.00250130333006382,1097.9822795197706
11.75,35,B1,985.5457763671875,0.00250130333006382,1097.9822795197706
11.75,50,D3,985.5457763671875,0.00250130333006382,1097.9822795197706
11.75,50,D3,985.5457763671875,0.00250130333006382,1097.9822795197706
12.0,28,E1,1110.11474609375,0.002471966901794076,1263.9266889762566
12.0,28,E1,1110.11474609375,0.002471966901794076,1263.9266889762566
12.0,28,E1,1110.11474609375,0.002471966901794076,1263.9266889762566
12.0,28,E1,1110.11474609375,0.002471966901794076,1263.9266889762566
12.0,52,E3,1110.11474609375,0.002471966901794076,1263.9266889762566
12.0,35,B1,1110.11474609375,0.002471966901794076,1263.9266889762566
12.0,40,E2,1110.11474609375,0.002471966901794076,1263.9266889762566
12.0,40,E2,1110.11474609375,0.002471966901794076,1263.9266889762566
12.25,40,E2,990.816162109375,0.0027675579767674208,1391.4578553667804
12.25,40,E2,990.816162109375,0.0027675579767674208,1391.4578553667804
12.25,40,E2,990.816162109375,0.0027675579767674208,1391.4578553667804
12.25,40,E2,990.816162109375,0.0027675579767674208,1391.4578553667804
12.25,52,E3,990.816162109375,0.0027675579767674208,1391.4578553667804
12.25,52,E3,990.816162109375,0.0027675579767674208,1391.4578553667804
12.25,52,E3,990.816162109375,0.0027675579767674208,1391.4578553667804
12.5,35,B1,1112.662109375,0.003599097253754735,1394.8773599604833
12.5,35,B1,1112.662109375,0.003599097253754735,1394.8773599604833
12.5,35,B1,1112.662109375,0.003599097253754735,1394.8773599604833
12.5,35,B1,1112.662109375,0.003599097253754735,1394.8773599604833
12.5,52,E3,1112.662109375,0.003599097253754735,1394.8773599604833
12.5,40,E2,1112.662109375,0.003599097253754735,1394.8773599604833
12.5,47,B2,1112.662109375,0.003599097253754735,1394.8773599604833
12.5,47,B2,1112.662109375,0.003599097253754735,1394.8773599604833
12.75,38,D2,1121.78857421875,0.004249509423971176,1413.5389869219985
12.75,38,D2,1121.78857421875,0.004249509423971176,1413.5389869219985
12.75,38,D2,1121.78857421875,0.004249509423971176,1413.5389869219985
12.75,38,D2,1121.78857421875,0.004249509423971176,1413.5389869219985
12.75,52,E3,1121.78857421875,0.004249509423971176,1413.5389869219985
12.75,50,D3,1121.78857421875,0.004249509423971176,1413.5389869219985
12.75,50,D3,1121.78857421875,0.004249509423971176,1413.5389869219985
13.0,28,E1,975.3497314453125,0.004945729859173298,1491.8603085751809
13.0,28,E1,975.3497314453125,0.004945729859173298,1491.8603085751809
13.0,28,E1,975.3497314453125,0.004945729859173298,1491.8603085751809
13.0,28,E1,975.3497314453125,0.004945729859173298,1491.8603085751809
13.0,52,E3,975.3497314453125,0.004945729859173298,1491.8603085751809
13.0,35,B1,975.3497314453125,0.004945729859173298,1491.8603085751809
13.0,40,E2,975.3497314453125,0.004945729859173298,1491.8603085751809
13.0,40,E2,975.3497314453125,0.004945729859173298,1491.8603085751809
13.25,28,E1,1151.591796875,0.006681060418486595,1462.194997918443
13.25,28,E1,1151.591796875,0.006681060418486595,1462.194997918443
13.25,28,E1,1151.591796875,0.006681060418486595,1462.194997918443
13.25,28,E1,1151.591796875,0.006681060418486595,1462.194997918443
13.25,52,E3,1151.591796875,0.006681060418486595,1462.194997918443
13.25,35,B1,1151.591796875,0.006681060418486595,1462.194997918443
13.25,40,E2,1151.591796875,0.006681060418486595,1462.194997918443
13.25,40,E2,1151.591796875,0.006681060418486595,1462.194997918443
13.5,35,B1,1104.375244140625,0.008562235161662102,1539.8416059452413
13.5,35,B1,1104.375244140625,0.008562235161662102,1539.8416059452413
13.5,35,B1,1104.375244140625,0.008562235161662102,1539.8416059452413
13.5,35,B1,1104.375244140625,0.008562235161662102,1539.8416059452413
13.5,52,E3,1104.375244140625,0.008562235161662102,1539.8416059452413
13.5,40,E2,1104.375244140625,0.008562235161662102,1539.8416059452413
13.5,47,B2,1104.375244140625,0.008562235161662102,1539.8416059452413
13.5,47,B2,1104.375244140625,0.008562235161662102,1539.8416059452413
13.75,38,D2,979.8010864257812,0.01176478248089552,1338.5510897816816
13.75,38,D2,979.8010864257812,0.01176478248089552,1338.5510897816816
13.75,38,D2,979.8010864257812,0.01176478248089552,1338.5510897816816
13.75,38,D2,979.8010864257812,0.01176478248089552,1338.5510897816816
13.75,52,E3,979.8010864257812,0.01176478248089552,1338.5510897816816
13.75,50,D3,979.8010864257812,0.01176478248089552,1338.5510897816816
13.75,50,D3,979.8010864257812,0.01176478248089552,1338.5510897816816
14.0,28,E1,991.376953125,0.01714039407670498,1290.6332945535369
14.0,28,E1,991.376953125,0.01714039407670498,1290.6332945535369
14.0,28,E1,991.376953125,0.01714039407670498,1290.6332945535369
14.0,28,E1,991.376953125,0.01714039407670498,1290.6332945535369
14.0,52,E3,991.376953125,0.01714039407670498,1290.6332945535369
14.0,35,B1,991.376953125,0.01714039407670498,1290.6332945535369
14.0,40,E2,991.376953125,0.01714039407670498,1290.6332945535369
14.0,40,E2,991.376953125,0.01714039407670498,1290.6332945535369
14.25,40,E2,1112.5721435546875,0.017936216667294502,1396.3978069481482
14.25,40,E2,1112.5721435546875,0.017936216667294502,1396.3978069481482
14.25,40,E2,1112.5721435546875,0.017936216667294502,1396.3978069481482
14.25,40,E2,1112.5721435546875,0.017936216667294502,1396.3978069481482
14.25,52,E3,1112.5721435546875,0.017936216667294502,1396.3978069481482
14.25,52,E3,1112.5721435546875,0.017936216667294502,1396.3978069481482
14.25,52,E3,1112.5721435546875,0.017936216667294502,1396.3978069481482
14.5,35,B1,1116.062744140625,0.014175700023770332,1615.5462672219796
14.5,35,B1,1116.062744140625,0.014175700023770332,1615.5462672219796
14.5,35,B1,1116.062744140625,0.014175700023770332,1615.5462672219796
14.5,35,B1,1116.062744140625,0.014175700023770332,1615.5462672219796
14.5,52,E3,1116.062744140625,0.014175700023770332,1615.5462672219796
14.5,40,E2,1116.062744140625,0.014175700023770332,1615.5462672219796
14.5,47,B2,1116.062744140625,0.014175700023770332,1615.5462672219796
14.5,47,B2,1116.062744140625,0.014175700023770332,1615.5462672219796
14.75,38,D2,1109.584228515625,0.02232935279607773,1459.0150117815017
14.75,38,D2,1109.584228515625,0.02232935279607773,1459.0150117815017
14.75,38,D2,1109.584228515625,0.02232935279607773,1459.0150117815017
14.75,38,D2,1109.584228515625,0.02232935279607773,1459.0150117815017
14.75,52,E3,1109.584228515625,0.02232935279607773,1459.0150117815017
14.75,50,D3,1109.584228515625,0.02232935279607773,1459.0150117815017
14.75,50,D3,1109.584228515625,0.02232935279607773,1459.0150117815017
15.0,28,E1,980.8176879882812,0.029287081211805344,1364.179671498236
15.0,28,E1,980.8176879882812,0.029287081211805344,1364.179671498236
15.0,28,E1,980.8176879882812,0.029287081211805344,1364.179671498236
15.0,28,E1,980.8176879882812,0.029287081211805344,1364.179671498236
15.0,52,E3,980.8176879882812,0.029287081211805344,1364.179671498236
15.0,35,B1,980.8176879882812,0.029287081211805344,1364.179671498236
15.0,40,E2,980.8176879882812,0.029287081211805344,1364.179671498236
15.0,40,E2,980.8176879882812,0.029287081211805344,1364.179671498236
15.25,28,E1,1119.2872314453125,0.032504208385944366,1392.3463461429344
15.25,28,E1,1119.2872314453125,0.032504208385944366,1392.3463461429344
15.25,28,E1,1119.2872314453125,0.032504208385944366,1392.3463461429344
15.25,28,E1,1119.2872314453125,0.032504208385944366,1392.3463461429344
15.25,52,E3,1119.2872314453125,0.032504208385944366,1392.3463461429344
15.25,35,B1,1119.2872314453125,0.032504208385944366,1392.3463461429344
15.25,40,E2,1119.2872314453125,0.032504208385944366,1392.3463461429344
15.25,40,E2,1119.2872314453125,0.032504208385944366,1392.3463461429344
15.5,35,B1,1108.63671875,0.03386968746781349,1453.1277556261794
15.5,35,B1,1108.63671875,0.03386968746781349,1453.1277556261794
15.5,35,B1,1108.63671875,0.03386968746781349,1453.1277556261794
15.5,35,B1,1108.63671875,0.03386968746781349,1453.1277556261794
15.5,52,E3,1108.63671875,0.03386968746781349,1453.1277556261794
15.5,40,E2,1108.63671875,0.03386968746781349,1453.1277556261794
15.5,47,B2,1108.63671875,0.03386968746781349,1453.1277556261794
15.5,47,B2,1108.63671875,0.03386968746781349,1453.1277556261794
15.75,38,D2,1118.2799072265625,0.04738938808441162,1365.3453052349987
15.75,38,D2,1118.2799072265625,0.04738938808441162,1365.3453052349987
15.75,38,D2,1118.2799072265625,0.04738938808441162,1365.3453052349987
15.75,38,D2,1118.2799072265625,0.04738938808441162,1365.3453052349987
15.75,52,E3,1118.2799072265625,0.04738938808441162,1365.3453052349987
15.75,35,B1,1118.2799072265625,0.04738938808441162,1365.3453052349987
15.75,50,D3,1118.2799072265625,0.04738938808441162,1365.3453052349987
15.75,50,D3,1118.2799072265625,0.04738938808441162,1365.3453052349987
16.0,28,E1,988.21435546875,0.04418023303151131,1476.9656796924423
16.0,28,E1,988.21435546875,0.04418023303151131,1476.9656796924423
16.0,28,E1,988.21435546875,0.04418023303151131,1476.9656796924423
16.0,28,E1,988.21435546875,0.04418023303151131,1476.9656796924423
16.0,35,B1,988.21435546875,0.04418023303151131,1476.9656796924423
16.0,52,E3,988.21435546875,0.04418023303151131,1476.9656796924423
16.0,49,C#3,988.21435546875,0.04418023303151131,1476.9656796924423
16.0,40,E2,988.21435546875,0.04418023303151131,1476.9656796924423
16.0,40,E2,988.21435546875,0.04418023303151131,1476.9656796924423
16.0,43,G2,988.21435546875,0.04418023303151131,1476.9656796924423
16.0,52,E3,988.21435546875,0.04418023303151131,1476.9656796924423
16.0,48,C3,988.21435546875,0.04418023303151131,1476.9656796924423
16.0,55,G3,988.21435546875,0.04418023303151131,1476.9656796924423
16.0,55,G3,988.21435546875,0.04418023303151131,1476.9656796924423
16.0,48,C3,988.21435546875,0.04418023303151131,1476.9656796924423
16.0,52,E3,988.21435546875,0.04418023303151131,1476.9656796924423
16.125,55,G3,1151.6368408203125,0.034712713211774826,1718.3207854475309
16.125,48,C3,1151.6368408203125,0.034712713211774826,1718.3207854475309
16.125,52,E3,1151.6368408203125,0.034712713211774826,1718.3207854475309
16.25,40,E2,1162.0233154296875,0.03996230289340019,1579.3321923536266
16.25,40,E2,1162.0233154296875,0.03996230289340019,1579.3321923536266
16.25,40,E2,1162.0233154296875,0.03996230289340019,1579.3321923536266
16.25,40,E2,1162.0233154296875,0.03996230289340019,1579.3321923536266
16.25,52,E3,1162.0233154296875,0.03996230289340019,1579.3321923536266
16.25,52,E3,1162.0233154296875,0.03996230289340019,1579.3321923536266
16.25,52,E3,1162.0233154296875,0.03996230289340019,1579.3321923536266
16.25,55,G3,1162.0233154296875,0.03996230289340019,1579.3321923536266
16.25,48,C3,1162.0233154296875,0.03996230289340019,1579.3321923536266
16.25,52,E3,1162.0233154296875,0.03996230289340019,1579.3321923536266
16.375,55,G3,1108.862548828125,0.05329136177897453,1433.537099055714
16.375,48,C3,1108.862548828125,0.05329136177897453,1433.537099055714
16.375,52,E3,1108.862548828125,0.05329136177897453,1433.537099055714
16.5,35,B1,1117.320556640625,0.052747391164302826,1398.7044940274611
16.5,35,B1,1117.320556640625,0.052747391164302826,1398.7044940274611
16.5,35,B1,1117.320556640625,0.052747391164302826,1398.7044940274611
16.5,35,B1,1117.320556640625,0.052747391164302826,1398.7044940274611
16.5,52,E3,1117.320556640625,0.052747391164302826,1398.7044940274611
16.5,40,E2,1117.320556640625,0.052747391164302826,1398.7044940274611
16.5,47,B2,1117.320556640625,0.052747391164302826,1398.7044940274611
16.5,47,B2,1117.320556640625,0.052747391164302826,1398.7044940274611
16.5,55,G3,1117.320556640625,0.052747391164302826,1398.7044940274611
16.5,52,E3,1117.320556640625,0.052747391164302826,1398.7044940274611
16.5,48,C3,1117.320556640625,0.052747391164302826,1398.7044940274611
16.625,55,G3,1121.7418212890625,0.04944537952542305,1424.6162509207538
16.625,52,E3,1121.7418212890625,0.04944537952542305,1424.6162509207538
16.625,48,C3,1121.7418212890625,0.04944537952542305,1424.6162509207538
16.75,38,D2,1114.6239013671875,0.03880242258310318,1511.6449625964465
16.75,38,D2,1114.6239013671875,0.03880242258310318,1511.6449625964465
16.75,38,D2,1114.6239013671875,0.03880242258310318,1511.6449625964465
16.75,38,D2,1114.6239013671875,0.03880242258310318,1511.6449625964465
16.75,52,E3,1114.6239013671875,0.03880242258310318,1511.6449625964465
16.75,50,D3,1114.6239013671875,0.03880242258310318,1511.6449625964465
16.75,50,D3,1114.6239013671875,0.03880242258310318,1511.6449625964465
16.75,55,G3,1114.6239013671875,0.03880242258310318,1511.6449625964465
16.75,52,E3,1114.6239013671875,0.03880242258310318,1511.6449625964465
16.75,48,C3,1114.6239013671875,0.03880242258310318,1511.6449625964465
16.875,55,G3,1112.218505859375,0.05027666687965393,1458.6022890954573
16.875,52,E3,1112.218505859375,0.05027666687965393,1458.6022890954573
16.875,48,C3,1112.218505859375,0.05027666687965393,1458.6022890954573
17.0,28,E1,1119.76318359375,0.047809209674596786,1383.1826497666905
17.0,28,E1,1119.76318359375,0.047809209674596786,1383.1826497666905
17.0,28,E1,1119.76318359375,0.047809209674596786,1383.1826497666905
17.0,28,E1,1119.76318359375,0.047809209674596786,1383.1826497666905
17.0,52,E3,1119.76318359375,0.047809209674596786,1383.1826497666905
17.0,35,B1,1119.76318359375,0.047809209674596786,1383.1826497666905
17.0,40,E2,1119.76318359375,0.047809209674596786,1383.1826497666905
17.0,40,E2,1119.76318359375,0.047809209674596786,1383.1826497666905
17.0,55,G3,1119.76318359375,0.047809209674596786,1383.1826497666905
17.0,52,E3,1119.76318359375,0.047809209674596786,1383.1826497666905
17.0,48,C3,1119.76318359375,0.047809209674596786,1383.1826497666905
17.125,55,G3,988.4440307617188,0.056773841381073,1293.7680010918693
17.125,52,E3,988.4440307617188,0.056773841381073,1293.7680010918693
17.125,48,C3,988.4440307617188,0.056773841381073,1293.7680010918693
17.25,28,E1,1110.218017578125,0.05600681155920029,1198.3201275496676
17.25,28,E1,1110.218017578125,0.05600681155920029,1198.3201275496676
17.25,28,E1,1110.218017578125,0.05600681155920029,1198.3201275496676
17.25,28,E1,1110.218017578125,0.05600681155920029,1198.3201275496676
17.25,52,E3,1110.218017578125,0.05600681155920029,1198.3201275496676
17.25,35,B1,1110.218017578125,0.05600681155920029,1198.3201275496676
17.25,40,E2,1110.218017578125,0.05600681155920029,1198.3201275496676
17.25,40,E2,1110.218017578125,0.05600681155920029,1198.3201275496676
17.25,55,G3,1110.218017578125,0.05600681155920029,1198.3201275496676
17.25,52,E3,1110.218017578125,0.05600681155920029,1198.3201275496676
17.25,48,C3,1110.218017578125,0.05600681155920029,1198.3201275496676
17.375,55,G3,1109.23974609375,0.06162070110440254,1181.6496019494518
17.375,52,E3,1109.23974609375,0.06162070110440254,1181.6496019494518
17.375,48,C3,1109.23974609375,0.06162070110440254,1181.6496019494518
17.5,35,B1,991.1152954101562,0.06167040765285492,1379.4229427852736
17.5,35,B1,991.1152954101562,0.06167040765285492,1379.4229427852736
17.5,35,B1,991.1152954101562,0.06167040765285492,1379.4229427852736
17.5,35,B1,991.1152954101562,0.06167040765285492,1379.4229427852736
17.5,52,E3,991.1152954101562,0.06167040765285492,1379.4229427852736
17.5,40,E2,991.1152954101562,0.06167040765285492,1379.4229427852736
17.5,47,B2,991.1152954101562,0.06167040765285492,1379.4229427852736
17.5,47,B2,991.1152954101562,0.06167040765285492,1379.4229427852736
17.5,55,G3,991.1152954101562,0.06167040765285492,1379.4229427852736
17.5,52,E3,991.1152954101562,0.06167040765285492,1379.4229427852736
17.5,48,C3,991.1152954101562,0.06167040765285492,1379.4229427852736
17.625,55,G3,663.4838256835938,0.08161190897226334,1080.3245485374928
17.625,52,E3,663.4838256835938,0.08161190897226334,1080.3245485374928
17.625,48,C3,663.4838256835938,0.08161190897226334,1080.3245485374928
17.75,38,D2,743.0684204101562,0.0991244688630104,1031.7994986518606
17.75,38,D2,743.0684204101562,0.0991244688630104,1031.7994986518606
17.75,38,D2,743.0684204101562,0.0991244688630104,1031.7994986518606
17.75,38,D2,743.0684204101562,0.0991244688630104,1031.7994986518606
17.75,52,E3,743.0684204101562,0.0991244688630104,1031.7994986518606
17.75,50,D3,743.0684204101562,0.0991244688630104,1031.7994986518606
17.75,50,D3,743.0684204101562,0.0991244688630104,1031.7994986518606
17.75,55,G3,743.0684204101562,0.0991244688630104,1031.7994986518606
17.75,52,E3,743.0684204101562,0.0991244688630104,1031.7994986518606
17.75,48,C3,743.0684204101562,0.0991244688630104,1031.7994986518606
17.875,55,G3,987.5692138671875,0.08130992203950882,1136.2909201099894
17.875,52,E3,987.5692138671875,0.08130992203950882,1136.2909201099894
17.875,48,C3,987.5692138671875,0.08130992203950882,1136.2909201099894
18.0,28,E1,983.3966064453125,0.0634768158197403,1167.1339234561344
18.0,28,E1,983.3966064453125,0.0634768158197403,1167.1339234561344
18.0,28,E1,983.3966064453125,0.0634768158197403,1167.1339234561344
18.0,28,E1,983.3966064453125,0.0634768158197403,1167.1339234561344
18.0,52,E3,983.3966064453125,0.0634768158197403,1167.1339234561344
18.0,35,B1,983.3966064453125,0.0634768158197403,1167.1339234561344
18.0,57,A3,983.3966064453125,0.0634768158197403,1167.1339234561344
18.0,40,E2,983.3966064453125,0.0634768158197403,1167.1339234561344
18.0,40,E2,983.3966064453125,0.0634768158197403,1167.1339234561344
18.0,50,D3,983.3966064453125,0.0634768158197403,1167.1339234561344
18.0,45,A2,983.3966064453125,0.0634768158197403,1167.1339234561344
18.0,54,F#3,983.3966064453125,0.0634768158197403,1167.1339234561344
18.0,57,A3,983.3966064453125,0.0634768158197403,1167.1339234561344
18.0,50,D3,983.3966064453125,0.0634768158197403,1167.1339234561344
18.0,57,A3,983.3966064453125,0.0634768158197403,1167.1339234561344
18.0,54,F#3,983.3966064453125,0.0634768158197403,1167.1339234561344
18.125,50,D3,1108.104248046875,0.05563891679048538,1347.6475179319905
18.125,57,A3,1108.104248046875,0.05563891679048538,1347.6475179319905
18.125,54,F#3,1108.104248046875,0.05563891679048538,1347.6475179319905
18.25,40,E2,994.2958374023438,0.058273352682590485,1329.2769226462046
18.25,40,E2,994.2958374023438,0.058273352682590485,1329.2769226462046
18.25,40,E2,994.2958374023438,0.058273352682590485,1329.2769226462046
18.25,40,E2,994.2958374023438,0.058273352682590485,1329.2769226462046
18.25,52,E3,994.2958374023438,0.058273352682590485,1329.2769226462046
18.25,52,E3,994.2958374023438,0.058273352682590485,1329.2769226462046
18.25,52,E3,994.2958374023438,0.058273352682590485,1329.2769226462046
18.25,50,D3,994.2958374023438,0.058273352682590485,1329.2769226462046
18.25,57,A3,994.2958374023438,0.058273352682590485,1329.2769226462046
18.25,54,F#3,994.2958374023438,0.058273352682590485,1329.2769226462046
18.375,57,A3,1118.33935546875,0.05486781895160675,1405.0814297299858
18.375,50,D3,1118.33935546875,0.05486781895160675,1405.0814297299858
18.375,54,F#3,1118.33935546875,0.05486781895160675,1405.0814297299858
18.5,35,B1,981.4054565429688,0.05068998783826828,1305.452599850654
18.5,35,B1,981.4054565429688,0.05068998783826828,1305.452599850654
18.5,35,B1,981.4054565429688,0.05068998783826828,1305.452599850654
18.5,35,B1,981.4054565429688,0.05068998783826828,1305.452599850654
18.5,52,E3,981.4054565429688,0.05068998783826828,1305.452599850654
18.5,40,E2,981.4054565429688,0.05068998783826828,1305.452599850654
18.5,47,B2,981.4054565429688,0.05068998783826828,1305.452599850654
18.5,47,B2,981.4054565429688,0.05068998783826828,1305.452599850654
18.5,57,A3,981.4054565429688,0.05068998783826828,1305.452599850654
18.5,50,D3,981.4054565429688,0.05068998783826828,1305.452599850654
18.5,54,F#3,981.4054565429688,0.05068998783826828,1305.452599850654
18.625,57,A3,996.0692138671875,0.0503629669547081,1383.0304991453813
18.625,50,D3,996.0692138671875,0.0503629669547081,1383.0304991453813
18.625,54,F#3,996.0692138671875,0.0503629669547081,1383.0304991453813
18.75,38,D2,1105.4434814453125,0.04380670189857483,1466.8489318182496
18.75,38,D2,1105.4434814453125,0.04380670189857483,1466.8489318182496
18.75,38,D2,1105.4434814453125,0.04380670189857483,1466.8489318182496
18.75,38,D2,1105.4434814453125,0.04380670189857483,1466.8489318182496
18.75,52,E3,1105.4434814453125,0.04380670189857483,1466.8489318182496
18.75,50,D3,1105.4434814453125,0.04380670189857483,1466.8489318182496
18.75,50,D3,1105.4434814453125,0.04380670189857483,1466.8489318182496
18.75,57,A3,1105.4434814453125,0.04380670189857483,1466.8489318182496
18.75,50,D3,1105.4434814453125,0.04380670189857483,1466.8489318182496
18.75,54,F#3,1105.4434814453125,0.04380670189857483,1466.8489318182496
18.875,57,A3,1182.125,0.04419388249516487,1411.170897679167
18.875,50,D3,1182.125,0.04419388249516487,1411.170897679167
18.875,54,F#3,1182.125,0.04419388249516487,1411.170897679167
19.0,28,E1,1108.4830322265625,0.05428572744131088,1301.971344406225
19.0,28,E1,1108.4830322265625,0.05428572744131088,1301.971344406225
19.0,28,E1,1108.4830322265625,0.05428572744131088,1301.971344406225
19.0,28,E1,1108.4830322265625,0.05428572744131088,1301.971344406225
19.0,52,E3,1108.4830322265625,0.05428572744131088,1301.971344406225
19.0,35,B1,1108.4830322265625,0.05428572744131088,1301.971344406225
19.0,40,E2,1108.4830322265625,0.05428572744131088,1301.971344406225
19.0,40,E2,1108.4830322265625,0.05428572744131088,1301.971344406225
19.0,57,A3,1108.4830322265625,0.05428572744131088,1301.971344406225
19.0,50,D3,1108.4830322265625,0.05428572744131088,1301.971344406225
19.0,54,F#3,1108.4830322265625,0.05428572744131088,1301.971344406225
19.125,57,A3,1027.1015625,0.051000237464904785,1284.118078680213
19.125,50,D3,1027.1015625,0.051000237464904785,1284.118078680213
19.125,54,F#3,1027.1015625,0.051000237464904785,1284.118078680213
19.25,28,E1,981.5293579101562,0.06295385956764221,1257.9381778610768
19.25,28,E1,981.5293579101562,0.06295385956764221,1257.9381778610768
19.25,28,E1,981.5293579101562,0.06295385956764221,1257.9381778610768
19.25,28,E1,981.5293579101562,0.06295385956764221,1257.9381778610768
19.25,52,E3,981.5293579101562,0.06295385956764221,1257.9381778610768
19.25,35,B1,981.5293579101562,0.06295385956764221,1257.9381778610768
19.25,40,E2,981.5293579101562,0.06295385956764221,1257.9381778610768
19.25,40,E2,981.5293579101562,0.06295385956764221,1257.9381778610768
19.25,57,A3,981.5293579101562,0.06295385956764221,1257.9381778610768
19.25,50,D3,981.5293579101562,0.06295385956764221,1257.9381778610768
19.25,54,F#3,981.5293579101562,0.06295385956764221,1257.9381778610768
19.375,57,A3,503.9571533203125,0.06535369157791138,1284.4419398029593
19.375,50,D3,503.9571533203125,0.06535369157791138,1284.4419398029593
19.375,54,F#3,503.9571533203125,0.06535369157791138,1284.4419398029593
19.5,35,B1,1111.6104736328125,0.08809183537960052,1098.2803672181687
19.5,35,B1,1111.6104736328125,0.08809183537960052,1098.2803672181687
19.5,35,B1,1111.6104736328125,0.08809183537960052,1098.2803672181687
19.5,35,B1,1111.6104736328125,0.08809183537960052,1098.2803672181687
19.5,52,E3,1111.6104736328125,0.08809183537960052,1098.2803672181687
19.5,40,E2,1111.6104736328125,0.08809183537960052,1098.2803672181687
19.5,47,B2,1111.6104736328125,0.08809183537960052,1098.2803672181687
19.5,47,B2,1111.6104736328125,0.08809183537960052,1098.2803672181687
19.5,57,A3,1111.6104736328125,0.08809183537960052,1098.2803672181687
19.5,50,D3,1111.6104736328125,0.08809183537960052,1098.2803672181687
19.5,54,F#3,1111.6104736328125,0.08809183537960052,1098.2803672181687
19.625,57,A3,664.3221435546875,0.0981389731168747,1032.8911820861117
19.625,50,D3,664.3221435546875,0.0981389731168747,1032.8911820861117
19.625,54,F#3,664.3221435546875,0.0981389731168747,1032.8911820861117
19.75,38,D2,992.274169921875,0.08244773000478745,1137.207019143237
19.75,38,D2,992.274169921875,0.08244773000478745,1137.207019143237
19.75,38,D2,992.274169921875,0.08244773000478745,1137.207019143237
19.75,38,D2,992.274169921875,0.08244773000478745,1137.207019143237
19.75,52,E3,992.274169921875,0.08244773000478745,1137.207019143237
19.75,35,B1,992.274169921875,0.08244773000478745,1137.207019143237
19.75,50,D3,992.274169921875,0.08244773000478745,1137.207019143237
19.75,50,D3,992.274169921875,0.08244773000478745,1137.207019143237
19.75,57,A3,992.274169921875,0.08244773000478745,1137.207019143237
19.75,50,D3,992.274169921875,0.08244773000478745,1137.207019143237
19.75,54,F#3,992.274169921875,0.08244773000478745,1137.207019143237
19.875,57,A3,1172.6209716796875,0.06213720142841339,1211.871669760456
19.875,50,D3,1172.6209716796875,0.06213720142841339,1211.871669760456
19.875,54,F#3,1172.6209716796875,0.06213720142841339,1211.871669760456
20.0,28,E1,1109.5245361328125,0.05628384277224541,1358.8450550532873
20.0,28,E1,1109.5245361328125,0.05628384277224541,1358.8450550532873
20.0,28,E1,1109.5245361328125,0.05628384277224541,1358.8450550532873
20.0,28,E1,1109.5245361328125,0.05628384277224541,1358.8450550532873
20.0,52,E3,1109.5245361328125,0.05628384277224541,1358.8450550532873
20.0,35,B1,1109.5245361328125,0.05628384277224541,1358.8450550532873
20.0,57,A3,1109.5245361328125,0.05628384277224541,1358.8450550532873
20.0,40,E2,1109.5245361328125,0.05628384277224541,1358.8450550532873
20.0,40,E2,1109.5245361328125,0.05628384277224541,1358.8450550532873
20.0,47,B2,1109.5245361328125,0.05628384277224541,1358.8450550532873
20.0,52,E3,1109.5245361328125,0.05628384277224541,1358.8450550532873
20.0,55,G3,1109.5245361328125,0.05628384277224541,1358.8450550532873
20.0,59,B3,1109.5245361328125,0.05628384277224541,1358.8450550532873
20.0,52,E3,1109.5245361328125,0.05628384277224541,1358.8450550532873
20.0,55,G3,1109.5245361328125,0.05628384277224541,1358.8450550532873
20.0,59,B3,1109.5245361328125,0.05628384277224541,1358.8450550532873
20.125,52,E3,1097.2042236328125,0.05352490767836571,1351.860728924368
20.125,55,G3,1097.2042236328125,0.05352490767836571,1351.860728924368
20.125,59,B3,1097.2042236328125,0.05352490767836571,1351.860728924368
20.25,40,E2,1118.4505615234375,0.04660046845674515,1461.1814363382603
20.25,40,E2,1118.4505615234375,0.04660046845674515,1461.1814363382603
20.25,40,E2,1118.4505615234375,0.04660046845674515,1461.1814363382603
20.25,40,E2,1118.4505615234375,0.04660046845674515,1461.1814363382603
20.25,52,E3,1118.4505615234375,0.04660046845674515,1461.1814363382603
20.25,52,E3,1118.4505615234375,0.04660046845674515,1461.1814363382603
20.25,52,E3,1118.4505615234375,0.04660046845674515,1461.1814363382603
20.25,52,E3,1118.4505615234375,0.04660046845674515,1461.1814363382603
20.25,55,G3,1118.4505615234375,0.04660046845674515,1461.1814363382603
20.25,59,B3,1118.4505615234375,0.04660046845674515,1461.1814363382603
20.375,52,E3,1111.5289306640625,0.05435148999094963,1320.4081210456093
20.375,55,G3,1111.5289306640625,0.05435148999094963,1320.4081210456093
20.375,59,B3,1111.5289306640625,0.05435148999094963,1320.4081210456093
20.5,35,B1,1171.9837646484375,0.05125490948557854,1353.9157689294314
20.5,35,B1,1171.9837646484375,0.05125490948557854,1353.9157689294314
20.5,35,B1,1171.9837646484375,0.05125490948557854,1353.9157689294314
20.5,35,B1,1171.9837646484375,0.05125490948557854,1353.9157689294314
20.5,52,E3,1171.9837646484375,0.05125490948557854,1353.9157689294314
20.5,40,E2,1171.9837646484375,0.05125490948557854,1353.9157689294314
20.5,47,B2,1171.9837646484375,0.05125490948557854,1353.9157689294314
20.5,47,B2,1171.9837646484375,0.05125490948557854,1353.9157689294314
20.5,52,E3,1171.9837646484375,0.05125490948557854,1353.9157689294314
20.5,55,G3,1171.9837646484375,0.05125490948557854,1353.9157689294314
20.5,59,B3,1171.9837646484375,0.05125490948557854,1353.9157689294314
20.625,52,E3,291.061279296875,0.3012358546257019,2162.5046028760307
20.625,55,G3,291.061279296875,0.3012358546257019,2162.5046028760307
20.625,59,B3,291.061279296875,0.3012358546257019,2162.5046028760307
20.75,38,D2,248.93875122070312,0.26524102687835693,774.1609929446201
20.75,38,D2,248.93875122070312,0.26524102687835693,774.1609929446201
20.75,38,D2,248.93875122070312,0.26524102687835693,774.1609929446201
20.75,38,D2,248.93875122070312,0.26524102687835693,774.1609929446201
20.75,52,E3,248.93875122070312,0.26524102687835693,774.1609929446201
20.75,50,D3,248.93875122070312,0.26524102687835693,774.1609929446201
20.75,50,D3,248.93875122070312,0.26524102687835693,774.1609929446201
20.75,52,E3,248.93875122070312,0.26524102687835693,774.1609929446201
20.75,55,G3,248.93875122070312,0.26524102687835693,774.1609929446201
20.75,59,B3,248.93875122070312,0.26524102687835693,774.1609929446201
20.875,52,E3,750.8425903320312,0.21342873573303223,771.2781672853407
20.875,55,G3,750.8425903320312,0.21342873573303223,771.2781672853407
20.875,59,B3,750.8425903320312,0.21342873573303223,771.2781672853407
21.0,28,E1,370.8403625488281,0.17808383703231812,888.3696227478664
21.0,28,E1,370.8403625488281,0.17808383703231812,888.3696227478664
21.0,28,E1,370.8403625488281,0.17808383703231812,888.3696227478664
21.0,28,E1,370.8403625488281,0.17808383703231812,888.3696227478664
21.0,52,E3,370.8403625488281,0.17808383703231812,888.3696227478664
21.0,35,B1,370.8403625488281,0.17808383703231812,888.3696227478664
21.0,40,E2,370.8403625488281,0.17808383703231812,888.3696227478664
21.0,40,E2,370.8403625488281,0.17808383703231812,888.3696227478664
21.0,52,E3,370.8403625488281,0.17808383703231812,888.3696227478664
21.0,55,G3,370.8403625488281,0.17808383703231812,888.3696227478664
21.0,59,B3,370.8403625488281,0.17808383703231812,888.3696227478664
21.125,52,E3,247.70057678222656,0.28737643361091614,2430.7793097030526
21.125,55,G3,247.70057678222656,0.28737643361091614,2430.7793097030526
21.125,59,B3,247.70057678222656,0.28737643361091614,2430.7793097030526
21.25,28,E1,331.05853271484375,0.218735933303833,744.2849456226908
21.25,28,E1,331.05853271484375,0.218735933303833,744.2849456226908
21.25,28,E1,331.05853271484375,0.218735933303833,744.2849456226908
21.25,28,E1,331.05853271484375,0.218735933303833,744.2849456226908
21.25,52,E3,331.05853271484375,0.218735933303833,744.2849456226908
21.25,35,B1,331.05853271484375,0.218735933303833,744.2849456226908
21.25,40,E2,331.05853271484375,0.218735933303833,744.2849456226908
21.25,40,E2,331.05853271484375,0.218735933303833,744.2849456226908
21.25,52,E3,331.05853271484375,0.218735933303833,744.2849456226908
21.25,55,G3,331.05853271484375,0.218735933303833,744.2849456226908
21.25,59,B3,331.05853271484375,0.218735933303833,744.2849456226908
21.375,52,E3,372.4368896484375,0.22640998661518097,749.7954988033284
21.375,55,G3,372.4368896484375,0.22640998661518097,749.7954988033284
21.375,59,B3,372.4368896484375,0.22640998661518097,749.7954988033284
21.5,35,B1,222.1361541748047,0.1959405094385147,705.3149213261374
21.5,35,B1,222.1361541748047,0.1959405094385147,705.3149213261374
21.5,35,B1,222.1361541748047,0.1959405094385147,705.3149213261374
21.5,35,B1,222.1361541748047,0.1959405094385147,705.3149213261374
21.5,52,E3,222.1361541748047,0.1959405094385147,705.3149213261374
21.5,40,E2,222.1361541748047,0.1959405094385147,705.3149213261374
21.5,47,B2,222.1361541748047,0.1959405094385147,705.3149213261374
21.5,47,B2,222.1361541748047,0.1959405094385147,705.3149213261374
21.5,52,E3,222.1361541748047,0.1959405094385147,705.3149213261374
21.5,55,G3,222.1361541748047,0.1959405094385147,705.3149213261374
21.5,59,B3,222.1361541748047,0.1959405094385147,705.3149213261374
21.625,52,E3,248.38174438476562,0.26495975255966187,1723.243616317463
21.625,55,G3,248.38174438476562,0.26495975255966187,1723.243616317463
21.625,59,B3,248.38174438476562,0.26495975255966187,1723.243616317463
21.75,38,D2,995.3950805664062,0.10775452852249146,1440.9679752267189
21.75,38,D2,995.3950805664062,0.10775452852249146,1440.9679752267189
21.75,38,D2,995.3950805664062,0.10775452852249146,1440.9679752267189
21.75,38,D2,995.3950805664062,0.10775452852249146,1440.9679752267189
21.75,52,E3,995.3950805664062,0.10775452852249146,1440.9679752267189
21.75,50,D3,995.3950805664062,0.10775452852249146,1440.9679752267189
21.75,50,D3,995.3950805664062,0.10775452852249146,1440.9679752267189
21.75,52,E3,995.3950805664062,0.10775452852249146,1440.9679752267189
21.75,55,G3,995.3950805664062,0.10775452852249146,1440.9679752267189
21.75,59,B3,995.3950805664062,0.10775452852249146,1440.9679752267189
21.875,52,E3,326.4134216308594,0.2545132040977478,675.8016831429004
21.875,55,G3,326.4134216308594,0.2545132040977478,675.8016831429004
21.875,59,B3,326.4134216308594,0.2545132040977478,675.8016831429004
22.0,28,E1,375.6187438964844,0.2008429616689682,604.0961589521914
22.0,28,E1,375.6187438964844,0.2008429616689682,604.0961589521914
22.0,28,E1,375.6187438964844,0.2008429616689682,604.0961589521914
22.0,28,E1,375.6187438964844,0.2008429616689682,604.0961589521914
22.0,52,E3,375.6187438964844,0.2008429616689682,604.0961589521914
22.0,40,E2,375.6187438964844,0.2008429616689682,604.0961589521914
22.0,49,C#3,375.6187438964844,0.2008429616689682,604.0961589521914
22.0,40,E2,375.6187438964844,0.2008429616689682,604.0961589521914
22.0,40,E2,375.6187438964844,0.2008429616689682,604.0961589521914
22.0,52,E3,375.6187438964844,0.2008429616689682,604.0961589521914
22.0,55,G3,375.6187438964844,0.2008429616689682,604.0961589521914
22.0,59,B3,375.6187438964844,0.2008429616689682,604.0961589521914
22.0,40,E2,375.6187438964844,0.2008429616689682,604.0961589521914
22.0,52,E3,375.6187438964844,0.2008429616689682,604.0961589521914
22.0,55,G3,375.6187438964844,0.2008429616689682,604.0961589521914
22.0,59,B3,375.6187438964844,0.2008429616689682,604.0961589521914
22.0,76,E5,375.6187438964844,0.2008429616689682,604.0961589521914
22.0,76,E5,375.6187438964844,0.2008429616689682,604.0961589521914
22.0,76,E5,375.6187438964844,0.2008429616689682,604.0961589521914
22.125,52,E3,330.9526062011719,0.28821805119514465,895.475565320371
22.125,55,G3,330.9526062011719,0.28821805119514465,895.475565320371
22.125,59,B3,330.9526062011719,0.28821805119514465,895.475565320371
22.25,40,E2,371.8909912109375,0.24619904160499573,603.9748879590552
22.25,40,E2,371.8909912109375,0.24619904160499573,603.9748879590552
22.25,40,E2,371.8909912109375,0.24619904160499573,603.9748879590552
22.25,40,E2,371.8909912109375,0.24619904160499573,603.9748879590552
22.25,52,E3,371.8909912109375,0.24619904160499573,603.9748879590552
22.25,35,B1,371.8909912109375,0.24619904160499573,603.9748879590552
22.25,52,E3,371.8909912109375,0.24619904160499573,603.9748879590552
22.25,52,E3,371.8909912109375,0.24619904160499573,603.9748879590552
22.25,52,E3,371.8909912109375,0.24619904160499573,603.9748879590552
22.25,55,G3,371.8909912109375,0.24619904160499573,603.9748879590552
22.25,59,B3,371.8909912109375,0.24619904160499573,603.9748879590552
22.25,76,E5,371.8909912109375,0.24619904160499573,603.9748879590552
22.25,76,E5,371.8909912109375,0.24619904160499573,603.9748879590552
22.25,76,E5,371.8909912109375,0.24619904160499573,603.9748879590552
22.375,52,E3,368.8143005371094,0.237190380692482,663.73668833328
22.375,55,G3,368.8143005371094,0.237190380692482,663.73668833328
22.375,59,B3,368.8143005371094,0.237190380692482,663.73668833328
22.5,35,B1,494.5293884277344,0.2105259746313095,767.0550064584488
22.5,35,B1,494.5293884277344,0.2105259746313095,767.0550064584488
22.5,35,B1,494.5293884277344,0.2105259746313095,767.0550064584488
22.5,35,B1,494.5293884277344,0.2105259746313095,767.0550064584488
22.5,52,E3,494.5293884277344,0.2105259746313095,767.0550064584488
22.5,35,B1,494.5293884277344,0.2105259746313095,767.0550064584488
22.5,47,B2,494.5293884277344,0.2105259746313095,767.0550064584488
22.5,47,B2,494.5293884277344,0.2105259746313095,767.0550064584488
22.5,52,E3,494.5293884277344,0.2105259746313095,767.0550064584488
22.5,55,G3,494.5293884277344,0.2105259746313095,767.0550064584488
22.5,59,B3,494.5293884277344,0.2105259746313095,767.0550064584488
22.5,71,B4,494.5293884277344,0.2105259746313095,767.0550064584488
22.5,71,B4,494.5293884277344,0.2105259746313095,767.0550064584488
22.5,71,B4,494.5293884277344,0.2105259746313095,767.0550064584488
22.625,52,E3,247.50038146972656,0.24117836356163025,1292.3071559497191
22.625,55,G3,247.50038146972656,0.24117836356163025,1292.3071559497191
22.625,59,B3,247.50038146972656,0.24117836356163025,1292.3071559497191
22.75,38,D2,740.9406127929688,0.22492355108261108,800.8077778515838
22.75,38,D2,740.9406127929688,0.22492355108261108,800.8077778515838
22.75,38,D2,740.9406127929688,0.22492355108261108,800.8077778515838
22.75,38,D2,740.9406127929688,0.22492355108261108,800.8077778515838
22.75,52,E3,740.9406127929688,0.22492355108261108,800.8077778515838
22.75,40,E2,740.9406127929688,0.22492355108261108,800.8077778515838
22.75,57,A3,740.9406127929688,0.22492355108261108,800.8077778515838
22.75,50,D3,740.9406127929688,0.22492355108261108,800.8077778515838
22.75,50,D3,740.9406127929688,0.22492355108261108,800.8077778515838
22.75,52,E3,740.9406127929688,0.22492355108261108,800.8077778515838
22.75,55,G3,740.9406127929688,0.22492355108261108,800.8077778515838
22.75,59,B3,740.9406127929688,0.22492355108261108,800.8077778515838
22.75,74,D5,740.9406127929688,0.22492355108261108,800.8077778515838
22.75,74,D5,740.9406127929688,0.22492355108261108,800.8077778515838
22.75,74,D5,740.9406127929688,0.22492355108261108,800.8077778515838
22.875,52,E3,750.4192504882812,0.24457423388957977,722.0898711339216
22.875,55,G3,750.4192504882812,0.24457423388957977,722.0898711339216
22.875,59,B3,750.4192504882812,0.24457423388957977,722.0898711339216
23.0,28,E1,251.32191467285156,0.26074841618537903,1254.1452361626534
23.0,28,E1,251.32191467285156,0.26074841618537903,1254.1452361626534
23.0,28,E1,251.32191467285156,0.26074841618537903,1254.1452361626534
23.0,28,E1,251.32191467285156,0.26074841618537903,1254.1452361626534
23.0,52,E3,251.32191467285156,0.26074841618537903,1254.1452361626534
23.0,35,B1,251.32191467285156,0.26074841618537903,1254.1452361626534
23.0,40,E2,251.32191467285156,0.26074841618537903,1254.1452361626534
23.0,40,E2,251.32191467285156,0.26074841618537903,1254.1452361626534
23.0,52,E3,251.32191467285156,0.26074841618537903,1254.1452361626534
23.0,55,G3,251.32191467285156,0.26074841618537903,1254.1452361626534
23.0,59,B3,251.32191467285156,0.26074841618537903,1254.1452361626534
23.0,76,E5,251.32191467285156,0.26074841618537903,1254.1452361626534
23.0,76,E5,251.32191467285156,0.26074841618537903,1254.1452361626534
23.0,76,E5,251.32191467285156,0.26074841618537903,1254.1452361626534
23.125,52,E3,248.3892364501953,0.2564772069454193,1356.9364252461771
23.125,55,G3,248.3892364501953,0.2564772069454193,1356.9364252461771
23.125,59,B3,248.3892364501953,0.2564772069454193,1356.9364252461771
23.25,28,E1,830.8732299804688,0.21481242775917053,808.8063059338233
23.25,28,E1,830.8732299804688,0.21481242775917053,808.8063059338233
23.25,28,E1,830.8732299804688,0.21481242775917053,808.8063059338233
23.25,28,E1,830.8732299804688,0.21481242775917053,808.8063059338233
23.25,52,E3,830.8732299804688,0.21481242775917053,808.8063059338233
23.25,35,B1,830.8732299804688,0.21481242775917053,808.8063059338233
23.25,40,E2,830.8732299804688,0.21481242775917053,808.8063059338233
23.25,40,E2,830.8732299804688,0.21481242775917053,808.8063059338233
23.25,52,E3,830.8732299804688,0.21481242775917053,808.8063059338233
23.25,55,G3,830.8732299804688,0.21481242775917053,808.8063059338233
23.25,59,B3,830.8732299804688,0.21481242775917053,808.8063059338233
23.25,76,E5,830.8732299804688,0.21481242775917053,808.8063059338233
23.25,76,E5,830.8732299804688,0.21481242775917053,808.8063059338233
23.25,76,E5,830.8732299804688,0.21481242775917053,808.8063059338233
23.375,35,B1,294.791259765625,0.25100085139274597,687.6148476052209
23.375,52,E3,294.791259765625,0.25100085139274597,687.6148476052209
23.375,55,G3,294.791259765625,0.25100085139274597,687.6148476052209
23.375,59,B3,294.791259765625,0.25100085139274597,687.6148476052209
23.5,35,B1,330.68353271484375,0.24894903600215912,1593.6706756815834
23.5,35,B1,330.68353271484375,0.24894903600215912,1593.6706756815834
23.5,35,B1,330.68353271484375,0.24894903600215912,1593.6706756815834
23.5,35,B1,330.68353271484375,0.24894903600215912,1593.6706756815834
23.5,52,E3,330.68353271484375,0.24894903600215912,1593.6706756815834
23.5,40,E2,330.68353271484375,0.24894903600215912,1593.6706756815834
23.5,57,A3,330.68353271484375,0.24894903600215912,1593.6706756815834
23.5,47,B2,330.68353271484375,0.24894903600215912,1593.6706756815834
23.5,47,B2,330.68353271484375,0.24894903600215912,1593.6706756815834
23.5,52,E3,330.68353271484375,0.24894903600215912,1593.6706756815834
23.5,55,G3,330.68353271484375,0.24894903600215912,1593.6706756815834
23.5,59,B3,330.68353271484375,0.24894903600215912,1593.6706756815834
23.5,71,B4,330.68353271484375,0.24894903600215912,1593.6706756815834
23.5,71,B4,330.68353271484375,0.24894903600215912,1593.6706756815834
23.5,71,B4,330.68353271484375,0.24894903600215912,1593.6706756815834
23.625,35,B1,369.30194091796875,0.19913792610168457,1022.4725730588484
23.625,52,E3,369.30194091796875,0.19913792610168457,1022.4725730588484
23.625,55,G3,369.30194091796875,0.19913792610168457,1022.4725730588484
23.625,59,B3,369.30194091796875,0.19913792610168457,1022.4725730588484
23.75,38,D2,205.0183563232422,0.28251421451568604,666.5240681395871
23.75,38,D2,205.0183563232422,0.28251421451568604,666.5240681395871
23.75,38,D2,205.0183563232422,0.28251421451568604,666.5240681395871
23.75,38,D2,205.0183563232422,0.28251421451568604,666.5240681395871
23.75,52,E3,205.0183563232422,0.28251421451568604,666.5240681395871
23.75,40,E2,205.0183563232422,0.28251421451568604,666.5240681395871
23.75,50,D3,205.0183563232422,0.28251421451568604,666.5240681395871
23.75,50,D3,205.0183563232422,0.28251421451568604,666.5240681395871
23.75,52,E3,205.0183563232422,0.28251421451568604,666.5240681395871
23.75,55,G3,205.0183563232422,0.28251421451568604,666.5240681395871
23.75,59,B3,205.0183563232422,0.28251421451568604,666.5240681395871
23.75,74,D5,205.0183563232422,0.28251421451568604,666.5240681395871
23.75,74,D5,205.0183563232422,0.28251421451568604,666.5240681395871
23.75,74,D5,205.0183563232422,0.28251421451568604,666.5240681395871
23.875,40,E2,329.922119140625,0.24260132014751434,624.325098447192
24.0,28,E1,743.2193603515625,0.2585315704345703,1294.152138681207
24.0,28,E1,743.2193603515625,0.2585315704345703,1294.152138681207
24.0,28,E1,743.2193603515625,0.2585315704345703,1294.152138681207
24.0,52,E3,743.2193603515625,0.2585315704345703,1294.152138681207
24.0,35,B1,743.2193603515625,0.2585315704345703,1294.152138681207
24.0,49,C#3,743.2193603515625,0.2585315704345703,1294.152138681207
24.0,47,B2,743.2193603515625,0.2585315704345703,1294.152138681207
24.0,52,E3,743.2193603515625,0.2585315704345703,1294.152138681207
24.0,40,E2,743.2193603515625,0.2585315704345703,1294.152138681207
24.0,40,E2,743.2193603515625,0.2585315704345703,1294.152138681207
24.0,47,B2,743.2193603515625,0.2585315704345703,1294.152138681207
24.0,52,E3,743.2193603515625,0.2585315704345703,1294.152138681207
24.0,40,E2,743.2193603515625,0.2585315704345703,1294.152138681207
24.0,47,B2,743.2193603515625,0.2585315704345703,1294.152138681207
24.0,52,E3,743.2193603515625,0.2585315704345703,1294.152138681207
24.25,40,E2,371.0491638183594,0.2150307595729828,628.3404392776193
24.25,40,E2,371.0491638183594,0.2150307595729828,628.3404392776193
24.25,40,E2,371.0491638183594,0.2150307595729828,628.3404392776193
24.25,52,E3,371.0491638183594,0.2150307595729828,628.3404392776193
24.25,52,E3,371.0491638183594,0.2150307595729828,628.3404392776193
24.25,47,B2,371.0491638183594,0.2150307595729828,628.3404392776193
24.25,40,E2,371.0491638183594,0.2150307595729828,628.3404392776193
24.25,40,E2,371.0491638183594,0.2150307595729828,628.3404392776193
24.25,47,B2,371.0491638183594,0.2150307595729828,628.3404392776193
24.25,52,E3,371.0491638183594,0.2150307595729828,628.3404392776193
24.25,40,E2,371.0491638183594,0.2150307595729828,628.3404392776193
24.25,47,B2,371.0491638183594,0.2150307595729828,628.3404392776193
24.25,52,E3,371.0491638183594,0.2150307595729828,628.3404392776193
24.5,35,B1,376.1201477050781,0.27251771092414856,2323.6759329157558
24.5,35,B1,376.1201477050781,0.27251771092414856,2323.6759329157558
24.5,35,B1,376.1201477050781,0.27251771092414856,2323.6759329157558
24.5,52,E3,376.1201477050781,0.27251771092414856,2323.6759329157558
24.5,40,E2,376.1201477050781,0.27251771092414856,2323.6759329157558
24.5,52,E3,376.1201477050781,0.27251771092414856,2323.6759329157558
24.5,47,B2,376.1201477050781,0.27251771092414856,2323.6759329157558
24.5,40,E2,376.1201477050781,0.27251771092414856,2323.6759329157558
24.5,40,E2,376.1201477050781,0.27251771092414856,2323.6759329157558
24.5,47,B2,376.1201477050781,0.27251771092414856,2323.6759329157558
24.5,52,E3,376.1201477050781,0.27251771092414856,2323.6759329157558
24.5,52,E3,376.1201477050781,0.27251771092414856,2323.6759329157558
24.5,47,B2,376.1201477050781,0.27251771092414856,2323.6759329157558
24.5,40,E2,376.1201477050781,0.27251771092414856,2323.6759329157558
24.75,38,D2,838.7980346679688,0.2364758551120758,711.9380395771177
24.75,38,D2,838.7980346679688,0.2364758551120758,711.9380395771177
24.75,38,D2,838.7980346679688,0.2364758551120758,711.9380395771177
24.75,52,E3,838.7980346679688,0.2364758551120758,711.9380395771177
24.75,52,E3,838.7980346679688,0.2364758551120758,711.9380395771177
24.75,47,B2,838.7980346679688,0.2364758551120758,711.9380395771177
24.75,40,E2,838.7980346679688,0.2364758551120758,711.9380395771177
24.75,40,E2,838.7980346679688,0.2364758551120758,711.9380395771177
24.75,47,B2,838.7980346679688,0.2364758551120758,711.9380395771177
24.75,52,E3,838.7980346679688,0.2364758551120758,711.9380395771177
24.75,40,E2,838.7980346679688,0.2364758551120758,711.9380395771177
24.75,47,B2,838.7980346679688,0.2364758551120758,711.9380395771177
24.75,52,E3,838.7980346679688,0.2364758551120758,711.9380395771177
25.0,28,E1,326.3263244628906,0.3199875056743622,2678.3248966109813
25.0,28,E1,326.3263244628906,0.3199875056743622,2678.3248966109813
25.0,28,E1,326.3263244628906,0.3199875056743622,2678.3248966109813
25.0,52,E3,326.3263244628906,0.3199875056743622,2678.3248966109813
25.0,35,B1,326.3263244628906,0.3199875056743622,2678.3248966109813
25.0,40,E2,326.3263244628906,0.3199875056743622,2678.3248966109813
25.0,40,E2,326.3263244628906,0.3199875056743622,2678.3248966109813
25.0,47,B2,326.3263244628906,0.3199875056743622,2678.3248966109813
25.0,47,B2,326.3263244628906,0.3199875056743622,2678.3248966109813
25.0,52,E3,326.3263244628906,0.3199875056743622,2678.3248966109813
25.0,52,E3,326.3263244628906,0.3199875056743622,2678.3248966109813
25.0,52,E3,326.3263244628906,0.3199875056743622,2678.3248966109813
25.0,47,B2,326.3263244628906,0.3199875056743622,2678.3248966109813
25.0,40,E2,326.3263244628906,0.3199875056743622,2678.3248966109813
25.25,28,E1,295.1951904296875,0.23106802999973297,807.563570596413
25.25,28,E1,295.1951904296875,0.23106802999973297,807.563570596413
25.25,28,E1,295.1951904296875,0.23106802999973297,807.563570596413
25.25,52,E3,295.1951904296875,0.23106802999973297,807.563570596413
25.25,35,B1,295.1951904296875,0.23106802999973297,807.563570596413
25.25,40,E2,295.1951904296875,0.23106802999973297,807.563570596413
25.25,40,E2,295.1951904296875,0.23106802999973297,807.563570596413
25.25,47,B2,295.1951904296875,0.23106802999973297,807.563570596413
25.25,47,B2,295.1951904296875,0.23106802999973297,807.563570596413
25.25,52,E3,295.1951904296875,0.23106802999973297,807.563570596413
25.25,52,E3,295.1951904296875,0.23106802999973297,807.563570596413
25.25,52,E3,295.1951904296875,0.23106802999973297,807.563570596413
25.25,47,B2,295.1951904296875,0.23106802999973297,807.563570596413
25.25,40,E2,295.1951904296875,0.23106802999973297,807.563570596413
25.5,35,B1,247.39373779296875,0.3209415674209595,1997.256773750073
25.5,35,B1,247.39373779296875,0.3209415674209595,1997.256773750073
25.5,35,B1,247.39373779296875,0.3209415674209595,1997.256773750073
25.5,52,E3,247.39373779296875,0.3209415674209595,1997.256773750073
25.5,40,E2,247.39373779296875,0.3209415674209595,1997.256773750073
25.5,40,E2,247.39373779296875,0.3209415674209595,1997.256773750073
25.5,40,E2,247.39373779296875,0.3209415674209595,1997.256773750073
25.5,47,B2,247.39373779296875,0.3209415674209595,1997.256773750073
25.5,47,B2,247.39373779296875,0.3209415674209595,1997.256773750073
25.5,52,E3,247.39373779296875,0.3209415674209595,1997.256773750073
25.5,52,E3,247.39373779296875,0.3209415674209595,1997.256773750073
25.5,52,E3,247.39373779296875,0.3209415674209595,1997.256773750073
25.5,47,B2,247.39373779296875,0.3209415674209595,1997.256773750073
25.5,40,E2,247.39373779296875,0.3209415674209595,1997.256773750073
25.75,38,D2,247.3935546875,0.3229163885116577,567.3895694421044
25.75,38,D2,247.3935546875,0.3229163885116577,567.3895694421044
25.75,38,D2,247.3935546875,0.3229163885116577,567.3895694421044
25.75,52,E3,247.3935546875,0.3229163885116577,567.3895694421044
25.75,40,E2,247.3935546875,0.3229163885116577,567.3895694421044
25.75,40,E2,247.3935546875,0.3229163885116577,567.3895694421044
25.75,47,B2,247.3935546875,0.3229163885116577,567.3895694421044
25.75,47,B2,247.3935546875,0.3229163885116577,567.3895694421044
25.75,52,E3,247.3935546875,0.3229163885116577,567.3895694421044
25.75,52,E3,247.3935546875,0.3229163885116577,567.3895694421044
25.75,52,E3,247.3935546875,0.3229163885116577,567.3895694421044
25.75,47,B2,247.3935546875,0.3229163885116577,567.3895694421044
25.75,40,E2,247.3935546875,0.3229163885116577,567.3895694421044
26.0,28,E1,247.83807373046875,0.30209800601005554,1155.0229960470865
26.0,28,E1,247.83807373046875,0.30209800601005554,1155.0229960470865
26.0,28,E1,247.83807373046875,0.30209800601005554,1155.0229960470865
26.0,52,E3,247.83807373046875,0.30209800601005554,1155.0229960470865
26.0,35,B1,247.83807373046875,0.30209800601005554,1155.0229960470865
26.0,47,B2,247.83807373046875,0.30209800601005554,1155.0229960470865
26.0,52,E3,247.83807373046875,0.30209800601005554,1155.0229960470865
26.0,40,E2,247.83807373046875,0.30209800601005554,1155.0229960470865
26.0,40,E2,247.83807373046875,0.30209800601005554,1155.0229960470865
26.0,47,B2,247.83807373046875,0.30209800601005554,1155.0229960470865
26.0,52,E3,247.83807373046875,0.30209800601005554,1155.0229960470865
26.0,40,E2,247.83807373046875,0.30209800601005554,1155.0229960470865
26.0,47,B2,247.83807373046875,0.30209800601005554,1155.0229960470865
26.0,52,E3,247.83807373046875,0.30209800601005554,1155.0229960470865
26.25,40,E2,368.459716796875,0.22664038836956024,632.0643981714105
26.25,40,E2,368.459716796875,0.22664038836956024,632.0643981714105
26.25,40,E2,368.459716796875,0.22664038836956024,632.0643981714105
26.25,52,E3,368.459716796875,0.22664038836956024,632.0643981714105
26.25,52,E3,368.459716796875,0.22664038836956024,632.0643981714105
26.25,47,B2,368.459716796875,0.22664038836956024,632.0643981714105
26.25,40,E2,368.459716796875,0.22664038836956024,632.0643981714105
26.25,40,E2,368.459716796875,0.22664038836956024,632.0643981714105
26.25,47,B2,368.459716796875,0.22664038836956024,632.0643981714105
26.25,52,E3,368.459716796875,0.22664038836956024,632.0643981714105
26.25,40,E2,368.459716796875,0.22664038836956024,632.0643981714105
26.25,47,B2,368.459716796875,0.22664038836956024,632.0643981714105
26.25,52,E3,368.459716796875,0.22664038836956024,632.0643981714105
26.5,35,B1,289.9396057128906,0.25269123911857605,1829.7928985821668
26.5,35,B1,289.9396057128906,0.25269123911857605,1829.7928985821668
26.5,35,B1,289.9396057128906,0.25269123911857605,1829.7928985821668
26.5,52,E3,289.9396057128906,0.25269123911857605,1829.7928985821668
26.5,40,E2,289.9396057128906,0.25269123911857605,1829.7928985821668
26.5,52,E3,289.9396057128906,0.25269123911857605,1829.7928985821668
26.5,47,B2,289.9396057128906,0.25269123911857605,1829.7928985821668
26.5,40,E2,289.9396057128906,0.25269123911857605,1829.7928985821668
26.5,40,E2,289.9396057128906,0.25269123911857605,1829.7928985821668
26.5,47,B2,289.9396057128906,0.25269123911857605,1829.7928985821668
26.5,52,E3,289.9396057128906,0.25269123911857605,1829.7928985821668
26.5,52,E3,289.9396057128906,0.25269123911857605,1829.7928985821668
26.5,47,B2,289.9396057128906,0.25269123911857605,1829.7928985821668
26.5,40,E2,289.9396057128906,0.25269123911857605,1829.7928985821668
26.75,38,D2,330.4065856933594,0.23823806643486023,706.729950799052
26.75,38,D2,330.4065856933594,0.23823806643486023,706.729950799052
26.75,38,D2,330.4065856933594,0.23823806643486023,706.729950799052
26.75,52,E3,330.4065856933594,0.23823806643486023,706.729950799052
26.75,52,E3,330.4065856933594,0.23823806643486023,706.729950799052
26.75,47,B2,330.4065856933594,0.23823806643486023,706.729950799052
26.75,40,E2,330.4065856933594,0.23823806643486023,706.729950799052
26.75,40,E2,330.4065856933594,0.23823806643486023,706.729950799052
26.75,47,B2,330.4065856933594,0.23823806643486023,706.729950799052
26.75,52,E3,330.4065856933594,0.23823806643486023,706.729950799052
26.75,40,E2,330.4065856933594,0.23823806643486023,706.729950799052
26.75,47,B2,330.4065856933594,0.23823806643486023,706.729950799052
26.75,52,E3,330.4065856933594,0.23823806643486023,706.729950799052
27.0,28,E1,247.7781982421875,0.2754957675933838,1760.6628345459255
27.0,28,E1,247.7781982421875,0.2754957675933838,1760.6628345459255
27.0,28,E1,247.7781982421875,0.2754957675933838,1760.6628345459255
27.0,52,E3,247.7781982421875,0.2754957675933838,1760.6628345459255
27.0,35,B1,247.7781982421875,0.2754957675933838,1760.6628345459255
27.0,40,E2,247.7781982421875,0.2754957675933838,1760.6628345459255
27.0,40,E2,247.7781982421875,0.2754957675933838,1760.6628345459255
27.0,47,B2,247.7781982421875,0.2754957675933838,1760.6628345459255
27.0,47,B2,247.7781982421875,0.2754957675933838,1760.6628345459255
27.0,52,E3,247.7781982421875,0.2754957675933838,1760.6628345459255
27.0,52,E3,247.7781982421875,0.2754957675933838,1760.6628345459255
27.0,52,E3,247.7781982421875,0.2754957675933838,1760.6628345459255
27.0,47,B2,247.7781982421875,0.2754957675933838,1760.6628345459255
27.0,40,E2,247.7781982421875,0.2754957675933838,1760.6628345459255
27.25,28,E1,369.96240234375,0.2236648052930832,677.6078779856296
27.25,28,E1,369.96240234375,0.2236648052930832,677.6078779856296
27.25,28,E1,369.96240234375,0.2236648052930832,677.6078779856296
27.25,52,E3,369.96240234375,0.2236648052930832,677.6078779856296
27.25,35,B1,369.96240234375,0.2236648052930832,677.6078779856296
27.25,40,E2,369.96240234375,0.2236648052930832,677.6078779856296
27.25,40,E2,369.96240234375,0.2236648052930832,677.6078779856296
27.25,47,B2,369.96240234375,0.2236648052930832,677.6078779856296
27.25,47,B2,369.96240234375,0.2236648052930832,677.6078779856296
27.25,52,E3,369.96240234375,0.2236648052930832,677.6078779856296
27.25,52,E3,369.96240234375,0.2236648052930832,677.6078779856296
27.25,52,E3,369.96240234375,0.2236648052930832,677.6078779856296
27.25,47,B2,369.96240234375,0.2236648052930832,677.6078779856296
27.25,40,E2,369.96240234375,0.2236648052930832,677.6078779856296
27.5,35,B1,474.0056457519531,0.251502126455307,3231.9071167958464
27.5,35,B1,474.0056457519531,0.251502126455307,3231.9071167958464
27.5,35,B1,474.0056457519531,0.251502126455307,3231.9071167958464
27.5,52,E3,474.0056457519531,0.251502126455307,3231.9071167958464
27.5,40,E2,474.0056457519531,0.251502126455307,3231.9071167958464
27.5,40,E2,474.0056457519531,0.251502126455307,3231.9071167958464
27.5,40,E2,474.0056457519531,0.251502126455307,3231.9071167958464
27.5,47,B2,474.0056457519531,0.251502126455307,3231.9071167958464
27.5,47,B2,474.0056457519531,0.251502126455307,3231.9071167958464
27.5,52,E3,474.0056457519531,0.251502126455307,3231.9071167958464
27.5,52,E3,474.0056457519531,0.251502126455307,3231.9071167958464
27.5,52,E3,474.0056457519531,0.251502126455307,3231.9071167958464
27.5,47,B2,474.0056457519531,0.251502126455307,3231.9071167958464
27.5,40,E2,474.0056457519531,0.251502126455307,3231.9071167958464
27.75,38,D2,453.3576354980469,0.2638932168483734,3249.6789094289065
27.75,38,D2,453.3576354980469,0.2638932168483734,3249.6789094289065
27.75,38,D2,453.3576354980469,0.2638932168483734,3249.6789094289065
27.75,52,E3,453.3576354980469,0.2638932168483734,3249.6789094289065
27.75,35,B1,453.3576354980469,0.2638932168483734,3249.6789094289065
27.75,40,E2,453.3576354980469,0.2638932168483734,3249.6789094289065
27.75,40,E2,453.3576354980469,0.2638932168483734,3249.6789094289065
27.75,47,B2,453.3576354980469,0.2638932168483734,3249.6789094289065
27.75,47,B2,453.3576354980469,0.2638932168483734,3249.6789094289065
27.75,52,E3,453.3576354980469,0.2638932168483734,3249.6789094289065
27.75,52,E3,453.3576354980469,0.2638932168483734,3249.6789094289065
27.75,52,E3,453.3576354980469,0.2638932168483734,3249.6789094289065
27.75,47,B2,453.3576354980469,0.2638932168483734,3249.6789094289065
27.75,40,E2,453.3576354980469,0.2638932168483734,3249.6789094289065
28.0,28,E1,472.59735107421875,0.24856387078762054,3269.489964364442
28.0,28,E1,472.59735107421875,0.24856387078762054,3269.489964364442
28.0,28,E1,472.59735107421875,0.24856387078762054,3269.489964364442
28.0,52,E3,472.59735107421875,0.24856387078762054,3269.489964364442
28.0,35,B1,472.59735107421875,0.24856387078762054,3269.489964364442
28.0,47,B2,472.59735107421875,0.24856387078762054,3269.489964364442
28.0,52,E3,472.59735107421875,0.24856387078762054,3269.489964364442
28.0,40,E2,472.59735107421875,0.24856387078762054,3269.489964364442
28.0,40,E2,472.59735107421875,0.24856387078762054,3269.489964364442
28.0,47,B2,472.59735107421875,0.24856387078762054,3269.489964364442
28.0,52,E3,472.59735107421875,0.24856387078762054,3269.489964364442
28.0,40,E2,472.59735107421875,0.24856387078762054,3269.489964364442
28.0,47,B2,472.59735107421875,0.24856387078762054,3269.489964364442
28.0,52,E3,472.59735107421875,0.24856387078762054,3269.489964364442
28.25,40,E2,472.84954833984375,0.22503161430358887,3293.743930913228
28.25,40,E2,472.84954833984375,0.22503161430358887,3293.743930913228
28.25,40,E2,472.84954833984375,0.22503161430358887,3293.743930913228
28.25,52,E3,472.84954833984375,0.22503161430358887,3293.743930913228
28.25,52,E3,472.84954833984375,0.22503161430358887,3293.743930913228
28.25,47,B2,472.84954833984375,0.22503161430358887,3293.743930913228
28.25,40,E2,472.84954833984375,0.22503161430358887,3293.743930913228
28.25,40,E2,472.84954833984375,0.22503161430358887,3293.743930913228
28.25,47,B2,472.84954833984375,0.22503161430358887,3293.743930913228
28.25,52,E3,472.84954833984375,0.22503161430358887,3293.743930913228
28.25,40,E2,472.84954833984375,0.22503161430358887,3293.743930913228
28.25,47,B2,472.84954833984375,0.22503161430358887,3293.743930913228
28.25,52,E3,472.84954833984375,0.22503161430358887,3293.743930913228
28.5,35,B1,376.75372314453125,0.23046724498271942,3676.793459923041
28.5,35,B1,376.75372314453125,0.23046724498271942,3676.793459923041
28.5,35,B1,376.75372314453125,0.23046724498271942,3676.793459923041
28.5,52,E3,376.75372314453125,0.23046724498271942,3676.793459923041
28.5,40,E2,376.75372314453125,0.23046724498271942,3676.793459923041
28.5,52,E3,376.75372314453125,0.23046724498271942,3676.793459923041
28.5,47,B2,376.75372314453125,0.23046724498271942,3676.793459923041
28.5,40,E2,376.75372314453125,0.23046724498271942,3676.793459923041
28.5,40,E2,376.75372314453125,0.23046724498271942,3676.793459923041
28.5,47,B2,376.75372314453125,0.23046724498271942,3676.793459923041
28.5,52,E3,376.75372314453125,0.23046724498271942,3676.793459923041
28.5,52,E3,376.75372314453125,0.23046724498271942,3676.793459923041
28.5,47,B2,376.75372314453125,0.23046724498271942,3676.793459923041
28.5,40,E2,376.75372314453125,0.23046724498271942,3676.793459923041
28.75,38,D2,1150.7926025390625,0.24387335777282715,2314.2181735077424
28.75,38,D2,1150.7926025390625,0.24387335777282715,2314.2181735077424
28.75,38,D2,1150.7926025390625,0.24387335777282715,2314.2181735077424
28.75,52,E3,1150.7926025390625,0.24387335777282715,2314.2181735077424
28.75,52,E3,1150.7926025390625,0.24387335777282715,2314.2181735077424
28.75,47,B2,1150.7926025390625,0.24387335777282715,2314.2181735077424
28.75,40,E2,1150.7926025390625,0.24387335777282715,2314.2181735077424
28.75,40,E2,1150.7926025390625,0.24387335777282715,2314.2181735077424
28.75,47,B2,1150.7926025390625,0.24387335777282715,2314.2181735077424
28.75,52,E3,1150.7926025390625,0.24387335777282715,2314.2181735077424
28.75,40,E2,1150.7926025390625,0.24387335777282715,2314.2181735077424
28.75,47,B2,1150.7926025390625,0.24387335777282715,2314.2181735077424
28.75,52,E3,1150.7926025390625,0.24387335777282715,2314.2181735077424
29.0,28,E1,1162.7625732421875,0.25508010387420654,3283.2902274369358
29.0,28,E1,1162.7625732421875,0.25508010387420654,3283.2902274369358
29.0,28,E1,1162.7625732421875,0.25508010387420654,3283.2902274369358
29.0,52,E3,1162.7625732421875,0.25508010387420654,3283.2902274369358
29.0,35,B1,1162.7625732421875,0.25508010387420654,3283.2902274369358
29.0,40,E2,1162.7625732421875,0.25508010387420654,3283.2902274369358
29.0,40,E2,1162.7625732421875,0.25508010387420654,3283.2902274369358
29.0,47,B2,1162.7625732421875,0.25508010387420654,3283.2902274369358
29.0,47,B2,1162.7625732421875,0.25508010387420654,3283.2902274369358
29.0,52,E3,1162.7625732421875,0.25508010387420654,3283.2902274369358
29.0,52,E3,1162.7625732421875,0.25508010387420654,3283.2902274369358
29.0,52,E3,1162.7625732421875,0.25508010387420654,3283.2902274369358
29.0,47,B2,1162.7625732421875,0.25508010387420654,3283.2902274369358
29.0,40,E2,1162.7625732421875,0.25508010387420654,3283.2902274369358
29.25,28,E1,1170.925537109375,0.25081101059913635,1877.9083255177777
29.25,28,E1,1170.925537109375,0.25081101059913635,1877.9083255177777
29.25,28,E1,1170.925537109375,0.25081101059913635,1877.9083255177777
29.25,52,E3,1170.925537109375,0.25081101059913635,1877.9083255177777
29.25,35,B1,1170.925537109375,0.25081101059913635,1877.9083255177777
29.25,40,E2,1170.925537109375,0.25081101059913635,1877.9083255177777
29.25,40,E2,1170.925537109375,0.25081101059913635,1877.9083255177777
29.25,47,B2,1170.925537109375,0.25081101059913635,1877.9083255177777
29.25,47,B2,1170.925537109375,0.25081101059913635,1877.9083255177777
29.25,52,E3,1170.925537109375,0.25081101059913635,1877.9083255177777
29.25,52,E3,1170.925537109375,0.25081101059913635,1877.9083255177777
29.25,52,E3,1170.925537109375,0.25081101059913635,1877.9083255177777
29.25,47,B2,1170.925537109375,0.25081101059913635,1877.9083255177777
29.25,40,E2,1170.925537109375,0.25081101059913635,1877.9083255177777
29.5,35,B1,1163.3643798828125,0.1856253296136856,2675.7160975166325
29.5,35,B1,1163.3643798828125,0.1856253296136856,2675.7160975166325
29.5,35,B1,1163.3643798828125,0.1856253296136856,2675.7160975166325
29.5,52,E3,1163.3643798828125,0.1856253296136856,2675.7160975166325
29.5,40,E2,1163.3643798828125,0.1856253296136856,2675.7160975166325
29.5,40,E2,1163.3643798828125,0.1856253296136856,2675.7160975166325
29.5,40,E2,1163.3643798828125,0.1856253296136856,2675.7160975166325
29.5,47,B2,1163.3643798828125,0.1856253296136856,2675.7160975166325
29.5,47,B2,1163.3643798828125,0.1856253296136856,2675.7160975166325
29.5,52,E3,1163.3643798828125,0.1856253296136856,2675.7160975166325
29.5,52,E3,1163.3643798828125,0.1856253296136856,2675.7160975166325
29.5,52,E3,1163.3643798828125,0.1856253296136856,2675.7160975166325
29.5,47,B2,1163.3643798828125,0.1856253296136856,2675.7160975166325
29.5,40,E2,1163.3643798828125,0.1856253296136856,2675.7160975166325
29.75,38,D2,416.64520263671875,0.2502857446670532,1566.858839308924
29.75,38,D2,416.64520263671875,0.2502857446670532,1566.858839308924
29.75,38,D2,416.64520263671875,0.2502857446670532,1566.858839308924
29.75,52,E3,416.64520263671875,0.2502857446670532,1566.858839308924
29.75,40,E2,416.64520263671875,0.2502857446670532,1566.858839308924
29.75,40,E2,416.64520263671875,0.2502857446670532,1566.858839308924
29.75,47,B2,416.64520263671875,0.2502857446670532,1566.858839308924
29.75,47,B2,416.64520263671875,0.2502857446670532,1566.858839308924
29.75,52,E3,416.64520263671875,0.2502857446670532,1566.858839308924
29.75,52,E3,416.64520263671875,0.2502857446670532,1566.858839308924
29.75,52,E3,416.64520263671875,0.2502857446670532,1566.858839308924
29.75,47,B2,416.64520263671875,0.2502857446670532,1566.858839308924
29.75,40,E2,416.64520263671875,0.2502857446670532,1566.858839308924
30.0,28,E1,1171.8675537109375,0.266592800617218,2973.587898755216
30.0,28,E1,1171.8675537109375,0.266592800617218,2973.587898755216
30.0,28,E1,1171.8675537109375,0.266592800617218,2973.587898755216
30.0,52,E3,1171.8675537109375,0.266592800617218,2973.587898755216
30.0,35,B1,1171.8675537109375,0.266592800617218,2973.587898755216
30.0,47,B2,1171.8675537109375,0.266592800617218,2973.587898755216
30.0,52,E3,1171.8675537109375,0.266592800617218,2973.587898755216
30.0,40,E2,1171.8675537109375,0.266592800617218,2973.587898755216
30.0,40,E2,1171.8675537109375,0.266592800617218,2973.587898755216
30.0,47,B2,1171.8675537109375,0.266592800617218,2973.587898755216
30.0,52,E3,1171.8675537109375,0.266592800617218,2973.587898755216
30.0,40,E2,1171.8675537109375,0.266592800617218,2973.587898755216
30.0,47,B2,1171.8675537109375,0.266592800617218,2973.587898755216
30.0,52,E3,1171.8675537109375,0.266592800617218,2973.587898755216
30.25,40,E2,1173.66259765625,0.2011806219816208,1908.3673356310344
30.25,40,E2,1173.66259765625,0.2011806219816208,1908.3673356310344
30.25,40,E2,1173.66259765625,0.2011806219816208,1908.3673356310344
30.25,52,E3,1173.66259765625,0.2011806219816208,1908.3673356310344
30.25,52,E3,1173.66259765625,0.2011806219816208,1908.3673356310344
30.25,47,B2,1173.66259765625,0.2011806219816208,1908.3673356310344
30.25,40,E2,1173.66259765625,0.2011806219816208,1908.3673356310344
30.25,40,E2,1173.66259765625,0.2011806219816208,1908.3673356310344
30.25,47,B2,1173.66259765625,0.2011806219816208,1908.3673356310344
30.25,52,E3,1173.66259765625,0.2011806219816208,1908.3673356310344
30.25,40,E2,1173.66259765625,0.2011806219816208,1908.3673356310344
30.25,47,B2,1173.66259765625,0.2011806219816208,1908.3673356310344
30.25,52,E3,1173.66259765625,0.2011806219816208,1908.3673356310344
30.5,35,B1,742.3580322265625,0.24558722972869873,2069.8924658440383
30.5,35,B1,742.3580322265625,0.24558722972869873,2069.8924658440383
30.5,35,B1,742.3580322265625,0.24558722972869873,2069.8924658440383
30.5,52,E3,742.3580322265625,0.24558722972869873,2069.8924658440383
30.5,40,E2,742.3580322265625,0.24558722972869873,2069.8924658440383
30.5,52,E3,742.3580322265625,0.24558722972869873,2069.8924658440383
30.5,47,B2,742.3580322265625,0.24558722972869873,2069.8924658440383
30.5,40,E2,742.3580322265625,0.24558722972869873,2069.8924658440383
30.5,40,E2,742.3580322265625,0.24558722972869873,2069.8924658440383
30.5,47,B2,742.3580322265625,0.24558722972869873,2069.8924658440383
30.5,52,E3,742.3580322265625,0.24558722972869873,2069.8924658440383
30.5,52,E3,742.3580322265625,0.24558722972869873,2069.8924658440383
30.5,47,B2,742.3580322265625,0.24558722972869873,2069.8924658440383
30.5,40,E2,742.3580322265625,0.24558722972869873,2069.8924658440383
30.75,38,D2,1151.9564208984375,0.18229791522026062,1836.2747898381278
30.75,38,D2,1151.9564208984375,0.18229791522026062,1836.2747898381278
30.75,38,D2,1151.9564208984375,0.18229791522026062,1836.2747898381278
30.75,52,E3,1151.9564208984375,0.18229791522026062,1836.2747898381278
30.75,52,E3,1151.9564208984375,0.18229791522026062,1836.2747898381278
30.75,47,B2,1151.9564208984375,0.18229791522026062,1836.2747898381278
30.75,40,E2,1151.9564208984375,0.18229791522026062,1836.2747898381278
30.75,40,E2,1151.9564208984375,0.18229791522026062,1836.2747898381278
30.75,47,B2,1151.9564208984375,0.18229791522026062,1836.2747898381278
30.75,52,E3,1151.9564208984375,0.18229791522026062,1836.2747898381278
30.75,40,E2,1151.9564208984375,0.18229791522026062,1836.2747898381278
30.75,47,B2,1151.9564208984375,0.18229791522026062,1836.2747898381278
30.75,52,E3,1151.9564208984375,0.18229791522026062,1836.2747898381278
31.0,28,E1,376.7317810058594,0.2299693077802658,2985.394779966984
31.0,28,E1,376.7317810058594,0.2299693077802658,2985.394779966984
31.0,28,E1,376.7317810058594,0.2299693077802658,2985.394779966984
31.0,52,E3,376.7317810058594,0.2299693077802658,2985.394779966984
31.0,35,B1,376.7317810058594,0.2299693077802658,2985.394779966984
31.0,40,E2,376.7317810058594,0.2299693077802658,2985.394779966984
31.0,40,E2,376.7317810058594,0.2299693077802658,2985.394779966984
31.0,47,B2,376.7317810058594,0.2299693077802658,2985.394779966984
31.0,47,B2,376.7317810058594,0.2299693077802658,2985.394779966984
31.0,52,E3,376.7317810058594,0.2299693077802658,2985.394779966984
31.0,52,E3,376.7317810058594,0.2299693077802658,2985.394779966984
31.0,52,E3,376.7317810058594,0.2299693077802658,2985.394779966984
31.0,47,B2,376.7317810058594,0.2299693077802658,2985.394779966984
31.0,40,E2,376.7317810058594,0.2299693077802658,2985.394779966984
31.25,28,E1,1171.6376953125,0.20853625237941742,1608.5394301341976
31.25,28,E1,1171.6376953125,0.20853625237941742,1608.5394301341976
31.25,28,E1,1171.6376953125,0.20853625237941742,1608.5394301341976
31.25,52,E3,1171.6376953125,0.20853625237941742,1608.5394301341976
31.25,35,B1,1171.6376953125,0.20853625237941742,1608.5394301341976
31.25,40,E2,1171.6376953125,0.20853625237941742,1608.5394301341976
31.25,40,E2,1171.6376953125,0.20853625237941742,1608.5394301341976
31.25,47,B2,1171.6376953125,0.20853625237941742,1608.5394301341976
31.25,47,B2,1171.6376953125,0.20853625237941742,1608.5394301341976
31.25,52,E3,1171.6376953125,0.20853625237941742,1608.5394301341976
31.25,52,E3,1171.6376953125,0.20853625237941742,1608.5394301341976
31.25,52,E3,1171.6376953125,0.20853625237941742,1608.5394301341976
31.25,47,B2,1171.6376953125,0.20853625237941742,1608.5394301341976
31.25,40,E2,1171.6376953125,0.20853625237941742,1608.5394301341976
31.5,35,B1,1111.3399658203125,0.14255811274051666,2518.86973602993
31.5,35,B1,1111.3399658203125,0.14255811274051666,2518.86973602993
31.5,35,B1,1111.3399658203125,0.14255811274051666,2518.86973602993
31.5,52,E3,1111.3399658203125,0.14255811274051666,2518.86973602993
31.5,40,E2,1111.3399658203125,0.14255811274051666,2518.86973602993
31.5,40,E2,1111.3399658203125,0.14255811274051666,2518.86973602993
31.5,40,E2,1111.3399658203125,0.14255811274051666,2518.86973602993
31.5,47,B2,1111.3399658203125,0.14255811274051666,2518.86973602993
31.5,47,B2,1111.3399658203125,0.14255811274051666,2518.86973602993
31.5,52,E3,1111.3399658203125,0.14255811274051666,2518.86973602993
31.5,52,E3,1111.3399658203125,0.14255811274051666,2518.86973602993
31.5,52,E3,1111.3399658203125,0.14255811274051666,2518.86973602993
31.5,47,B2,1111.3399658203125,0.14255811274051666,2518.86973602993
31.5,40,E2,1111.3399658203125,0.14255811274051666,2518.86973602993
31.75,38,D2,741.2044677734375,0.1868509203195572,1419.3974156797112
31.75,38,D2,741.2044677734375,0.1868509203195572,1419.3974156797112
31.75,38,D2,741.2044677734375,0.1868509203195572,1419.3974156797112
31.75,52,E3,741.2044677734375,0.1868509203195572,1419.3974156797112
31.75,35,B1,741.2044677734375,0.1868509203195572,1419.3974156797112
31.75,40,E2,741.2044677734375,0.1868509203195572,1419.3974156797112
31.75,40,E2,741.2044677734375,0.1868509203195572,1419.3974156797112
31.75,47,B2,741.2044677734375,0.1868509203195572,1419.3974156797112
31.75,47,B2,741.2044677734375,0.1868509203195572,1419.3974156797112
31.75,52,E3,741.2044677734375,0.1868509203195572,1419.3974156797112
31.75,52,E3,741.2044677734375,0.1868509203195572,1419.3974156797112
31.75,52,E3,741.2044677734375,0.1868509203195572,1419.3974156797112
31.75,47,B2,741.2044677734375,0.1868509203195572,1419.3974156797112
31.75,40,E2,741.2044677734375,0.1868509203195572,1419.3974156797112
32.0,36,C2,1115.263427734375,0.224097341299057,2692.8718168346177
32.0,36,C2,1115.263427734375,0.224097341299057,2692.8718168346177
32.0,36,C2,1115.263427734375,0.224097341299057,2692.8718168346177
32.0,52,E3,1115.263427734375,0.224097341299057,2692.8718168346177
32.0,35,B1,1115.263427734375,0.224097341299057,2692.8718168346177
32.0,49,C#3,1115.263427734375,0.224097341299057,2692.8718168346177
32.0,48,C3,1115.263427734375,0.224097341299057,2692.8718168346177
32.0,48,C3,1115.263427734375,0.224097341299057,2692.8718168346177
32.0,52,E3,1115.263427734375,0.224097341299057,2692.8718168346177
32.0,52,E3,1115.263427734375,0.224097341299057,2692.8718168346177
32.0,55,G3,1115.263427734375,0.224097341299057,2692.8718168346177
32.0,55,G3,1115.263427734375,0.224097341299057,2692.8718168346177
32.0,48,C3,1115.263427734375,0.224097341299057,2692.8718168346177
32.0,52,E3,1115.263427734375,0.224097341299057,2692.8718168346177
32.0,55,G3,1115.263427734375,0.224097341299057,2692.8718168346177
32.0,36,C2,1115.263427734375,0.224097341299057,2692.8718168346177
32.0,40,E2,1115.263427734375,0.224097341299057,2692.8718168346177
32.0,43,G2,1115.263427734375,0.224097341299057,2692.8718168346177
32.0,48,C3,1115.263427734375,0.224097341299057,2692.8718168346177
32.0,52,E3,1115.263427734375,0.224097341299057,2692.8718168346177
32.0,48,C3,1115.263427734375,0.224097341299057,2692.8718168346177
32.0,55,G3,1115.263427734375,0.224097341299057,2692.8718168346177
32.125,48,C3,1027.82275390625,0.24640589952468872,2152.9492457030055
32.25,36,C2,1174.3021240234375,0.19499453902244568,1744.7626468373778
32.25,36,C2,1174.3021240234375,0.19499453902244568,1744.7626468373778
32.25,36,C2,1174.3021240234375,0.19499453902244568,1744.7626468373778
32.25,52,E3,1174.3021240234375,0.19499453902244568,1744.7626468373778
32.25,55,G3,1174.3021240234375,0.19499453902244568,1744.7626468373778
32.25,55,G3,1174.3021240234375,0.19499453902244568,1744.7626468373778
32.25,52,E3,1174.3021240234375,0.19499453902244568,1744.7626468373778
32.25,52,E3,1174.3021240234375,0.19499453902244568,1744.7626468373778
32.25,48,C3,1174.3021240234375,0.19499453902244568,1744.7626468373778
32.25,48,C3,1174.3021240234375,0.19499453902244568,1744.7626468373778
32.25,48,C3,1174.3021240234375,0.19499453902244568,1744.7626468373778
32.375,48,C3,577.435791015625,0.21723678708076477,2501.4631769555717
32.5,36,C2,1110.12353515625,0.22352762520313263,1699.1484507212203
32.5,36,C2,1110.12353515625,0.22352762520313263,1699.1484507212203
32.5,36,C2,1110.12353515625,0.22352762520313263,1699.1484507212203
32.5,52,E3,1110.12353515625,0.22352762520313263,1699.1484507212203
32.5,40,E2,1110.12353515625,0.22352762520313263,1699.1484507212203
32.5,55,G3,1110.12353515625,0.22352762520313263,1699.1484507212203
32.5,55,G3,1110.12353515625,0.22352762520313263,1699.1484507212203
32.5,52,E3,1110.12353515625,0.22352762520313263,1699.1484507212203
32.5,52,E3,1110.12353515625,0.22352762520313263,1699.1484507212203
32.5,48,C3,1110.12353515625,0.22352762520313263,1699.1484507212203
32.5,48,C3,1110.12353515625,0.22352762520313263,1699.1484507212203
32.5,48,C3,1110.12353515625,0.22352762520313263,1699.1484507212203
32.5,48,C3,1110.12353515625,0.22352762520313263,1699.1484507212203
32.5,52,E3,1110.12353515625,0.22352762520313263,1699.1484507212203
32.5,55,G3,1110.12353515625,0.22352762520313263,1699.1484507212203
32.625,48,C3,1114.2489013671875,0.26860347390174866,1959.0577213368447
32.75,36,C2,1155.0042724609375,0.27966809272766113,1876.4968898703664
32.75,36,C2,1155.0042724609375,0.27966809272766113,1876.4968898703664
32.75,36,C2,1155.0042724609375,0.27966809272766113,1876.4968898703664
32.75,52,E3,1155.0042724609375,0.27966809272766113,1876.4968898703664
32.75,55,G3,1155.0042724609375,0.27966809272766113,1876.4968898703664
32.75,55,G3,1155.0042724609375,0.27966809272766113,1876.4968898703664
32.75,52,E3,1155.0042724609375,0.27966809272766113,1876.4968898703664
32.75,52,E3,1155.0042724609375,0.27966809272766113,1876.4968898703664
32.75,48,C3,1155.0042724609375,0.27966809272766113,1876.4968898703664
32.75,48,C3,1155.0042724609375,0.27966809272766113,1876.4968898703664
32.75,48,C3,1155.0042724609375,0.27966809272766113,1876.4968898703664
32.875,48,C3,1152.214599609375,0.2510986030101776,3240.2752581942127
33.0,36,C2,1160.4744873046875,0.20376546680927277,2445.163758912454
33.0,36,C2,1160.4744873046875,0.20376546680927277,2445.163758912454
33.0,36,C2,1160.4744873046875,0.20376546680927277,2445.163758912454
33.0,52,E3,1160.4744873046875,0.20376546680927277,2445.163758912454
33.0,35,B1,1160.4744873046875,0.20376546680927277,2445.163758912454
33.0,48,C3,1160.4744873046875,0.20376546680927277,2445.163758912454
33.0,48,C3,1160.4744873046875,0.20376546680927277,2445.163758912454
33.0,52,E3,1160.4744873046875,0.20376546680927277,2445.163758912454
33.0,52,E3,1160.4744873046875,0.20376546680927277,2445.163758912454
33.0,55,G3,1160.4744873046875,0.20376546680927277,2445.163758912454
33.0,55,G3,1160.4744873046875,0.20376546680927277,2445.163758912454
33.0,48,C3,1160.4744873046875,0.20376546680927277,2445.163758912454
33.0,55,G3,1160.4744873046875,0.20376546680927277,2445.163758912454
33.0,52,E3,1160.4744873046875,0.20376546680927277,2445.163758912454
33.0,48,C3,1160.4744873046875,0.20376546680927277,2445.163758912454
33.125,48,C3,660.24169921875,0.22632840275764465,2128.630023263741
33.25,36,C2,330.2577819824219,0.32984355092048645,1960.7541105570956
33.25,36,C2,330.2577819824219,0.32984355092048645,1960.7541105570956
33.25,36,C2,330.2577819824219,0.32984355092048645,1960.7541105570956
33.25,52,E3,330.2577819824219,0.32984355092048645,1960.7541105570956
33.25,35,B1,330.2577819824219,0.32984355092048645,1960.7541105570956
33.25,48,C3,330.2577819824219,0.32984355092048645,1960.7541105570956
33.25,48,C3,330.2577819824219,0.32984355092048645,1960.7541105570956
33.25,52,E3,330.2577819824219,0.32984355092048645,1960.7541105570956
33.25,52,E3,330.2577819824219,0.32984355092048645,1960.7541105570956
33.25,55,G3,330.2577819824219,0.32984355092048645,1960.7541105570956
33.25,55,G3,330.2577819824219,0.32984355092048645,1960.7541105570956
33.25,48,C3,330.2577819824219,0.32984355092048645,1960.7541105570956
33.375,48,C3,1150.4404296875,0.2330021858215332,2359.5699786302844
33.5,36,C2,744.44873046875,0.20742391049861908,1845.2203755889013
33.5,36,C2,744.44873046875,0.20742391049861908,1845.2203755889013
33.5,36,C2,744.44873046875,0.20742391049861908,1845.2203755889013
33.5,52,E3,744.44873046875,0.20742391049861908,1845.2203755889013
33.5,40,E2,744.44873046875,0.20742391049861908,1845.2203755889013
33.5,55,G3,744.44873046875,0.20742391049861908,1845.2203755889013
33.5,55,G3,744.44873046875,0.20742391049861908,1845.2203755889013
33.5,52,E3,744.44873046875,0.20742391049861908,1845.2203755889013
33.5,52,E3,744.44873046875,0.20742391049861908,1845.2203755889013
33.5,48,C3,744.44873046875,0.20742391049861908,1845.2203755889013
33.5,48,C3,744.44873046875,0.20742391049861908,1845.2203755889013
33.5,48,C3,744.44873046875,0.20742391049861908,1845.2203755889013
33.5,48,C3,744.44873046875,0.20742391049861908,1845.2203755889013
33.5,52,E3,744.44873046875,0.20742391049861908,1845.2203755889013
33.5,55,G3,744.44873046875,0.20742391049861908,1845.2203755889013
33.625,48,C3,372.2510070800781,0.23441334068775177,1941.464246534781
33.75,36,C2,1115.5509033203125,0.29504454135894775,2291.94247510856
33.75,36,C2,1115.5509033203125,0.29504454135894775,2291.94247510856
33.75,36,C2,1115.5509033203125,0.29504454135894775,2291.94247510856
33.75,52,E3,1115.5509033203125,0.29504454135894775,2291.94247510856
33.75,55,G3,1115.5509033203125,0.29504454135894775,2291.94247510856
33.75,52,E3,1115.5509033203125,0.29504454135894775,2291.94247510856
33.75,52,E3,1115.5509033203125,0.29504454135894775,2291.94247510856
33.75,48,C3,1115.5509033203125,0.29504454135894775,2291.94247510856
33.75,48,C3,1115.5509033203125,0.29504454135894775,2291.94247510856
33.75,55,G3,1115.5509033203125,0.29504454135894775,2291.94247510856
33.75,48,C3,1115.5509033203125,0.29504454135894775,2291.94247510856
33.875,48,C3,860.9358520507812,0.24828045070171356,3166.1289677313334
34.0,38,D2,1006.769287109375,0.3140500783920288,2151.324956414339
34.0,38,D2,1006.769287109375,0.3140500783920288,2151.324956414339
34.0,38,D2,1006.769287109375,0.3140500783920288,2151.324956414339
34.0,52,E3,1006.769287109375,0.3140500783920288,2151.324956414339
34.0,35,B1,1006.769287109375,0.3140500783920288,2151.324956414339
34.0,57,A3,1006.769287109375,0.3140500783920288,2151.324956414339
34.0,57,A3,1006.769287109375,0.3140500783920288,2151.324956414339
34.0,57,A3,1006.769287109375,0.3140500783920288,2151.324956414339
34.0,54,F#3,1006.769287109375,0.3140500783920288,2151.324956414339
34.0,54,F#3,1006.769287109375,0.3140500783920288,2151.324956414339
34.0,50,D3,1006.769287109375,0.3140500783920288,2151.324956414339
34.0,50,D3,1006.769287109375,0.3140500783920288,2151.324956414339
34.0,57,A3,1006.769287109375,0.3140500783920288,2151.324956414339
34.0,54,F#3,1006.769287109375,0.3140500783920288,2151.324956414339
34.0,50,D3,1006.769287109375,0.3140500783920288,2151.324956414339
34.0,38,D2,1006.769287109375,0.3140500783920288,2151.324956414339
34.0,42,F#2,1006.769287109375,0.3140500783920288,2151.324956414339
34.0,45,A2,1006.769287109375,0.3140500783920288,2151.324956414339
34.0,38,D2,1006.769287109375,0.3140500783920288,2151.324956414339
34.0,50,D3,1006.769287109375,0.3140500783920288,2151.324956414339
34.0,54,F#3,1006.769287109375,0.3140500783920288,2151.324956414339
34.0,57,A3,1006.769287109375,0.3140500783920288,2151.324956414339
34.125,38,D2,1175.584228515625,0.2223450243473053,1890.349757222469
34.25,38,D2,1171.09423828125,0.3235708177089691,2054.889512786757
34.25,38,D2,1171.09423828125,0.3235708177089691,2054.889512786757
34.25,38,D2,1171.09423828125,0.3235708177089691,2054.889512786757
34.25,52,E3,1171.09423828125,0.3235708177089691,2054.889512786757
34.25,57,A3,1171.09423828125,0.3235708177089691,2054.889512786757
34.25,57,A3,1171.09423828125,0.3235708177089691,2054.889512786757
34.25,54,F#3,1171.09423828125,0.3235708177089691,2054.889512786757
34.25,54,F#3,1171.09423828125,0.3235708177089691,2054.889512786757
34.25,50,D3,1171.09423828125,0.3235708177089691,2054.889512786757
34.25,50,D3,1171.09423828125,0.3235708177089691,2054.889512786757
34.25,38,D2,1171.09423828125,0.3235708177089691,2054.889512786757
34.375,38,D2,370.7391357421875,0.22857819497585297,2272.6848832370124
34.5,38,D2,987.8738403320312,0.22896257042884827,2117.7808154568297
34.5,38,D2,987.8738403320312,0.22896257042884827,2117.7808154568297
34.5,38,D2,987.8738403320312,0.22896257042884827,2117.7808154568297
34.5,52,E3,987.8738403320312,0.22896257042884827,2117.7808154568297
34.5,40,E2,987.8738403320312,0.22896257042884827,2117.7808154568297
34.5,57,A3,987.8738403320312,0.22896257042884827,2117.7808154568297
34.5,57,A3,987.8738403320312,0.22896257042884827,2117.7808154568297
34.5,54,F#3,987.8738403320312,0.22896257042884827,2117.7808154568297
34.5,54,F#3,987.8738403320312,0.22896257042884827,2117.7808154568297
34.5,50,D3,987.8738403320312,0.22896257042884827,2117.7808154568297
34.5,50,D3,987.8738403320312,0.22896257042884827,2117.7808154568297
34.5,38,D2,987.8738403320312,0.22896257042884827,2117.7808154568297
34.5,50,D3,987.8738403320312,0.22896257042884827,2117.7808154568297
34.5,54,F#3,987.8738403320312,0.22896257042884827,2117.7808154568297
34.5,57,A3,987.8738403320312,0.22896257042884827,2117.7808154568297
34.625,38,D2,1157.5869140625,0.21724461019039154,1750.5347205148125
34.75,38,D2,476.9622497558594,0.3417515456676483,2899.3357469192547
34.75,38,D2,476.9622497558594,0.3417515456676483,2899.3357469192547
34.75,38,D2,476.9622497558594,0.3417515456676483,2899.3357469192547
34.75,52,E3,476.9622497558594,0.3417515456676483,2899.3357469192547
34.75,57,A3,476.9622497558594,0.3417515456676483,2899.3357469192547
34.75,57,A3,476.9622497558594,0.3417515456676483,2899.3357469192547
34.75,54,F#3,476.9622497558594,0.3417515456676483,2899.3357469192547
34.75,54,F#3,476.9622497558594,0.3417515456676483,2899.3357469192547
34.75,50,D3,476.9622497558594,0.3417515456676483,2899.3357469192547
34.75,50,D3,476.9622497558594,0.3417515456676483,2899.3357469192547
34.75,38,D2,476.9622497558594,0.3417515456676483,2899.3357469192547
34.875,38,D2,745.7716064453125,0.24444523453712463,3238.6617736382163
35.0,38,D2,1167.7813720703125,0.24728845059871674,2231.015588452816
35.0,38,D2,1167.7813720703125,0.24728845059871674,2231.015588452816
35.0,38,D2,1167.7813720703125,0.24728845059871674,2231.015588452816
35.0,52,E3,1167.7813720703125,0.24728845059871674,2231.015588452816
35.0,35,B1,1167.7813720703125,0.24728845059871674,2231.015588452816
35.0,57,A3,1167.7813720703125,0.24728845059871674,2231.015588452816
35.0,57,A3,1167.7813720703125,0.24728845059871674,2231.015588452816
35.0,54,F#3,1167.7813720703125,0.24728845059871674,2231.015588452816
35.0,54,F#3,1167.7813720703125,0.24728845059871674,2231.015588452816
35.0,50,D3,1167.7813720703125,0.24728845059871674,2231.015588452816
35.0,50,D3,1167.7813720703125,0.24728845059871674,2231.015588452816
35.0,38,D2,1167.7813720703125,0.24728845059871674,2231.015588452816
35.0,57,A3,1167.7813720703125,0.24728845059871674,2231.015588452816
35.0,54,F#3,1167.7813720703125,0.24728845059871674,2231.015588452816
35.0,50,D3,1167.7813720703125,0.24728845059871674,2231.015588452816
35.125,38,D2,1176.7989501953125,0.23094670474529266,2013.484852192341
35.25,38,D2,409.6500244140625,0.3681471347808838,2372.454840238498
35.25,38,D2,409.6500244140625,0.3681471347808838,2372.454840238498
35.25,38,D2,409.6500244140625,0.3681471347808838,2372.454840238498
35.25,52,E3,409.6500244140625,0.3681471347808838,2372.454840238498
35.25,35,B1,409.6500244140625,0.3681471347808838,2372.454840238498
35.25,57,A3,409.6500244140625,0.3681471347808838,2372.454840238498
35.25,57,A3,409.6500244140625,0.3681471347808838,2372.454840238498
35.25,54,F#3,409.6500244140625,0.3681471347808838,2372.454840238498
35.25,54,F#3,409.6500244140625,0.3681471347808838,2372.454840238498
35.25,50,D3,409.6500244140625,0.3681471347808838,2372.454840238498
35.25,50,D3,409.6500244140625,0.3681471347808838,2372.454840238498
35.25,38,D2,409.6500244140625,0.3681471347808838,2372.454840238498
35.375,38,D2,1150.9798583984375,0.17010700702667236,2300.076277607908
35.5,38,D2,374.4064025878906,0.2936864197254181,1912.9840133271646
35.5,38,D2,374.4064025878906,0.2936864197254181,1912.9840133271646
35.5,38,D2,374.4064025878906,0.2936864197254181,1912.9840133271646
35.5,52,E3,374.4064025878906,0.2936864197254181,1912.9840133271646
35.5,40,E2,374.4064025878906,0.2936864197254181,1912.9840133271646
35.5,57,A3,374.4064025878906,0.2936864197254181,1912.9840133271646
35.5,57,A3,374.4064025878906,0.2936864197254181,1912.9840133271646
35.5,54,F#3,374.4064025878906,0.2936864197254181,1912.9840133271646
35.5,54,F#3,374.4064025878906,0.2936864197254181,1912.9840133271646
35.5,50,D3,374.4064025878906,0.2936864197254181,1912.9840133271646
35.5,50,D3,374.4064025878906,0.2936864197254181,1912.9840133271646
35.5,38,D2,374.4064025878906,0.2936864197254181,1912.9840133271646
35.5,50,D3,374.4064025878906,0.2936864197254181,1912.9840133271646
35.5,54,F#3,374.4064025878906,0.2936864197254181,1912.9840133271646
35.5,57,A3,374.4064025878906,0.2936864197254181,1912.9840133271646
35.625,38,D2,743.896240234375,0.2120685875415802,1247.560207709436
35.75,38,D2,1110.46435546875,0.32462236285209656,3062.450256572864
35.75,38,D2,1110.46435546875,0.32462236285209656,3062.450256572864
35.75,38,D2,1110.46435546875,0.32462236285209656,3062.450256572864
35.75,52,E3,1110.46435546875,0.32462236285209656,3062.450256572864
35.75,35,B1,1110.46435546875,0.32462236285209656,3062.450256572864
35.75,57,A3,1110.46435546875,0.32462236285209656,3062.450256572864
35.75,57,A3,1110.46435546875,0.32462236285209656,3062.450256572864
35.75,54,F#3,1110.46435546875,0.32462236285209656,3062.450256572864
35.75,54,F#3,1110.46435546875,0.32462236285209656,3062.450256572864
35.75,50,D3,1110.46435546875,0.32462236285209656,3062.450256572864
35.75,50,D3,1110.46435546875,0.32462236285209656,3062.450256572864
35.75,38,D2,1110.46435546875,0.32462236285209656,3062.450256572864
35.875,38,D2,989.1013793945312,0.22684098780155182,2852.1348467521784
36.0,28,E1,1023.64501953125,0.23531362414360046,2285.4226443398597
36.0,28,E1,1023.64501953125,0.23531362414360046,2285.4226443398597
36.0,28,E1,1023.64501953125,0.23531362414360046,2285.4226443398597
36.0,28,E1,1023.64501953125,0.23531362414360046,2285.4226443398597
36.0,52,E3,1023.64501953125,0.23531362414360046,2285.4226443398597
36.0,35,B1,1023.64501953125,0.23531362414360046,2285.4226443398597
36.0,49,C#3,1023.64501953125,0.23531362414360046,2285.4226443398597
36.0,40,E2,1023.64501953125,0.23531362414360046,2285.4226443398597
36.0,40,E2,1023.64501953125,0.23531362414360046,2285.4226443398597
36.0,52,E3,1023.64501953125,0.23531362414360046,2285.4226443398597
36.0,55,G3,1023.64501953125,0.23531362414360046,2285.4226443398597
36.0,59,B3,1023.64501953125,0.23531362414360046,2285.4226443398597
36.0,40,E2,1023.64501953125,0.23531362414360046,2285.4226443398597
36.0,43,G2,1023.64501953125,0.23531362414360046,2285.4226443398597
36.0,47,B2,1023.64501953125,0.23531362414360046,2285.4226443398597
36.0,52,E3,1023.64501953125,0.23531362414360046,2285.4226443398597
36.0,55,G3,1023.64501953125,0.23531362414360046,2285.4226443398597
36.0,59,B3,1023.64501953125,0.23531362414360046,2285.4226443398597
36.125,52,E3,439.1385498046875,0.22326458990573883,1779.3164785742867
36.125,55,G3,439.1385498046875,0.22326458990573883,1779.3164785742867
36.125,59,B3,439.1385498046875,0.22326458990573883,1779.3164785742867
36.25,40,E2,792.7696533203125,0.27588140964508057,3076.4374703495173
36.25,40,E2,792.7696533203125,0.27588140964508057,3076.4374703495173
36.25,40,E2,792.7696533203125,0.27588140964508057,3076.4374703495173
36.25,40,E2,792.7696533203125,0.27588140964508057,3076.4374703495173
36.25,52,E3,792.7696533203125,0.27588140964508057,3076.4374703495173
36.25,52,E3,792.7696533203125,0.27588140964508057,3076.4374703495173
36.25,52,E3,792.7696533203125,0.27588140964508057,3076.4374703495173
36.25,52,E3,792.7696533203125,0.27588140964508057,3076.4374703495173
36.25,52,E3,792.7696533203125,0.27588140964508057,3076.4374703495173
36.25,55,G3,792.7696533203125,0.27588140964508057,3076.4374703495173
36.25,59,B3,792.7696533203125,0.27588140964508057,3076.4374703495173
36.375,52,E3,743.8143920898438,0.2357930839061737,3060.8229455405763
36.375,55,G3,743.8143920898438,0.2357930839061737,3060.8229455405763
36.375,59,B3,743.8143920898438,0.2357930839061737,3060.8229455405763
36.5,35,B1,1196.9769287109375,0.2525055408477783,2386.8040283917335
36.5,35,B1,1196.9769287109375,0.2525055408477783,2386.8040283917335
36.5,35,B1,1196.9769287109375,0.2525055408477783,2386.8040283917335
36.5,35,B1,1196.9769287109375,0.2525055408477783,2386.8040283917335
36.5,52,E3,1196.9769287109375,0.2525055408477783,2386.8040283917335
36.5,40,E2,1196.9769287109375,0.2525055408477783,2386.8040283917335
36.5,47,B2,1196.9769287109375,0.2525055408477783,2386.8040283917335
36.5,47,B2,1196.9769287109375,0.2525055408477783,2386.8040283917335
36.5,52,E3,1196.9769287109375,0.2525055408477783,2386.8040283917335
36.5,55,G3,1196.9769287109375,0.2525055408477783,2386.8040283917335
36.5,59,B3,1196.9769287109375,0.2525055408477783,2386.8040283917335
36.625,52,E3,1068.7611083984375,0.19351845979690552,2264.9804720143156
36.625,55,G3,1068.7611083984375,0.19351845979690552,2264.9804720143156
36.625,59,B3,1068.7611083984375,0.19351845979690552,2264.9804720143156
36.75,38,D2,1056.72705078125,0.2729814648628235,3411.3843828595263
36.75,38,D2,1056.72705078125,0.2729814648628235,3411.3843828595263
36.75,38,D2,1056.72705078125,0.2729814648628235,3411.3843828595263
36.75,38,D2,1056.72705078125,0.2729814648628235,3411.3843828595263
36.75,52,E3,1056.72705078125,0.2729814648628235,3411.3843828595263
36.75,50,D3,1056.72705078125,0.2729814648628235,3411.3843828595263
36.75,50,D3,1056.72705078125,0.2729814648628235,3411.3843828595263
36.75,52,E3,1056.72705078125,0.2729814648628235,3411.3843828595263
36.75,55,G3,1056.72705078125,0.2729814648628235,3411.3843828595263
36.75,59,B3,1056.72705078125,0.2729814648628235,3411.3843828595263
36.875,52,E3,667.7503051757812,0.22631587088108063,2678.2073546313595
36.875,55,G3,667.7503051757812,0.22631587088108063,2678.2073546313595
36.875,59,B3,667.7503051757812,0.22631587088108063,2678.2073546313595
37.0,28,E1,1182.3271484375,0.24972784519195557,2160.10185156597
37.0,28,E1,1182.3271484375,0.24972784519195557,2160.10185156597
37.0,28,E1,1182.3271484375,0.24972784519195557,2160.10185156597
37.0,28,E1,1182.3271484375,0.24972784519195557,2160.10185156597
37.0,52,E3,1182.3271484375,0.24972784519195557,2160.10185156597
37.0,35,B1,1182.3271484375,0.24972784519195557,2160.10185156597
37.0,40,E2,1182.3271484375,0.24972784519195557,2160.10185156597
37.0,40,E2,1182.3271484375,0.24972784519195557,2160.10185156597
37.0,52,E3,1182.3271484375,0.24972784519195557,2160.10185156597
37.0,55,G3,1182.3271484375,0.24972784519195557,2160.10185156597
37.0,59,B3,1182.3271484375,0.24972784519195557,2160.10185156597
37.125,52,E3,1172.513671875,0.23964819312095642,1787.9352421779508
37.125,55,G3,1172.513671875,0.23964819312095642,1787.9352421779508
37.125,59,B3,1172.513671875,0.23964819312095642,1787.9352421779508
37.25,28,E1,1165.28515625,0.25255998969078064,2257.3109405932823
37.25,28,E1,1165.28515625,0.25255998969078064,2257.3109405932823
37.25,28,E1,1165.28515625,0.25255998969078064,2257.3109405932823
37.25,28,E1,1165.28515625,0.25255998969078064,2257.3109405932823
37.25,52,E3,1165.28515625,0.25255998969078064,2257.3109405932823
37.25,35,B1,1165.28515625,0.25255998969078064,2257.3109405932823
37.25,40,E2,1165.28515625,0.25255998969078064,2257.3109405932823
37.25,40,E2,1165.28515625,0.25255998969078064,2257.3109405932823
37.25,52,E3,1165.28515625,0.25255998969078064,2257.3109405932823
37.25,55,G3,1165.28515625,0.25255998969078064,2257.3109405932823
37.25,59,B3,1165.28515625,0.25255998969078064,2257.3109405932823
37.375,52,E3,1164.1214599609375,0.19681338965892792,2396.029413046538
37.375,55,G3,1164.1214599609375,0.19681338965892792,2396.029413046538
37.375,59,B3,1164.1214599609375,0.19681338965892792,2396.029413046538
37.5,35,B1,950.1515502929688,0.24985334277153015,2049.4714122142923
37.5,35,B1,950.1515502929688,0.24985334277153015,2049.4714122142923
37.5,35,B1,950.1515502929688,0.24985334277153015,2049.4714122142923
37.5,35,B1,950.1515502929688,0.24985334277153015,2049.4714122142923
37.5,52,E3,950.1515502929688,0.24985334277153015,2049.4714122142923
37.5,40,E2,950.1515502929688,0.24985334277153015,2049.4714122142923
37.5,47,B2,950.1515502929688,0.24985334277153015,2049.4714122142923
37.5,47,B2,950.1515502929688,0.24985334277153015,2049.4714122142923
37.5,52,E3,950.1515502929688,0.24985334277153015,2049.4714122142923
37.5,55,G3,950.1515502929688,0.24985334277153015,2049.4714122142923
37.5,59,B3,950.1515502929688,0.24985334277153015,2049.4714122142923
37.625,52,E3,1185.6671142578125,0.27279940247535706,1794.9339621882737
37.625,55,G3,1185.6671142578125,0.27279940247535706,1794.9339621882737
37.625,59,B3,1185.6671142578125,0.27279940247535706,1794.9339621882737
37.75,38,D2,1110.195068359375,0.2819822430610657,2947.926408852613
37.75,38,D2,1110.195068359375,0.2819822430610657,2947.926408852613
37.75,38,D2,1110.195068359375,0.2819822430610657,2947.926408852613
37.75,38,D2,1110.195068359375,0.2819822430610657,2947.926408852613
37.75,52,E3,1110.195068359375,0.2819822430610657,2947.926408852613
37.75,35,B1,1110.195068359375,0.2819822430610657,2947.926408852613
37.75,50,D3,1110.195068359375,0.2819822430610657,2947.926408852613
37.75,50,D3,1110.195068359375,0.2819822430610657,2947.926408852613
37.75,52,E3,1110.195068359375,0.2819822430610657,2947.926408852613
37.75,55,G3,1110.195068359375,0.2819822430610657,2947.926408852613
37.75,59,B3,1110.195068359375,0.2819822430610657,2947.926408852613
37.875,52,E3,795.6907348632812,0.25543347001075745,2354.3476764950437
37.875,55,G3,795.6907348632812,0.25543347001075745,2354.3476764950437
37.875,59,B3,795.6907348632812,0.25543347001075745,2354.3476764950437
38.0,28,E1,1173.3485107421875,0.24534212052822113,1940.3388105920405
38.0,28,E1,1173.3485107421875,0.24534212052822113,1940.3388105920405
38.0,28,E1,1173.3485107421875,0.24534212052822113,1940.3388105920405
38.0,28,E1,1173.3485107421875,0.24534212052822113,1940.3388105920405
38.0,52,E3,1173.3485107421875,0.24534212052822113,1940.3388105920405
38.0,35,B1,1173.3485107421875,0.24534212052822113,1940.3388105920405
38.0,40,E2,1173.3485107421875,0.24534212052822113,1940.3388105920405
38.0,40,E2,1173.3485107421875,0.24534212052822113,1940.3388105920405
38.0,52,E3,1173.3485107421875,0.24534212052822113,1940.3388105920405
38.0,55,G3,1173.3485107421875,0.24534212052822113,1940.3388105920405
38.0,59,B3,1173.3485107421875,0.24534212052822113,1940.3388105920405
38.0,40,E2,1173.3485107421875,0.24534212052822113,1940.3388105920405
38.0,43,G2,1173.3485107421875,0.24534212052822113,1940.3388105920405
38.0,47,B2,1173.3485107421875,0.24534212052822113,1940.3388105920405
38.0,52,E3,1173.3485107421875,0.24534212052822113,1940.3388105920405
38.0,55,G3,1173.3485107421875,0.24534212052822113,1940.3388105920405
38.0,59,B3,1173.3485107421875,0.24534212052822113,1940.3388105920405
38.125,52,E3,1173.7484130859375,0.29667016863822937,2132.198332682925
38.125,55,G3,1173.7484130859375,0.29667016863822937,2132.198332682925
38.125,59,B3,1173.7484130859375,0.29667016863822937,2132.198332682925
38.25,40,E2,878.7913208007812,0.24268771708011627,2544.818268236211
38.25,40,E2,878.7913208007812,0.24268771708011627,2544.818268236211
38.25,40,E2,878.7913208007812,0.24268771708011627,2544.818268236211
38.25,40,E2,878.7913208007812,0.24268771708011627,2544.818268236211
38.25,52,E3,878.7913208007812,0.24268771708011627,2544.818268236211
38.25,52,E3,878.7913208007812,0.24268771708011627,2544.818268236211
38.25,52,E3,878.7913208007812,0.24268771708011627,2544.818268236211
38.25,52,E3,878.7913208007812,0.24268771708011627,2544.818268236211
38.25,52,E3,878.7913208007812,0.24268771708011627,2544.818268236211
38.25,55,G3,878.7913208007812,0.24268771708011627,2544.818268236211
38.25,59,B3,878.7913208007812,0.24268771708011627,2544.818268236211
38.375,52,E3,1033.9771728515625,0.21915414929389954,2214.457527031562
38.375,55,G3,1033.9771728515625,0.21915414929389954,2214.457527031562
38.375,59,B3,1033.9771728515625,0.21915414929389954,2214.457527031562
38.5,35,B1,997.1052856445312,0.2556103467941284,1954.2868742076032
38.5,35,B1,997.1052856445312,0.2556103467941284,1954.2868742076032
38.5,35,B1,997.1052856445312,0.2556103467941284,1954.2868742076032
38.5,35,B1,997.1052856445312,0.2556103467941284,1954.2868742076032
38.5,52,E3,997.1052856445312,0.2556103467941284,1954.2868742076032
38.5,40,E2,997.1052856445312,0.2556103467941284,1954.2868742076032
38.5,47,B2,997.1052856445312,0.2556103467941284,1954.2868742076032
38.5,47,B2,997.1052856445312,0.2556103467941284,1954.2868742076032
38.5,52,E3,997.1052856445312,0.2556103467941284,1954.2868742076032
38.5,55,G3,997.1052856445312,0.2556103467941284,1954.2868742076032
38.5,59,B3,997.1052856445312,0.2556103467941284,1954.2868742076032
38.625,52,E3,1189.420654296875,0.29078930616378784,2598.984326530396
38.625,55,G3,1189.420654296875,0.29078930616378784,2598.984326530396
38.625,59,B3,1189.420654296875,0.29078930616378784,2598.984326530396
38.75,38,D2,1191.6085205078125,0.25319311022758484,3204.7375706558605
38.75,38,D2,1191.6085205078125,0.25319311022758484,3204.7375706558605
38.75,38,D2,1191.6085205078125,0.25319311022758484,3204.7375706558605
38.75,38,D2,1191.6085205078125,0.25319311022758484,3204.7375706558605
38.75,52,E3,1191.6085205078125,0.25319311022758484,3204.7375706558605
38.75,50,D3,1191.6085205078125,0.25319311022758484,3204.7375706558605
38.75,50,D3,1191.6085205078125,0.25319311022758484,3204.7375706558605
38.75,52,E3,1191.6085205078125,0.25319311022758484,3204.7375706558605
38.75,55,G3,1191.6085205078125,0.25319311022758484,3204.7375706558605
38.75,59,B3,1191.6085205078125,0.25319311022758484,3204.7375706558605
38.875,52,E3,1197.6461181640625,0.22465534508228302,2409.2775226057893
38.875,55,G3,1197.6461181640625,0.22465534508228302,2409.2775226057893
38.875,59,B3,1197.6461181640625,0.22465534508228302,2409.2775226057893
39.0,28,E1,1176.5718994140625,0.2689443826675415,2015.231966135345
39.0,28,E1,1176.5718994140625,0.2689443826675415,2015.231966135345
39.0,28,E1,1176.5718994140625,0.2689443826675415,2015.231966135345
39.0,28,E1,1176.5718994140625,0.2689443826675415,2015.231966135345
39.0,52,E3,1176.5718994140625,0.2689443826675415,2015.231966135345
39.0,35,B1,1176.5718994140625,0.2689443826675415,2015.231966135345
39.0,40,E2,1176.5718994140625,0.2689443826675415,2015.231966135345
39.0,40,E2,1176.5718994140625,0.2689443826675415,2015.231966135345
39.0,52,E3,1176.5718994140625,0.2689443826675415,2015.231966135345
39.0,55,G3,1176.5718994140625,0.2689443826675415,2015.231966135345
39.0,59,B3,1176.5718994140625,0.2689443826675415,2015.231966135345
39.125,52,E3,874.1948852539062,0.30029499530792236,2359.7829750759997
39.125,55,G3,874.1948852539062,0.30029499530792236,2359.7829750759997
39.125,59,B3,874.1948852539062,0.30029499530792236,2359.7829750759997
39.25,28,E1,1162.1639404296875,0.2246081829071045,2179.6470579140596
39.25,28,E1,1162.1639404296875,0.2246081829071045,2179.6470579140596
39.25,28,E1,1162.1639404296875,0.2246081829071045,2179.6470579140596
39.25,28,E1,1162.1639404296875,0.2246081829071045,2179.6470579140596
39.25,52,E3,1162.1639404296875,0.2246081829071045,2179.6470579140596
39.25,35,B1,1162.1639404296875,0.2246081829071045,2179.6470579140596
39.25,40,E2,1162.1639404296875,0.2246081829071045,2179.6470579140596
39.25,40,E2,1162.1639404296875,0.2246081829071045,2179.6470579140596
39.25,52,E3,1162.1639404296875,0.2246081829071045,2179.6470579140596
39.25,55,G3,1162.1639404296875,0.2246081829071045,2179.6470579140596
39.25,59,B3,1162.1639404296875,0.2246081829071045,2179.6470579140596
39.375,52,E3,884.873046875,0.25688400864601135,1919.1423026270804
39.375,55,G3,884.873046875,0.25688400864601135,1919.1423026270804
39.375,59,B3,884.873046875,0.25688400864601135,1919.1423026270804
39.5,35,B1,884.6979370117188,0.24826259911060333,1740.1017094529013
39.5,35,B1,884.6979370117188,0.24826259911060333,1740.1017094529013
39.5,35,B1,884.6979370117188,0.24826259911060333,1740.1017094529013
39.5,35,B1,884.6979370117188,0.24826259911060333,1740.1017094529013
39.5,52,E3,884.6979370117188,0.24826259911060333,1740.1017094529013
39.5,40,E2,884.6979370117188,0.24826259911060333,1740.1017094529013
39.5,47,B2,884.6979370117188,0.24826259911060333,1740.1017094529013
39.5,47,B2,884.6979370117188,0.24826259911060333,1740.1017094529013
39.5,52,E3,884.6979370117188,0.24826259911060333,1740.1017094529013
39.5,55,G3,884.6979370117188,0.24826259911060333,1740.1017094529013
39.5,59,B3,884.6979370117188,0.24826259911060333,1740.1017094529013
39.625,52,E3,1181.9910888671875,0.31490176916122437,2697.312575635465
39.625,55,G3,1181.9910888671875,0.31490176916122437,2697.312575635465
39.625,59,B3,1181.9910888671875,0.31490176916122437,2697.312575635465
39.75,38,D2,1109.6915283203125,0.25309890508651733,3042.7087218667266
39.75,38,D2,1109.6915283203125,0.25309890508651733,3042.7087218667266
39.75,38,D2,1109.6915283203125,0.25309890508651733,3042.7087218667266
39.75,38,D2,1109.6915283203125,0.25309890508651733,3042.7087218667266
39.75,52,E3,1109.6915283203125,0.25309890508651733,3042.7087218667266
39.75,50,D3,1109.6915283203125,0.25309890508651733,3042.7087218667266
39.75,50,D3,1109.6915283203125,0.25309890508651733,3042.7087218667266
39.75,52,E3,1109.6915283203125,0.25309890508651733,3042.7087218667266
39.75,55,G3,1109.6915283203125,0.25309890508651733,3042.7087218667266
39.75,59,B3,1109.6915283203125,0.25309890508651733,3042.7087218667266
39.875,52,E3,1175.90380859375,0.23051440715789795,2407.916113221828
39.875,55,G3,1175.90380859375,0.23051440715789795,2407.916113221828
39.875,59,B3,1175.90380859375,0.23051440715789795,2407.916113221828
40.0,28,E1,1173.1485595703125,0.22533155977725983,2083.3676983291834
40.0,28,E1,1173.1485595703125,0.22533155977725983,2083.3676983291834
40.0,28,E1,1173.1485595703125,0.22533155977725983,2083.3676983291834
40.0,52,E3,1173.1485595703125,0.22533155977725983,2083.3676983291834
40.0,35,B1,1173.1485595703125,0.22533155977725983,2083.3676983291834
40.0,49,C#3,1173.1485595703125,0.22533155977725983,2083.3676983291834
40.0,47,B2,1173.1485595703125,0.22533155977725983,2083.3676983291834
40.0,52,E3,1173.1485595703125,0.22533155977725983,2083.3676983291834
40.0,40,E2,1173.1485595703125,0.22533155977725983,2083.3676983291834
40.0,40,E2,1173.1485595703125,0.22533155977725983,2083.3676983291834
40.0,47,B2,1173.1485595703125,0.22533155977725983,2083.3676983291834
40.0,52,E3,1173.1485595703125,0.22533155977725983,2083.3676983291834
40.0,40,E2,1173.1485595703125,0.22533155977725983,2083.3676983291834
40.0,47,B2,1173.1485595703125,0.22533155977725983,2083.3676983291834
40.0,52,E3,1173.1485595703125,0.22533155977725983,2083.3676983291834
40.25,40,E2,1183.13134765625,0.25814712047576904,2977.210446435619
40.25,40,E2,1183.13134765625,0.25814712047576904,2977.210446435619
40.25,40,E2,1183.13134765625,0.25814712047576904,2977.210446435619
40.25,52,E3,1183.13134765625,0.25814712047576904,2977.210446435619
40.25,52,E3,1183.13134765625,0.25814712047576904,2977.210446435619
40.25,47,B2,1183.13134765625,0.25814712047576904,2977.210446435619
40.25,40,E2,1183.13134765625,0.25814712047576904,2977.210446435619
40.25,40,E2,1183.13134765625,0.25814712047576904,2977.210446435619
40.25,47,B2,1183.13134765625,0.25814712047576904,2977.210446435619
40.25,52,E3,1183.13134765625,0.25814712047576904,2977.210446435619
40.25,40,E2,1183.13134765625,0.25814712047576904,2977.210446435619
40.25,47,B2,1183.13134765625,0.25814712047576904,2977.210446435619
40.25,52,E3,1183.13134765625,0.25814712047576904,2977.210446435619
40.5,35,B1,1151.9493408203125,0.21269828081130981,2272.029547159921
40.5,35,B1,1151.9493408203125,0.21269828081130981,2272.029547159921
40.5,35,B1,1151.9493408203125,0.21269828081130981,2272.029547159921
40.5,52,E3,1151.9493408203125,0.21269828081130981,2272.029547159921
40.5,40,E2,1151.9493408203125,0.21269828081130981,2272.029547159921
40.5,52,E3,1151.9493408203125,0.21269828081130981,2272.029547159921
40.5,47,B2,1151.9493408203125,0.21269828081130981,2272.029547159921
40.5,40,E2,1151.9493408203125,0.21269828081130981,2272.029547159921
40.5,40,E2,1151.9493408203125,0.21269828081130981,2272.029547159921
40.5,47,B2,1151.9493408203125,0.21269828081130981,2272.029547159921
40.5,52,E3,1151.9493408203125,0.21269828081130981,2272.029547159921
40.5,52,E3,1151.9493408203125,0.21269828081130981,2272.029547159921
40.5,47,B2,1151.9493408203125,0.21269828081130981,2272.029547159921
40.5,40,E2,1151.9493408203125,0.21269828081130981,2272.029547159921
40.75,38,D2,991.3460693359375,0.23777975142002106,2882.4733741608843
40.75,38,D2,991.3460693359375,0.23777975142002106,2882.4733741608843
40.75,38,D2,991.3460693359375,0.23777975142002106,2882.4733741608843
40.75,52,E3,991.3460693359375,0.23777975142002106,2882.4733741608843
40.75,52,E3,991.3460693359375,0.23777975142002106,2882.4733741608843
40.75,47,B2,991.3460693359375,0.23777975142002106,2882.4733741608843
40.75,40,E2,991.3460693359375,0.23777975142002106,2882.4733741608843
40.75,40,E2,991.3460693359375,0.23777975142002106,2882.4733741608843
40.75,47,B2,991.3460693359375,0.23777975142002106,2882.4733741608843
40.75,52,E3,991.3460693359375,0.23777975142002106,2882.4733741608843
40.75,40,E2,991.3460693359375,0.23777975142002106,2882.4733741608843
40.75,47,B2,991.3460693359375,0.23777975142002106,2882.4733741608843
40.75,52,E3,991.3460693359375,0.23777975142002106,2882.4733741608843
41.0,28,E1,1105.8389892578125,0.22381721436977386,1876.4994722917331
41.0,28,E1,1105.8389892578125,0.22381721436977386,1876.4994722917331
41.0,28,E1,1105.8389892578125,0.22381721436977386,1876.4994722917331
41.0,52,E3,1105.8389892578125,0.22381721436977386,1876.4994722917331
41.0,35,B1,1105.8389892578125,0.22381721436977386,1876.4994722917331
41.0,40,E2,1105.8389892578125,0.22381721436977386,1876.4994722917331
41.0,40,E2,1105.8389892578125,0.22381721436977386,1876.4994722917331
41.0,47,B2,1105.8389892578125,0.22381721436977386,1876.4994722917331
41.0,47,B2,1105.8389892578125,0.22381721436977386,1876.4994722917331
41.0,52,E3,1105.8389892578125,0.22381721436977386,1876.4994722917331
41.0,52,E3,1105.8389892578125,0.22381721436977386,1876.4994722917331
41.0,52,E3,1105.8389892578125,0.22381721436977386,1876.4994722917331
41.0,47,B2,1105.8389892578125,0.22381721436977386,1876.4994722917331
41.0,40,E2,1105.8389892578125,0.22381721436977386,1876.4994722917331
41.25,28,E1,995.7009887695312,0.18837831914424896,2327.435182668075
41.25,28,E1,995.7009887695312,0.18837831914424896,2327.435182668075
41.25,28,E1,995.7009887695312,0.18837831914424896,2327.435182668075
41.25,52,E3,995.7009887695312,0.18837831914424896,2327.435182668075
41.25,35,B1,995.7009887695312,0.18837831914424896,2327.435182668075
41.25,40,E2,995.7009887695312,0.18837831914424896,2327.435182668075
41.25,40,E2,995.7009887695312,0.18837831914424896,2327.435182668075
41.25,47,B2,995.7009887695312,0.18837831914424896,2327.435182668075
41.25,47,B2,995.7009887695312,0.18837831914424896,2327.435182668075
41.25,52,E3,995.7009887695312,0.18837831914424896,2327.435182668075
41.25,52,E3,995.7009887695312,0.18837831914424896,2327.435182668075
41.25,52,E3,995.7009887695312,0.18837831914424896,2327.435182668075
41.25,47,B2,995.7009887695312,0.18837831914424896,2327.435182668075
41.25,40,E2,995.7009887695312,0.18837831914424896,2327.435182668075
41.5,35,B1,985.0409545898438,0.22819724678993225,1601.3912099939612
41.5,35,B1,985.0409545898438,0.22819724678993225,1601.3912099939612
41.5,35,B1,985.0409545898438,0.22819724678993225,1601.3912099939612
41.5,52,E3,985.0409545898438,0.22819724678993225,1601.3912099939612
41.5,40,E2,985.0409545898438,0.22819724678993225,1601.3912099939612
41.5,40,E2,985.0409545898438,0.22819724678993225,1601.3912099939612
41.5,40,E2,985.0409545898438,0.22819724678993225,1601.3912099939612
41.5,47,B2,985.0409545898438,0.22819724678993225,1601.3912099939612
41.5,47,B2,985.0409545898438,0.22819724678993225,1601.3912099939612
41.5,52,E3,985.0409545898438,0.22819724678993225,1601.3912099939612
41.5,52,E3,985.0409545898438,0.22819724678993225,1601.3912099939612
41.5,52,E3,985.0409545898438,0.22819724678993225,1601.3912099939612
41.5,47,B2,985.0409545898438,0.22819724678993225,1601.3912099939612
41.5,40,E2,985.0409545898438,0.22819724678993225,1601.3912099939612
41.75,38,D2,1167.432373046875,0.22846351563930511,2580.2369957187357
41.75,38,D2,1167.432373046875,0.22846351563930511,2580.2369957187357
41.75,38,D2,1167.432373046875,0.22846351563930511,2580.2369957187357
41.75,52,E3,1167.432373046875,0.22846351563930511,2580.2369957187357
41.75,40,E2,1167.432373046875,0.22846351563930511,2580.2369957187357
41.75,40,E2,1167.432373046875,0.22846351563930511,2580.2369957187357
41.75,47,B2,1167.432373046875,0.22846351563930511,2580.2369957187357
41.75,47,B2,1167.432373046875,0.22846351563930511,2580.2369957187357
41.75,52,E3,1167.432373046875,0.22846351563930511,2580.2369957187357
41.75,52,E3,1167.432373046875,0.22846351563930511,2580.2369957187357
41.75,52,E3,1167.432373046875,0.22846351563930511,2580.2369957187357
41.75,47,B2,1167.432373046875,0.22846351563930511,2580.2369957187357
41.75,40,E2,1167.432373046875,0.22846351563930511,2580.2369957187357
42.0,28,E1,1018.2239990234375,0.2346532940864563,1760.405651809136
42.0,28,E1,1018.2239990234375,0.2346532940864563,1760.405651809136
42.0,28,E1,1018.2239990234375,0.2346532940864563,1760.405651809136
42.0,52,E3,1018.2239990234375,0.2346532940864563,1760.405651809136
42.0,35,B1,1018.2239990234375,0.2346532940864563,1760.405651809136
42.0,47,B2,1018.2239990234375,0.2346532940864563,1760.405651809136
42.0,52,E3,1018.2239990234375,0.2346532940864563,1760.405651809136
42.0,40,E2,1018.2239990234375,0.2346532940864563,1760.405651809136
42.0,40,E2,1018.2239990234375,0.2346532940864563,1760.405651809136
42.0,47,B2,1018.2239990234375,0.2346532940864563,1760.405651809136
42.0,52,E3,1018.2239990234375,0.2346532940864563,1760.405651809136
42.0,40,E2,1018.2239990234375,0.2346532940864563,1760.405651809136
42.0,47,B2,1018.2239990234375,0.2346532940864563,1760.405651809136
42.0,52,E3,1018.2239990234375,0.2346532940864563,1760.405651809136
42.25,40,E2,987.2857055664062,0.24647372961044312,1896.3240672215618
42.25,40,E2,987.2857055664062,0.24647372961044312,1896.3240672215618
42.25,40,E2,987.2857055664062,0.24647372961044312,1896.3240672215618
42.25,52,E3,987.2857055664062,0.24647372961044312,1896.3240672215618
42.25,52,E3,987.2857055664062,0.24647372961044312,1896.3240672215618
42.25,47,B2,987.2857055664062,0.24647372961044312,1896.3240672215618
42.25,40,E2,987.2857055664062,0.24647372961044312,1896.3240672215618
42.25,40,E2,987.2857055664062,0.24647372961044312,1896.3240672215618
42.25,47,B2,987.2857055664062,0.24647372961044312,1896.3240672215618
42.25,52,E3,987.2857055664062,0.24647372961044312,1896.3240672215618
42.25,40,E2,987.2857055664062,0.24647372961044312,1896.3240672215618
42.25,47,B2,987.2857055664062,0.24647372961044312,1896.3240672215618
42.25,52,E3,987.2857055664062,0.24647372961044312,1896.3240672215618
42.5,35,B1,1155.7781982421875,0.26507219672203064,2006.0828488340278
42.5,35,B1,1155.7781982421875,0.26507219672203064,2006.0828488340278
42.5,35,B1,1155.7781982421875,0.26507219672203064,2006.0828488340278
42.5,52,E3,1155.7781982421875,0.26507219672203064,2006.0828488340278
42.5,40,E2,1155.7781982421875,0.26507219672203064,2006.0828488340278
42.5,52,E3,1155.7781982421875,0.26507219672203064,2006.0828488340278
42.5,47,B2,1155.7781982421875,0.26507219672203064,2006.0828488340278
42.5,40,E2,1155.7781982421875,0.26507219672203064,2006.0828488340278
42.5,40,E2,1155.7781982421875,0.26507219672203064,2006.0828488340278
42.5,47,B2,1155.7781982421875,0.26507219672203064,2006.0828488340278
42.5,52,E3,1155.7781982421875,0.26507219672203064,2006.0828488340278
42.5,52,E3,1155.7781982421875,0.26507219672203064,2006.0828488340278
42.5,47,B2,1155.7781982421875,0.26507219672203064,2006.0828488340278
42.5,40,E2,1155.7781982421875,0.26507219672203064,2006.0828488340278
42.75,38,D2,990.8836059570312,0.22248153388500214,2281.1411707189945
42.75,38,D2,990.8836059570312,0.22248153388500214,2281.1411707189945
42.75,38,D2,990.8836059570312,0.22248153388500214,2281.1411707189945
42.75,52,E3,990.8836059570312,0.22248153388500214,2281.1411707189945
42.75,52,E3,990.8836059570312,0.22248153388500214,2281.1411707189945
42.75,47,B2,990.8836059570312,0.22248153388500214,2281.1411707189945
42.75,40,E2,990.8836059570312,0.22248153388500214,2281.1411707189945
42.75,40,E2,990.8836059570312,0.22248153388500214,2281.1411707189945
42.75,47,B2,990.8836059570312,0.22248153388500214,2281.1411707189945
42.75,52,E3,990.8836059570312,0.22248153388500214,2281.1411707189945
42.75,40,E2,990.8836059570312,0.22248153388500214,2281.1411707189945
42.75,47,B2,990.8836059570312,0.22248153388500214,2281.1411707189945
42.75,52,E3,990.8836059570312,0.22248153388500214,2281.1411707189945
43.0,28,E1,1170.0711669921875,0.3002797067165375,1893.3595170268707
43.0,28,E1,1170.0711669921875,0.3002797067165375,1893.3595170268707
43.0,28,E1,1170.0711669921875,0.3002797067165375,1893.3595170268707
43.0,52,E3,1170.0711669921875,0.3002797067165375,1893.3595170268707
43.0,35,B1,1170.0711669921875,0.3002797067165375,1893.3595170268707
43.0,40,E2,1170.0711669921875,0.3002797067165375,1893.3595170268707
43.0,40,E2,1170.0711669921875,0.3002797067165375,1893.3595170268707
43.0,47,B2,1170.0711669921875,0.3002797067165375,1893.3595170268707
43.0,47,B2,1170.0711669921875,0.3002797067165375,1893.3595170268707
43.0,52,E3,1170.0711669921875,0.3002797067165375,1893.3595170268707
43.0,52,E3,1170.0711669921875,0.3002797067165375,1893.3595170268707
43.0,52,E3,1170.0711669921875,0.3002797067165375,1893.3595170268707
43.0,47,B2,1170.0711669921875,0.3002797067165375,1893.3595170268707
43.0,40,E2,1170.0711669921875,0.3002797067165375,1893.3595170268707
43.25,28,E1,987.0167846679688,0.2576552629470825,1764.272234979484
43.25,28,E1,987.0167846679688,0.2576552629470825,1764.272234979484
43.25,28,E1,987.0167846679688,0.2576552629470825,1764.272234979484
43.25,52,E3,987.0167846679688,0.2576552629470825,1764.272234979484
43.25,35,B1,987.0167846679688,0.2576552629470825,1764.272234979484
43.25,40,E2,987.0167846679688,0.2576552629470825,1764.272234979484
43.25,40,E2,987.0167846679688,0.2576552629470825,1764.272234979484
43.25,47,B2,987.0167846679688,0.2576552629470825,1764.272234979484
43.25,47,B2,987.0167846679688,0.2576552629470825,1764.272234979484
43.25,52,E3,987.0167846679688,0.2576552629470825,1764.272234979484
43.25,52,E3,987.0167846679688,0.2576552629470825,1764.272234979484
43.25,52,E3,987.0167846679688,0.2576552629470825,1764.272234979484
43.25,47,B2,987.0167846679688,0.2576552629470825,1764.272234979484
43.25,40,E2,987.0167846679688,0.2576552629470825,1764.272234979484
43.5,35,B1,990.9524536132812,0.2912255823612213,2494.204822081736
43.5,35,B1,990.9524536132812,0.2912255823612213,2494.204822081736
43.5,35,B1,990.9524536132812,0.2912255823612213,2494.204822081736
43.5,52,E3,990.9524536132812,0.2912255823612213,2494.204822081736
43.5,40,E2,990.9524536132812,0.2912255823612213,2494.204822081736
43.5,40,E2,990.9524536132812,0.2912255823612213,2494.204822081736
43.5,40,E2,990.9524536132812,0.2912255823612213,2494.204822081736
43.5,47,B2,990.9524536132812,0.2912255823612213,2494.204822081736
43.5,47,B2,990.9524536132812,0.2912255823612213,2494.204822081736
43.5,52,E3,990.9524536132812,0.2912255823612213,2494.204822081736
43.5,52,E3,990.9524536132812,0.2912255823612213,2494.204822081736
43.5,52,E3,990.9524536132812,0.2912255823612213,2494.204822081736
43.5,47,B2,990.9524536132812,0.2912255823612213,2494.204822081736
43.5,40,E2,990.9524536132812,0.2912255823612213,2494.204822081736
43.75,38,D2,1184.6439208984375,0.20174182951450348,2512.5693663950415
43.75,38,D2,1184.6439208984375,0.20174182951450348,2512.5693663950415
43.75,38,D2,1184.6439208984375,0.20174182951450348,2512.5693663950415
43.75,52,E3,1184.6439208984375,0.20174182951450348,2512.5693663950415
43.75,35,B1,1184.6439208984375,0.20174182951450348,2512.5693663950415
43.75,40,E2,1184.6439208984375,0.20174182951450348,2512.5693663950415
43.75,40,E2,1184.6439208984375,0.20174182951450348,2512.5693663950415
43.75,47,B2,1184.6439208984375,0.20174182951450348,2512.5693663950415
43.75,47,B2,1184.6439208984375,0.20174182951450348,2512.5693663950415
43.75,52,E3,1184.6439208984375,0.20174182951450348,2512.5693663950415
43.75,52,E3,1184.6439208984375,0.20174182951450348,2512.5693663950415
43.75,52,E3,1184.6439208984375,0.20174182951450348,2512.5693663950415
43.75,47,B2,1184.6439208984375,0.20174182951450348,2512.5693663950415
43.75,40,E2,1184.6439208984375,0.20174182951450348,2512.5693663950415
44.0,28,E1,676.156494140625,0.3333098292350769,2311.805347338902
44.0,28,E1,676.156494140625,0.3333098292350769,2311.805347338902
44.0,28,E1,676.156494140625,0.3333098292350769,2311.805347338902
44.0,52,E3,676.156494140625,0.3333098292350769,2311.805347338902
44.0,35,B1,676.156494140625,0.3333098292350769,2311.805347338902
44.0,47,B2,676.156494140625,0.3333098292350769,2311.805347338902
44.0,52,E3,676.156494140625,0.3333098292350769,2311.805347338902
44.0,40,E2,676.156494140625,0.3333098292350769,2311.805347338902
44.0,40,E2,676.156494140625,0.3333098292350769,2311.805347338902
44.0,47,B2,676.156494140625,0.3333098292350769,2311.805347338902
44.0,52,E3,676.156494140625,0.3333098292350769,2311.805347338902
44.0,40,E2,676.156494140625,0.3333098292350769,2311.805347338902
44.0,47,B2,676.156494140625,0.3333098292350769,2311.805347338902
44.0,52,E3,676.156494140625,0.3333098292350769,2311.805347338902
44.25,40,E2,1068.1531982421875,0.23534975945949554,2599.1863622632545
44.25,40,E2,1068.1531982421875,0.23534975945949554,2599.1863622632545
44.25,40,E2,1068.1531982421875,0.23534975945949554,2599.1863622632545
44.25,52,E3,1068.1531982421875,0.23534975945949554,2599.1863622632545
44.25,52,E3,1068.1531982421875,0.23534975945949554,2599.1863622632545
44.25,47,B2,1068.1531982421875,0.23534975945949554,2599.1863622632545
44.25,40,E2,1068.1531982421875,0.23534975945949554,2599.1863622632545
44.25,40,E2,1068.1531982421875,0.23534975945949554,2599.1863622632545
44.25,47,B2,1068.1531982421875,0.23534975945949554,2599.1863622632545
44.25,52,E3,1068.1531982421875,0.23534975945949554,2599.1863622632545
44.25,40,E2,1068.1531982421875,0.23534975945949554,2599.1863622632545
44.25,47,B2,1068.1531982421875,0.23534975945949554,2599.1863622632545
44.25,52,E3,1068.1531982421875,0.23534975945949554,2599.1863622632545
44.5,35,B1,1173.13671875,0.3096137046813965,2671.7104718734818
44.5,35,B1,1173.13671875,0.3096137046813965,2671.7104718734818
44.5,35,B1,1173.13671875,0.3096137046813965,2671.7104718734818
44.5,52,E3,1173.13671875,0.3096137046813965,2671.7104718734818
44.5,40,E2,1173.13671875,0.3096137046813965,2671.7104718734818
44.5,52,E3,1173.13671875,0.3096137046813965,2671.7104718734818
44.5,47,B2,1173.13671875,0.3096137046813965,2671.7104718734818
44.5,40,E2,1173.13671875,0.3096137046813965,2671.7104718734818
44.5,40,E2,1173.13671875,0.3096137046813965,2671.7104718734818
44.5,47,B2,1173.13671875,0.3096137046813965,2671.7104718734818
44.5,52,E3,1173.13671875,0.3096137046813965,2671.7104718734818
44.5,52,E3,1173.13671875,0.3096137046813965,2671.7104718734818
44.5,47,B2,1173.13671875,0.3096137046813965,2671.7104718734818
44.5,40,E2,1173.13671875,0.3096137046813965,2671.7104718734818
44.75,38,D2,1151.0887451171875,0.25036531686782837,2084.788146023311
44.75,38,D2,1151.0887451171875,0.25036531686782837,2084.788146023311
44.75,38,D2,1151.0887451171875,0.25036531686782837,2084.788146023311
44.75,52,E3,1151.0887451171875,0.25036531686782837,2084.788146023311
44.75,52,E3,1151.0887451171875,0.25036531686782837,2084.788146023311
44.75,47,B2,1151.0887451171875,0.25036531686782837,2084.788146023311
44.75,40,E2,1151.0887451171875,0.25036531686782837,2084.788146023311
44.75,40,E2,1151.0887451171875,0.25036531686782837,2084.788146023311
44.75,47,B2,1151.0887451171875,0.25036531686782837,2084.788146023311
44.75,52,E3,1151.0887451171875,0.25036531686782837,2084.788146023311
44.75,40,E2,1151.0887451171875,0.25036531686782837,2084.788146023311
44.75,47,B2,1151.0887451171875,0.25036531686782837,2084.788146023311
44.75,52,E3,1151.0887451171875,0.25036531686782837,2084.788146023311
45.0,28,E1,524.361328125,0.3427162170410156,2229.268295724415
45.0,28,E1,524.361328125,0.3427162170410156,2229.268295724415
45.0,28,E1,524.361328125,0.3427162170410156,2229.268295724415
45.0,52,E3,524.361328125,0.3427162170410156,2229.268295724415
45.0,35,B1,524.361328125,0.3427162170410156,2229.268295724415
45.0,40,E2,524.361328125,0.3427162170410156,2229.268295724415
45.0,40,E2,524.361328125,0.3427162170410156,2229.268295724415
45.0,47,B2,524.361328125,0.3427162170410156,2229.268295724415
45.0,47,B2,524.361328125,0.3427162170410156,2229.268295724415
45.0,52,E3,524.361328125,0.3427162170410156,2229.268295724415
45.0,52,E3,524.361328125,0.3427162170410156,2229.268295724415
45.0,52,E3,524.361328125,0.3427162170410156,2229.268295724415
45.0,47,B2,524.361328125,0.3427162170410156,2229.268295724415
45.0,40,E2,524.361328125,0.3427162170410156,2229.268295724415
45.25,28,E1,1151.23095703125,0.27971842885017395,2072.938475251588
45.25,28,E1,1151.23095703125,0.27971842885017395,2072.938475251588
45.25,28,E1,1151.23095703125,0.27971842885017395,2072.938475251588
45.25,52,E3,1151.23095703125,0.27971842885017395,2072.938475251588
45.25,35,B1,1151.23095703125,0.27971842885017395,2072.938475251588
45.25,40,E2,1151.23095703125,0.27971842885017395,2072.938475251588
45.25,40,E2,1151.23095703125,0.27971842885017395,2072.938475251588
45.25,47,B2,1151.23095703125,0.27971842885017395,2072.938475251588
45.25,47,B2,1151.23095703125,0.27971842885017395,2072.938475251588
45.25,52,E3,1151.23095703125,0.27971842885017395,2072.938475251588
45.25,52,E3,1151.23095703125,0.27971842885017395,2072.938475251588
45.25,52,E3,1151.23095703125,0.27971842885017395,2072.938475251588
45.25,47,B2,1151.23095703125,0.27971842885017395,2072.938475251588
45.25,40,E2,1151.23095703125,0.27971842885017395,2072.938475251588
45.5,35,B1,1196.8734130859375,0.3335672616958618,2961.3530730981206
45.5,35,B1,1196.8734130859375,0.3335672616958618,2961.3530730981206
45.5,35,B1,1196.8734130859375,0.3335672616958618,2961.3530730981206
45.5,52,E3,1196.8734130859375,0.3335672616958618,2961.3530730981206
45.5,40,E2,1196.8734130859375,0.3335672616958618,2961.3530730981206
45.5,40,E2,1196.8734130859375,0.3335672616958618,2961.3530730981206
45.5,40,E2,1196.8734130859375,0.3335672616958618,2961.3530730981206
45.5,47,B2,1196.8734130859375,0.3335672616958618,2961.3530730981206
45.5,47,B2,1196.8734130859375,0.3335672616958618,2961.3530730981206
45.5,52,E3,1196.8734130859375,0.3335672616958618,2961.3530730981206
45.5,52,E3,1196.8734130859375,0.3335672616958618,2961.3530730981206
45.5,52,E3,1196.8734130859375,0.3335672616958618,2961.3530730981206
45.5,47,B2,1196.8734130859375,0.3335672616958618,2961.3530730981206
45.5,40,E2,1196.8734130859375,0.3335672616958618,2961.3530730981206
45.75,38,D2,1172.1141357421875,0.26974454522132874,2081.227312997815
45.75,38,D2,1172.1141357421875,0.26974454522132874,2081.227312997815
45.75,38,D2,1172.1141357421875,0.26974454522132874,2081.227312997815
45.75,52,E3,1172.1141357421875,0.26974454522132874,2081.227312997815
45.75,40,E2,1172.1141357421875,0.26974454522132874,2081.227312997815
45.75,40,E2,1172.1141357421875,0.26974454522132874,2081.227312997815
45.75,47,B2,1172.1141357421875,0.26974454522132874,2081.227312997815
45.75,47,B2,1172.1141357421875,0.26974454522132874,2081.227312997815
45.75,52,E3,1172.1141357421875,0.26974454522132874,2081.227312997815
45.75,52,E3,1172.1141357421875,0.26974454522132874,2081.227312997815
45.75,52,E3,1172.1141357421875,0.26974454522132874,2081.227312997815
45.75,47,B2,1172.1141357421875,0.26974454522132874,2081.227312997815
45.75,40,E2,1172.1141357421875,0.26974454522132874,2081.227312997815
46.0,28,E1,880.5487060546875,0.35758155584335327,2787.302317010685
46.0,28,E1,880.5487060546875,0.35758155584335327,2787.302317010685
46.0,28,E1,880.5487060546875,0.35758155584335327,2787.302317010685
46.0,52,E3,880.5487060546875,0.35758155584335327,2787.302317010685
46.0,35,B1,880.5487060546875,0.35758155584335327,2787.302317010685
46.0,47,B2,880.5487060546875,0.35758155584335327,2787.302317010685
46.0,52,E3,880.5487060546875,0.35758155584335327,2787.302317010685
46.0,40,E2,880.5487060546875,0.35758155584335327,2787.302317010685
46.0,40,E2,880.5487060546875,0.35758155584335327,2787.302317010685
46.0,47,B2,880.5487060546875,0.35758155584335327,2787.302317010685
46.0,52,E3,880.5487060546875,0.35758155584335327,2787.302317010685
46.0,40,E2,880.5487060546875,0.35758155584335327,2787.302317010685
46.0,47,B2,880.5487060546875,0.35758155584335327,2787.302317010685
46.0,52,E3,880.5487060546875,0.35758155584335327,2787.302317010685
46.25,40,E2,1191.422119140625,0.22172467410564423,2281.2888545324076
46.25,40,E2,1191.422119140625,0.22172467410564423,2281.2888545324076
46.25,40,E2,1191.422119140625,0.22172467410564423,2281.2888545324076
46.25,52,E3,1191.422119140625,0.22172467410564423,2281.2888545324076
46.25,52,E3,1191.422119140625,0.22172467410564423,2281.2888545324076
46.25,47,B2,1191.422119140625,0.22172467410564423,2281.2888545324076
46.25,40,E2,1191.422119140625,0.22172467410564423,2281.2888545324076
46.25,40,E2,1191.422119140625,0.22172467410564423,2281.2888545324076
46.25,47,B2,1191.422119140625,0.22172467410564423,2281.2888545324076
46.25,52,E3,1191.422119140625,0.22172467410564423,2281.2888545324076
46.25,40,E2,1191.422119140625,0.22172467410564423,2281.2888545324076
46.25,47,B2,1191.422119140625,0.22172467410564423,2281.2888545324076
46.25,52,E3,1191.422119140625,0.22172467410564423,2281.2888545324076
46.5,35,B1,901.6527099609375,0.2817583978176117,3294.725539428281
46.5,35,B1,901.6527099609375,0.2817583978176117,3294.725539428281
46.5,35,B1,901.6527099609375,0.2817583978176117,3294.725539428281
46.5,52,E3,901.6527099609375,0.2817583978176117,3294.725539428281
46.5,40,E2,901.6527099609375,0.2817583978176117,3294.725539428281
46.5,52,E3,901.6527099609375,0.2817583978176117,3294.725539428281
46.5,47,B2,901.6527099609375,0.2817583978176117,3294.725539428281
46.5,40,E2,901.6527099609375,0.2817583978176117,3294.725539428281
46.5,40,E2,901.6527099609375,0.2817583978176117,3294.725539428281
46.5,47,B2,901.6527099609375,0.2817583978176117,3294.725539428281
46.5,52,E3,901.6527099609375,0.2817583978176117,3294.725539428281
46.5,52,E3,901.6527099609375,0.2817583978176117,3294.725539428281
46.5,47,B2,901.6527099609375,0.2817583978176117,3294.725539428281
46.5,40,E2,901.6527099609375,0.2817583978176117,3294.725539428281
46.75,38,D2,1176.994384765625,0.25235751271247864,2225.4048523938404
46.75,38,D2,1176.994384765625,0.25235751271247864,2225.4048523938404
46.75,38,D2,1176.994384765625,0.25235751271247864,2225.4048523938404
46.75,52,E3,1176.994384765625,0.25235751271247864,2225.4048523938404
46.75,52,E3,1176.994384765625,0.25235751271247864,2225.4048523938404
46.75,47,B2,1176.994384765625,0.25235751271247864,2225.4048523938404
46.75,40,E2,1176.994384765625,0.25235751271247864,2225.4048523938404
46.75,40,E2,1176.994384765625,0.25235751271247864,2225.4048523938404
46.75,47,B2,1176.994384765625,0.25235751271247864,2225.4048523938404
46.75,52,E3,1176.994384765625,0.25235751271247864,2225.4048523938404
46.75,40,E2,1176.994384765625,0.25235751271247864,2225.4048523938404
46.75,47,B2,1176.994384765625,0.25235751271247864,2225.4048523938404
46.75,52,E3,1176.994384765625,0.25235751271247864,2225.4048523938404
47.0,28,E1,1182.8294677734375,0.2831524610519409,2453.7335943209946
47.0,28,E1,1182.8294677734375,0.2831524610519409,2453.7335943209946
47.0,28,E1,1182.8294677734375,0.2831524610519409,2453.7335943209946
47.0,52,E3,1182.8294677734375,0.2831524610519409,2453.7335943209946
47.0,35,B1,1182.8294677734375,0.2831524610519409,2453.7335943209946
47.0,40,E2,1182.8294677734375,0.2831524610519409,2453.7335943209946
47.0,40,E2,1182.8294677734375,0.2831524610519409,2453.7335943209946
47.0,47,B2,1182.8294677734375,0.2831524610519409,2453.7335943209946
47.0,47,B2,1182.8294677734375,0.2831524610519409,2453.7335943209946
47.0,52,E3,1182.8294677734375,0.2831524610519409,2453.7335943209946
47.0,52,E3,1182.8294677734375,0.2831524610519409,2453.7335943209946
47.0,52,E3,1182.8294677734375,0.2831524610519409,2453.7335943209946
47.0,47,B2,1182.8294677734375,0.2831524610519409,2453.7335943209946
47.0,40,E2,1182.8294677734375,0.2831524610519409,2453.7335943209946
47.25,28,E1,1112.1806640625,0.24369797110557556,2090.030604561073
47.25,28,E1,1112.1806640625,0.24369797110557556,2090.030604561073
47.25,28,E1,1112.1806640625,0.24369797110557556,2090.030604561073
47.25,52,E3,1112.1806640625,0.24369797110557556,2090.030604561073
47.25,35,B1,1112.1806640625,0.24369797110557556,2090.030604561073
47.25,40,E2,1112.1806640625,0.24369797110557556,2090.030604561073
47.25,40,E2,1112.1806640625,0.24369797110557556,2090.030604561073
47.25,47,B2,1112.1806640625,0.24369797110557556,2090.030604561073
47.25,47,B2,1112.1806640625,0.24369797110557556,2090.030604561073
47.25,52,E3,1112.1806640625,0.24369797110557556,2090.030604561073
47.25,52,E3,1112.1806640625,0.24369797110557556,2090.030604561073
47.25,52,E3,1112.1806640625,0.24369797110557556,2090.030604561073
47.25,47,B2,1112.1806640625,0.24369797110557556,2090.030604561073
47.25,40,E2,1112.1806640625,0.24369797110557556,2090.030604561073
47.5,35,B1,1175.66015625,0.26787814497947693,3083.7863152220616
47.5,35,B1,1175.66015625,0.26787814497947693,3083.7863152220616
47.5,35,B1,1175.66015625,0.26787814497947693,3083.7863152220616
47.5,52,E3,1175.66015625,0.26787814497947693,3083.7863152220616
47.5,40,E2,1175.66015625,0.26787814497947693,3083.7863152220616
47.5,40,E2,1175.66015625,0.26787814497947693,3083.7863152220616
47.5,40,E2,1175.66015625,0.26787814497947693,3083.7863152220616
47.5,47,B2,1175.66015625,0.26787814497947693,3083.7863152220616
47.5,47,B2,1175.66015625,0.26787814497947693,3083.7863152220616
47.5,52,E3,1175.66015625,0.26787814497947693,3083.7863152220616
47.5,52,E3,1175.66015625,0.26787814497947693,3083.7863152220616
47.5,52,E3,1175.66015625,0.26787814497947693,3083.7863152220616
47.5,47,B2,1175.66015625,0.26787814497947693,3083.7863152220616
47.5,40,E2,1175.66015625,0.26787814497947693,3083.7863152220616
47.75,38,D2,1105.453369140625,0.23056286573410034,2132.622618747223
47.75,38,D2,1105.453369140625,0.23056286573410034,2132.622618747223
47.75,38,D2,1105.453369140625,0.23056286573410034,2132.622618747223
47.75,52,E3,1105.453369140625,0.23056286573410034,2132.622618747223
47.75,35,B1,1105.453369140625,0.23056286573410034,2132.622618747223
47.75,40,E2,1105.453369140625,0.23056286573410034,2132.622618747223
47.75,40,E2,1105.453369140625,0.23056286573410034,2132.622618747223
47.75,47,B2,1105.453369140625,0.23056286573410034,2132.622618747223
47.75,47,B2,1105.453369140625,0.23056286573410034,2132.622618747223
47.75,52,E3,1105.453369140625,0.23056286573410034,2132.622618747223
47.75,52,E3,1105.453369140625,0.23056286573410034,2132.622618747223
47.75,52,E3,1105.453369140625,0.23056286573410034,2132.622618747223
47.75,47,B2,1105.453369140625,0.23056286573410034,2132.622618747223
47.75,40,E2,1105.453369140625,0.23056286573410034,2132.622618747223
48.0,36,C2,1154.1727294921875,0.24282453954219818,3088.0172092563844
48.0,36,C2,1154.1727294921875,0.24282453954219818,3088.0172092563844
48.0,36,C2,1154.1727294921875,0.24282453954219818,3088.0172092563844
48.0,52,E3,1154.1727294921875,0.24282453954219818,3088.0172092563844
48.0,35,B1,1154.1727294921875,0.24282453954219818,3088.0172092563844
48.0,49,C#3,1154.1727294921875,0.24282453954219818,3088.0172092563844
48.0,48,C3,1154.1727294921875,0.24282453954219818,3088.0172092563844
48.0,48,C3,1154.1727294921875,0.24282453954219818,3088.0172092563844
48.0,52,E3,1154.1727294921875,0.24282453954219818,3088.0172092563844
48.0,52,E3,1154.1727294921875,0.24282453954219818,3088.0172092563844
48.0,55,G3,1154.1727294921875,0.24282453954219818,3088.0172092563844
48.0,55,G3,1154.1727294921875,0.24282453954219818,3088.0172092563844
48.0,48,C3,1154.1727294921875,0.24282453954219818,3088.0172092563844
48.0,52,E3,1154.1727294921875,0.24282453954219818,3088.0172092563844
48.0,55,G3,1154.1727294921875,0.24282453954219818,3088.0172092563844
48.0,36,C2,1154.1727294921875,0.24282453954219818,3088.0172092563844
48.0,40,E2,1154.1727294921875,0.24282453954219818,3088.0172092563844
48.0,43,G2,1154.1727294921875,0.24282453954219818,3088.0172092563844
48.0,48,C3,1154.1727294921875,0.24282453954219818,3088.0172092563844
48.0,52,E3,1154.1727294921875,0.24282453954219818,3088.0172092563844
48.0,48,C3,1154.1727294921875,0.24282453954219818,3088.0172092563844
48.0,55,G3,1154.1727294921875,0.24282453954219818,3088.0172092563844
48.125,48,C3,1098.21923828125,0.2275877147912979,2753.4461043377505
48.25,36,C2,1147.0377197265625,0.2588925063610077,2266.325507809706
48.25,36,C2,1147.0377197265625,0.2588925063610077,2266.325507809706
48.25,36,C2,1147.0377197265625,0.2588925063610077,2266.325507809706
48.25,52,E3,1147.0377197265625,0.2588925063610077,2266.325507809706
48.25,55,G3,1147.0377197265625,0.2588925063610077,2266.325507809706
48.25,55,G3,1147.0377197265625,0.2588925063610077,2266.325507809706
48.25,52,E3,1147.0377197265625,0.2588925063610077,2266.325507809706
48.25,52,E3,1147.0377197265625,0.2588925063610077,2266.325507809706
48.25,48,C3,1147.0377197265625,0.2588925063610077,2266.325507809706
48.25,48,C3,1147.0377197265625,0.2588925063610077,2266.325507809706
48.25,48,C3,1147.0377197265625,0.2588925063610077,2266.325507809706
48.375,48,C3,1159.4412841796875,0.30793362855911255,2300.071487399469
48.5,36,C2,996.2581176757812,0.23928412795066833,3213.7742788655664
48.5,36,C2,996.2581176757812,0.23928412795066833,3213.7742788655664
48.5,36,C2,996.2581176757812,0.23928412795066833,3213.7742788655664
48.5,52,E3,996.2581176757812,0.23928412795066833,3213.7742788655664
48.5,40,E2,996.2581176757812,0.23928412795066833,3213.7742788655664
48.5,55,G3,996.2581176757812,0.23928412795066833,3213.7742788655664
48.5,55,G3,996.2581176757812,0.23928412795066833,3213.7742788655664
48.5,52,E3,996.2581176757812,0.23928412795066833,3213.7742788655664
48.5,52,E3,996.2581176757812,0.23928412795066833,3213.7742788655664
48.5,48,C3,996.2581176757812,0.23928412795066833,3213.7742788655664
48.5,48,C3,996.2581176757812,0.23928412795066833,3213.7742788655664
48.5,48,C3,996.2581176757812,0.23928412795066833,3213.7742788655664
48.5,48,C3,996.2581176757812,0.23928412795066833,3213.7742788655664
48.5,52,E3,996.2581176757812,0.23928412795066833,3213.7742788655664
48.5,55,G3,996.2581176757812,0.23928412795066833,3213.7742788655664
48.625,48,C3,992.5490112304688,0.20035119354724884,2232.6566810494596
48.75,36,C2,1171.0125732421875,0.24295976758003235,2041.0598134796742
48.75,36,C2,1171.0125732421875,0.24295976758003235,2041.0598134796742
48.75,36,C2,1171.0125732421875,0.24295976758003235,2041.0598134796742
48.75,52,E3,1171.0125732421875,0.24295976758003235,2041.0598134796742
48.75,55,G3,1171.0125732421875,0.24295976758003235,2041.0598134796742
48.75,55,G3,1171.0125732421875,0.24295976758003235,2041.0598134796742
48.75,52,E3,1171.0125732421875,0.24295976758003235,2041.0598134796742
48.75,52,E3,1171.0125732421875,0.24295976758003235,2041.0598134796742
48.75,48,C3,1171.0125732421875,0.24295976758003235,2041.0598134796742
48.75,48,C3,1171.0125732421875,0.24295976758003235,2041.0598134796742
48.75,48,C3,1171.0125732421875,0.24295976758003235,2041.0598134796742
48.875,48,C3,992.8102416992188,0.3258180022239685,2195.215644035874
49.0,36,C2,1029.086181640625,0.21051323413848877,2268.0088152117837
49.0,36,C2,1029.086181640625,0.21051323413848877,2268.0088152117837
49.0,36,C2,1029.086181640625,0.21051323413848877,2268.0088152117837
49.0,52,E3,1029.086181640625,0.21051323413848877,2268.0088152117837
49.0,35,B1,1029.086181640625,0.21051323413848877,2268.0088152117837
49.0,48,C3,1029.086181640625,0.21051323413848877,2268.0088152117837
49.0,48,C3,1029.086181640625,0.21051323413848877,2268.0088152117837
49.0,52,E3,1029.086181640625,0.21051323413848877,2268.0088152117837
49.0,52,E3,1029.086181640625,0.21051323413848877,2268.0088152117837
49.0,55,G3,1029.086181640625,0.21051323413848877,2268.0088152117837
49.0,55,G3,1029.086181640625,0.21051323413848877,2268.0088152117837
49.0,48,C3,1029.086181640625,0.21051323413848877,2268.0088152117837
49.0,55,G3,1029.086181640625,0.21051323413848877,2268.0088152117837
49.0,52,E3,1029.086181640625,0.21051323413848877,2268.0088152117837
49.0,48,C3,1029.086181640625,0.21051323413848877,2268.0088152117837
49.125,48,C3,830.4651489257812,0.28447335958480835,1938.8436443563112
49.25,36,C2,994.3585205078125,0.2653491497039795,1708.871975460974
49.25,36,C2,994.3585205078125,0.2653491497039795,1708.871975460974
49.25,36,C2,994.3585205078125,0.2653491497039795,1708.871975460974
49.25,52,E3,994.3585205078125,0.2653491497039795,1708.871975460974
49.25,35,B1,994.3585205078125,0.2653491497039795,1708.871975460974
49.25,48,C3,994.3585205078125,0.2653491497039795,1708.871975460974
49.25,48,C3,994.3585205078125,0.2653491497039795,1708.871975460974
49.25,52,E3,994.3585205078125,0.2653491497039795,1708.871975460974
49.25,52,E3,994.3585205078125,0.2653491497039795,1708.871975460974
49.25,55,G3,994.3585205078125,0.2653491497039795,1708.871975460974
49.25,55,G3,994.3585205078125,0.2653491497039795,1708.871975460974
49.25,48,C3,994.3585205078125,0.2653491497039795,1708.871975460974
49.375,48,C3,1023.8165283203125,0.3130403757095337,2741.5979279223884
49.5,36,C2,997.0297241210938,0.2460065335035324,3010.5750763352967
49.5,36,C2,997.0297241210938,0.2460065335035324,3010.5750763352967
49.5,36,C2,997.0297241210938,0.2460065335035324,3010.5750763352967
49.5,52,E3,997.0297241210938,0.2460065335035324,3010.5750763352967
49.5,40,E2,997.0297241210938,0.2460065335035324,3010.5750763352967
49.5,55,G3,997.0297241210938,0.2460065335035324,3010.5750763352967
49.5,55,G3,997.0297241210938,0.2460065335035324,3010.5750763352967
49.5,52,E3,997.0297241210938,0.2460065335035324,3010.5750763352967
49.5,52,E3,997.0297241210938,0.2460065335035324,3010.5750763352967
49.5,48,C3,997.0297241210938,0.2460065335035324,3010.5750763352967
49.5,48,C3,997.0297241210938,0.2460065335035324,3010.5750763352967
49.5,48,C3,997.0297241210938,0.2460065335035324,3010.5750763352967
49.5,48,C3,997.0297241210938,0.2460065335035324,3010.5750763352967
49.5,52,E3,997.0297241210938,0.2460065335035324,3010.5750763352967
49.5,55,G3,997.0297241210938,0.2460065335035324,3010.5750763352967
49.625,48,C3,1019.4801025390625,0.32172277569770813,2159.1969370281518
49.75,36,C2,1174.396728515625,0.21545740962028503,1768.099133928649
49.75,36,C2,1174.396728515625,0.21545740962028503,1768.099133928649
49.75,36,C2,1174.396728515625,0.21545740962028503,1768.099133928649
49.75,52,E3,1174.396728515625,0.21545740962028503,1768.099133928649
49.75,55,G3,1174.396728515625,0.21545740962028503,1768.099133928649
49.75,52,E3,1174.396728515625,0.21545740962028503,1768.099133928649
49.75,52,E3,1174.396728515625,0.21545740962028503,1768.099133928649
49.75,48,C3,1174.396728515625,0.21545740962028503,1768.099133928649
49.75,48,C3,1174.396728515625,0.21545740962028503,1768.099133928649
49.75,55,G3,1174.396728515625,0.21545740962028503,1768.099133928649
49.75,48,C3,1174.396728515625,0.21545740962028503,1768.099133928649
49.875,48,C3,1157.3079833984375,0.31415054202079773,2658.8768045109005
50.0,38,D2,990.2261352539062,0.24119575321674347,2876.1718245367874
50.0,38,D2,990.2261352539062,0.24119575321674347,2876.1718245367874
50.0,38,D2,990.2261352539062,0.24119575321674347,2876.1718245367874
50.0,52,E3,990.2261352539062,0.24119575321674347,2876.1718245367874
50.0,35,B1,990.2261352539062,0.24119575321674347,2876.1718245367874
50.0,57,A3,990.2261352539062,0.24119575321674347,2876.1718245367874
50.0,54,F#3,990.2261352539062,0.24119575321674347,2876.1718245367874
50.0,54,F#3,990.2261352539062,0.24119575321674347,2876.1718245367874
50.0,50,D3,990.2261352539062,0.24119575321674347,2876.1718245367874
50.0,50,D3,990.2261352539062,0.24119575321674347,2876.1718245367874
50.0,54,F#3,990.2261352539062,0.24119575321674347,2876.1718245367874
50.0,50,D3,990.2261352539062,0.24119575321674347,2876.1718245367874
50.0,38,D2,990.2261352539062,0.24119575321674347,2876.1718245367874
50.0,42,F#2,990.2261352539062,0.24119575321674347,2876.1718245367874
50.0,45,A2,990.2261352539062,0.24119575321674347,2876.1718245367874
50.0,38,D2,990.2261352539062,0.24119575321674347,2876.1718245367874
50.0,50,D3,990.2261352539062,0.24119575321674347,2876.1718245367874
50.0,54,F#3,990.2261352539062,0.24119575321674347,2876.1718245367874
50.125,38,D2,1146.4803466796875,0.29660773277282715,2121.9180291431003
50.25,38,D2,1150.1312255859375,0.23692700266838074,2001.6805620552775
50.25,38,D2,1150.1312255859375,0.23692700266838074,2001.6805620552775
50.25,38,D2,1150.1312255859375,0.23692700266838074,2001.6805620552775
50.25,52,E3,1150.1312255859375,0.23692700266838074,2001.6805620552775
50.25,54,F#3,1150.1312255859375,0.23692700266838074,2001.6805620552775
50.25,54,F#3,1150.1312255859375,0.23692700266838074,2001.6805620552775
50.25,50,D3,1150.1312255859375,0.23692700266838074,2001.6805620552775
50.25,50,D3,1150.1312255859375,0.23692700266838074,2001.6805620552775
50.25,38,D2,1150.1312255859375,0.23692700266838074,2001.6805620552775
50.375,38,D2,1155.704833984375,0.32629647850990295,2606.0694767940604
50.5,38,D2,993.0100708007812,0.2536250948905945,2190.2053896253383
50.5,38,D2,993.0100708007812,0.2536250948905945,2190.2053896253383
50.5,38,D2,993.0100708007812,0.2536250948905945,2190.2053896253383
50.5,52,E3,993.0100708007812,0.2536250948905945,2190.2053896253383
50.5,40,E2,993.0100708007812,0.2536250948905945,2190.2053896253383
50.5,54,F#3,993.0100708007812,0.2536250948905945,2190.2053896253383
50.5,54,F#3,993.0100708007812,0.2536250948905945,2190.2053896253383
50.5,50,D3,993.0100708007812,0.2536250948905945,2190.2053896253383
50.5,50,D3,993.0100708007812,0.2536250948905945,2190.2053896253383
50.5,38,D2,993.0100708007812,0.2536250948905945,2190.2053896253383
50.5,50,D3,993.0100708007812,0.2536250948905945,2190.2053896253383
50.5,54,F#3,993.0100708007812,0.2536250948905945,2190.2053896253383
50.625,38,D2,1164.4326171875,0.30986928939819336,2817.736495490378
50.75,38,D2,1194.9573974609375,0.2232886701822281,2447.611670825402
50.75,38,D2,1194.9573974609375,0.2232886701822281,2447.611670825402
50.75,38,D2,1194.9573974609375,0.2232886701822281,2447.611670825402
50.75,52,E3,1194.9573974609375,0.2232886701822281,2447.611670825402
50.75,54,F#3,1194.9573974609375,0.2232886701822281,2447.611670825402
50.75,54,F#3,1194.9573974609375,0.2232886701822281,2447.611670825402
50.75,50,D3,1194.9573974609375,0.2232886701822281,2447.611670825402
50.75,50,D3,1194.9573974609375,0.2232886701822281,2447.611670825402
50.75,38,D2,1194.9573974609375,0.2232886701822281,2447.611670825402
50.875,38,D2,978.9873046875,0.32579606771469116,2491.4066949091794
51.0,38,D2,1186.35107421875,0.1981297880411148,2347.897582005707
51.0,38,D2,1186.35107421875,0.1981297880411148,2347.897582005707
51.0,38,D2,1186.35107421875,0.1981297880411148,2347.897582005707
51.0,52,E3,1186.35107421875,0.1981297880411148,2347.897582005707
51.0,35,B1,1186.35107421875,0.1981297880411148,2347.897582005707
51.0,54,F#3,1186.35107421875,0.1981297880411148,2347.897582005707
51.0,54,F#3,1186.35107421875,0.1981297880411148,2347.897582005707
51.0,50,D3,1186.35107421875,0.1981297880411148,2347.897582005707
51.0,50,D3,1186.35107421875,0.1981297880411148,2347.897582005707
51.0,38,D2,1186.35107421875,0.1981297880411148,2347.897582005707
51.0,54,F#3,1186.35107421875,0.1981297880411148,2347.897582005707
51.0,50,D3,1186.35107421875,0.1981297880411148,2347.897582005707
51.125,38,D2,1164.7745361328125,0.3343077600002289,2409.020939746001
51.25,38,D2,992.057373046875,0.21412427723407745,1770.3981996697348
51.25,38,D2,992.057373046875,0.21412427723407745,1770.3981996697348
51.25,38,D2,992.057373046875,0.21412427723407745,1770.3981996697348
51.25,52,E3,992.057373046875,0.21412427723407745,1770.3981996697348
51.25,35,B1,992.057373046875,0.21412427723407745,1770.3981996697348
51.25,54,F#3,992.057373046875,0.21412427723407745,1770.3981996697348
51.25,54,F#3,992.057373046875,0.21412427723407745,1770.3981996697348
51.25,50,D3,992.057373046875,0.21412427723407745,1770.3981996697348
51.25,50,D3,992.057373046875,0.21412427723407745,1770.3981996697348
51.25,38,D2,992.057373046875,0.21412427723407745,1770.3981996697348
51.375,38,D2,1172.0914306640625,0.3259977698326111,2798.391347539421
51.5,38,D2,1001.4967651367188,0.22655853629112244,2898.829006967277
51.5,38,D2,1001.4967651367188,0.22655853629112244,2898.829006967277
51.5,38,D2,1001.4967651367188,0.22655853629112244,2898.829006967277
51.5,52,E3,1001.4967651367188,0.22655853629112244,2898.829006967277
51.5,40,E2,1001.4967651367188,0.22655853629112244,2898.829006967277
51.5,54,F#3,1001.4967651367188,0.22655853629112244,2898.829006967277
51.5,54,F#3,1001.4967651367188,0.22655853629112244,2898.829006967277
51.5,50,D3,1001.4967651367188,0.22655853629112244,2898.829006967277
51.5,50,D3,1001.4967651367188,0.22655853629112244,2898.829006967277
51.5,38,D2,1001.4967651367188,0.22655853629112244,2898.829006967277
51.5,50,D3,1001.4967651367188,0.22655853629112244,2898.829006967277
51.5,54,F#3,1001.4967651367188,0.22655853629112244,2898.829006967277
51.625,38,D2,1195.880615234375,0.24497395753860474,2071.786729274904
51.75,38,D2,1174.8135986328125,0.23205770552158356,1780.9789613560602
51.75,38,D2,1174.8135986328125,0.23205770552158356,1780.9789613560602
51.75,38,D2,1174.8135986328125,0.23205770552158356,1780.9789613560602
51.75,52,E3,1174.8135986328125,0.23205770552158356,1780.9789613560602
51.75,35,B1,1174.8135986328125,0.23205770552158356,1780.9789613560602
51.75,54,F#3,1174.8135986328125,0.23205770552158356,1780.9789613560602
51.75,54,F#3,1174.8135986328125,0.23205770552158356,1780.9789613560602
51.75,50,D3,1174.8135986328125,0.23205770552158356,1780.9789613560602
51.75,50,D3,1174.8135986328125,0.23205770552158356,1780.9789613560602
51.75,38,D2,1174.8135986328125,0.23205770552158356,1780.9789613560602
51.875,38,D2,1182.259765625,0.26432904601097107,3025.398252572856
52.0,28,E1,1178.8427734375,0.22819921374320984,3306.4386563115654
52.0,28,E1,1178.8427734375,0.22819921374320984,3306.4386563115654
52.0,28,E1,1178.8427734375,0.22819921374320984,3306.4386563115654
52.0,28,E1,1178.8427734375,0.22819921374320984,3306.4386563115654
52.0,52,E3,1178.8427734375,0.22819921374320984,3306.4386563115654
52.0,35,B1,1178.8427734375,0.22819921374320984,3306.4386563115654
52.0,49,C#3,1178.8427734375,0.22819921374320984,3306.4386563115654
52.0,40,E2,1178.8427734375,0.22819921374320984,3306.4386563115654
52.0,40,E2,1178.8427734375,0.22819921374320984,3306.4386563115654
52.0,52,E3,1178.8427734375,0.22819921374320984,3306.4386563115654
52.0,55,G3,1178.8427734375,0.22819921374320984,3306.4386563115654
52.0,40,E2,1178.8427734375,0.22819921374320984,3306.4386563115654
52.0,43,G2,1178.8427734375,0.22819921374320984,3306.4386563115654
52.0,47,B2,1178.8427734375,0.22819921374320984,3306.4386563115654
52.0,52,E3,1178.8427734375,0.22819921374320984,3306.4386563115654
52.0,55,G3,1178.8427734375,0.22819921374320984,3306.4386563115654
52.125,52,E3,1175.6197509765625,0.19803646206855774,3008.17191373174
52.125,55,G3,1175.6197509765625,0.19803646206855774,3008.17191373174
52.25,40,E2,991.5264282226562,0.21707716584205627,2900.472150420607
52.25,40,E2,991.5264282226562,0.21707716584205627,2900.472150420607
52.25,40,E2,991.5264282226562,0.21707716584205627,2900.472150420607
52.25,40,E2,991.5264282226562,0.21707716584205627,2900.472150420607
52.25,52,E3,991.5264282226562,0.21707716584205627,2900.472150420607
52.25,52,E3,991.5264282226562,0.21707716584205627,2900.472150420607
52.25,52,E3,991.5264282226562,0.21707716584205627,2900.472150420607
52.25,52,E3,991.5264282226562,0.21707716584205627,2900.472150420607
52.25,52,E3,991.5264282226562,0.21707716584205627,2900.472150420607
52.25,55,G3,991.5264282226562,0.21707716584205627,2900.472150420607
52.375,52,E3,574.3648071289062,0.24259255826473236,3183.3173343234685
52.375,55,G3,574.3648071289062,0.24259255826473236,3183.3173343234685
52.5,35,B1,235.5628662109375,0.20318923890590668,2589.04179846653
52.5,35,B1,235.5628662109375,0.20318923890590668,2589.04179846653
52.5,35,B1,235.5628662109375,0.20318923890590668,2589.04179846653
52.5,35,B1,235.5628662109375,0.20318923890590668,2589.04179846653
52.5,52,E3,235.5628662109375,0.20318923890590668,2589.04179846653
52.5,40,E2,235.5628662109375,0.20318923890590668,2589.04179846653
52.5,47,B2,235.5628662109375,0.20318923890590668,2589.04179846653
52.5,47,B2,235.5628662109375,0.20318923890590668,2589.04179846653
52.5,52,E3,235.5628662109375,0.20318923890590668,2589.04179846653
52.5,55,G3,235.5628662109375,0.20318923890590668,2589.04179846653
52.625,52,E3,819.7122802734375,0.19568754732608795,1626.7202949610091
52.625,55,G3,819.7122802734375,0.19568754732608795,1626.7202949610091
52.75,38,D2,227.17999267578125,0.25266212224960327,1447.8722189594828
52.75,38,D2,227.17999267578125,0.25266212224960327,1447.8722189594828
52.75,38,D2,227.17999267578125,0.25266212224960327,1447.8722189594828
52.75,38,D2,227.17999267578125,0.25266212224960327,1447.8722189594828
52.75,52,E3,227.17999267578125,0.25266212224960327,1447.8722189594828
52.75,50,D3,227.17999267578125,0.25266212224960327,1447.8722189594828
52.75,50,D3,227.17999267578125,0.25266212224960327,1447.8722189594828
52.75,52,E3,227.17999267578125,0.25266212224960327,1447.8722189594828
52.75,55,G3,227.17999267578125,0.25266212224960327,1447.8722189594828
52.875,52,E3,494.0804748535156,0.2505340576171875,1766.149624542833
52.875,55,G3,494.0804748535156,0.2505340576171875,1766.149624542833
53.0,28,E1,329.8063659667969,0.22295381128787994,1457.0729967545567
53.0,28,E1,329.8063659667969,0.22295381128787994,1457.0729967545567
53.0,28,E1,329.8063659667969,0.22295381128787994,1457.0729967545567
53.0,28,E1,329.8063659667969,0.22295381128787994,1457.0729967545567
53.0,52,E3,329.8063659667969,0.22295381128787994,1457.0729967545567
53.0,35,B1,329.8063659667969,0.22295381128787994,1457.0729967545567
53.0,40,E2,329.8063659667969,0.22295381128787994,1457.0729967545567
53.0,40,E2,329.8063659667969,0.22295381128787994,1457.0729967545567
53.0,52,E3,329.8063659667969,0.22295381128787994,1457.0729967545567
53.0,55,G3,329.8063659667969,0.22295381128787994,1457.0729967545567
53.125,52,E3,246.4486083984375,0.22982658445835114,836.0352819318609
53.125,55,G3,246.4486083984375,0.22982658445835114,836.0352819318609
53.25,28,E1,466.0242004394531,0.26781901717185974,2391.850705513297
53.25,28,E1,466.0242004394531,0.26781901717185974,2391.850705513297
53.25,28,E1,466.0242004394531,0.26781901717185974,2391.850705513297
53.25,28,E1,466.0242004394531,0.26781901717185974,2391.850705513297
53.25,52,E3,466.0242004394531,0.26781901717185974,2391.850705513297
53.25,35,B1,466.0242004394531,0.26781901717185974,2391.850705513297
53.25,40,E2,466.0242004394531,0.26781901717185974,2391.850705513297
53.25,40,E2,466.0242004394531,0.26781901717185974,2391.850705513297
53.25,52,E3,466.0242004394531,0.26781901717185974,2391.850705513297
53.25,55,G3,466.0242004394531,0.26781901717185974,2391.850705513297
53.375,52,E3,472.364013671875,0.2523535192012787,3139.2679552379022
53.375,55,G3,472.364013671875,0.2523535192012787,3139.2679552379022
53.5,35,B1,352.3734436035156,0.22470316290855408,2238.5798842285194
53.5,35,B1,352.3734436035156,0.22470316290855408,2238.5798842285194
53.5,35,B1,352.3734436035156,0.22470316290855408,2238.5798842285194
53.5,35,B1,352.3734436035156,0.22470316290855408,2238.5798842285194
53.5,52,E3,352.3734436035156,0.22470316290855408,2238.5798842285194
53.5,40,E2,352.3734436035156,0.22470316290855408,2238.5798842285194
53.5,47,B2,352.3734436035156,0.22470316290855408,2238.5798842285194
53.5,47,B2,352.3734436035156,0.22470316290855408,2238.5798842285194
53.5,52,E3,352.3734436035156,0.22470316290855408,2238.5798842285194
53.5,55,G3,352.3734436035156,0.22470316290855408,2238.5798842285194
53.625,52,E3,368.8121032714844,0.21378329396247864,1295.6756762746154
53.625,55,G3,368.8121032714844,0.21378329396247864,1295.6756762746154
53.75,38,D2,214.17137145996094,0.31415000557899475,2391.235738774119
53.75,38,D2,214.17137145996094,0.31415000557899475,2391.235738774119
53.75,38,D2,214.17137145996094,0.31415000557899475,2391.235738774119
53.75,38,D2,214.17137145996094,0.31415000557899475,2391.235738774119
53.75,52,E3,214.17137145996094,0.31415000557899475,2391.235738774119
53.75,35,B1,214.17137145996094,0.31415000557899475,2391.235738774119
53.75,50,D3,214.17137145996094,0.31415000557899475,2391.235738774119
53.75,50,D3,214.17137145996094,0.31415000557899475,2391.235738774119
53.75,52,E3,214.17137145996094,0.31415000557899475,2391.235738774119
53.75,55,G3,214.17137145996094,0.31415000557899475,2391.235738774119
53.875,52,E3,248.029296875,0.2373443841934204,1134.7787657484125
53.875,55,G3,248.029296875,0.2373443841934204,1134.7787657484125
54.0,28,E1,747.1162719726562,0.21116535365581512,2353.8696568961736
54.0,28,E1,747.1162719726562,0.21116535365581512,2353.8696568961736
54.0,28,E1,747.1162719726562,0.21116535365581512,2353.8696568961736
54.0,28,E1,747.1162719726562,0.21116535365581512,2353.8696568961736
54.0,52,E3,747.1162719726562,0.21116535365581512,2353.8696568961736
54.0,35,B1,747.1162719726562,0.21116535365581512,2353.8696568961736
54.0,40,E2,747.1162719726562,0.21116535365581512,2353.8696568961736
54.0,40,E2,747.1162719726562,0.21116535365581512,2353.8696568961736
54.0,52,E3,747.1162719726562,0.21116535365581512,2353.8696568961736
54.0,55,G3,747.1162719726562,0.21116535365581512,2353.8696568961736
54.0,40,E2,747.1162719726562,0.21116535365581512,2353.8696568961736
54.0,43,G2,747.1162719726562,0.21116535365581512,2353.8696568961736
54.0,47,B2,747.1162719726562,0.21116535365581512,2353.8696568961736
54.0,52,E3,747.1162719726562,0.21116535365581512,2353.8696568961736
54.0,55,G3,747.1162719726562,0.21116535365581512,2353.8696568961736
54.125,52,E3,329.70013427734375,0.2139458954334259,782.2004047355413
54.125,55,G3,329.70013427734375,0.2139458954334259,782.2004047355413
54.25,40,E2,994.7265625,0.30625736713409424,2652.4130761432384
54.25,40,E2,994.7265625,0.30625736713409424,2652.4130761432384
54.25,40,E2,994.7265625,0.30625736713409424,2652.4130761432384
54.25,40,E2,994.7265625,0.30625736713409424,2652.4130761432384
54.25,52,E3,994.7265625,0.30625736713409424,2652.4130761432384
54.25,52,E3,994.7265625,0.30625736713409424,2652.4130761432384
54.25,52,E3,994.7265625,0.30625736713409424,2652.4130761432384
54.25,52,E3,994.7265625,0.30625736713409424,2652.4130761432384
54.25,52,E3,994.7265625,0.30625736713409424,2652.4130761432384
54.25,55,G3,994.7265625,0.30625736713409424,2652.4130761432384
54.375,52,E3,361.226318359375,0.24015730619430542,3154.2196377882883
54.375,55,G3,361.226318359375,0.24015730619430542,3154.2196377882883
54.5,35,B1,395.1923828125,0.20127062499523163,2547.9754276890676
54.5,35,B1,395.1923828125,0.20127062499523163,2547.9754276890676
54.5,35,B1,395.1923828125,0.20127062499523163,2547.9754276890676
54.5,35,B1,395.1923828125,0.20127062499523163,2547.9754276890676
54.5,52,E3,395.1923828125,0.20127062499523163,2547.9754276890676
54.5,40,E2,395.1923828125,0.20127062499523163,2547.9754276890676
54.5,47,B2,395.1923828125,0.20127062499523163,2547.9754276890676
54.5,47,B2,395.1923828125,0.20127062499523163,2547.9754276890676
54.5,52,E3,395.1923828125,0.20127062499523163,2547.9754276890676
54.5,55,G3,395.1923828125,0.20127062499523163,2547.9754276890676
54.625,52,E3,367.9573059082031,0.2041509449481964,2257.2498501918935
54.625,55,G3,367.9573059082031,0.2041509449481964,2257.2498501918935
54.75,38,D2,392.00531005859375,0.3210048973560333,2399.3759339457692
54.75,38,D2,392.00531005859375,0.3210048973560333,2399.3759339457692
54.75,38,D2,392.00531005859375,0.3210048973560333,2399.3759339457692
54.75,38,D2,392.00531005859375,0.3210048973560333,2399.3759339457692
54.75,52,E3,392.00531005859375,0.3210048973560333,2399.3759339457692
54.75,50,D3,392.00531005859375,0.3210048973560333,2399.3759339457692
54.75,50,D3,392.00531005859375,0.3210048973560333,2399.3759339457692
54.75,52,E3,392.00531005859375,0.3210048973560333,2399.3759339457692
54.75,55,G3,392.00531005859375,0.3210048973560333,2399.3759339457692
54.875,52,E3,246.8549041748047,0.18515177071094513,1128.3300531976768
54.875,55,G3,246.8549041748047,0.18515177071094513,1128.3300531976768
55.0,28,E1,1183.1298828125,0.26131123304367065,1572.2422769825587
55.0,28,E1,1183.1298828125,0.26131123304367065,1572.2422769825587
55.0,28,E1,1183.1298828125,0.26131123304367065,1572.2422769825587
55.0,28,E1,1183.1298828125,0.26131123304367065,1572.2422769825587
55.0,52,E3,1183.1298828125,0.26131123304367065,1572.2422769825587
55.0,35,B1,1183.1298828125,0.26131123304367065,1572.2422769825587
55.0,40,E2,1183.1298828125,0.26131123304367065,1572.2422769825587
55.0,40,E2,1183.1298828125,0.26131123304367065,1572.2422769825587
55.0,52,E3,1183.1298828125,0.26131123304367065,1572.2422769825587
55.0,55,G3,1183.1298828125,0.26131123304367065,1572.2422769825587
55.125,52,E3,247.69371032714844,0.24262668192386627,555.1993384721615
55.125,55,G3,247.69371032714844,0.24262668192386627,555.1993384721615
55.25,28,E1,742.8936157226562,0.3028700053691864,3185.461290626956
55.25,28,E1,742.8936157226562,0.3028700053691864,3185.461290626956
55.25,28,E1,742.8936157226562,0.3028700053691864,3185.461290626956
55.25,28,E1,742.8936157226562,0.3028700053691864,3185.461290626956
55.25,52,E3,742.8936157226562,0.3028700053691864,3185.461290626956
55.25,35,B1,742.8936157226562,0.3028700053691864,3185.461290626956
55.25,40,E2,742.8936157226562,0.3028700053691864,3185.461290626956
55.25,40,E2,742.8936157226562,0.3028700053691864,3185.461290626956
55.25,52,E3,742.8936157226562,0.3028700053691864,3185.461290626956
55.25,55,G3,742.8936157226562,0.3028700053691864,3185.461290626956
55.375,52,E3,365.6656188964844,0.21568487584590912,2856.307568122053
55.375,55,G3,365.6656188964844,0.21568487584590912,2856.307568122053
55.5,35,B1,1107.2607421875,0.21156339347362518,1753.77452721592
55.5,35,B1,1107.2607421875,0.21156339347362518,1753.77452721592
55.5,35,B1,1107.2607421875,0.21156339347362518,1753.77452721592
55.5,35,B1,1107.2607421875,0.21156339347362518,1753.77452721592
55.5,52,E3,1107.2607421875,0.21156339347362518,1753.77452721592
55.5,40,E2,1107.2607421875,0.21156339347362518,1753.77452721592
55.5,47,B2,1107.2607421875,0.21156339347362518,1753.77452721592
55.5,47,B2,1107.2607421875,0.21156339347362518,1753.77452721592
55.5,52,E3,1107.2607421875,0.21156339347362518,1753.77452721592
55.5,55,G3,1107.2607421875,0.21156339347362518,1753.77452721592
55.625,52,E3,366.6168518066406,0.18925857543945312,971.1618495793698
55.625,55,G3,366.6168518066406,0.18925857543945312,971.1618495793698
55.75,38,D2,657.3665161132812,0.353414386510849,2343.711062530544
55.75,38,D2,657.3665161132812,0.353414386510849,2343.711062530544
55.75,38,D2,657.3665161132812,0.353414386510849,2343.711062530544
55.75,38,D2,657.3665161132812,0.353414386510849,2343.711062530544
55.75,52,E3,657.3665161132812,0.353414386510849,2343.711062530544
55.75,40,E2,657.3665161132812,0.353414386510849,2343.711062530544
55.75,50,D3,657.3665161132812,0.353414386510849,2343.711062530544
55.75,50,D3,657.3665161132812,0.353414386510849,2343.711062530544
55.75,52,E3,657.3665161132812,0.353414386510849,2343.711062530544
55.75,55,G3,657.3665161132812,0.353414386510849,2343.711062530544
55.875,52,E3,248.16741943359375,0.2308385968208313,855.5952538642132
55.875,55,G3,248.16741943359375,0.2308385968208313,855.5952538642132
56.0,36,C2,835.886962890625,0.2004484087228775,1596.0872621305757
56.0,36,C2,835.886962890625,0.2004484087228775,1596.0872621305757
56.0,36,C2,835.886962890625,0.2004484087228775,1596.0872621305757
56.0,35,B1,835.886962890625,0.2004484087228775,1596.0872621305757
56.0,49,C#3,835.886962890625,0.2004484087228775,1596.0872621305757
56.0,48,C3,835.886962890625,0.2004484087228775,1596.0872621305757
56.0,48,C3,835.886962890625,0.2004484087228775,1596.0872621305757
56.0,52,E3,835.886962890625,0.2004484087228775,1596.0872621305757
56.0,52,E3,835.886962890625,0.2004484087228775,1596.0872621305757
56.0,55,G3,835.886962890625,0.2004484087228775,1596.0872621305757
56.0,55,G3,835.886962890625,0.2004484087228775,1596.0872621305757
56.25,36,C2,655.77685546875,0.29688987135887146,3106.811561594502
56.25,36,C2,655.77685546875,0.29688987135887146,3106.811561594502
56.25,36,C2,655.77685546875,0.29688987135887146,3106.811561594502
56.25,52,E3,655.77685546875,0.29688987135887146,3106.811561594502
56.25,48,C3,655.77685546875,0.29688987135887146,3106.811561594502
56.25,48,C3,655.77685546875,0.29688987135887146,3106.811561594502
56.25,52,E3,655.77685546875,0.29688987135887146,3106.811561594502
56.25,52,E3,655.77685546875,0.29688987135887146,3106.811561594502
56.25,55,G3,655.77685546875,0.29688987135887146,3106.811561594502
56.25,55,G3,655.77685546875,0.29688987135887146,3106.811561594502
56.5,36,C2,490.76556396484375,0.20366226136684418,1527.249781021992
56.5,36,C2,490.76556396484375,0.20366226136684418,1527.249781021992
56.5,36,C2,490.76556396484375,0.20366226136684418,1527.249781021992
56.5,52,E3,490.76556396484375,0.20366226136684418,1527.249781021992
56.5,40,E2,490.76556396484375,0.20366226136684418,1527.249781021992
56.5,55,G3,490.76556396484375,0.20366226136684418,1527.249781021992
56.5,55,G3,490.76556396484375,0.20366226136684418,1527.249781021992
56.5,52,E3,490.76556396484375,0.20366226136684418,1527.249781021992
56.5,52,E3,490.76556396484375,0.20366226136684418,1527.249781021992
56.5,48,C3,490.76556396484375,0.20366226136684418,1527.249781021992
56.5,48,C3,490.76556396484375,0.20366226136684418,1527.249781021992
56.75,36,C2,494.8699951171875,0.2881687581539154,2223.82319653458
56.75,36,C2,494.8699951171875,0.2881687581539154,2223.82319653458
56.75,36,C2,494.8699951171875,0.2881687581539154,2223.82319653458
56.75,35,B1,494.8699951171875,0.2881687581539154,2223.82319653458
56.75,52,E3,494.8699951171875,0.2881687581539154,2223.82319653458
56.75,55,G3,494.8699951171875,0.2881687581539154,2223.82319653458
56.75,55,G3,494.8699951171875,0.2881687581539154,2223.82319653458
56.75,52,E3,494.8699951171875,0.2881687581539154,2223.82319653458
56.75,52,E3,494.8699951171875,0.2881687581539154,2223.82319653458
56.75,48,C3,494.8699951171875,0.2881687581539154,2223.82319653458
56.75,48,C3,494.8699951171875,0.2881687581539154,2223.82319653458
57.0,38,D2,663.8050537109375,0.24918510019779205,1035.227988696231
57.0,38,D2,663.8050537109375,0.24918510019779205,1035.227988696231
57.0,38,D2,663.8050537109375,0.24918510019779205,1035.227988696231
57.0,57,A3,663.8050537109375,0.24918510019779205,1035.227988696231
57.0,35,B1,663.8050537109375,0.24918510019779205,1035.227988696231
57.0,50,D3,663.8050537109375,0.24918510019779205,1035.227988696231
57.0,54,F#3,663.8050537109375,0.24918510019779205,1035.227988696231
57.0,54,F#3,663.8050537109375,0.24918510019779205,1035.227988696231
57.0,57,A3,663.8050537109375,0.24918510019779205,1035.227988696231
57.0,57,A3,663.8050537109375,0.24918510019779205,1035.227988696231
57.0,50,D3,663.8050537109375,0.24918510019779205,1035.227988696231
57.25,38,D2,461.5717468261719,0.25474146008491516,3155.409157297833
57.25,38,D2,461.5717468261719,0.25474146008491516,3155.409157297833
57.25,38,D2,461.5717468261719,0.25474146008491516,3155.409157297833
57.25,52,E3,461.5717468261719,0.25474146008491516,3155.409157297833
57.25,50,D3,461.5717468261719,0.25474146008491516,3155.409157297833
57.25,50,D3,461.5717468261719,0.25474146008491516,3155.409157297833
57.25,54,F#3,461.5717468261719,0.25474146008491516,3155.409157297833
57.25,54,F#3,461.5717468261719,0.25474146008491516,3155.409157297833
57.25,57,A3,461.5717468261719,0.25474146008491516,3155.409157297833
57.25,57,A3,461.5717468261719,0.25474146008491516,3155.409157297833
57.5,38,D2,368.5741882324219,0.19501347839832306,1473.1142419989005
57.5,38,D2,368.5741882324219,0.19501347839832306,1473.1142419989005
57.5,38,D2,368.5741882324219,0.19501347839832306,1473.1142419989005
57.5,52,E3,368.5741882324219,0.19501347839832306,1473.1142419989005
57.5,40,E2,368.5741882324219,0.19501347839832306,1473.1142419989005
57.5,50,D3,368.5741882324219,0.19501347839832306,1473.1142419989005
57.5,50,D3,368.5741882324219,0.19501347839832306,1473.1142419989005
57.5,54,F#3,368.5741882324219,0.19501347839832306,1473.1142419989005
57.5,54,F#3,368.5741882324219,0.19501347839832306,1473.1142419989005
57.5,57,A3,368.5741882324219,0.19501347839832306,1473.1142419989005
57.5,57,A3,368.5741882324219,0.19501347839832306,1473.1142419989005
57.75,38,D2,204.7293701171875,0.2670985758304596,1773.5700332106212
57.75,38,D2,204.7293701171875,0.2670985758304596,1773.5700332106212
57.75,38,D2,204.7293701171875,0.2670985758304596,1773.5700332106212
57.75,52,E3,204.7293701171875,0.2670985758304596,1773.5700332106212
57.75,57,A3,204.7293701171875,0.2670985758304596,1773.5700332106212
57.75,57,A3,204.7293701171875,0.2670985758304596,1773.5700332106212
57.75,54,F#3,204.7293701171875,0.2670985758304596,1773.5700332106212
57.75,54,F#3,204.7293701171875,0.2670985758304596,1773.5700332106212
57.75,50,D3,204.7293701171875,0.2670985758304596,1773.5700332106212
57.75,50,D3,204.7293701171875,0.2670985758304596,1773.5700332106212
58.0,38,D2,751.1961669921875,0.20427647233009338,950.9032666013094
58.0,38,D2,751.1961669921875,0.20427647233009338,950.9032666013094
58.0,38,D2,751.1961669921875,0.20427647233009338,950.9032666013094
58.0,52,E3,751.1961669921875,0.20427647233009338,950.9032666013094
58.0,35,B1,751.1961669921875,0.20427647233009338,950.9032666013094
58.0,50,D3,751.1961669921875,0.20427647233009338,950.9032666013094
58.0,50,D3,751.1961669921875,0.20427647233009338,950.9032666013094
58.0,54,F#3,751.1961669921875,0.20427647233009338,950.9032666013094
58.0,54,F#3,751.1961669921875,0.20427647233009338,950.9032666013094
58.0,57,A3,751.1961669921875,0.20427647233009338,950.9032666013094
58.0,57,A3,751.1961669921875,0.20427647233009338,950.9032666013094
58.25,38,D2,473.9212646484375,0.25172457098960876,3108.303124157099
58.25,38,D2,473.9212646484375,0.25172457098960876,3108.303124157099
58.25,38,D2,473.9212646484375,0.25172457098960876,3108.303124157099
58.25,52,E3,473.9212646484375,0.25172457098960876,3108.303124157099
58.25,35,B1,473.9212646484375,0.25172457098960876,3108.303124157099
58.25,57,A3,473.9212646484375,0.25172457098960876,3108.303124157099
58.25,57,A3,473.9212646484375,0.25172457098960876,3108.303124157099
58.25,54,F#3,473.9212646484375,0.25172457098960876,3108.303124157099
58.25,54,F#3,473.9212646484375,0.25172457098960876,3108.303124157099
58.25,50,D3,473.9212646484375,0.25172457098960876,3108.303124157099
58.25,50,D3,473.9212646484375,0.25172457098960876,3108.303124157099
58.5,38,D2,293.8814697265625,0.20457305014133453,1961.4322038954851
58.5,38,D2,293.8814697265625,0.20457305014133453,1961.4322038954851
58.5,38,D2,293.8814697265625,0.20457305014133453,1961.4322038954851
58.5,52,E3,293.8814697265625,0.20457305014133453,1961.4322038954851
58.5,40,E2,293.8814697265625,0.20457305014133453,1961.4322038954851
58.5,50,D3,293.8814697265625,0.20457305014133453,1961.4322038954851
58.5,50,D3,293.8814697265625,0.20457305014133453,1961.4322038954851
58.5,54,F#3,293.8814697265625,0.20457305014133453,1961.4322038954851
58.5,54,F#3,293.8814697265625,0.20457305014133453,1961.4322038954851
58.5,57,A3,293.8814697265625,0.20457305014133453,1961.4322038954851
58.5,57,A3,293.8814697265625,0.20457305014133453,1961.4322038954851
58.75,38,D2,387.4119873046875,0.23082317411899567,1396.2735412494503
58.75,38,D2,387.4119873046875,0.23082317411899567,1396.2735412494503
58.75,38,D2,387.4119873046875,0.23082317411899567,1396.2735412494503
58.75,52,E3,387.4119873046875,0.23082317411899567,1396.2735412494503
58.75,35,B1,387.4119873046875,0.23082317411899567,1396.2735412494503
58.75,57,A3,387.4119873046875,0.23082317411899567,1396.2735412494503
58.75,57,A3,387.4119873046875,0.23082317411899567,1396.2735412494503
58.75,54,F#3,387.4119873046875,0.23082317411899567,1396.2735412494503
58.75,54,F#3,387.4119873046875,0.23082317411899567,1396.2735412494503
58.75,50,D3,387.4119873046875,0.23082317411899567,1396.2735412494503
58.75,50,D3,387.4119873046875,0.23082317411899567,1396.2735412494503
59.0,40,E2,247.63099670410156,0.22485999763011932,993.3099698919466
59.0,40,E2,247.63099670410156,0.22485999763011932,993.3099698919466
59.0,40,E2,247.63099670410156,0.22485999763011932,993.3099698919466
59.0,35,B1,247.63099670410156,0.22485999763011932,993.3099698919466
59.0,57,A3,247.63099670410156,0.22485999763011932,993.3099698919466
59.0,59,B3,247.63099670410156,0.22485999763011932,993.3099698919466
59.0,52,E3,247.63099670410156,0.22485999763011932,993.3099698919466
59.0,52,E3,247.63099670410156,0.22485999763011932,993.3099698919466
59.0,59,B3,247.63099670410156,0.22485999763011932,993.3099698919466
59.0,55,G3,247.63099670410156,0.22485999763011932,993.3099698919466
59.0,55,G3,247.63099670410156,0.22485999763011932,993.3099698919466
59.25,40,E2,493.0968017578125,0.2184775173664093,3220.3871257609126
59.25,40,E2,493.0968017578125,0.2184775173664093,3220.3871257609126
59.25,40,E2,493.0968017578125,0.2184775173664093,3220.3871257609126
59.25,52,E3,493.0968017578125,0.2184775173664093,3220.3871257609126
59.25,55,G3,493.0968017578125,0.2184775173664093,3220.3871257609126
59.25,55,G3,493.0968017578125,0.2184775173664093,3220.3871257609126
59.25,52,E3,493.0968017578125,0.2184775173664093,3220.3871257609126
59.25,52,E3,493.0968017578125,0.2184775173664093,3220.3871257609126
59.25,59,B3,493.0968017578125,0.2184775173664093,3220.3871257609126
59.25,59,B3,493.0968017578125,0.2184775173664093,3220.3871257609126
59.5,40,E2,377.3758239746094,0.19963592290878296,1214.3363576228562
59.5,40,E2,377.3758239746094,0.19963592290878296,1214.3363576228562
59.5,40,E2,377.3758239746094,0.19963592290878296,1214.3363576228562
59.5,52,E3,377.3758239746094,0.19963592290878296,1214.3363576228562
59.5,40,E2,377.3758239746094,0.19963592290878296,1214.3363576228562
59.5,59,B3,377.3758239746094,0.19963592290878296,1214.3363576228562
59.5,59,B3,377.3758239746094,0.19963592290878296,1214.3363576228562
59.5,52,E3,377.3758239746094,0.19963592290878296,1214.3363576228562
59.5,52,E3,377.3758239746094,0.19963592290878296,1214.3363576228562
59.5,55,G3,377.3758239746094,0.19963592290878296,1214.3363576228562
59.5,55,G3,377.3758239746094,0.19963592290878296,1214.3363576228562
59.75,40,E2,785.0779418945312,0.25215017795562744,3043.5513237809487
59.75,40,E2,785.0779418945312,0.25215017795562744,3043.5513237809487
59.75,40,E2,785.0779418945312,0.25215017795562744,3043.5513237809487
59.75,52,E3,785.0779418945312,0.25215017795562744,3043.5513237809487
59.75,35,B1,785.0779418945312,0.25215017795562744,3043.5513237809487
59.75,55,G3,785.0779418945312,0.25215017795562744,3043.5513237809487
59.75,55,G3,785.0779418945312,0.25215017795562744,3043.5513237809487
59.75,52,E3,785.0779418945312,0.25215017795562744,3043.5513237809487
59.75,52,E3,785.0779418945312,0.25215017795562744,3043.5513237809487
59.75,59,B3,785.0779418945312,0.25215017795562744,3043.5513237809487
59.75,59,B3,785.0779418945312,0.25215017795562744,3043.5513237809487
60.0,36,C2,1176.1414794921875,0.2274334579706192,2416.011130372302
60.0,36,C2,1176.1414794921875,0.2274334579706192,2416.011130372302
60.0,36,C2,1176.1414794921875,0.2274334579706192,2416.011130372302
60.0,35,B1,1176.1414794921875,0.2274334579706192,2416.011130372302
60.0,49,C#3,1176.1414794921875,0.2274334579706192,2416.011130372302
60.0,48,C3,1176.1414794921875,0.2274334579706192,2416.011130372302
60.0,48,C3,1176.1414794921875,0.2274334579706192,2416.011130372302
60.0,52,E3,1176.1414794921875,0.2274334579706192,2416.011130372302
60.0,52,E3,1176.1414794921875,0.2274334579706192,2416.011130372302
60.0,55,G3,1176.1414794921875,0.2274334579706192,2416.011130372302
60.0,55,G3,1176.1414794921875,0.2274334579706192,2416.011130372302
60.25,36,C2,780.498779296875,0.2420976161956787,2798.5320920402655
60.25,36,C2,780.498779296875,0.2420976161956787,2798.5320920402655
60.25,36,C2,780.498779296875,0.2420976161956787,2798.5320920402655
60.25,52,E3,780.498779296875,0.2420976161956787,2798.5320920402655
60.25,48,C3,780.498779296875,0.2420976161956787,2798.5320920402655
60.25,48,C3,780.498779296875,0.2420976161956787,2798.5320920402655
60.25,52,E3,780.498779296875,0.2420976161956787,2798.5320920402655
60.25,52,E3,780.498779296875,0.2420976161956787,2798.5320920402655
60.25,55,G3,780.498779296875,0.2420976161956787,2798.5320920402655
60.25,55,G3,780.498779296875,0.2420976161956787,2798.5320920402655
60.5,36,C2,1165.352294921875,0.17906269431114197,1799.9146915313386
60.5,36,C2,1165.352294921875,0.17906269431114197,1799.9146915313386
60.5,36,C2,1165.352294921875,0.17906269431114197,1799.9146915313386
60.5,52,E3,1165.352294921875,0.17906269431114197,1799.9146915313386
60.5,40,E2,1165.352294921875,0.17906269431114197,1799.9146915313386
60.5,55,G3,1165.352294921875,0.17906269431114197,1799.9146915313386
60.5,55,G3,1165.352294921875,0.17906269431114197,1799.9146915313386
60.5,52,E3,1165.352294921875,0.17906269431114197,1799.9146915313386
60.5,52,E3,1165.352294921875,0.17906269431114197,1799.9146915313386
60.5,48,C3,1165.352294921875,0.17906269431114197,1799.9146915313386
60.5,48,C3,1165.352294921875,0.17906269431114197,1799.9146915313386
60.75,36,C2,1044.72705078125,0.15313276648521423,1810.1260981005794
60.75,36,C2,1044.72705078125,0.15313276648521423,1810.1260981005794
60.75,36,C2,1044.72705078125,0.15313276648521423,1810.1260981005794
60.75,35,B1,1044.72705078125,0.15313276648521423,1810.1260981005794
60.75,52,E3,1044.72705078125,0.15313276648521423,1810.1260981005794
60.75,55,G3,1044.72705078125,0.15313276648521423,1810.1260981005794
60.75,55,G3,1044.72705078125,0.15313276648521423,1810.1260981005794
60.75,52,E3,1044.72705078125,0.15313276648521423,1810.1260981005794
60.75,52,E3,1044.72705078125,0.15313276648521423,1810.1260981005794
60.75,48,C3,1044.72705078125,0.15313276648521423,1810.1260981005794
60.75,48,C3,1044.72705078125,0.15313276648521423,1810.1260981005794
61.0,38,D2,989.1824951171875,0.23430441319942474,1420.1827792036638
61.0,38,D2,989.1824951171875,0.23430441319942474,1420.1827792036638
61.0,38,D2,989.1824951171875,0.23430441319942474,1420.1827792036638
61.0,57,A3,989.1824951171875,0.23430441319942474,1420.1827792036638
61.0,35,B1,989.1824951171875,0.23430441319942474,1420.1827792036638
61.0,50,D3,989.1824951171875,0.23430441319942474,1420.1827792036638
61.0,54,F#3,989.1824951171875,0.23430441319942474,1420.1827792036638
61.0,54,F#3,989.1824951171875,0.23430441319942474,1420.1827792036638
61.0,57,A3,989.1824951171875,0.23430441319942474,1420.1827792036638
61.0,57,A3,989.1824951171875,0.23430441319942474,1420.1827792036638
61.0,50,D3,989.1824951171875,0.23430441319942474,1420.1827792036638
61.25,38,D2,662.6998901367188,0.22944387793540955,2311.555931543683
61.25,38,D2,662.6998901367188,0.22944387793540955,2311.555931543683
61.25,38,D2,662.6998901367188,0.22944387793540955,2311.555931543683
61.25,52,E3,662.6998901367188,0.22944387793540955,2311.555931543683
61.25,50,D3,662.6998901367188,0.22944387793540955,2311.555931543683
61.25,50,D3,662.6998901367188,0.22944387793540955,2311.555931543683
61.25,54,F#3,662.6998901367188,0.22944387793540955,2311.555931543683
61.25,54,F#3,662.6998901367188,0.22944387793540955,2311.555931543683
61.25,57,A3,662.6998901367188,0.22944387793540955,2311.555931543683
61.25,57,A3,662.6998901367188,0.22944387793540955,2311.555931543683
61.5,38,D2,884.5452880859375,0.19950708746910095,1649.698432117091
61.5,38,D2,884.5452880859375,0.19950708746910095,1649.698432117091
61.5,38,D2,884.5452880859375,0.19950708746910095,1649.698432117091
61.5,52,E3,884.5452880859375,0.19950708746910095,1649.698432117091
61.5,40,E2,884.5452880859375,0.19950708746910095,1649.698432117091
61.5,50,D3,884.5452880859375,0.19950708746910095,1649.698432117091
61.5,50,D3,884.5452880859375,0.19950708746910095,1649.698432117091
61.5,54,F#3,884.5452880859375,0.19950708746910095,1649.698432117091
61.5,54,F#3,884.5452880859375,0.19950708746910095,1649.698432117091
61.5,57,A3,884.5452880859375,0.19950708746910095,1649.698432117091
61.5,57,A3,884.5452880859375,0.19950708746910095,1649.698432117091
61.75,38,D2,1183.18017578125,0.27156075835227966,1662.8163128432711
61.75,38,D2,1183.18017578125,0.27156075835227966,1662.8163128432711
61.75,38,D2,1183.18017578125,0.27156075835227966,1662.8163128432711
61.75,52,E3,1183.18017578125,0.27156075835227966,1662.8163128432711
61.75,57,A3,1183.18017578125,0.27156075835227966,1662.8163128432711
61.75,57,A3,1183.18017578125,0.27156075835227966,1662.8163128432711
61.75,54,F#3,1183.18017578125,0.27156075835227966,1662.8163128432711
61.75,54,F#3,1183.18017578125,0.27156075835227966,1662.8163128432711
61.75,50,D3,1183.18017578125,0.27156075835227966,1662.8163128432711
61.75,50,D3,1183.18017578125,0.27156075835227966,1662.8163128432711
62.0,38,D2,1180.26220703125,0.1960022896528244,1702.7223753998364
62.0,38,D2,1180.26220703125,0.1960022896528244,1702.7223753998364
62.0,38,D2,1180.26220703125,0.1960022896528244,1702.7223753998364
62.0,35,B1,1180.26220703125,0.1960022896528244,1702.7223753998364
62.0,52,E3,1180.26220703125,0.1960022896528244,1702.7223753998364
62.0,50,D3,1180.26220703125,0.1960022896528244,1702.7223753998364
62.0,50,D3,1180.26220703125,0.1960022896528244,1702.7223753998364
62.0,54,F#3,1180.26220703125,0.1960022896528244,1702.7223753998364
62.0,54,F#3,1180.26220703125,0.1960022896528244,1702.7223753998364
62.0,57,A3,1180.26220703125,0.1960022896528244,1702.7223753998364
62.0,57,A3,1180.26220703125,0.1960022896528244,1702.7223753998364
62.25,38,D2,1104.5662841796875,0.20472411811351776,2412.3557054638695
62.25,38,D2,1104.5662841796875,0.20472411811351776,2412.3557054638695
62.25,38,D2,1104.5662841796875,0.20472411811351776,2412.3557054638695
62.25,52,E3,1104.5662841796875,0.20472411811351776,2412.3557054638695
62.25,35,B1,1104.5662841796875,0.20472411811351776,2412.3557054638695
62.25,57,A3,1104.5662841796875,0.20472411811351776,2412.3557054638695
62.25,57,A3,1104.5662841796875,0.20472411811351776,2412.3557054638695
62.25,54,F#3,1104.5662841796875,0.20472411811351776,2412.3557054638695
62.25,54,F#3,1104.5662841796875,0.20472411811351776,2412.3557054638695
62.25,50,D3,1104.5662841796875,0.20472411811351776,2412.3557054638695
62.25,50,D3,1104.5662841796875,0.20472411811351776,2412.3557054638695
62.5,38,D2,1181.375244140625,0.25452980399131775,1955.5278618148268
62.5,38,D2,1181.375244140625,0.25452980399131775,1955.5278618148268
62.5,38,D2,1181.375244140625,0.25452980399131775,1955.5278618148268
62.5,52,E3,1181.375244140625,0.25452980399131775,1955.5278618148268
62.5,40,E2,1181.375244140625,0.25452980399131775,1955.5278618148268
62.5,50,D3,1181.375244140625,0.25452980399131775,1955.5278618148268
62.5,50,D3,1181.375244140625,0.25452980399131775,1955.5278618148268
62.5,54,F#3,1181.375244140625,0.25452980399131775,1955.5278618148268
62.5,54,F#3,1181.375244140625,0.25452980399131775,1955.5278618148268
62.5,57,A3,1181.375244140625,0.25452980399131775,1955.5278618148268
62.5,57,A3,1181.375244140625,0.25452980399131775,1955.5278618148268
62.75,38,D2,883.491943359375,0.23046298325061798,1343.234417866733
62.75,38,D2,883.491943359375,0.23046298325061798,1343.234417866733
62.75,38,D2,883.491943359375,0.23046298325061798,1343.234417866733
62.75,52,E3,883.491943359375,0.23046298325061798,1343.234417866733
62.75,35,B1,883.491943359375,0.23046298325061798,1343.234417866733
62.75,57,A3,883.491943359375,0.23046298325061798,1343.234417866733
62.75,57,A3,883.491943359375,0.23046298325061798,1343.234417866733
62.75,54,F#3,883.491943359375,0.23046298325061798,1343.234417866733
62.75,54,F#3,883.491943359375,0.23046298325061798,1343.234417866733
62.75,50,D3,883.491943359375,0.23046298325061798,1343.234417866733
62.75,50,D3,883.491943359375,0.23046298325061798,1343.234417866733
63.0,40,E2,1186.443603515625,0.31201645731925964,2148.2142561882206
63.0,40,E2,1186.443603515625,0.31201645731925964,2148.2142561882206
63.0,40,E2,1186.443603515625,0.31201645731925964,2148.2142561882206
63.0,35,B1,1186.443603515625,0.31201645731925964,2148.2142561882206
63.0,57,A3,1186.443603515625,0.31201645731925964,2148.2142561882206
63.0,59,B3,1186.443603515625,0.31201645731925964,2148.2142561882206
63.0,52,E3,1186.443603515625,0.31201645731925964,2148.2142561882206
63.0,52,E3,1186.443603515625,0.31201645731925964,2148.2142561882206
63.0,59,B3,1186.443603515625,0.31201645731925964,2148.2142561882206
63.0,55,G3,1186.443603515625,0.31201645731925964,2148.2142561882206
63.0,55,G3,1186.443603515625,0.31201645731925964,2148.2142561882206
63.25,40,E2,892.4188232421875,0.20031389594078064,1959.1162969573945
63.25,40,E2,892.4188232421875,0.20031389594078064,1959.1162969573945
63.25,40,E2,892.4188232421875,0.20031389594078064,1959.1162969573945
63.25,52,E3,892.4188232421875,0.20031389594078064,1959.1162969573945
63.25,55,G3,892.4188232421875,0.20031389594078064,1959.1162969573945
63.25,55,G3,892.4188232421875,0.20031389594078064,1959.1162969573945
63.25,52,E3,892.4188232421875,0.20031389594078064,1959.1162969573945
63.25,52,E3,892.4188232421875,0.20031389594078064,1959.1162969573945
63.25,59,B3,892.4188232421875,0.20031389594078064,1959.1162969573945
63.25,59,B3,892.4188232421875,0.20031389594078064,1959.1162969573945
63.5,40,E2,890.167724609375,0.35036700963974,1995.9445990027352
63.5,40,E2,890.167724609375,0.35036700963974,1995.9445990027352
63.5,40,E2,890.167724609375,0.35036700963974,1995.9445990027352
63.5,52,E3,890.167724609375,0.35036700963974,1995.9445990027352
63.5,40,E2,890.167724609375,0.35036700963974,1995.9445990027352
63.5,59,B3,890.167724609375,0.35036700963974,1995.9445990027352
63.5,59,B3,890.167724609375,0.35036700963974,1995.9445990027352
63.5,52,E3,890.167724609375,0.35036700963974,1995.9445990027352
63.5,52,E3,890.167724609375,0.35036700963974,1995.9445990027352
63.5,55,G3,890.167724609375,0.35036700963974,1995.9445990027352
63.5,55,G3,890.167724609375,0.35036700963974,1995.9445990027352
63.75,40,E2,992.1463012695312,0.24326831102371216,1978.2743539954927
63.75,40,E2,992.1463012695312,0.24326831102371216,1978.2743539954927
63.75,40,E2,992.1463012695312,0.24326831102371216,1978.2743539954927
63.75,52,E3,992.1463012695312,0.24326831102371216,1978.2743539954927
63.75,35,B1,992.1463012695312,0.24326831102371216,1978.2743539954927
63.75,55,G3,992.1463012695312,0.24326831102371216,1978.2743539954927
63.75,55,G3,992.1463012695312,0.24326831102371216,1978.2743539954927
63.75,52,E3,992.1463012695312,0.24326831102371216,1978.2743539954927
63.75,52,E3,992.1463012695312,0.24326831102371216,1978.2743539954927
63.75,59,B3,992.1463012695312,0.24326831102371216,1978.2743539954927
63.75,59,B3,992.1463012695312,0.24326831102371216,1978.2743539954927
64.0,36,C2,1170.7630615234375,0.30657699704170227,2742.9026044416123
64.0,36,C2,1170.7630615234375,0.30657699704170227,2742.9026044416123
64.0,36,C2,1170.7630615234375,0.30657699704170227,2742.9026044416123
64.0,35,B1,1170.7630615234375,0.30657699704170227,2742.9026044416123
64.0,49,C#3,1170.7630615234375,0.30657699704170227,2742.9026044416123
64.0,48,C3,1170.7630615234375,0.30657699704170227,2742.9026044416123
64.0,48,C3,1170.7630615234375,0.30657699704170227,2742.9026044416123
64.0,52,E3,1170.7630615234375,0.30657699704170227,2742.9026044416123
64.0,52,E3,1170.7630615234375,0.30657699704170227,2742.9026044416123
64.0,55,G3,1170.7630615234375,0.30657699704170227,2742.9026044416123
64.0,55,G3,1170.7630615234375,0.30657699704170227,2742.9026044416123
64.25,36,C2,989.87353515625,0.22700875997543335,2033.0815714916487
64.25,36,C2,989.87353515625,0.22700875997543335,2033.0815714916487
64.25,36,C2,989.87353515625,0.22700875997543335,2033.0815714916487
64.25,52,E3,989.87353515625,0.22700875997543335,2033.0815714916487
64.25,48,C3,989.87353515625,0.22700875997543335,2033.0815714916487
64.25,48,C3,989.87353515625,0.22700875997543335,2033.0815714916487
64.25,52,E3,989.87353515625,0.22700875997543335,2033.0815714916487
64.25,52,E3,989.87353515625,0.22700875997543335,2033.0815714916487
64.25,55,G3,989.87353515625,0.22700875997543335,2033.0815714916487
64.25,55,G3,989.87353515625,0.22700875997543335,2033.0815714916487
64.5,36,C2,991.0804443359375,0.3496275246143341,2350.601968801422
64.5,36,C2,991.0804443359375,0.3496275246143341,2350.601968801422
64.5,36,C2,991.0804443359375,0.3496275246143341,2350.601968801422
64.5,52,E3,991.0804443359375,0.3496275246143341,2350.601968801422
64.5,40,E2,991.0804443359375,0.3496275246143341,2350.601968801422
64.5,55,G3,991.0804443359375,0.3496275246143341,2350.601968801422
64.5,55,G3,991.0804443359375,0.3496275246143341,2350.601968801422
64.5,52,E3,991.0804443359375,0.3496275246143341,2350.601968801422
64.5,52,E3,991.0804443359375,0.3496275246143341,2350.601968801422
64.5,48,C3,991.0804443359375,0.3496275246143341,2350.601968801422
64.5,48,C3,991.0804443359375,0.3496275246143341,2350.601968801422
64.75,36,C2,1154.1068115234375,0.2929159998893738,1692.0026338294767
64.75,36,C2,1154.1068115234375,0.2929159998893738,1692.0026338294767
64.75,36,C2,1154.1068115234375,0.2929159998893738,1692.0026338294767
64.75,35,B1,1154.1068115234375,0.2929159998893738,1692.0026338294767
64.75,52,E3,1154.1068115234375,0.2929159998893738,1692.0026338294767
64.75,55,G3,1154.1068115234375,0.2929159998893738,1692.0026338294767
64.75,55,G3,1154.1068115234375,0.2929159998893738,1692.0026338294767
64.75,52,E3,1154.1068115234375,0.2929159998893738,1692.0026338294767
64.75,52,E3,1154.1068115234375,0.2929159998893738,1692.0026338294767
64.75,48,C3,1154.1068115234375,0.2929159998893738,1692.0026338294767
64.75,48,C3,1154.1068115234375,0.2929159998893738,1692.0026338294767
65.0,38,D2,1115.625732421875,0.3193041980266571,2812.5252804246893
65.0,38,D2,1115.625732421875,0.3193041980266571,2812.5252804246893
65.0,38,D2,1115.625732421875,0.3193041980266571,2812.5252804246893
65.0,57,A3,1115.625732421875,0.3193041980266571,2812.5252804246893
65.0,35,B1,1115.625732421875,0.3193041980266571,2812.5252804246893
65.0,50,D3,1115.625732421875,0.3193041980266571,2812.5252804246893
65.0,54,F#3,1115.625732421875,0.3193041980266571,2812.5252804246893
65.0,54,F#3,1115.625732421875,0.3193041980266571,2812.5252804246893
65.0,57,A3,1115.625732421875,0.3193041980266571,2812.5252804246893
65.0,57,A3,1115.625732421875,0.3193041980266571,2812.5252804246893
65.0,50,D3,1115.625732421875,0.3193041980266571,2812.5252804246893
65.25,38,D2,1046.1636962890625,0.24739664793014526,1961.0075608903828
65.25,38,D2,1046.1636962890625,0.24739664793014526,1961.0075608903828
65.25,38,D2,1046.1636962890625,0.24739664793014526,1961.0075608903828
65.25,52,E3,1046.1636962890625,0.24739664793014526,1961.0075608903828
65.25,50,D3,1046.1636962890625,0.24739664793014526,1961.0075608903828
65.25,50,D3,1046.1636962890625,0.24739664793014526,1961.0075608903828
65.25,54,F#3,1046.1636962890625,0.24739664793014526,1961.0075608903828
65.25,54,F#3,1046.1636962890625,0.24739664793014526,1961.0075608903828
65.25,57,A3,1046.1636962890625,0.24739664793014526,1961.0075608903828
65.25,57,A3,1046.1636962890625,0.24739664793014526,1961.0075608903828
65.5,38,D2,989.9862060546875,0.34214022755622864,2287.3450041052765
65.5,38,D2,989.9862060546875,0.34214022755622864,2287.3450041052765
65.5,38,D2,989.9862060546875,0.34214022755622864,2287.3450041052765
65.5,52,E3,989.9862060546875,0.34214022755622864,2287.3450041052765
65.5,40,E2,989.9862060546875,0.34214022755622864,2287.3450041052765
65.5,50,D3,989.9862060546875,0.34214022755622864,2287.3450041052765
65.5,50,D3,989.9862060546875,0.34214022755622864,2287.3450041052765
65.5,54,F#3,989.9862060546875,0.34214022755622864,2287.3450041052765
65.5,54,F#3,989.9862060546875,0.34214022755622864,2287.3450041052765
65.5,57,A3,989.9862060546875,0.34214022755622864,2287.3450041052765
65.5,57,A3,989.9862060546875,0.34214022755622864,2287.3450041052765
65.75,38,D2,1179.4786376953125,0.24831010401248932,1806.741846527077
65.75,38,D2,1179.4786376953125,0.24831010401248932,1806.741846527077
65.75,38,D2,1179.4786376953125,0.24831010401248932,1806.741846527077
65.75,52,E3,1179.4786376953125,0.24831010401248932,1806.741846527077
65.75,57,A3,1179.4786376953125,0.24831010401248932,1806.741846527077
65.75,57,A3,1179.4786376953125,0.24831010401248932,1806.741846527077
65.75,54,F#3,1179.4786376953125,0.24831010401248932,1806.741846527077
65.75,54,F#3,1179.4786376953125,0.24831010401248932,1806.741846527077
65.75,50,D3,1179.4786376953125,0.24831010401248932,1806.741846527077
65.75,50,D3,1179.4786376953125,0.24831010401248932,1806.741846527077
66.0,38,D2,1173.33203125,0.31093674898147583,2969.755286923452
66.0,38,D2,1173.33203125,0.31093674898147583,2969.755286923452
66.0,38,D2,1173.33203125,0.31093674898147583,2969.755286923452
66.0,35,B1,1173.33203125,0.31093674898147583,2969.755286923452
66.0,52,E3,1173.33203125,0.31093674898147583,2969.755286923452
66.0,50,D3,1173.33203125,0.31093674898147583,2969.755286923452
66.0,50,D3,1173.33203125,0.31093674898147583,2969.755286923452
66.0,54,F#3,1173.33203125,0.31093674898147583,2969.755286923452
66.0,54,F#3,1173.33203125,0.31093674898147583,2969.755286923452
66.0,57,A3,1173.33203125,0.31093674898147583,2969.755286923452
66.0,57,A3,1173.33203125,0.31093674898147583,2969.755286923452
66.25,38,D2,1192.6630859375,0.2347472608089447,1789.8387643404378
66.25,38,D2,1192.6630859375,0.2347472608089447,1789.8387643404378
66.25,38,D2,1192.6630859375,0.2347472608089447,1789.8387643404378
66.25,52,E3,1192.6630859375,0.2347472608089447,1789.8387643404378
66.25,35,B1,1192.6630859375,0.2347472608089447,1789.8387643404378
66.25,57,A3,1192.6630859375,0.2347472608089447,1789.8387643404378
66.25,57,A3,1192.6630859375,0.2347472608089447,1789.8387643404378
66.25,54,F#3,1192.6630859375,0.2347472608089447,1789.8387643404378
66.25,54,F#3,1192.6630859375,0.2347472608089447,1789.8387643404378
66.25,50,D3,1192.6630859375,0.2347472608089447,1789.8387643404378
66.25,50,D3,1192.6630859375,0.2347472608089447,1789.8387643404378
66.5,38,D2,1163.8973388671875,0.30925899744033813,2060.3423907390365
66.5,38,D2,1163.8973388671875,0.30925899744033813,2060.3423907390365
66.5,38,D2,1163.8973388671875,0.30925899744033813,2060.3423907390365
66.5,52,E3,1163.8973388671875,0.30925899744033813,2060.3423907390365
66.5,40,E2,1163.8973388671875,0.30925899744033813,2060.3423907390365
66.5,50,D3,1163.8973388671875,0.30925899744033813,2060.3423907390365
66.5,50,D3,1163.8973388671875,0.30925899744033813,2060.3423907390365
66.5,54,F#3,1163.8973388671875,0.30925899744033813,2060.3423907390365
66.5,54,F#3,1163.8973388671875,0.30925899744033813,2060.3423907390365
66.5,57,A3,1163.8973388671875,0.30925899744033813,2060.3423907390365
66.5,57,A3,1163.8973388671875,0.30925899744033813,2060.3423907390365
66.75,38,D2,991.6631469726562,0.2867886424064636,1488.8423166623295
66.75,38,D2,991.6631469726562,0.2867886424064636,1488.8423166623295
66.75,38,D2,991.6631469726562,0.2867886424064636,1488.8423166623295
66.75,52,E3,991.6631469726562,0.2867886424064636,1488.8423166623295
66.75,35,B1,991.6631469726562,0.2867886424064636,1488.8423166623295
66.75,57,A3,991.6631469726562,0.2867886424064636,1488.8423166623295
66.75,57,A3,991.6631469726562,0.2867886424064636,1488.8423166623295
66.75,54,F#3,991.6631469726562,0.2867886424064636,1488.8423166623295
66.75,54,F#3,991.6631469726562,0.2867886424064636,1488.8423166623295
66.75,50,D3,991.6631469726562,0.2867886424064636,1488.8423166623295
66.75,50,D3,991.6631469726562,0.2867886424064636,1488.8423166623295
67.0,38,D2,992.2972412109375,0.28688812255859375,3070.263844298337
67.0,38,D2,992.2972412109375,0.28688812255859375,3070.263844298337
67.0,38,D2,992.2972412109375,0.28688812255859375,3070.263844298337
67.0,35,B1,992.2972412109375,0.28688812255859375,3070.263844298337
67.0,52,E3,992.2972412109375,0.28688812255859375,3070.263844298337
67.0,57,A3,992.2972412109375,0.28688812255859375,3070.263844298337
67.0,50,D3,992.2972412109375,0.28688812255859375,3070.263844298337
67.0,50,D3,992.2972412109375,0.28688812255859375,3070.263844298337
67.0,57,A3,992.2972412109375,0.28688812255859375,3070.263844298337
67.0,54,F#3,992.2972412109375,0.28688812255859375,3070.263844298337
67.0,54,F#3,992.2972412109375,0.28688812255859375,3070.263844298337
67.25,38,D2,1175.64404296875,0.2493765503168106,2104.9003484705395
67.25,38,D2,1175.64404296875,0.2493765503168106,2104.9003484705395
67.25,38,D2,1175.64404296875,0.2493765503168106,2104.9003484705395
67.25,52,E3,1175.64404296875,0.2493765503168106,2104.9003484705395
67.25,54,F#3,1175.64404296875,0.2493765503168106,2104.9003484705395
67.25,54,F#3,1175.64404296875,0.2493765503168106,2104.9003484705395
67.25,50,D3,1175.64404296875,0.2493765503168106,2104.9003484705395
67.25,50,D3,1175.64404296875,0.2493765503168106,2104.9003484705395
67.25,57,A3,1175.64404296875,0.2493765503168106,2104.9003484705395
67.25,57,A3,1175.64404296875,0.2493765503168106,2104.9003484705395
67.5,38,D2,992.7579345703125,0.2736751437187195,1820.3055231312849
67.5,38,D2,992.7579345703125,0.2736751437187195,1820.3055231312849
67.5,38,D2,992.7579345703125,0.2736751437187195,1820.3055231312849
67.5,52,E3,992.7579345703125,0.2736751437187195,1820.3055231312849
67.5,40,E2,992.7579345703125,0.2736751437187195,1820.3055231312849
67.5,57,A3,992.7579345703125,0.2736751437187195,1820.3055231312849
67.5,57,A3,992.7579345703125,0.2736751437187195,1820.3055231312849
67.5,50,D3,992.7579345703125,0.2736751437187195,1820.3055231312849
67.5,50,D3,992.7579345703125,0.2736751437187195,1820.3055231312849
67.5,54,F#3,992.7579345703125,0.2736751437187195,1820.3055231312849
67.5,54,F#3,992.7579345703125,0.2736751437187195,1820.3055231312849
67.75,38,D2,666.4386596679688,0.21095851063728333,1167.9438854514033
67.75,38,D2,666.4386596679688,0.21095851063728333,1167.9438854514033
67.75,38,D2,666.4386596679688,0.21095851063728333,1167.9438854514033
67.75,52,E3,666.4386596679688,0.21095851063728333,1167.9438854514033
67.75,35,B1,666.4386596679688,0.21095851063728333,1167.9438854514033
67.75,54,F#3,666.4386596679688,0.21095851063728333,1167.9438854514033
67.75,54,F#3,666.4386596679688,0.21095851063728333,1167.9438854514033
67.75,50,D3,666.4386596679688,0.21095851063728333,1167.9438854514033
67.75,50,D3,666.4386596679688,0.21095851063728333,1167.9438854514033
67.75,57,A3,666.4386596679688,0.21095851063728333,1167.9438854514033
67.75,57,A3,666.4386596679688,0.21095851063728333,1167.9438854514033
68.0,36,C2,474.3901062011719,0.24697309732437134,3167.0680772355017
68.0,36,C2,474.3901062011719,0.24697309732437134,3167.0680772355017
68.0,36,C2,474.3901062011719,0.24697309732437134,3167.0680772355017
68.0,35,B1,474.3901062011719,0.24697309732437134,3167.0680772355017
68.0,49,C#3,474.3901062011719,0.24697309732437134,3167.0680772355017
68.0,48,C3,474.3901062011719,0.24697309732437134,3167.0680772355017
68.0,48,C3,474.3901062011719,0.24697309732437134,3167.0680772355017
68.0,52,E3,474.3901062011719,0.24697309732437134,3167.0680772355017
68.0,52,E3,474.3901062011719,0.24697309732437134,3167.0680772355017
68.0,55,G3,474.3901062011719,0.24697309732437134,3167.0680772355017
68.0,55,G3,474.3901062011719,0.24697309732437134,3167.0680772355017
68.25,36,C2,368.3751525878906,0.20335474610328674,1436.076820460586
68.25,36,C2,368.3751525878906,0.20335474610328674,1436.076820460586
68.25,36,C2,368.3751525878906,0.20335474610328674,1436.076820460586
68.25,52,E3,368.3751525878906,0.20335474610328674,1436.076820460586
68.25,48,C3,368.3751525878906,0.20335474610328674,1436.076820460586
68.25,48,C3,368.3751525878906,0.20335474610328674,1436.076820460586
68.25,52,E3,368.3751525878906,0.20335474610328674,1436.076820460586
68.25,52,E3,368.3751525878906,0.20335474610328674,1436.076820460586
68.25,55,G3,368.3751525878906,0.20335474610328674,1436.076820460586
68.25,55,G3,368.3751525878906,0.20335474610328674,1436.076820460586
68.5,36,C2,244.55697631835938,0.23530136048793793,1520.3041724555783
68.5,36,C2,244.55697631835938,0.23530136048793793,1520.3041724555783
68.5,36,C2,244.55697631835938,0.23530136048793793,1520.3041724555783
68.5,52,E3,244.55697631835938,0.23530136048793793,1520.3041724555783
68.5,40,E2,244.55697631835938,0.23530136048793793,1520.3041724555783
68.5,55,G3,244.55697631835938,0.23530136048793793,1520.3041724555783
68.5,55,G3,244.55697631835938,0.23530136048793793,1520.3041724555783
68.5,52,E3,244.55697631835938,0.23530136048793793,1520.3041724555783
68.5,52,E3,244.55697631835938,0.23530136048793793,1520.3041724555783
68.5,48,C3,244.55697631835938,0.23530136048793793,1520.3041724555783
68.5,48,C3,244.55697631835938,0.23530136048793793,1520.3041724555783
68.75,36,C2,249.29568481445312,0.23216433823108673,667.8019791266823
68.75,36,C2,249.29568481445312,0.23216433823108673,667.8019791266823
68.75,36,C2,249.29568481445312,0.23216433823108673,667.8019791266823
68.75,35,B1,249.29568481445312,0.23216433823108673,667.8019791266823
68.75,52,E3,249.29568481445312,0.23216433823108673,667.8019791266823
68.75,55,G3,249.29568481445312,0.23216433823108673,667.8019791266823
68.75,55,G3,249.29568481445312,0.23216433823108673,667.8019791266823
68.75,52,E3,249.29568481445312,0.23216433823108673,667.8019791266823
68.75,52,E3,249.29568481445312,0.23216433823108673,667.8019791266823
68.75,48,C3,249.29568481445312,0.23216433823108673,667.8019791266823
68.75,48,C3,249.29568481445312,0.23216433823108673,667.8019791266823
69.0,36,C2,431.8403015136719,0.24399974942207336,2950.131861248136
69.0,36,C2,431.8403015136719,0.24399974942207336,2950.131861248136
69.0,36,C2,431.8403015136719,0.24399974942207336,2950.131861248136
69.0,35,B1,431.8403015136719,0.24399974942207336,2950.131861248136
69.0,52,E3,431.8403015136719,0.24399974942207336,2950.131861248136
69.0,48,C3,431.8403015136719,0.24399974942207336,2950.131861248136
69.0,48,C3,431.8403015136719,0.24399974942207336,2950.131861248136
69.0,52,E3,431.8403015136719,0.24399974942207336,2950.131861248136
69.0,52,E3,431.8403015136719,0.24399974942207336,2950.131861248136
69.0,55,G3,431.8403015136719,0.24399974942207336,2950.131861248136
69.0,55,G3,431.8403015136719,0.24399974942207336,2950.131861248136
69.25,36,C2,293.7806091308594,0.21525990962982178,1145.7251597813995
69.25,36,C2,293.7806091308594,0.21525990962982178,1145.7251597813995
69.25,36,C2,293.7806091308594,0.21525990962982178,1145.7251597813995
69.25,52,E3,293.7806091308594,0.21525990962982178,1145.7251597813995
69.25,48,C3,293.7806091308594,0.21525990962982178,1145.7251597813995
69.25,48,C3,293.7806091308594,0.21525990962982178,1145.7251597813995
69.25,52,E3,293.7806091308594,0.21525990962982178,1145.7251597813995
69.25,52,E3,293.7806091308594,0.21525990962982178,1145.7251597813995
69.25,55,G3,293.7806091308594,0.21525990962982178,1145.7251597813995
69.25,55,G3,293.7806091308594,0.21525990962982178,1145.7251597813995
69.5,36,C2,246.73094177246094,0.24424323439598083,1177.5078215977826
69.5,36,C2,246.73094177246094,0.24424323439598083,1177.5078215977826
69.5,36,C2,246.73094177246094,0.24424323439598083,1177.5078215977826
69.5,52,E3,246.73094177246094,0.24424323439598083,1177.5078215977826
69.5,40,E2,246.73094177246094,0.24424323439598083,1177.5078215977826
69.5,55,G3,246.73094177246094,0.24424323439598083,1177.5078215977826
69.5,55,G3,246.73094177246094,0.24424323439598083,1177.5078215977826
69.5,52,E3,246.73094177246094,0.24424323439598083,1177.5078215977826
69.5,52,E3,246.73094177246094,0.24424323439598083,1177.5078215977826
69.5,48,C3,246.73094177246094,0.24424323439598083,1177.5078215977826
69.5,48,C3,246.73094177246094,0.24424323439598083,1177.5078215977826
69.75,36,C2,331.0061950683594,0.22569124400615692,659.5877777141654
69.75,36,C2,331.0061950683594,0.22569124400615692,659.5877777141654
69.75,36,C2,331.0061950683594,0.22569124400615692,659.5877777141654
69.75,35,B1,331.0061950683594,0.22569124400615692,659.5877777141654
69.75,52,E3,331.0061950683594,0.22569124400615692,659.5877777141654
69.75,55,G3,331.0061950683594,0.22569124400615692,659.5877777141654
69.75,55,G3,331.0061950683594,0.22569124400615692,659.5877777141654
69.75,52,E3,331.0061950683594,0.22569124400615692,659.5877777141654
69.75,52,E3,331.0061950683594,0.22569124400615692,659.5877777141654
69.75,48,C3,331.0061950683594,0.22569124400615692,659.5877777141654
69.75,48,C3,331.0061950683594,0.22569124400615692,659.5877777141654
70.0,38,D2,362.6983642578125,0.23282484710216522,3074.486073522593
70.0,38,D2,362.6983642578125,0.23282484710216522,3074.486073522593
70.0,38,D2,362.6983642578125,0.23282484710216522,3074.486073522593
70.0,40,E2,362.6983642578125,0.23282484710216522,3074.486073522593
70.0,52,E3,362.6983642578125,0.23282484710216522,3074.486073522593
70.0,49,C#3,362.6983642578125,0.23282484710216522,3074.486073522593
70.0,50,D3,362.6983642578125,0.23282484710216522,3074.486073522593
70.0,54,F#3,362.6983642578125,0.23282484710216522,3074.486073522593
70.0,54,F#3,362.6983642578125,0.23282484710216522,3074.486073522593
70.0,57,A3,362.6983642578125,0.23282484710216522,3074.486073522593
70.0,57,A3,362.6983642578125,0.23282484710216522,3074.486073522593
70.0,50,D3,362.6983642578125,0.23282484710216522,3074.486073522593
70.125,52,E3,783.5884399414062,0.2010590136051178,2424.8424925380114
70.25,35,B1,369.7725524902344,0.20653633773326874,1867.115717679824
70.25,52,E3,369.7725524902344,0.20653633773326874,1867.115717679824
70.375,38,D2,655.6179809570312,0.3462431728839874,2360.788861092605
70.375,38,D2,655.6179809570312,0.3462431728839874,2360.788861092605
70.375,38,D2,655.6179809570312,0.3462431728839874,2360.788861092605
70.375,40,E2,655.6179809570312,0.3462431728839874,2360.788861092605
70.375,57,A3,655.6179809570312,0.3462431728839874,2360.788861092605
70.375,52,E3,655.6179809570312,0.3462431728839874,2360.788861092605
70.375,50,D3,655.6179809570312,0.3462431728839874,2360.788861092605
70.375,54,F#3,655.6179809570312,0.3462431728839874,2360.788861092605
70.375,54,F#3,655.6179809570312,0.3462431728839874,2360.788861092605
70.375,57,A3,655.6179809570312,0.3462431728839874,2360.788861092605
70.375,57,A3,655.6179809570312,0.3462431728839874,2360.788861092605
70.375,50,D3,655.6179809570312,0.3462431728839874,2360.788861092605
70.5,52,E3,247.63206481933594,0.1567629724740982,1078.0805175047408
70.625,52,E3,988.606689453125,0.2846151292324066,1376.9673137681746
70.75,38,D2,248.4510955810547,0.2233186960220337,495.37177376813713
70.75,38,D2,248.4510955810547,0.2233186960220337,495.37177376813713
70.75,38,D2,248.4510955810547,0.2233186960220337,495.37177376813713
70.75,35,B1,248.4510955810547,0.2233186960220337,495.37177376813713
70.75,52,E3,248.4510955810547,0.2233186960220337,495.37177376813713
70.75,50,D3,248.4510955810547,0.2233186960220337,495.37177376813713
70.75,54,F#3,248.4510955810547,0.2233186960220337,495.37177376813713
70.75,54,F#3,248.4510955810547,0.2233186960220337,495.37177376813713
70.75,57,A3,248.4510955810547,0.2233186960220337,495.37177376813713
70.75,57,A3,248.4510955810547,0.2233186960220337,495.37177376813713
70.75,50,D3,248.4510955810547,0.2233186960220337,495.37177376813713
70.875,52,E3,658.9387817382812,0.2880091071128845,3335.5269991043497
71.0,38,D2,241.72947692871094,0.1915716975927353,2737.9088478222684
71.0,38,D2,241.72947692871094,0.1915716975927353,2737.9088478222684
71.0,38,D2,241.72947692871094,0.1915716975927353,2737.9088478222684
71.0,40,E2,241.72947692871094,0.1915716975927353,2737.9088478222684
71.0,52,E3,241.72947692871094,0.1915716975927353,2737.9088478222684
71.0,49,C#3,241.72947692871094,0.1915716975927353,2737.9088478222684
71.0,50,D3,241.72947692871094,0.1915716975927353,2737.9088478222684
71.0,54,F#3,241.72947692871094,0.1915716975927353,2737.9088478222684
71.0,54,F#3,241.72947692871094,0.1915716975927353,2737.9088478222684
71.0,57,A3,241.72947692871094,0.1915716975927353,2737.9088478222684
71.0,57,A3,241.72947692871094,0.1915716975927353,2737.9088478222684
71.0,50,D3,241.72947692871094,0.1915716975927353,2737.9088478222684
71.125,52,E3,993.0321044921875,0.21267172694206238,1847.6736246210205
71.25,38,D2,368.1756591796875,0.18242838978767395,936.5954256933882
71.25,38,D2,368.1756591796875,0.18242838978767395,936.5954256933882
71.25,38,D2,368.1756591796875,0.18242838978767395,936.5954256933882
71.25,40,E2,368.1756591796875,0.18242838978767395,936.5954256933882
71.25,52,E3,368.1756591796875,0.18242838978767395,936.5954256933882
71.25,50,D3,368.1756591796875,0.18242838978767395,936.5954256933882
71.25,54,F#3,368.1756591796875,0.18242838978767395,936.5954256933882
71.25,54,F#3,368.1756591796875,0.18242838978767395,936.5954256933882
71.25,57,A3,368.1756591796875,0.18242838978767395,936.5954256933882
71.25,57,A3,368.1756591796875,0.18242838978767395,936.5954256933882
71.25,50,D3,368.1756591796875,0.18242838978767395,936.5954256933882
71.375,40,E2,986.5012817382812,0.3242347836494446,2221.822221028131
71.375,52,E3,986.5012817382812,0.3242347836494446,2221.822221028131
71.5,38,D2,248.06976318359375,0.21539168059825897,778.2253252962948
71.5,38,D2,248.06976318359375,0.21539168059825897,778.2253252962948
71.5,38,D2,248.06976318359375,0.21539168059825897,778.2253252962948
71.5,40,E2,248.06976318359375,0.21539168059825897,778.2253252962948
71.5,35,B1,248.06976318359375,0.21539168059825897,778.2253252962948
71.5,52,E3,248.06976318359375,0.21539168059825897,778.2253252962948
71.5,50,D3,248.06976318359375,0.21539168059825897,778.2253252962948
71.5,54,F#3,248.06976318359375,0.21539168059825897,778.2253252962948
71.5,54,F#3,248.06976318359375,0.21539168059825897,778.2253252962948
71.5,57,A3,248.06976318359375,0.21539168059825897,778.2253252962948
71.5,57,A3,248.06976318359375,0.21539168059825897,778.2253252962948
71.5,50,D3,248.06976318359375,0.21539168059825897,778.2253252962948
71.625,40,E2,835.4127197265625,0.2001456767320633,1229.4695030693947
71.625,52,E3,835.4127197265625,0.2001456767320633,1229.4695030693947
71.75,38,D2,235.46844482421875,0.15735776722431183,649.6493986083862
71.75,38,D2,235.46844482421875,0.15735776722431183,649.6493986083862
71.75,38,D2,235.46844482421875,0.15735776722431183,649.6493986083862
71.75,40,E2,235.46844482421875,0.15735776722431183,649.6493986083862
71.75,52,E3,235.46844482421875,0.15735776722431183,649.6493986083862
71.75,50,D3,235.46844482421875,0.15735776722431183,649.6493986083862
71.75,54,F#3,235.46844482421875,0.15735776722431183,649.6493986083862
71.75,54,F#3,235.46844482421875,0.15735776722431183,649.6493986083862
71.75,57,A3,235.46844482421875,0.15735776722431183,649.6493986083862
71.75,57,A3,235.46844482421875,0.15735776722431183,649.6493986083862
71.75,50,D3,235.46844482421875,0.15735776722431183,649.6493986083862
71.875,40,E2,658.8909301757812,0.26868027448654175,3183.662662022083
71.875,52,E3,658.8909301757812,0.26868027448654175,3183.662662022083
