Time,MIDI_Note,Note_Label,Pitch,Power,Spectral_Centroid
0.6736639999999995,75,D#5,1178.69873046875,0.11410929262638092,2617.4248216517467
1.701887999999999,42,F#2,888.209716796875,0.06405749917030334,945.0001942446246
2.127359999999999,42,F#2,919.8150634765625,0.05905376002192497,1042.0765683665659
2.5528319999999987,42,F#2,1196.93017578125,0.07309448719024658,1211.1760524583435
2.9295519999999984,75,D#5,913.0317993164062,0.05945315584540367,1066.2632796769199
2.9783039999999983,38,D2,1167.9097900390625,0.0642479732632637,1255.9098306068197
3.386047999999998,75,D#5,1159.4075927734375,0.05508483201265335,1583.8298470438083
3.399343999999998,57,A3,1160.8013916015625,0.0625307559967041,1597.4638010529172
3.399343999999998,50,D3,1160.8013916015625,0.0625307559967041,1597.4638010529172
3.408207999999998,50,D3,1160.8013916015625,0.0625307559967041,1597.4638010529172
3.412639999999998,62,D4,1160.8013916015625,0.0625307559967041,1597.4638010529172
3.417071999999998,57,A3,1167.24658203125,0.06651242822408676,1381.6967916430851
3.421503999999998,57,A3,1167.24658203125,0.06651242822408676,1381.6967916430851
3.421503999999998,62,D4,1167.24658203125,0.06651242822408676,1381.6967916430851
3.421503999999998,50,D3,1167.24658203125,0.06651242822408676,1381.6967916430851
3.6120799999999975,57,A3,1166.9390869140625,0.09795650094747543,1695.1524575146739
3.6120799999999975,50,D3,1166.9390869140625,0.09795650094747543,1695.1524575146739
3.6209439999999975,50,D3,1166.9390869140625,0.09795650094747543,1695.1524575146739
3.6253759999999975,57,A3,1166.9390869140625,0.09795650094747543,1695.1524575146739
3.6298079999999975,50,D3,1166.191650390625,0.11178654432296753,1714.9877033812402
3.6342399999999975,57,A3,1166.191650390625,0.11178654432296753,1714.9877033812402
3.824815999999997,57,A3,1193.39013671875,0.07585705071687698,1438.1303549762638
3.824815999999997,50,D3,1193.39013671875,0.07585705071687698,1438.1303549762638
3.833679999999997,50,D3,1193.39013671875,0.07585705071687698,1438.1303549762638
3.838111999999997,57,A3,937.2113647460938,0.07414565235376358,1470.8649693980399
3.842543999999997,50,D3,937.2113647460938,0.07414565235376358,1470.8649693980399
3.846975999999997,57,A3,937.2113647460938,0.07414565235376358,1470.8649693980399
4.037551999999997,50,D3,1186.1068115234375,0.0947987288236618,2206.9580118782956
4.041983999999998,57,A3,1186.1068115234375,0.0947987288236618,2206.9580118782956
4.046415999999998,62,D4,1185.5108642578125,0.10353267192840576,2294.362688350656
4.046415999999998,50,D3,1185.5108642578125,0.10353267192840576,2294.362688350656
4.0508479999999984,57,A3,1185.5108642578125,0.10353267192840576,2294.362688350656
4.055279999999999,50,D3,1185.5108642578125,0.10353267192840576,2294.362688350656
4.055279999999999,57,A3,1185.5108642578125,0.10353267192840576,2294.362688350656
4.064143999999999,62,D4,1185.5108642578125,0.10353267192840576,2294.362688350656
4.250288,50,D3,1178.310791015625,0.08204725384712219,1817.605339857896
4.250288,57,A3,1178.310791015625,0.08204725384712219,1817.605339857896
4.259152,57,A3,1185.3175048828125,0.0724889263510704,1685.920480613218
4.259152,50,D3,1185.3175048828125,0.0724889263510704,1685.920480613218
4.268016,57,A3,1185.3175048828125,0.0724889263510704,1685.920480613218
4.268016,50,D3,1185.3175048828125,0.0724889263510704,1685.920480613218
4.463024000000001,57,A3,1183.7203369140625,0.07004889100790024,1553.5523269306123
4.463024000000001,50,D3,1183.7203369140625,0.07004889100790024,1553.5523269306123
4.467456000000001,50,D3,1183.7203369140625,0.07004889100790024,1553.5523269306123
4.471888000000002,57,A3,1183.7203369140625,0.07004889100790024,1553.5523269306123
4.476320000000002,50,D3,1183.7203369140625,0.07004889100790024,1553.5523269306123
4.4807520000000025,57,A3,1183.7203369140625,0.07004889100790024,1553.5523269306123
4.675760000000005,50,D3,1177.33984375,0.08601520955562592,2057.625606551497
4.675760000000005,57,A3,1177.33984375,0.08601520955562592,2057.625606551497
4.684624000000005,50,D3,1177.33984375,0.08601520955562592,2057.625606551497
4.689056000000005,57,A3,1177.33984375,0.08601520955562592,2057.625606551497
4.693488000000006,50,D3,1177.33984375,0.08601520955562592,2057.625606551497
4.697920000000006,57,A3,1194.950927734375,0.09612274914979935,2229.3277673754087
4.888496000000007,50,D3,1186.043212890625,0.07923158258199692,2148.760102678698
4.8929280000000075,57,A3,1186.043212890625,0.07923158258199692,2148.760102678698
4.897360000000008,50,D3,1186.043212890625,0.07923158258199692,2148.760102678698
4.901792000000008,57,A3,1186.043212890625,0.07923158258199692,2148.760102678698
4.906224000000009,50,D3,1184.5291748046875,0.07477163523435593,2121.1077160772525
4.910656000000009,57,A3,1184.5291748046875,0.07477163523435593,2121.1077160772525
5.10123200000001,50,D3,892.471435546875,0.07693475484848022,2169.637030161688
5.105664000000011,57,A3,892.471435546875,0.07693475484848022,2169.637030161688
5.110096000000011,50,D3,892.471435546875,0.07693475484848022,2169.637030161688
5.1145280000000115,57,A3,1107.4998779296875,0.11112058907747269,2347.226790600442
5.1145280000000115,50,D3,1107.4998779296875,0.11112058907747269,2347.226790600442
5.118960000000012,57,A3,1107.4998779296875,0.11112058907747269,2347.226790600442
5.313968000000013,57,A3,1185.74560546875,0.1461164355278015,3971.7881007942697
5.313968000000013,50,D3,1185.74560546875,0.1461164355278015,3971.7881007942697
5.322832000000013,50,D3,922.3634643554688,0.1916293054819107,3402.361499254394
5.322832000000013,57,A3,922.3634643554688,0.1916293054819107,3402.361499254394
5.331696000000013,57,A3,922.3634643554688,0.1916293054819107,3402.361499254394
5.331696000000013,50,D3,922.3634643554688,0.1916293054819107,3402.361499254394
5.526704000000016,57,A3,1119.843994140625,0.1351265013217926,2123.4073724428354
5.526704000000016,50,D3,1119.843994140625,0.1351265013217926,2123.4073724428354
5.535568000000016,57,A3,1193.38134765625,0.15212392807006836,2164.613428741518
5.535568000000016,50,D3,1193.38134765625,0.15212392807006836,2164.613428741518
5.540000000000016,50,D3,1193.38134765625,0.15212392807006836,2164.613428741518
5.5444320000000165,57,A3,1193.38134765625,0.15212392807006836,2164.613428741518
5.7350080000000165,50,D3,1144.7137451171875,0.08094415813684464,4150.903047931904
5.7438720000000165,57,A3,1136.9794921875,0.1283482313156128,3234.447598114996
5.748304000000017,50,D3,1136.9794921875,0.1283482313156128,3234.447598114996
5.752736000000017,57,A3,1136.9794921875,0.1283482313156128,3234.447598114996
5.757168000000018,50,D3,1136.9794921875,0.1283482313156128,3234.447598114996
5.761600000000018,57,A3,1136.9794921875,0.1283482313156128,3234.447598114996
5.952176000000019,50,D3,1196.8994140625,0.1155916154384613,3640.31055230051
5.95660800000002,57,A3,1196.8994140625,0.1155916154384613,3640.31055230051
5.96104000000002,50,D3,1196.8994140625,0.1155916154384613,3640.31055230051
5.96104000000002,57,A3,1196.8994140625,0.1155916154384613,3640.31055230051
5.9654720000000205,50,D3,1196.8994140625,0.1155916154384613,3640.31055230051
5.969904000000021,57,A3,1196.8994140625,0.1155916154384613,3640.31055230051
6.164912000000022,50,D3,902.7820434570312,0.16328632831573486,2317.4687283346625
6.164912000000022,57,A3,902.7820434570312,0.16328632831573486,2317.4687283346625
6.173776000000022,50,D3,902.7820434570312,0.16328632831573486,2317.4687283346625
6.173776000000022,57,A3,902.7820434570312,0.16328632831573486,2317.4687283346625
6.182640000000022,50,D3,914.3009643554688,0.17515860497951508,2332.661106962788
6.182640000000022,57,A3,914.3009643554688,0.17515860497951508,2332.661106962788
6.382080000000023,50,D3,1187.275390625,0.16454216837882996,2391.0677985327425
6.382080000000023,57,A3,1187.275390625,0.16454216837882996,2391.0677985327425
6.386512000000024,50,D3,1187.275390625,0.16454216837882996,2391.0677985327425
6.386512000000024,62,D4,1187.275390625,0.16454216837882996,2391.0677985327425
6.390944000000024,57,A3,1185.97998046875,0.15960419178009033,2389.6123445901567
6.390944000000024,50,D3,1185.97998046875,0.15960419178009033,2389.6123445901567
6.395376000000025,57,A3,1185.97998046875,0.15960419178009033,2389.6123445901567
6.399808000000025,62,D4,1185.97998046875,0.15960419178009033,2389.6123445901567
6.585952000000026,50,D3,888.9218139648438,0.1056872233748436,5815.538808344058
6.590384000000026,57,A3,888.9218139648438,0.1056872233748436,5815.538808344058
6.599248000000027,50,D3,888.6240234375,0.11048208177089691,4985.159907366939
6.603680000000027,57,A3,888.6240234375,0.11048208177089691,4985.159907366939
6.608112000000028,50,D3,888.6240234375,0.11048208177089691,4985.159907366939
6.612544000000028,57,A3,888.6240234375,0.11048208177089691,4985.159907366939
6.80312000000003,50,D3,1107.75732421875,0.1546393483877182,2861.7125988556986
6.8075520000000305,57,A3,1116.425537109375,0.1393570601940155,2859.4208678498667
6.811984000000031,50,D3,1116.425537109375,0.1393570601940155,2859.4208678498667
6.816416000000031,62,D4,1116.425537109375,0.1393570601940155,2859.4208678498667
6.816416000000031,57,A3,1116.425537109375,0.1393570601940155,2859.4208678498667
6.820848000000032,57,A3,1116.425537109375,0.1393570601940155,2859.4208678498667
6.820848000000032,50,D3,1116.425537109375,0.1393570601940155,2859.4208678498667
6.825280000000032,62,D4,1116.425537109375,0.1393570601940155,2859.4208678498667
7.011424000000033,50,D3,728.6488647460938,0.09519003331661224,4548.326518891845
7.015856000000033,57,A3,728.6488647460938,0.09519003331661224,4548.326518891845
7.024720000000034,50,D3,967.8496704101562,0.12519782781600952,4505.07261264274
7.033584000000034,57,A3,967.8496704101562,0.12519782781600952,4505.07261264274
7.0380160000000345,57,A3,967.8496704101562,0.12519782781600952,4505.07261264274
7.0380160000000345,50,D3,967.8496704101562,0.12519782781600952,4505.07261264274
7.228592000000036,50,D3,1004.299560546875,0.17803898453712463,2280.4146723099166
7.228592000000036,57,A3,1004.299560546875,0.17803898453712463,2280.4146723099166
7.237456000000036,50,D3,1004.299560546875,0.17803898453712463,2280.4146723099166
7.241888000000037,57,A3,1004.299560546875,0.17803898453712463,2280.4146723099166
7.250752000000037,57,A3,978.447021484375,0.17856372892856598,2127.0480251807335
7.250752000000037,50,D3,978.447021484375,0.17856372892856598,2127.0480251807335
7.441328000000039,50,D3,1163.0048828125,0.09380430728197098,1882.7141038250788
7.445760000000039,57,A3,1163.0048828125,0.09380430728197098,1882.7141038250788
7.4501920000000394,62,D4,1163.0048828125,0.09380430728197098,1882.7141038250788
7.4501920000000394,50,D3,1163.0048828125,0.09380430728197098,1882.7141038250788
7.45462400000004,57,A3,1163.0048828125,0.09380430728197098,1882.7141038250788
7.45905600000004,50,D3,1164.5286865234375,0.09401597827672958,2048.794317670731
7.463488000000041,57,A3,1164.5286865234375,0.09401597827672958,2048.794317670731
7.467920000000041,62,D4,1164.5286865234375,0.09401597827672958,2048.794317670731
7.6540640000000435,50,D3,1153.1927490234375,0.093944251537323,2170.8329852333445
7.658496000000044,57,A3,1153.1927490234375,0.093944251537323,2170.8329852333445
7.658496000000044,50,D3,1153.1927490234375,0.093944251537323,2170.8329852333445
7.667360000000044,57,A3,1151.2659912109375,0.09169595688581467,2005.9162413042397
7.671792000000044,50,D3,1151.2659912109375,0.09169595688581467,2005.9162413042397
7.676224000000045,57,A3,1151.2659912109375,0.09169595688581467,2005.9162413042397
7.840208000000045,78,F#5,666.7835693359375,0.04524640738964081,1930.1073478454769
7.866800000000045,50,D3,872.4850463867188,0.04313892126083374,2030.9791234237928
7.871232000000045,57,A3,872.4850463867188,0.04313892126083374,2030.9791234237928
7.875664000000046,57,A3,873.9633178710938,0.0463259257376194,2296.5020487004485
7.875664000000046,50,D3,873.9633178710938,0.0463259257376194,2296.5020487004485
7.884528000000046,50,D3,873.9633178710938,0.0463259257376194,2296.5020487004485
7.884528000000046,57,A3,873.9633178710938,0.0463259257376194,2296.5020487004485
8.052944000000048,80,G#5,880.2683715820312,0.06902837008237839,1456.3160095371022
8.075104000000048,50,D3,880.5635375976562,0.06465332955121994,1236.3049353622291
8.079536000000047,57,A3,880.5635375976562,0.06465332955121994,1236.3049353622291
8.088400000000048,57,A3,881.3948974609375,0.07562746107578278,1172.5876137108526
8.088400000000048,50,D3,881.3948974609375,0.07562746107578278,1172.5876137108526
8.097264000000049,50,D3,881.3948974609375,0.07562746107578278,1172.5876137108526
8.101696000000048,57,A3,881.3948974609375,0.07562746107578278,1172.5876137108526
8.26568000000005,78,F#5,1172.1956787109375,0.21286600828170776,2519.3747983850935
8.29227200000005,50,D3,1185.281005859375,0.22614678740501404,2194.6368135699563
8.29227200000005,57,A3,1185.281005859375,0.22614678740501404,2194.6368135699563
8.29670400000005,50,D3,1158.42333984375,0.23641328513622284,2066.7539921291614
8.30556800000005,57,A3,1158.42333984375,0.23641328513622284,2066.7539921291614
8.31000000000005,50,D3,1158.42333984375,0.23641328513622284,2066.7539921291614
8.31443200000005,57,A3,1158.42333984375,0.23641328513622284,2066.7539921291614
8.47841600000005,80,G#5,1138.7471923828125,0.18136954307556152,2267.829228423196
8.505008000000052,50,D3,989.9508666992188,0.20542283356189728,2132.0077871831527
8.509440000000051,57,A3,989.9508666992188,0.20542283356189728,2132.0077871831527
8.51387200000005,50,D3,989.9508666992188,0.20542283356189728,2132.0077871831527
8.522736000000052,57,A3,989.9508666992188,0.20542283356189728,2132.0077871831527
8.522736000000052,50,D3,989.9508666992188,0.20542283356189728,2132.0077871831527
8.527168000000051,57,A3,997.853515625,0.22447769343852997,2120.6983929683197
8.717744000000055,50,D3,1021.0679931640625,0.16611947119235992,2795.018303709939
8.722176000000054,57,A3,1021.0679931640625,0.16611947119235992,2795.018303709939
8.722176000000054,50,D3,1021.0679931640625,0.16611947119235992,2795.018303709939
8.726608000000054,57,A3,1021.0679931640625,0.16611947119235992,2795.018303709939
8.735472000000055,50,D3,975.7228393554688,0.16372516751289368,3081.933115110658
8.735472000000055,57,A3,975.7228393554688,0.16372516751289368,3081.933115110658
8.903888000000054,78,F#5,1049.7149658203125,0.17480142414569855,2733.0465381642052
8.930480000000054,57,A3,1100.001953125,0.14748728275299072,2685.2882297539186
8.930480000000054,50,D3,1100.001953125,0.14748728275299072,2685.2882297539186
8.939344000000055,57,A3,1100.001953125,0.14748728275299072,2685.2882297539186
8.939344000000055,50,D3,1100.001953125,0.14748728275299072,2685.2882297539186
8.943776000000055,50,D3,1023.2595825195312,0.108481764793396,2386.685381541439
8.948208000000054,57,A3,1023.2595825195312,0.108481764793396,2386.685381541439
9.143216000000054,57,A3,1163.4820556640625,0.062276940792798996,4035.07699808753
9.143216000000054,50,D3,1163.4820556640625,0.062276940792798996,4035.07699808753
9.152080000000055,50,D3,1163.4820556640625,0.062276940792798996,4035.07699808753
9.156512000000054,57,A3,1154.84619140625,0.05832802131772041,4327.225956765938
9.160944000000054,50,D3,1154.84619140625,0.05832802131772041,4327.225956765938
9.165376000000053,57,A3,1154.84619140625,0.05832802131772041,4327.225956765938
9.329360000000053,80,G#5,1046.6844482421875,0.22030651569366455,2487.059287763367
9.355952000000054,50,D3,1050.26806640625,0.21945536136627197,2410.166051545148
9.360384000000053,57,A3,1050.26806640625,0.21945536136627197,2410.166051545148
9.364816000000053,50,D3,1109.036865234375,0.22188149392604828,2257.2326670235325
9.369248000000052,57,A3,1109.036865234375,0.22188149392604828,2257.2326670235325
9.373680000000052,50,D3,1109.036865234375,0.22188149392604828,2257.2326670235325
9.378112000000051,57,A3,1109.036865234375,0.22188149392604828,2257.2326670235325
9.568688000000051,50,D3,1183.3604736328125,0.1982327401638031,2637.7774832685045
9.573120000000051,57,A3,1132.861328125,0.1954648196697235,2576.6841352625047
9.57755200000005,50,D3,1132.861328125,0.1954648196697235,2576.6841352625047
9.58198400000005,57,A3,1132.861328125,0.1954648196697235,2576.6841352625047
9.58641600000005,50,D3,1132.861328125,0.1954648196697235,2576.6841352625047
9.58641600000005,57,A3,1132.861328125,0.1954648196697235,2576.6841352625047
9.754832000000052,78,F#5,1114.420166015625,0.18947945535182953,2177.3960424408715
9.781424000000053,50,D3,1174.6416015625,0.1593911200761795,2721.1615003142742
9.781424000000053,57,A3,1174.6416015625,0.1593911200761795,2721.1615003142742
9.790288000000054,50,D3,1174.6416015625,0.1593911200761795,2721.1615003142742
9.794720000000053,62,D4,1174.6416015625,0.1593911200761795,2721.1615003142742
9.799152000000053,57,A3,1174.6416015625,0.1593911200761795,2721.1615003142742
9.803584000000052,50,D3,1130.8446044921875,0.15040963888168335,2711.5988793858055
9.803584000000052,57,A3,1130.8446044921875,0.15040963888168335,2711.5988793858055
9.803584000000052,62,D4,1130.8446044921875,0.15040963888168335,2711.5988793858055
9.994160000000054,50,D3,1135.483154296875,0.14227859675884247,1681.1142404926347
9.994160000000054,57,A3,1135.483154296875,0.14227859675884247,1681.1142404926347
10.003024000000053,50,D3,1135.483154296875,0.14227859675884247,1681.1142404926347
10.007456000000053,57,A3,1135.483154296875,0.14227859675884247,1681.1142404926347
10.011888000000052,50,D3,960.3922119140625,0.13033731281757355,1609.1728954201826
10.016320000000052,57,A3,960.3922119140625,0.13033731281757355,1609.1728954201826
10.206896000000054,45,A2,1120.793701171875,0.1707446277141571,2909.68521107905
10.211328000000053,52,E3,1120.793701171875,0.1707446277141571,2909.68521107905
10.211328000000053,45,A2,1120.793701171875,0.1707446277141571,2909.68521107905
10.215760000000053,57,A3,1120.793701171875,0.1707446277141571,2909.68521107905
10.220192000000052,52,E3,1120.793701171875,0.1707446277141571,2909.68521107905
10.224624000000052,45,A2,1123.552734375,0.16895125806331635,2817.4220747444265
10.229056000000051,52,E3,1123.552734375,0.16895125806331635,2817.4220747444265
10.233488000000051,57,A3,1123.552734375,0.16895125806331635,2817.4220747444265
10.419632000000052,45,A2,1165.0723876953125,0.16176839172840118,2932.6348597643546
10.424064000000051,52,E3,1165.0723876953125,0.16176839172840118,2932.6348597643546
10.42849600000005,45,A2,1165.0723876953125,0.16176839172840118,2932.6348597643546
10.43292800000005,52,E3,1158.3826904296875,0.16232287883758545,3048.071182840633
10.43736000000005,45,A2,1158.3826904296875,0.16232287883758545,3048.071182840633
10.43736000000005,52,E3,1158.3826904296875,0.16232287883758545,3048.071182840633
10.63236800000005,45,A2,1153.892822265625,0.1106300950050354,1970.2206620508884
10.636800000000049,52,E3,1153.892822265625,0.1106300950050354,1970.2206620508884
10.641232000000048,45,A2,1140.782958984375,0.10368096083402634,1972.8913518180643
10.645664000000048,52,E3,1140.782958984375,0.10368096083402634,1972.8913518180643
10.654528000000049,45,A2,1140.782958984375,0.10368096083402634,1972.8913518180643
10.654528000000049,52,E3,1140.782958984375,0.10368096083402634,1972.8913518180643
10.818512000000046,78,F#5,981.0509033203125,0.07411978393793106,1693.081777619289
10.845104000000047,52,E3,979.8273315429688,0.06782450526952744,1595.2656835060461
10.845104000000047,45,A2,979.8273315429688,0.06782450526952744,1595.2656835060461
10.853968000000048,57,A3,1130.76708984375,0.06546924263238907,1521.067263000327
10.853968000000048,45,A2,1130.76708984375,0.06546924263238907,1521.067263000327
10.858400000000048,52,E3,1130.76708984375,0.06546924263238907,1521.067263000327
10.862832000000047,45,A2,1130.76708984375,0.06546924263238907,1521.067263000327
10.867264000000047,52,E3,1130.76708984375,0.06546924263238907,1521.067263000327
10.871696000000046,57,A3,1128.796630859375,0.0636904165148735,1533.321819464947
11.057840000000049,52,E3,1178.15673828125,0.1129007339477539,2276.7971569048004
11.057840000000049,45,A2,1178.15673828125,0.1129007339477539,2276.7971569048004
11.06670400000005,45,A2,1178.15673828125,0.1129007339477539,2276.7971569048004
11.071136000000049,52,E3,1178.15673828125,0.1129007339477539,2276.7971569048004
11.075568000000048,45,A2,1178.15673828125,0.1129007339477539,2276.7971569048004
11.080000000000048,52,E3,1178.573486328125,0.11124544590711594,2203.8009957211066
11.243984000000047,80,G#5,1176.605712890625,0.07349907606840134,1392.4159329017318
11.270576000000048,45,A2,1175.787841796875,0.07039287686347961,1451.9749563460437
11.275008000000048,45,A2,1175.787841796875,0.07039287686347961,1451.9749563460437
11.275008000000048,52,E3,1175.787841796875,0.07039287686347961,1451.9749563460437
11.283872000000049,52,E3,1175.787841796875,0.07039287686347961,1451.9749563460437
11.288304000000048,45,A2,1175.787841796875,0.07039287686347961,1451.9749563460437
11.292736000000048,52,E3,1175.2486572265625,0.06807081401348114,1463.9528334610015
11.456720000000049,78,F#5,1170.581298828125,0.0708841010928154,2124.87561479708
11.48331200000005,45,A2,1171.9857177734375,0.06528018414974213,1874.7522020426668
11.487744000000049,52,E3,1171.9857177734375,0.06528018414974213,1874.7522020426668
11.492176000000049,45,A2,1171.9857177734375,0.06528018414974213,1874.7522020426668
11.492176000000049,52,E3,1171.9857177734375,0.06528018414974213,1874.7522020426668
11.50104000000005,45,A2,1173.129150390625,0.06175598129630089,1475.1540947998972
11.50104000000005,52,E3,1173.129150390625,0.06175598129630089,1475.1540947998972
11.669456000000048,80,G#5,1188.528564453125,0.208510160446167,2432.9117817166316
11.696048000000049,52,E3,1033.5511474609375,0.21362373232841492,2613.226869251168
11.696048000000049,45,A2,1033.5511474609375,0.21362373232841492,2613.226869251168
11.70491200000005,45,A2,1033.5511474609375,0.21362373232841492,2613.226869251168
11.70491200000005,52,E3,1033.5511474609375,0.21362373232841492,2613.226869251168
11.71377600000005,45,A2,1181.2701416015625,0.214191272854805,2654.1864623733118
11.71377600000005,52,E3,1181.2701416015625,0.214191272854805,2654.1864623733118
11.882192000000051,78,F#5,1164.7119140625,0.17455030977725983,2982.0837330642516
11.913216000000052,45,A2,1170.298828125,0.17048008739948273,3065.4582178917244
11.913216000000052,52,E3,1170.298828125,0.17048008739948273,3065.4582178917244
11.917648000000051,45,A2,876.6906127929688,0.1664000302553177,3133.923552583782
11.92208000000005,52,E3,876.6906127929688,0.1664000302553177,3133.923552583782
11.92208000000005,45,A2,876.6906127929688,0.1664000302553177,3133.923552583782
11.92651200000005,52,E3,876.6906127929688,0.1664000302553177,3133.923552583782
12.117088000000052,45,A2,905.64794921875,0.11715782433748245,2481.1711561271213
12.121520000000052,52,E3,905.64794921875,0.11715782433748245,2481.1711561271213
12.130384000000053,45,A2,590.64501953125,0.09293718636035919,2252.2310965855795
12.134816000000052,52,E3,590.64501953125,0.09293718636035919,2252.2310965855795
12.139248000000052,45,A2,590.64501953125,0.09293718636035919,2252.2310965855795
12.143680000000051,52,E3,590.64501953125,0.09293718636035919,2252.2310965855795
12.30766400000005,80,G#5,604.800048828125,0.18301868438720703,2481.197273076345
12.334256000000051,45,A2,885.323486328125,0.17586763203144073,2246.422117325381
12.338688000000051,52,E3,885.323486328125,0.17586763203144073,2246.422117325381
12.34312000000005,52,E3,885.323486328125,0.17586763203144073,2246.422117325381
12.34312000000005,45,A2,885.323486328125,0.17586763203144073,2246.422117325381
12.351984000000051,52,E3,885.323486328125,0.17586763203144073,2246.422117325381
12.351984000000051,45,A2,885.323486328125,0.17586763203144073,2246.422117325381
12.546992000000053,45,A2,1162.9552001953125,0.1274680346250534,2998.6778980404715
12.546992000000053,52,E3,1162.9552001953125,0.1274680346250534,2998.6778980404715
12.555856000000054,45,A2,1162.9552001953125,0.1274680346250534,2998.6778980404715
12.555856000000054,52,E3,1162.9552001953125,0.1274680346250534,2998.6778980404715
12.564720000000055,52,E3,1162.9552001953125,0.1274680346250534,2998.6778980404715
12.564720000000055,45,A2,1162.9552001953125,0.1274680346250534,2998.6778980404715
12.733136000000055,78,F#5,1004.790283203125,0.19940173625946045,2479.218929415625
12.759728000000056,45,A2,1002.2645263671875,0.1887681931257248,2685.2506546249906
12.764160000000055,52,E3,1002.2645263671875,0.1887681931257248,2685.2506546249906
12.768592000000055,45,A2,1002.2645263671875,0.1887681931257248,2685.2506546249906
12.768592000000055,52,E3,1002.2645263671875,0.1887681931257248,2685.2506546249906
12.773024000000055,45,A2,1002.2645263671875,0.1887681931257248,2685.2506546249906
12.781888000000055,52,E3,1050.6727294921875,0.1828281134366989,2764.1956186600855
12.968032000000056,45,A2,1105.3441162109375,0.17667827010154724,3074.052890088664
12.976896000000057,52,E3,1105.3441162109375,0.17667827010154724,3074.052890088664
12.976896000000057,45,A2,1105.3441162109375,0.17667827010154724,3074.052890088664
12.985760000000058,52,E3,1099.28955078125,0.16901536285877228,3083.4385717482355
12.990192000000057,45,A2,1099.28955078125,0.16901536285877228,3083.4385717482355
12.994624000000057,52,E3,1099.28955078125,0.16901536285877228,3083.4385717482355
13.18520000000006,45,A2,1012.9513549804688,0.16298919916152954,3388.5818265925636
13.18963200000006,45,A2,1012.9513549804688,0.16298919916152954,3388.5818265925636
13.18963200000006,52,E3,1012.9513549804688,0.16298919916152954,3388.5818265925636
13.19406400000006,57,A3,1006.3672485351562,0.16559888422489166,3357.3622365981937
13.198496000000059,52,E3,1006.3672485351562,0.16559888422489166,3357.3622365981937
13.202928000000059,45,A2,1006.3672485351562,0.16559888422489166,3357.3622365981937
13.207360000000058,52,E3,1006.3672485351562,0.16559888422489166,3357.3622365981937
13.211792000000058,57,A3,1006.3672485351562,0.16559888422489166,3357.3622365981937
13.397936000000058,52,E3,1012.7925415039062,0.12301445752382278,3616.387409637744
13.397936000000058,45,A2,1012.7925415039062,0.12301445752382278,3616.387409637744
13.402368000000058,45,A2,1105.8673095703125,0.1076078712940216,3944.8084309322294
13.411232000000059,52,E3,1105.8673095703125,0.1076078712940216,3944.8084309322294
13.42009600000006,52,E3,1105.8673095703125,0.1076078712940216,3944.8084309322294
13.42009600000006,45,A2,1105.8673095703125,0.1076078712940216,3944.8084309322294
13.61510400000006,50,D3,907.6647338867188,0.20801156759262085,2727.4891052283556
13.61510400000006,50,D3,907.6647338867188,0.20801156759262085,2727.4891052283556
13.61510400000006,57,A3,907.6647338867188,0.20801156759262085,2727.4891052283556
13.619536000000059,62,D4,907.6647338867188,0.20801156759262085,2727.4891052283556
13.623968000000058,57,A3,907.6647338867188,0.20801156759262085,2727.4891052283556
13.628400000000058,57,A3,907.6647338867188,0.20801156759262085,2727.4891052283556
13.628400000000058,50,D3,907.6647338867188,0.20801156759262085,2727.4891052283556
13.637264000000059,62,D4,898.7462768554688,0.21352045238018036,2787.6473190677066
13.818976000000058,50,D3,614.1351318359375,0.233193039894104,2781.0175082875703
13.823408000000057,57,A3,608.6270141601562,0.21879719197750092,2960.0722175797837
13.832272000000057,50,D3,608.6270141601562,0.21879719197750092,2960.0722175797837
13.836704000000056,57,A3,608.6270141601562,0.21879719197750092,2960.0722175797837
13.841136000000056,50,D3,608.6270141601562,0.21879719197750092,2960.0722175797837
13.845568000000055,57,A3,890.0267333984375,0.21549002826213837,2923.1382080418075
14.036144000000055,50,D3,1172.60888671875,0.12664569914340973,2497.5130594659668
14.040576000000055,57,A3,1172.60888671875,0.12664569914340973,2497.5130594659668
14.040576000000055,50,D3,1172.60888671875,0.12664569914340973,2497.5130594659668
14.049440000000056,57,A3,1172.60888671875,0.12664569914340973,2497.5130594659668
14.053872000000055,50,D3,1176.17626953125,0.11943851411342621,2324.5259471429977
14.053872000000055,57,A3,1176.17626953125,0.11943851411342621,2324.5259471429977
14.222288000000056,78,F#5,1072.6109619140625,0.09033287316560745,1801.0211310612526
14.248880000000057,57,A3,1108.9180908203125,0.08017236739397049,1744.7899854157617
14.248880000000057,50,D3,1108.9180908203125,0.08017236739397049,1744.7899854157617
14.253312000000056,50,D3,1108.9180908203125,0.08017236739397049,1744.7899854157617
14.257744000000056,62,D4,1108.9180908203125,0.08017236739397049,1744.7899854157617
14.262176000000055,57,A3,1106.743896484375,0.07223747670650482,1650.70174433274
14.266608000000055,50,D3,1106.743896484375,0.07223747670650482,1650.70174433274
14.266608000000055,57,A3,1106.743896484375,0.07223747670650482,1650.70174433274
14.275472000000056,62,D4,1106.743896484375,0.07223747670650482,1650.70174433274
14.461616000000056,57,A3,1194.9891357421875,0.11289318650960922,2237.5319430186164
14.461616000000056,50,D3,1194.9891357421875,0.11289318650960922,2237.5319430186164
14.470480000000057,57,A3,1196.8099365234375,0.11168031394481659,2358.463490452857
14.470480000000057,50,D3,1196.8099365234375,0.11168031394481659,2358.463490452857
14.479344000000058,50,D3,1196.8099365234375,0.11168031394481659,2358.463490452857
14.479344000000058,57,A3,1196.8099365234375,0.11168031394481659,2358.463490452857
14.647760000000057,80,G#5,1152.076171875,0.07979780435562134,2154.9357986773234
14.674352000000058,57,A3,1170.8104248046875,0.06522221863269806,1979.5397824669858
14.674352000000058,50,D3,1170.8104248046875,0.06522221863269806,1979.5397824669858
14.683216000000058,50,D3,1154.873779296875,0.054919783025979996,1933.383208421967
14.687648000000058,57,A3,1154.873779296875,0.054919783025979996,1933.383208421967
14.692080000000058,50,D3,1154.873779296875,0.054919783025979996,1933.383208421967
14.696512000000057,57,A3,1154.873779296875,0.054919783025979996,1933.383208421967
14.86049600000006,78,F#5,1162.658203125,0.16741511225700378,1914.907503244897
14.88708800000006,50,D3,1108.2611083984375,0.19457289576530457,2024.075896442348
14.89152000000006,57,A3,1187.6697998046875,0.20773746073246002,1930.5671503907788
14.89152000000006,50,D3,1187.6697998046875,0.20773746073246002,1930.5671503907788
14.900384000000061,57,A3,1187.6697998046875,0.20773746073246002,1930.5671503907788
14.90481600000006,50,D3,1187.6697998046875,0.20773746073246002,1930.5671503907788
14.90924800000006,57,A3,1187.6697998046875,0.20773746073246002,1930.5671503907788
15.07323200000006,80,G#5,1185.2164306640625,0.12372404336929321,3466.856028020232
15.09982400000006,50,D3,1195.6905517578125,0.14941050112247467,3097.267918074378
15.10425600000006,57,A3,1195.6905517578125,0.14941050112247467,3097.267918074378
15.10868800000006,57,A3,1195.6905517578125,0.14941050112247467,3097.267918074378
15.10868800000006,50,D3,1195.6905517578125,0.14941050112247467,3097.267918074378
15.11755200000006,50,D3,1195.6905517578125,0.14941050112247467,3097.267918074378
15.12198400000006,57,A3,1186.4078369140625,0.15072667598724365,3997.7579342426416
15.28596800000006,78,F#5,1152.3878173828125,0.15764088928699493,3236.227746377941
15.312560000000062,50,D3,1155.5037841796875,0.17797359824180603,2484.2805292876706
15.316992000000061,57,A3,1155.5037841796875,0.17797359824180603,2484.2805292876706
15.32142400000006,50,D3,1155.5037841796875,0.17797359824180603,2484.2805292876706
15.32585600000006,57,A3,1155.5037841796875,0.17797359824180603,2484.2805292876706
15.33028800000006,57,A3,1153.695556640625,0.19545558094978333,2393.6478085302106
15.33028800000006,50,D3,1153.695556640625,0.19545558094978333,2393.6478085302106
15.529728000000063,50,D3,1159.5469970703125,0.16295132040977478,2196.335153225001
15.529728000000063,57,A3,1159.5469970703125,0.16295132040977478,2196.335153225001
15.534160000000062,57,A3,1159.5469970703125,0.16295132040977478,2196.335153225001
15.534160000000062,50,D3,1159.5469970703125,0.16295132040977478,2196.335153225001
15.538592000000062,50,D3,988.4466552734375,0.17702163755893707,2441.856396247324
15.543024000000061,57,A3,988.4466552734375,0.17702163755893707,2441.856396247324
15.71144000000006,80,G#5,990.9581298828125,0.19199354946613312,2324.0964127853317
15.73360000000006,50,D3,986.9570922851562,0.20530283451080322,2219.168803964645
15.738032000000059,57,A3,986.9570922851562,0.20530283451080322,2219.168803964645
15.74689600000006,50,D3,988.1392822265625,0.22650747001171112,2069.173753301989
15.75132800000006,57,A3,988.1392822265625,0.22650747001171112,2069.173753301989
15.755760000000059,50,D3,988.1392822265625,0.22650747001171112,2069.173753301989
15.760192000000059,57,A3,988.1392822265625,0.22650747001171112,2069.173753301989
15.950768000000059,50,D3,1000.06982421875,0.11556483060121536,3976.534551413637
15.955200000000058,57,A3,1000.06982421875,0.11556483060121536,3976.534551413637
15.955200000000058,50,D3,1000.06982421875,0.11556483060121536,3976.534551413637
15.964064000000059,57,A3,987.6383666992188,0.10404050350189209,4444.729653188722
15.968496000000059,50,D3,987.6383666992188,0.10404050350189209,4444.729653188722
15.972928000000058,57,A3,987.6383666992188,0.10404050350189209,4444.729653188722
16.136912000000056,78,F#5,1020.8720092773438,0.08731096982955933,5694.346683964964
16.163504000000056,57,A3,1189.9295654296875,0.11844998598098755,5034.142690629684
16.163504000000056,50,D3,1189.9295654296875,0.11844998598098755,5034.142690629684
16.167936000000058,50,D3,1113.594970703125,0.14510281383991241,3724.9435641352397
16.17236800000006,57,A3,1113.594970703125,0.14510281383991241,3724.9435641352397
16.18123200000006,50,D3,1113.594970703125,0.14510281383991241,3724.9435641352397
16.18123200000006,57,A3,1113.594970703125,0.14510281383991241,3724.9435641352397
16.376240000000063,57,A3,1170.541259765625,0.09224206209182739,4739.542728969969
16.376240000000063,50,D3,1170.541259765625,0.09224206209182739,4739.542728969969
16.380672000000065,50,D3,1170.541259765625,0.09224206209182739,4739.542728969969
16.389536000000064,57,A3,1170.541259765625,0.09224206209182739,4739.542728969969
16.393968000000065,50,D3,1170.541259765625,0.09224206209182739,4739.542728969969
16.398400000000066,57,A3,1127.2230224609375,0.09767300635576248,5040.10903043347
16.58454400000007,50,D3,898.7271728515625,0.15620945394039154,2697.339685160244
16.58897600000007,57,A3,898.7271728515625,0.15620945394039154,2697.339685160244
16.59784000000007,62,D4,898.7271728515625,0.15620945394039154,2697.339685160244
16.59784000000007,50,D3,898.7271728515625,0.15620945394039154,2697.339685160244
16.60227200000007,57,A3,898.7271728515625,0.15620945394039154,2697.339685160244
16.60670400000007,50,D3,906.7259521484375,0.17175240814685822,2826.7540725913186
16.611136000000073,62,D4,906.7259521484375,0.17175240814685822,2826.7540725913186
16.611136000000073,57,A3,906.7259521484375,0.17175240814685822,2826.7540725913186
16.80171200000007,50,D3,1001.54150390625,0.15431463718414307,2707.323085625273
16.80614400000007,57,A3,1001.54150390625,0.15431463718414307,2707.323085625273
16.810576000000072,50,D3,1001.54150390625,0.15431463718414307,2707.323085625273
16.815008000000073,57,A3,992.3056030273438,0.15421247482299805,2598.143756312518
16.819440000000075,57,A3,992.3056030273438,0.15421247482299805,2598.143756312518
16.819440000000075,50,D3,992.3056030273438,0.15421247482299805,2598.143756312518
17.014448000000076,52,E3,1005.5557861328125,0.1827634572982788,2622.8615386206257
17.014448000000076,45,A2,1005.5557861328125,0.1827634572982788,2622.8615386206257
17.023312000000075,45,A2,1005.5557861328125,0.1827634572982788,2622.8615386206257
17.027744000000077,57,A3,1191.7723388671875,0.183719202876091,2903.2490562113935
17.032176000000078,52,E3,1191.7723388671875,0.183719202876091,2903.2490562113935
17.032176000000078,45,A2,1191.7723388671875,0.183719202876091,2903.2490562113935
17.03660800000008,52,E3,1191.7723388671875,0.183719202876091,2903.2490562113935
17.04104000000008,57,A3,1191.7723388671875,0.183719202876091,2903.2490562113935
17.22718400000008,45,A2,1177.20556640625,0.18346379697322845,3083.7372239021106
17.22718400000008,52,E3,1177.20556640625,0.18346379697322845,3083.7372239021106
17.236048000000082,52,E3,1180.322021484375,0.18548178672790527,3068.0984146538945
17.236048000000082,45,A2,1180.322021484375,0.18548178672790527,3068.0984146538945
17.240480000000083,45,A2,1180.322021484375,0.18548178672790527,3068.0984146538945
17.244912000000085,52,E3,1180.322021484375,0.18548178672790527,3068.0984146538945
17.41332800000009,78,F#5,1013.2407836914062,0.17877475917339325,3278.304000270113
17.444352000000087,52,E3,1007.431396484375,0.19320575892925262,2973.680815924433
17.444352000000087,45,A2,1007.431396484375,0.19320575892925262,2973.680815924433
17.44878400000009,45,A2,1007.431396484375,0.19320575892925262,2973.680815924433
17.45321600000009,52,E3,1007.431396484375,0.19320575892925262,2973.680815924433
17.45764800000009,45,A2,1007.431396484375,0.19320575892925262,2973.680815924433
17.462080000000093,52,E3,1007.431396484375,0.19320575892925262,2973.680815924433
17.626064000000095,80,G#5,1160.046630859375,0.08762432634830475,2501.031734741229
17.652656000000096,45,A2,1173.091796875,0.08554953336715698,2307.025108506252
17.657088000000098,52,E3,1173.091796875,0.08554953336715698,2307.025108506252
17.6615200000001,45,A2,1173.091796875,0.08554953336715698,2307.025108506252
17.6615200000001,57,A3,1173.091796875,0.08554953336715698,2307.025108506252
17.6659520000001,52,E3,1173.091796875,0.08554953336715698,2307.025108506252
17.6703840000001,52,E3,1173.091796875,0.08554953336715698,2307.025108506252
17.6703840000001,45,A2,1173.091796875,0.08554953336715698,2307.025108506252
17.6792480000001,57,A3,1172.878173828125,0.09049397706985474,2132.3564564299004
17.838800000000102,78,F#5,1158.547119140625,0.16998885571956635,2148.4807366367004
17.865392000000103,45,A2,1164.94091796875,0.23060400784015656,2132.950253321708
17.869824000000104,52,E3,1164.94091796875,0.23060400784015656,2132.950253321708
17.874256000000106,45,A2,1164.94091796875,0.23060400784015656,2132.950253321708
17.878688000000107,52,E3,1164.94091796875,0.23060400784015656,2132.950253321708
17.887552000000106,45,A2,1175.688720703125,0.25400689244270325,2113.119136928094
17.887552000000106,52,E3,1175.688720703125,0.25400689244270325,2113.119136928094
18.05153600000011,80,G#5,1175.4903564453125,0.16289658844470978,3626.718455734249
18.07812800000011,45,A2,1171.229248046875,0.15659672021865845,3695.5925509722774
18.07812800000011,52,E3,1171.229248046875,0.15659672021865845,3695.5925509722774
18.08256000000011,45,A2,1171.229248046875,0.15659672021865845,3695.5925509722774
18.086992000000112,52,E3,1171.229248046875,0.15659672021865845,3695.5925509722774
18.09585600000011,45,A2,1166.1492919921875,0.1494317203760147,3730.34619183739
18.09585600000011,52,E3,1166.1492919921875,0.1494317203760147,3730.34619183739
18.264272000000112,78,F#5,1175.93603515625,0.15651468932628632,3623.297518906396
18.290864000000113,45,A2,1176.3668212890625,0.23010875284671783,3495.0888252800196
18.290864000000113,52,E3,1176.3668212890625,0.23010875284671783,3495.0888252800196
18.299728000000112,45,A2,1176.3668212890625,0.23010875284671783,3495.0888252800196
18.304160000000113,52,E3,1176.063232421875,0.24608063697814941,3410.5672252768245
18.308592000000115,45,A2,1176.063232421875,0.24608063697814941,3410.5672252768245
18.313024000000116,52,E3,1176.063232421875,0.24608063697814941,3410.5672252768245
18.499168000000125,45,A2,1173.6573486328125,0.14225085079669952,3134.4846061340704
18.503600000000127,52,E3,1173.6573486328125,0.14225085079669952,3134.4846061340704
18.512464000000126,45,A2,1181.1036376953125,0.1739751249551773,2793.9724483828822
18.516896000000127,52,E3,1181.1036376953125,0.1739751249551773,2793.9724483828822
18.52132800000013,45,A2,1181.1036376953125,0.1739751249551773,2793.9724483828822
18.52576000000013,52,E3,1181.1036376953125,0.1739751249551773,2793.9724483828822
18.68974400000013,80,G#5,1176.6142578125,0.18724775314331055,3086.163272485384
18.71633600000013,45,A2,1175.619140625,0.18738014996051788,2985.8980105199967
18.72076800000013,52,E3,1174.6243896484375,0.1928575038909912,2908.2325755128663
18.725200000000132,45,A2,1174.6243896484375,0.1928575038909912,2908.2325755128663
18.73406400000013,45,A2,1174.6243896484375,0.1928575038909912,2908.2325755128663
18.73406400000013,52,E3,1174.6243896484375,0.1928575038909912,2908.2325755128663
18.738496000000133,52,E3,1174.6243896484375,0.1928575038909912,2908.2325755128663
18.929072000000133,45,A2,1174.56494140625,0.1853942573070526,3315.9149557419455
18.929072000000133,52,E3,1174.56494140625,0.1853942573070526,3315.9149557419455
18.937936000000132,45,A2,1174.56494140625,0.1853942573070526,3315.9149557419455
18.942368000000133,52,E3,1174.56494140625,0.1853942573070526,3315.9149557419455
18.951232000000132,45,A2,1172.9927978515625,0.18116138875484467,3226.411621746688
18.951232000000132,52,E3,1172.9927978515625,0.18116138875484467,3226.411621746688
19.11521600000013,78,F#5,1183.5423583984375,0.196955144405365,2682.6988795966545
19.14624000000013,45,A2,1180.8924560546875,0.24201563000679016,2681.6326453595516
19.14624000000013,52,E3,1180.8924560546875,0.24201563000679016,2681.6326453595516
19.15067200000013,52,E3,1180.8924560546875,0.24201563000679016,2681.6326453595516
19.15067200000013,45,A2,1180.8924560546875,0.24201563000679016,2681.6326453595516
19.155104000000133,45,A2,1180.8924560546875,0.24201563000679016,2681.6326453595516
19.159536000000134,52,E3,1180.8924560546875,0.24201563000679016,2681.6326453595516
19.32795200000014,80,G#5,1196.035888671875,0.15009142458438873,4189.669785515266
19.35454400000014,45,A2,732.972412109375,0.14935562014579773,4570.825590547598
19.35897600000014,52,E3,732.972412109375,0.14935562014579773,4570.825590547598
19.363408000000142,45,A2,732.972412109375,0.14935562014579773,4570.825590547598
19.367840000000143,52,E3,732.972412109375,0.14935562014579773,4570.825590547598
19.372272000000144,45,A2,1104.265625,0.14305204153060913,4586.175571352019
19.376704000000146,52,E3,1104.265625,0.14305204153060913,4586.175571352019
19.567280000000153,45,A2,1182.6260986328125,0.15619641542434692,2235.0664790385117
19.571712000000154,52,E3,1182.6260986328125,0.15619641542434692,2235.0664790385117
19.576144000000156,45,A2,1182.6260986328125,0.15619641542434692,2235.0664790385117
19.580576000000157,52,E3,1171.416015625,0.15583093464374542,2739.8061128492404
19.58500800000016,45,A2,1171.416015625,0.15583093464374542,2739.8061128492404
19.58944000000016,52,E3,1171.416015625,0.15583093464374542,2739.8061128492404
19.780016000000163,45,A2,888.7319946289062,0.265960156917572,2327.3887148443873
19.780016000000163,52,E3,888.7319946289062,0.265960156917572,2327.3887148443873
19.784448000000165,45,A2,888.7319946289062,0.265960156917572,2327.3887148443873
19.793312000000164,52,E3,886.2130737304688,0.25772711634635925,2379.2434824806032
19.797744000000165,45,A2,886.2130737304688,0.25772711634635925,2379.2434824806032
19.802176000000166,52,E3,886.2130737304688,0.25772711634635925,2379.2434824806032
19.992752000000166,52,E3,1101.0264892578125,0.13239209353923798,4318.861907159581
19.992752000000166,45,A2,1101.0264892578125,0.13239209353923798,4318.861907159581
20.001616000000165,45,A2,1171.6273193359375,0.1501082181930542,4612.949340570815
20.006048000000167,57,A3,1171.6273193359375,0.1501082181930542,4612.949340570815
20.010480000000168,45,A2,1171.6273193359375,0.1501082181930542,4612.949340570815
20.010480000000168,52,E3,1171.6273193359375,0.1501082181930542,4612.949340570815
20.01491200000017,57,A3,1171.6273193359375,0.1501082181930542,4612.949340570815
20.01491200000017,52,E3,1171.6273193359375,0.1501082181930542,4612.949340570815
20.20548800000017,45,A2,1156.7115478515625,0.17780576646327972,2624.079311081559
20.20992000000017,52,E3,1156.7115478515625,0.17780576646327972,2624.079311081559
20.214352000000172,45,A2,1156.7115478515625,0.17780576646327972,2624.079311081559
20.218784000000174,52,E3,1156.7115478515625,0.17780576646327972,2624.079311081559
20.223216000000175,45,A2,1156.7115478515625,0.17780576646327972,2624.079311081559
20.227648000000176,52,E3,1156.7115478515625,0.17780576646327972,2624.079311081559
20.302992000000177,50,D3,1171.1749267578125,0.1434924155473709,2514.7926994003697
20.32515200000018,50,D3,1193.717041015625,0.1334562450647354,3510.506778042942
20.36947200000018,54,F#3,1170.89208984375,0.10925596207380295,5204.692894180539
20.39163200000018,54,F#3,1159.2354736328125,0.10395349562168121,5298.229823495531
20.41822400000018,50,D3,1148.3076171875,0.1064537987112999,4499.423285045237
20.42265600000018,38,D2,1148.3076171875,0.1064537987112999,4499.423285045237
20.42265600000018,57,A3,1148.3076171875,0.1064537987112999,4499.423285045237
20.42265600000018,57,A3,1148.3076171875,0.1064537987112999,4499.423285045237
20.427088000000182,50,D3,1148.3076171875,0.1064537987112999,4499.423285045237
20.427088000000182,49,C#3,1148.3076171875,0.1064537987112999,4499.423285045237
20.431520000000184,62,D4,1148.3076171875,0.1064537987112999,4499.423285045237
20.431520000000184,35,B1,1148.3076171875,0.1064537987112999,4499.423285045237
20.435952000000185,57,A3,1148.3076171875,0.1064537987112999,4499.423285045237
20.440384000000186,50,D3,1144.800048828125,0.10824741423130035,3564.9762516116016
20.444816000000188,57,A3,1144.800048828125,0.10824741423130035,3564.9762516116016
20.44924800000019,62,D4,1144.800048828125,0.10824741423130035,3564.9762516116016
20.45368000000019,57,A3,1144.800048828125,0.10824741423130035,3564.9762516116016
20.45811200000019,62,D4,1144.800048828125,0.10824741423130035,3564.9762516116016
20.462544000000193,62,D4,1171.9219970703125,0.12392731010913849,3593.027709256664
20.498000000000193,66,F#4,1176.8348388671875,0.16111858189105988,3142.8159457989227
20.520160000000192,66,F#4,1174.4954833984375,0.1821543425321579,3075.5549623994752
20.630960000000194,57,A3,1076.49169921875,0.20828408002853394,2678.8914868809243
20.630960000000194,50,D3,1076.49169921875,0.20828408002853394,2678.8914868809243
20.639824000000196,50,D3,1076.49169921875,0.20828408002853394,2678.8914868809243
20.644256000000198,57,A3,1076.49169921875,0.20828408002853394,2678.8914868809243
20.6531200000002,57,A3,1112.5145263671875,0.20691606402397156,2659.7938198984752
20.6531200000002,50,D3,1112.5145263671875,0.20691606402397156,2659.7938198984752
20.8436960000002,50,D3,1164.093505859375,0.208604633808136,2687.8361966291804
20.8436960000002,57,A3,1164.093505859375,0.208604633808136,2687.8361966291804
20.8481280000002,38,D2,1164.093505859375,0.208604633808136,2687.8361966291804
20.852560000000203,50,D3,1164.093505859375,0.208604633808136,2687.8361966291804
20.856992000000204,57,A3,1195.592041015625,0.1989993155002594,2696.838418575986
20.856992000000204,46,A#2,1195.592041015625,0.1989993155002594,2696.838418575986
20.865856000000207,57,A3,1195.592041015625,0.1989993155002594,2696.838418575986
20.865856000000207,57,A3,1195.592041015625,0.1989993155002594,2696.838418575986
20.865856000000207,50,D3,1195.592041015625,0.1989993155002594,2696.838418575986
20.874720000000206,57,A3,1195.592041015625,0.1989993155002594,2696.838418575986
21.029840000000206,78,F#5,1176.29443359375,0.15610292553901672,3170.0139990115235
21.060864000000205,57,A3,1174.9241943359375,0.14606694877147675,3027.335577283734
21.060864000000205,50,D3,1174.9241943359375,0.14606694877147675,3027.335577283734
21.065296000000206,50,D3,1174.5067138671875,0.13940274715423584,2897.248033400087
21.065296000000206,62,D4,1174.5067138671875,0.13940274715423584,2897.248033400087
21.069728000000207,57,A3,1174.5067138671875,0.13940274715423584,2897.248033400087
21.07416000000021,50,D3,1174.5067138671875,0.13940274715423584,2897.248033400087
21.07859200000021,57,A3,1174.5067138671875,0.13940274715423584,2897.248033400087
21.07859200000021,42,F#2,1174.5067138671875,0.13940274715423584,2897.248033400087
21.08302400000021,62,D4,1174.5067138671875,0.13940274715423584,2897.248033400087
21.091888000000214,62,D4,1169.1324462890625,0.155000701546669,2841.030588321072
21.114048000000214,62,D4,1174.06982421875,0.2010531723499298,2301.5909406310434
21.269168000000217,50,D3,1158.884765625,0.1191885694861412,2089.9991552990964
21.27360000000022,57,A3,1162.0987548828125,0.12076430767774582,2020.0567707743155
21.27803200000022,50,D3,1162.0987548828125,0.12076430767774582,2020.0567707743155
21.28246400000022,57,A3,1162.0987548828125,0.12076430767774582,2020.0567707743155
21.28246400000022,46,A#2,1162.0987548828125,0.12076430767774582,2020.0567707743155
21.286896000000223,50,D3,1162.0987548828125,0.12076430767774582,2020.0567707743155
21.291328000000224,57,A3,1162.0987548828125,0.12076430767774582,2020.0567707743155
21.455312000000223,80,G#5,1159.1103515625,0.16519033908843994,2582.7734807763013
21.473040000000225,57,A3,1174.013916015625,0.1380157321691513,2562.813575938726
21.481904000000224,50,D3,1174.013916015625,0.1380157321691513,2562.813575938726
21.486336000000225,57,A3,1154.8282470703125,0.14143070578575134,2566.826908332576
21.490768000000227,57,A3,1154.8282470703125,0.14143070578575134,2566.826908332576
21.490768000000227,50,D3,1154.8282470703125,0.14143070578575134,2566.826908332576
21.495200000000228,57,A3,1154.8282470703125,0.14143070578575134,2566.826908332576
21.49963200000023,50,D3,1154.8282470703125,0.14143070578575134,2566.826908332576
21.49963200000023,42,F#2,1154.8282470703125,0.14143070578575134,2566.826908332576
21.50406400000023,57,A3,1154.8282470703125,0.14143070578575134,2566.826908332576
21.694640000000234,50,D3,1151.10595703125,0.14554287493228912,2212.6022713794464
21.699072000000236,57,A3,1151.10595703125,0.14554287493228912,2212.6022713794464
21.703504000000237,38,D2,1151.10595703125,0.14554287493228912,2212.6022713794464
21.703504000000237,50,D3,1151.10595703125,0.14554287493228912,2212.6022713794464
21.707936000000238,57,A3,1151.10595703125,0.14554287493228912,2212.6022713794464
21.707936000000238,46,A#2,1151.10595703125,0.14554287493228912,2212.6022713794464
21.71236800000024,50,D3,1151.10595703125,0.14554287493228912,2212.6022713794464
21.71680000000024,57,A3,1157.133544921875,0.17293967306613922,2623.2443553181447
21.71680000000024,54,F#3,1157.133544921875,0.17293967306613922,2623.2443553181447
21.880784000000244,78,F#5,1098.016845703125,0.25783759355545044,2671.70949403925
21.911808000000242,50,D3,1099.302001953125,0.2490982711315155,2636.5681675177193
21.911808000000242,57,A3,1099.302001953125,0.2490982711315155,2636.5681675177193
21.916240000000244,57,A3,1099.302001953125,0.2490982711315155,2636.5681675177193
21.916240000000244,50,D3,1099.302001953125,0.2490982711315155,2636.5681675177193
21.920672000000245,50,D3,1099.302001953125,0.2490982711315155,2636.5681675177193
21.925104000000246,42,F#2,1097.577392578125,0.23314855992794037,2575.143941213919
21.929536000000247,57,A3,1097.577392578125,0.23314855992794037,2575.143941213919
22.09352000000025,80,G#5,1159.112548828125,0.1622956246137619,2210.0897330512967
22.12011200000025,50,D3,1153.2347412109375,0.14623937010765076,2181.4258945586566
22.124544000000252,57,A3,1153.2347412109375,0.14623937010765076,2181.4258945586566
22.128976000000254,50,D3,1153.2347412109375,0.14623937010765076,2181.4258945586566
22.133408000000255,57,A3,1150.4056396484375,0.14242903888225555,2233.559736706018
22.133408000000255,46,A#2,1150.4056396484375,0.14242903888225555,2233.559736706018
22.137840000000256,50,D3,1150.4056396484375,0.14242903888225555,2233.559736706018
22.142272000000258,57,A3,1150.4056396484375,0.14242903888225555,2233.559736706018
22.332848000000258,50,D3,971.9356689453125,0.1840267926454544,3058.774770061616
22.33728000000026,57,A3,971.9356689453125,0.1840267926454544,3058.774770061616
22.34171200000026,57,A3,988.0090942382812,0.1888858526945114,3156.3032164910965
22.34171200000026,50,D3,988.0090942382812,0.1888858526945114,3156.3032164910965
22.35057600000026,50,D3,988.0090942382812,0.1888858526945114,3156.3032164910965
22.35500800000026,42,F#2,988.0090942382812,0.1888858526945114,3156.3032164910965
22.35500800000026,57,A3,988.0090942382812,0.1888858526945114,3156.3032164910965
22.518992000000267,78,F#5,1099.04150390625,0.1972058266401291,3063.4653724246573
22.545584000000268,50,D3,1098.513916015625,0.20671524107456207,3131.492776849005
22.55001600000027,38,D2,1098.513916015625,0.20671524107456207,3131.492776849005
22.55001600000027,57,A3,1098.513916015625,0.20671524107456207,3131.492776849005
22.55444800000027,50,D3,1095.7476806640625,0.19351208209991455,3126.082096784692
22.55444800000027,46,A#2,1095.7476806640625,0.19351208209991455,3126.082096784692
22.55444800000027,57,A3,1095.7476806640625,0.19351208209991455,3126.082096784692
22.56331200000027,50,D3,1095.7476806640625,0.19351208209991455,3126.082096784692
22.56774400000027,57,A3,1095.7476806640625,0.19351208209991455,3126.082096784692
22.762752000000273,50,D3,1098.1441650390625,0.2115236520767212,3129.465988385349
22.762752000000273,57,A3,1098.1441650390625,0.2115236520767212,3129.465988385349
22.767184000000274,57,A3,1098.1441650390625,0.2115236520767212,3129.465988385349
22.767184000000274,50,D3,1098.1441650390625,0.2115236520767212,3129.465988385349
22.771616000000275,50,D3,1098.1441650390625,0.2115236520767212,3129.465988385349
22.776048000000277,57,A3,1098.1441650390625,0.2115236520767212,3129.465988385349
22.780480000000278,42,F#2,1098.1441650390625,0.2115236520767212,3129.465988385349
22.94446400000028,80,G#5,1095.42919921875,0.16448387503623962,2855.568758113667
22.97105600000028,50,D3,1087.564208984375,0.11049311608076096,2742.552034363719
22.975488000000283,57,A3,1087.564208984375,0.11049311608076096,2742.552034363719
22.979920000000284,50,D3,1087.564208984375,0.11049311608076096,2742.552034363719
22.984352000000285,57,A3,1087.564208984375,0.11049311608076096,2742.552034363719
22.984352000000285,46,A#2,1087.564208984375,0.11049311608076096,2742.552034363719
22.988784000000287,50,D3,1087.564208984375,0.11049311608076096,2742.552034363719
22.993216000000288,57,A3,980.5364379882812,0.11963899433612823,3968.766029587577
23.183792000000288,50,D3,1027.0623779296875,0.24291320145130157,2548.606462857579
23.18822400000029,57,A3,1027.0623779296875,0.24291320145130157,2548.606462857579
23.19265600000029,50,D3,1027.0623779296875,0.24291320145130157,2548.606462857579
23.197088000000292,57,A3,1027.0623779296875,0.24291320145130157,2548.606462857579
23.201520000000293,42,F#2,1198.298828125,0.24322371184825897,2531.593555715409
23.201520000000293,50,D3,1198.298828125,0.24322371184825897,2531.593555715409
23.205952000000295,57,A3,1198.298828125,0.24322371184825897,2531.593555715409
23.396528000000295,50,D3,1180.3341064453125,0.20730969309806824,2687.783819319946
23.396528000000295,57,A3,1180.3341064453125,0.20730969309806824,2687.783819319946
23.400960000000296,38,D2,1180.3341064453125,0.20730969309806824,2687.783819319946
23.405392000000298,50,D3,1180.3341064453125,0.20730969309806824,2687.783819319946
23.405392000000298,46,A#2,1180.3341064453125,0.20730969309806824,2687.783819319946
23.4098240000003,62,D4,1198.5078125,0.19240540266036987,2337.5598606743642
23.4142560000003,57,A3,1198.5078125,0.19240540266036987,2337.5598606743642
23.4186880000003,57,A3,1198.5078125,0.19240540266036987,2337.5598606743642
23.4186880000003,62,D4,1198.5078125,0.19240540266036987,2337.5598606743642
23.4186880000003,54,F#3,1198.5078125,0.19240540266036987,2337.5598606743642
23.4186880000003,50,D3,1198.5078125,0.19240540266036987,2337.5598606743642
23.6092640000003,50,D3,1188.7164306640625,0.21192440390586853,3087.288325369183
23.613696000000303,35,B1,1188.7164306640625,0.21192440390586853,3087.288325369183
23.613696000000303,57,A3,1188.7164306640625,0.21192440390586853,3087.288325369183
23.618128000000304,50,D3,1188.7164306640625,0.21192440390586853,3087.288325369183
23.622560000000306,57,A3,1196.7545166015625,0.1970313936471939,2823.9169586919443
23.626992000000307,50,D3,1196.7545166015625,0.1970313936471939,2823.9169586919443
23.631424000000308,42,F#2,1196.7545166015625,0.1970313936471939,2823.9169586919443
23.631424000000308,57,A3,1196.7545166015625,0.1970313936471939,2823.9169586919443
23.77324800000032,52,E3,1120.7447509765625,0.19737209379673004,2470.4597466817386
23.795408000000318,52,E3,1140.2576904296875,0.1833074986934662,2513.880671197112
23.82200000000032,45,A2,1120.56298828125,0.18063826858997345,2607.8559075353965
23.82200000000032,45,A2,1120.56298828125,0.18063826858997345,2607.8559075353965
23.82643200000032,52,E3,1120.56298828125,0.18063826858997345,2607.8559075353965
23.82643200000032,45,A2,1120.56298828125,0.18063826858997345,2607.8559075353965
23.83086400000032,57,A3,1088.373291015625,0.1975567638874054,2560.109282493299
23.83086400000032,35,B1,1088.373291015625,0.1975567638874054,2560.109282493299
23.835296000000323,52,E3,1088.373291015625,0.1975567638874054,2560.109282493299
23.835296000000323,46,A#2,1088.373291015625,0.1975567638874054,2560.109282493299
23.839728000000324,45,A2,1088.373291015625,0.1975567638874054,2560.109282493299
23.844160000000326,57,A3,1088.373291015625,0.1975567638874054,2560.109282493299
23.848592000000327,52,E3,1088.373291015625,0.1975567638874054,2560.109282493299
23.853024000000328,61,C#4,998.6704711914062,0.21791724860668182,2371.519847495447
23.853024000000328,57,A3,998.6704711914062,0.21791724860668182,2371.519847495447
23.861888000000327,57,A3,998.6704711914062,0.21791724860668182,2371.519847495447
23.86632000000033,64,E4,998.6704711914062,0.21791724860668182,2371.519847495447
23.86632000000033,59,B3,998.6704711914062,0.21791724860668182,2371.519847495447
23.875184000000328,61,C#4,1161.303955078125,0.23178178071975708,2257.809051348954
23.884048000000327,59,B3,1161.303955078125,0.23178178071975708,2257.809051348954
23.888480000000328,64,E4,1161.303955078125,0.23178178071975708,2257.809051348954
23.89291200000033,69,A4,1161.303955078125,0.23178178071975708,2257.809051348954
23.91950400000033,69,A4,1152.9840087890625,0.2289566844701767,2202.932880600214
24.034736000000333,45,A2,1136.2142333984375,0.2413613349199295,2438.711225533356
24.039168000000334,52,E3,1126.735595703125,0.23045793175697327,2526.4393276193723
24.043600000000335,45,A2,1126.735595703125,0.23045793175697327,2526.4393276193723
24.048032000000337,52,E3,1126.735595703125,0.23045793175697327,2526.4393276193723
24.052464000000338,42,F#2,1126.735595703125,0.23045793175697327,2526.4393276193723
24.052464000000338,52,E3,1126.735595703125,0.23045793175697327,2526.4393276193723
24.052464000000338,45,A2,1126.735595703125,0.23045793175697327,2526.4393276193723
24.220880000000342,78,F#5,1086.4229736328125,0.23864765465259552,2390.0453082544473
24.247472000000343,45,A2,999.6348266601562,0.2182108610868454,2788.9645654105225
24.247472000000343,52,E3,999.6348266601562,0.2182108610868454,2788.9645654105225
24.251904000000344,38,D2,999.6348266601562,0.2182108610868454,2788.9645654105225
24.256336000000346,46,A#2,999.6348266601562,0.2182108610868454,2788.9645654105225
24.256336000000346,45,A2,999.6348266601562,0.2182108610868454,2788.9645654105225
24.256336000000346,52,E3,999.6348266601562,0.2182108610868454,2788.9645654105225
24.265200000000345,45,A2,999.6348266601562,0.2182108610868454,2788.9645654105225
24.265200000000345,52,E3,999.6348266601562,0.2182108610868454,2788.9645654105225
24.274064000000344,57,A3,984.9176635742188,0.2157023549079895,2807.813075659995
24.296224000000347,57,A3,1031.6844482421875,0.2108297348022461,2754.296652066204
24.43361600000035,80,G#5,1165.81103515625,0.20570161938667297,3652.3049924288925
24.455776000000352,45,A2,1193.1591796875,0.1663006693124771,3395.2869042382945
24.460208000000353,52,E3,1193.1591796875,0.1663006693124771,3395.2869042382945
24.469072000000352,45,A2,1193.1591796875,0.1663006693124771,3395.2869042382945
24.473504000000354,57,A3,1193.1591796875,0.1663006693124771,3395.2869042382945
24.473504000000354,52,E3,1193.1591796875,0.1663006693124771,3395.2869042382945
24.477936000000355,45,A2,1197.59814453125,0.14830052852630615,3194.3505700577957
24.477936000000355,59,B3,1197.59814453125,0.14830052852630615,3194.3505700577957
24.477936000000355,42,F#2,1197.59814453125,0.14830052852630615,3194.3505700577957
24.486800000000358,52,E3,1197.59814453125,0.14830052852630615,3194.3505700577957
24.486800000000358,57,A3,1197.59814453125,0.14830052852630615,3194.3505700577957
24.500096000000358,59,B3,1197.59814453125,0.14830052852630615,3194.3505700577957
24.64635200000036,78,F#5,981.4386596679688,0.18859615921974182,1809.6915377230416
24.67294400000036,52,E3,1172.4754638671875,0.16211813688278198,2167.968425644571
24.67294400000036,45,A2,1172.4754638671875,0.16211813688278198,2167.968425644571
24.68180800000036,45,A2,1172.4754638671875,0.16211813688278198,2167.968425644571
24.68624000000036,52,E3,1172.4754638671875,0.16211813688278198,2167.968425644571
24.68624000000036,46,A#2,1172.4754638671875,0.16211813688278198,2167.968425644571
24.69067200000036,45,A2,1173.9432373046875,0.12905634939670563,2439.042645329804
24.695104000000363,52,E3,1173.9432373046875,0.12905634939670563,2439.042645329804
24.885680000000367,45,A2,1165.2186279296875,0.18475602567195892,2433.4589653548273
24.890112000000368,52,E3,1165.2186279296875,0.18475602567195892,2433.4589653548273
24.89454400000037,45,A2,1165.2186279296875,0.18475602567195892,2433.4589653548273
24.89897600000037,61,C#4,1174.90576171875,0.16295653581619263,2543.002118938415
24.89897600000037,52,E3,1174.90576171875,0.16295653581619263,2543.002118938415
24.903408000000372,45,A2,1174.90576171875,0.16295653581619263,2543.002118938415
24.907840000000373,52,E3,1174.90576171875,0.16295653581619263,2543.002118938415
24.907840000000373,42,F#2,1174.90576171875,0.16295653581619263,2543.002118938415
24.921136000000377,61,C#4,1195.44091796875,0.1424754410982132,2522.1467178147927
25.071824000000376,80,G#5,1180.9051513671875,0.1190943643450737,2374.8726624916762
25.098416000000377,45,A2,1178.7794189453125,0.12175894528627396,2327.2958900181247
25.102848000000378,52,E3,1178.7794189453125,0.12175894528627396,2327.2958900181247
25.10728000000038,45,A2,1181.816162109375,0.1263340562582016,2217.49308580388
25.10728000000038,52,E3,1181.816162109375,0.1263340562582016,2217.49308580388
25.10728000000038,38,D2,1181.816162109375,0.1263340562582016,2217.49308580388
25.11171200000038,46,A#2,1181.816162109375,0.1263340562582016,2217.49308580388
25.116144000000382,45,A2,1181.816162109375,0.1263340562582016,2217.49308580388
25.116144000000382,54,F#3,1181.816162109375,0.1263340562582016,2217.49308580388
25.120576000000383,52,E3,1181.816162109375,0.1263340562582016,2217.49308580388
25.28456000000039,78,F#5,1171.620849609375,0.27746662497520447,3697.855237512402
25.30672000000039,45,A2,1174.876953125,0.22930826246738434,3337.493571303391
25.31558400000039,45,A2,1175.7515869140625,0.21665433049201965,3049.6008114975452
25.31558400000039,52,E3,1175.7515869140625,0.21665433049201965,3049.6008114975452
25.324448000000388,52,E3,1175.7515869140625,0.21665433049201965,3049.6008114975452
25.333312000000387,45,A2,1175.7515869140625,0.21665433049201965,3049.6008114975452
25.333312000000387,52,E3,1175.7515869140625,0.21665433049201965,3049.6008114975452
25.333312000000387,42,F#2,1175.7515869140625,0.21665433049201965,3049.6008114975452
25.49729600000039,80,G#5,1169.2237548828125,0.20939338207244873,2812.9707344446547
25.528320000000388,45,A2,1177.2139892578125,0.17291884124279022,2715.711380297846
25.528320000000388,52,E3,1177.2139892578125,0.17291884124279022,2715.711380297846
25.53275200000039,45,A2,1177.2139892578125,0.17291884124279022,2715.711380297846
25.53718400000039,46,A#2,1177.2139892578125,0.17291884124279022,2715.711380297846
25.541616000000392,52,E3,1177.2139892578125,0.17291884124279022,2715.711380297846
25.546048000000393,45,A2,1175.5247802734375,0.15912498533725739,2588.4436080807463
25.550480000000395,52,E3,1175.5247802734375,0.15912498533725739,2588.4436080807463
25.732192000000392,45,A2,1106.607177734375,0.20065253973007202,2854.042245006356
25.74105600000039,52,E3,1106.607177734375,0.20065253973007202,2854.042245006356
25.74105600000039,45,A2,1106.607177734375,0.20065253973007202,2854.042245006356
25.74992000000039,52,E3,1106.607177734375,0.20065253973007202,2854.042245006356
25.75435200000039,45,A2,1106.607177734375,0.20065253973007202,2854.042245006356
25.758784000000393,52,E3,881.042236328125,0.21318642795085907,2943.76041570922
25.758784000000393,42,F#2,881.042236328125,0.21318642795085907,2943.76041570922
25.922768000000392,78,F#5,1195.134521484375,0.13626854121685028,2695.9591118393346
25.949360000000393,45,A2,1176.0513916015625,0.12721560895442963,2367.4624504488215
25.953792000000394,38,D2,1176.0513916015625,0.12721560895442963,2367.4624504488215
25.953792000000394,52,E3,1176.0513916015625,0.12721560895442963,2367.4624504488215
25.953792000000394,45,A2,1176.0513916015625,0.12721560895442963,2367.4624504488215
25.958224000000396,46,A#2,1176.0513916015625,0.12721560895442963,2367.4624504488215
25.962656000000397,52,E3,1176.0513916015625,0.12721560895442963,2367.4624504488215
25.9670880000004,45,A2,1178.093994140625,0.11353057622909546,2210.4139767659026
25.9670880000004,52,E3,1178.093994140625,0.11353057622909546,2210.4139767659026
26.1620960000004,45,A2,1098.1278076171875,0.24019350111484528,3901.0051297570963
26.1620960000004,52,E3,1098.1278076171875,0.24019350111484528,3901.0051297570963
26.1709600000004,45,A2,1098.1278076171875,0.24019350111484528,3901.0051297570963
26.1709600000004,52,E3,1098.1278076171875,0.24019350111484528,3901.0051297570963
26.179824000000398,42,F#2,1175.168212890625,0.1689961701631546,3603.4860919176385
26.179824000000398,45,A2,1175.168212890625,0.1689961701631546,3603.4860919176385
26.179824000000398,52,E3,1175.168212890625,0.1689961701631546,3603.4860919176385
26.348240000000402,80,G#5,1154.433349609375,0.11488331854343414,2623.333063555647
26.374832000000403,45,A2,1169.2559814453125,0.12050683051347733,2496.9233443765283
26.379264000000404,52,E3,1169.2559814453125,0.12050683051347733,2496.9233443765283
26.383696000000405,45,A2,1183.738525390625,0.12643417716026306,2409.2331655093394
26.383696000000405,46,A#2,1183.738525390625,0.12643417716026306,2409.2331655093394
26.388128000000407,52,E3,1183.738525390625,0.12643417716026306,2409.2331655093394
26.388128000000407,45,A2,1183.738525390625,0.12643417716026306,2409.2331655093394
26.396992000000406,52,E3,1183.738525390625,0.12643417716026306,2409.2331655093394
26.58756800000041,45,A2,1175.3951416015625,0.19367648661136627,3277.2220940867765
26.59200000000041,52,E3,1170.695556640625,0.20812776684761047,2881.6160925162394
26.596432000000412,45,A2,1170.695556640625,0.20812776684761047,2881.6160925162394
26.600864000000414,52,E3,1170.695556640625,0.20812776684761047,2881.6160925162394
26.605296000000415,45,A2,1170.695556640625,0.20812776684761047,2881.6160925162394
26.609728000000416,42,F#2,1170.695556640625,0.20812776684761047,2881.6160925162394
26.609728000000416,52,E3,1170.695556640625,0.20812776684761047,2881.6160925162394
26.800304000000416,45,A2,1171.708984375,0.17148691415786743,3072.292796962972
26.804736000000418,45,A2,1171.708984375,0.17148691415786743,3072.292796962972
26.804736000000418,52,E3,1171.708984375,0.17148691415786743,3072.292796962972
26.80916800000042,57,A3,1171.708984375,0.17148691415786743,3072.292796962972
26.80916800000042,38,D2,1171.708984375,0.17148691415786743,3072.292796962972
26.81360000000042,52,E3,1171.708984375,0.17148691415786743,3072.292796962972
26.81360000000042,46,A#2,1171.708984375,0.17148691415786743,3072.292796962972
26.81803200000042,54,F#3,1171.708984375,0.17148691415786743,3072.292796962972
26.81803200000042,45,A2,1171.708984375,0.17148691415786743,3072.292796962972
26.822464000000423,52,E3,1171.708984375,0.17148691415786743,3072.292796962972
26.831328000000422,57,A3,1172.3634033203125,0.1757844090461731,3231.612970843896
27.013040000000423,45,A2,1175.027099609375,0.2963273227214813,3292.9707982944674
27.013040000000423,52,E3,1175.027099609375,0.2963273227214813,3292.9707982944674
27.017472000000424,45,A2,1175.027099609375,0.2963273227214813,3292.9707982944674
27.021904000000426,35,B1,1175.027099609375,0.2963273227214813,3292.9707982944674
27.021904000000426,45,A2,1175.027099609375,0.2963273227214813,3292.9707982944674
27.026336000000427,52,E3,1175.027099609375,0.2963273227214813,3292.9707982944674
27.03076800000043,42,F#2,1175.027099609375,0.2963273227214813,3292.9707982944674
27.03963200000043,45,A2,1180.17578125,0.2710725963115692,3236.6966250198775
27.044064000000432,52,E3,1180.17578125,0.2710725963115692,3236.6966250198775
27.12384000000044,50,D3,1141.68994140625,0.23462769389152527,2728.876291777701
27.14600000000044,50,D3,1140.6514892578125,0.22029469907283783,2646.612577167756
27.19475200000044,54,F#3,1172.8990478515625,0.152413472533226,2432.9787706897
27.21691200000044,54,F#3,1172.8990478515625,0.152413472533226,2432.9787706897
27.22577600000044,57,A3,1170.829345703125,0.14603278040885925,2237.774907950834
27.22577600000044,50,D3,1170.829345703125,0.14603278040885925,2237.774907950834
27.22577600000044,38,D2,1170.829345703125,0.14603278040885925,2237.774907950834
27.23464000000044,35,B1,1170.829345703125,0.14603278040885925,2237.774907950834
27.23464000000044,50,D3,1170.829345703125,0.14603278040885925,2237.774907950834
27.23907200000044,62,D4,1170.829345703125,0.14603278040885925,2237.774907950834
27.23907200000044,46,A#2,1170.829345703125,0.14603278040885925,2237.774907950834
27.243504000000442,57,A3,1172.24755859375,0.1475980132818222,2116.25914941102
27.247936000000443,50,D3,1172.24755859375,0.1475980132818222,2116.25914941102
27.252368000000445,57,A3,1172.24755859375,0.1475980132818222,2116.25914941102
27.256800000000446,57,A3,1172.24755859375,0.1475980132818222,2116.25914941102
27.256800000000446,62,D4,1172.24755859375,0.1475980132818222,2116.25914941102
27.270096000000446,57,A3,1178.4461669921875,0.16535890102386475,2077.9369706700572
27.270096000000446,62,D4,1178.4461669921875,0.16535890102386475,2077.9369706700572
27.296688000000447,62,D4,1182.30712890625,0.1827416867017746,2043.328639890819
27.323280000000448,66,F#4,1182.77783203125,0.18434765934944153,1916.8020586414316
27.345440000000448,66,F#4,914.3875122070312,0.20180170238018036,1960.5387794012493
27.434080000000453,50,D3,859.1156005859375,0.25309616327285767,2755.1987806359402
27.438512000000454,57,A3,859.1156005859375,0.25309616327285767,2755.1987806359402
27.447376000000457,50,D3,859.1156005859375,0.25309616327285767,2755.1987806359402
27.451808000000458,57,A3,858.807373046875,0.2544021010398865,2687.3687545686034
27.45624000000046,50,D3,858.807373046875,0.2544021010398865,2687.3687545686034
27.46067200000046,42,F#2,858.807373046875,0.2544021010398865,2687.3687545686034
27.46067200000046,57,A3,858.807373046875,0.2544021010398865,2687.3687545686034
27.624656000000464,78,F#5,741.1715698242188,0.2955397665500641,2308.5096494166987
27.651248000000464,50,D3,741.733642578125,0.3155410587787628,2309.749945464977
27.655680000000466,50,D3,741.733642578125,0.3155410587787628,2309.749945464977
27.655680000000466,38,D2,741.733642578125,0.3155410587787628,2309.749945464977
27.655680000000466,57,A3,741.733642578125,0.3155410587787628,2309.749945464977
27.664544000000465,57,A3,741.130615234375,0.3178895115852356,2346.981874189286
27.664544000000465,46,A#2,741.130615234375,0.3178895115852356,2346.981874189286
27.668976000000466,50,D3,741.130615234375,0.3178895115852356,2346.981874189286
27.67784000000047,57,A3,741.130615234375,0.3178895115852356,2346.981874189286
27.68227200000047,57,A3,865.1251831054688,0.29181328415870667,2413.359565365279
27.69556800000047,57,A3,865.1251831054688,0.29181328415870667,2413.359565365279
27.837392000000474,80,G#5,1109.0703125,0.23713412880897522,3109.7598262431984
27.863984000000475,50,D3,1156.316162109375,0.24631960690021515,3493.598588430983
27.868416000000476,57,A3,1032.695556640625,0.244614377617836,3662.9179298396
27.872848000000477,50,D3,1032.695556640625,0.244614377617836,3662.9179298396
27.87728000000048,62,D4,1032.695556640625,0.244614377617836,3662.9179298396
27.87728000000048,57,A3,1032.695556640625,0.244614377617836,3662.9179298396
27.88171200000048,42,F#2,1032.695556640625,0.244614377617836,3662.9179298396
27.88171200000048,57,A3,1032.695556640625,0.244614377617836,3662.9179298396
27.88171200000048,50,D3,1032.695556640625,0.244614377617836,3662.9179298396
27.88614400000048,62,D4,1032.695556640625,0.244614377617836,3662.9179298396
27.917168000000483,62,D4,1161.45068359375,0.20213541388511658,3633.986150211874
27.939328000000483,62,D4,1152.376953125,0.1959361732006073,3194.039409654352
28.050128000000484,78,F#5,1166.9903564453125,0.2239115685224533,2886.8200988431718
28.076720000000485,50,D3,1156.135498046875,0.2458040714263916,2483.8193343343764
28.076720000000485,57,A3,1156.135498046875,0.2458040714263916,2483.8193343343764
28.085584000000484,50,D3,1156.135498046875,0.2458040714263916,2483.8193343343764
28.090016000000485,57,A3,1156.135498046875,0.2458040714263916,2483.8193343343764
28.090016000000485,46,A#2,1156.135498046875,0.2458040714263916,2483.8193343343764
28.094448000000487,50,D3,1156.135498046875,0.2458040714263916,2483.8193343343764
28.098880000000488,57,A3,1156.135498046875,0.2458040714263916,2483.8193343343764
28.28945600000049,50,D3,1159.73681640625,0.24279607832431793,2151.6615206180713
28.28945600000049,57,A3,1159.73681640625,0.24279607832431793,2151.6615206180713
28.29832000000049,57,A3,1159.73681640625,0.24279607832431793,2151.6615206180713
28.29832000000049,50,D3,1159.73681640625,0.24279607832431793,2151.6615206180713
28.302752000000492,57,A3,1159.73681640625,0.24279607832431793,2151.6615206180713
28.307184000000493,50,D3,1159.73681640625,0.24279607832431793,2151.6615206180713
28.311616000000495,42,F#2,1159.013427734375,0.2424158900976181,2299.8894854264818
28.311616000000495,57,A3,1159.013427734375,0.2424158900976181,2299.8894854264818
28.320480000000494,57,A3,1159.013427734375,0.2424158900976181,2299.8894854264818
28.475600000000494,80,G#5,1153.7379150390625,0.14224393665790558,2239.1923681809594
28.497760000000493,50,D3,1150.7967529296875,0.1383122056722641,2312.701239232266
28.502192000000495,57,A3,1150.7967529296875,0.1383122056722641,2312.701239232266
28.511056000000494,50,D3,1150.7967529296875,0.1383122056722641,2312.701239232266
28.511056000000494,38,D2,1150.7967529296875,0.1383122056722641,2312.701239232266
28.515488000000495,46,A#2,1150.7967529296875,0.1383122056722641,2312.701239232266
28.515488000000495,57,A3,1150.7967529296875,0.1383122056722641,2312.701239232266
28.519920000000496,50,D3,1152.2430419921875,0.13881349563598633,2892.9190327494534
28.524352000000498,54,F#3,1152.2430419921875,0.13881349563598633,2892.9190327494534
28.524352000000498,57,A3,1152.2430419921875,0.13881349563598633,2892.9190327494534
28.6883360000005,78,F#5,1145.0145263671875,0.24197904765605927,4081.6749426509923
28.7149280000005,50,D3,1053.9873046875,0.2669123709201813,3508.0926040677195
28.719360000000503,57,A3,1053.9873046875,0.2669123709201813,3508.0926040677195
28.723792000000504,50,D3,1053.9873046875,0.2669123709201813,3508.0926040677195
28.728224000000505,57,A3,764.8031005859375,0.27616003155708313,3360.1371435954707
28.732656000000507,42,F#2,764.8031005859375,0.27616003155708313,3360.1371435954707
28.732656000000507,50,D3,764.8031005859375,0.27616003155708313,3360.1371435954707
28.737088000000508,57,A3,764.8031005859375,0.27616003155708313,3360.1371435954707
28.927664000000515,57,A3,1105.6702880859375,0.19574137032032013,2735.4951792411275
28.927664000000515,50,D3,1105.6702880859375,0.19574137032032013,2735.4951792411275
28.932096000000517,50,D3,1105.6702880859375,0.19574137032032013,2735.4951792411275
28.936528000000518,57,A3,1101.5181884765625,0.1859397441148758,2457.6087150995236
28.94096000000052,46,A#2,1101.5181884765625,0.1859397441148758,2457.6087150995236
28.94539200000052,50,D3,1101.5181884765625,0.1859397441148758,2457.6087150995236
28.94539200000052,57,A3,1101.5181884765625,0.1859397441148758,2457.6087150995236
29.11380800000052,80,G#5,1153.626708984375,0.19714094698429108,2406.926595137158
29.140400000000522,50,D3,1155.385986328125,0.20765338838100433,2584.2270941339043
29.140400000000522,57,A3,1155.385986328125,0.20765338838100433,2584.2270941339043
29.144832000000523,50,D3,1162.318115234375,0.2148767113685608,2772.23958850323
29.153696000000522,50,D3,1162.318115234375,0.2148767113685608,2772.23958850323
29.153696000000522,57,A3,1162.318115234375,0.2148767113685608,2772.23958850323
29.158128000000524,42,F#2,1162.318115234375,0.2148767113685608,2772.23958850323
29.158128000000524,57,A3,1162.318115234375,0.2148767113685608,2772.23958850323
29.326544000000528,78,F#5,1103.5360107421875,0.22454825043678284,2448.5443143036255
29.348704000000527,50,D3,1101.84228515625,0.22290392220020294,2413.878460623519
29.35313600000053,57,A3,1101.84228515625,0.22290392220020294,2413.878460623519
29.35756800000053,38,D2,1012.977294921875,0.22039195895195007,2420.365781889318
29.36200000000053,50,D3,1012.977294921875,0.22039195895195007,2420.365781889318
29.366432000000533,57,A3,1012.977294921875,0.22039195895195007,2420.365781889318
29.366432000000533,46,A#2,1012.977294921875,0.22039195895195007,2420.365781889318
29.375296000000535,57,A3,1012.977294921875,0.22039195895195007,2420.365781889318
29.375296000000535,50,D3,1012.977294921875,0.22039195895195007,2420.365781889318
29.565872000000535,50,D3,1151.464111328125,0.22508881986141205,3606.0085461110275
29.570304000000537,57,A3,1151.464111328125,0.22508881986141205,3606.0085461110275
29.574736000000538,50,D3,1151.464111328125,0.22508881986141205,3606.0085461110275
29.57916800000054,57,A3,1151.464111328125,0.22508881986141205,3606.0085461110275
29.58360000000054,57,A3,1151.464111328125,0.22508881986141205,3606.0085461110275
29.58360000000054,42,F#2,1151.464111328125,0.22508881986141205,3606.0085461110275
29.58360000000054,50,D3,1151.464111328125,0.22508881986141205,3606.0085461110275
29.752016000000545,80,G#5,1143.7803955078125,0.15374159812927246,2723.8142383777795
29.778608000000546,50,D3,1168.326171875,0.18847915530204773,2358.036212916869
29.778608000000546,57,A3,1168.326171875,0.18847915530204773,2358.036212916869
29.787472000000545,50,D3,1168.326171875,0.18847915530204773,2358.036212916869
29.787472000000545,46,A#2,1168.326171875,0.18847915530204773,2358.036212916869
29.796336000000544,57,A3,1100.36376953125,0.20484530925750732,2395.6691381678993
29.800768000000545,50,D3,1100.36376953125,0.20484530925750732,2395.6691381678993
29.800768000000545,57,A3,1100.36376953125,0.20484530925750732,2395.6691381678993
29.99134400000055,57,A3,990.9229736328125,0.18690675497055054,2489.2430538655863
29.99134400000055,50,D3,990.9229736328125,0.18690675497055054,2489.2430538655863
29.99577600000055,50,D3,990.9229736328125,0.18690675497055054,2489.2430538655863
30.00464000000055,57,A3,985.0797729492188,0.1967022866010666,2978.6006471118385
30.00907200000055,50,D3,985.0797729492188,0.1967022866010666,2978.6006471118385
30.01350400000055,57,A3,985.0797729492188,0.1967022866010666,2978.6006471118385
30.01350400000055,42,F#2,985.0797729492188,0.1967022866010666,2978.6006471118385
30.17748800000055,78,F#5,727.1797485351562,0.2582545876502991,2367.43079236944
30.204080000000552,50,D3,719.5324096679688,0.23218902945518494,2236.458482599874
30.204080000000552,57,A3,719.5324096679688,0.23218902945518494,2236.458482599874
30.208512000000553,38,D2,719.5324096679688,0.23218902945518494,2236.458482599874
30.212944000000554,50,D3,1103.244384765625,0.19465352594852448,2355.8357120773494
30.217376000000556,46,A#2,1103.244384765625,0.19465352594852448,2355.8357120773494
30.217376000000556,62,D4,1103.244384765625,0.19465352594852448,2355.8357120773494
30.217376000000556,57,A3,1103.244384765625,0.19465352594852448,2355.8357120773494
30.22624000000056,50,D3,1103.244384765625,0.19465352594852448,2355.8357120773494
30.22624000000056,57,A3,1103.244384765625,0.19465352594852448,2355.8357120773494
30.22624000000056,54,F#3,1103.244384765625,0.19465352594852448,2355.8357120773494
30.23067200000056,62,D4,1103.244384765625,0.19465352594852448,2355.8357120773494
30.41681600000056,50,D3,1000.0834350585938,0.18966403603553772,3130.6665989656303
30.42124800000056,57,A3,1000.0834350585938,0.18966403603553772,3130.6665989656303
30.42124800000056,50,D3,1000.0834350585938,0.18966403603553772,3130.6665989656303
30.42568000000056,35,B1,1198.341064453125,0.2406603991985321,3408.32686970517
30.430112000000562,57,A3,1198.341064453125,0.2406603991985321,3408.32686970517
30.434544000000564,42,F#2,1198.341064453125,0.2406603991985321,3408.32686970517
30.434544000000564,50,D3,1198.341064453125,0.2406603991985321,3408.32686970517
30.443408000000563,57,A3,1198.341064453125,0.2406603991985321,3408.32686970517
30.56750400000057,52,E3,657.224609375,0.22865325212478638,2701.1051323118145
30.594096000000572,52,E3,666.360595703125,0.23982781171798706,2773.3262219304074
30.629552000000572,45,A2,1098.646240234375,0.26467180252075195,2497.1457303877805
30.629552000000572,45,A2,1098.646240234375,0.26467180252075195,2497.1457303877805
30.629552000000572,52,E3,1098.646240234375,0.26467180252075195,2497.1457303877805
30.63841600000057,45,A2,1096.4869384765625,0.2606189250946045,2236.3776631280566
30.63841600000057,35,B1,1096.4869384765625,0.2606189250946045,2236.3776631280566
30.642848000000573,57,A3,1096.4869384765625,0.2606189250946045,2236.3776631280566
30.642848000000573,46,A#2,1096.4869384765625,0.2606189250946045,2236.3776631280566
30.647280000000574,57,A3,1096.4869384765625,0.2606189250946045,2236.3776631280566
30.651712000000575,52,E3,1096.4869384765625,0.2606189250946045,2236.3776631280566
30.656144000000577,45,A2,1100.0423583984375,0.24955855309963226,2034.17694295254
30.660576000000578,52,E3,1100.0423583984375,0.24955855309963226,2034.17694295254
30.660576000000578,61,C#4,1100.0423583984375,0.24955855309963226,2034.17694295254
30.66500800000058,57,A3,1100.0423583984375,0.24955855309963226,2034.17694295254
30.66944000000058,57,A3,1100.0423583984375,0.24955855309963226,2034.17694295254
30.673872000000582,64,E4,1100.0423583984375,0.24955855309963226,2034.17694295254
30.673872000000582,59,B3,1100.0423583984375,0.24955855309963226,2034.17694295254
30.678304000000583,61,C#4,765.7764282226562,0.22272098064422607,2375.236529032143
30.687168000000582,64,E4,765.7764282226562,0.22272098064422607,2375.236529032143
30.687168000000582,59,B3,765.7764282226562,0.22272098064422607,2375.236529032143
30.69603200000058,69,A4,765.7764282226562,0.22272098064422607,2375.236529032143
30.722624000000582,69,A4,750.459716796875,0.1711171567440033,2889.7494708130207
30.81569600000058,80,G#5,884.0367431640625,0.1870555430650711,3355.21445639457
30.842288000000583,45,A2,1058.20947265625,0.24959395825862885,2967.7078189927797
30.846720000000584,52,E3,1058.20947265625,0.24959395825862885,2967.7078189927797
30.851152000000585,52,E3,1058.20947265625,0.24959395825862885,2967.7078189927797
30.851152000000585,45,A2,1058.20947265625,0.24959395825862885,2967.7078189927797
30.860016000000588,52,E3,1058.20947265625,0.24959395825862885,2967.7078189927797
30.860016000000588,45,A2,1058.20947265625,0.24959395825862885,2967.7078189927797
30.860016000000588,42,F#2,1058.20947265625,0.24959395825862885,2967.7078189927797
31.028432000000596,78,F#5,1097.9573974609375,0.2490929365158081,2814.578946357393
31.059456000000598,52,E3,1097.286865234375,0.2571299374103546,2837.9063407257127
31.059456000000598,38,D2,1097.286865234375,0.2571299374103546,2837.9063407257127
31.059456000000598,45,A2,1097.286865234375,0.2571299374103546,2837.9063407257127
31.0638880000006,45,A2,1097.286865234375,0.2571299374103546,2837.9063407257127
31.0683200000006,52,E3,1097.286865234375,0.2571299374103546,2837.9063407257127
31.0683200000006,46,A#2,1097.286865234375,0.2571299374103546,2837.9063407257127
31.0727520000006,45,A2,1185.1329345703125,0.26604050397872925,2709.7987938384354
31.077184000000603,57,A3,1185.1329345703125,0.26604050397872925,2709.7987938384354
31.081616000000604,52,E3,1185.1329345703125,0.26604050397872925,2709.7987938384354
31.09491200000061,57,A3,1185.1329345703125,0.26604050397872925,2709.7987938384354
31.24116800000061,80,G#5,999.83544921875,0.2716951370239258,2326.6648021023993
31.26776000000061,45,A2,1004.0390014648438,0.26609450578689575,2167.6010092357046
31.27219200000061,52,E3,1004.0390014648438,0.26609450578689575,2167.6010092357046
31.276624000000613,59,B3,1004.0390014648438,0.26609450578689575,2167.6010092357046
31.276624000000613,45,A2,1004.0390014648438,0.26609450578689575,2167.6010092357046
31.281056000000614,57,A3,1099.78515625,0.29645219445228577,2258.5253517650463
31.285488000000615,52,E3,1099.78515625,0.29645219445228577,2258.5253517650463
31.289920000000617,52,E3,1099.78515625,0.29645219445228577,2258.5253517650463
31.289920000000617,45,A2,1099.78515625,0.29645219445228577,2258.5253517650463
31.289920000000617,42,F#2,1099.78515625,0.29645219445228577,2258.5253517650463
31.294352000000618,57,A3,1099.78515625,0.29645219445228577,2258.5253517650463
31.29878400000062,59,B3,1099.78515625,0.29645219445228577,2258.5253517650463
31.45390400000062,78,F#5,1149.537109375,0.20688651502132416,2139.83770778551
31.48049600000062,45,A2,1100.7825927734375,0.2203439474105835,1947.7010470866999
31.48492800000062,52,E3,1100.7825927734375,0.2203439474105835,1947.7010470866999
31.489360000000623,45,A2,1100.7825927734375,0.2203439474105835,1947.7010470866999
31.489360000000623,46,A#2,1100.7825927734375,0.2203439474105835,1947.7010470866999
31.493792000000624,52,E3,994.539794921875,0.24339137971401215,1897.946507521291
31.498224000000626,45,A2,994.539794921875,0.24339137971401215,1897.946507521291
31.502656000000627,52,E3,994.539794921875,0.24339137971401215,1897.946507521291
31.69323200000063,45,A2,993.364501953125,0.17585091292858124,1625.6336534344357
31.697664000000632,61,C#4,993.364501953125,0.17585091292858124,1625.6336534344357
31.697664000000632,52,E3,993.364501953125,0.17585091292858124,1625.6336534344357
31.702096000000633,45,A2,1177.1544189453125,0.26681116223335266,1940.5283248148432
31.702096000000633,52,E3,1177.1544189453125,0.26681116223335266,1940.5283248148432
31.710960000000632,45,A2,1177.1544189453125,0.26681116223335266,1940.5283248148432
31.715392000000634,42,F#2,1177.1544189453125,0.26681116223335266,1940.5283248148432
31.715392000000634,61,C#4,1177.1544189453125,0.26681116223335266,1940.5283248148432
31.715392000000634,52,E3,1177.1544189453125,0.26681116223335266,1940.5283248148432
31.910400000000635,52,E3,1107.85986328125,0.17517368495464325,3494.248820763514
31.910400000000635,45,A2,1107.85986328125,0.17517368495464325,3494.248820763514
31.914832000000636,45,A2,1107.85986328125,0.17517368495464325,3494.248820763514
31.914832000000636,38,D2,1107.85986328125,0.17517368495464325,3494.248820763514
31.914832000000636,52,E3,1107.85986328125,0.17517368495464325,3494.248820763514
31.919264000000638,46,A#2,1107.85986328125,0.17517368495464325,3494.248820763514
31.919264000000638,45,A2,1107.85986328125,0.17517368495464325,3494.248820763514
31.92369600000064,52,E3,1107.85986328125,0.17517368495464325,3494.248820763514
31.92812800000064,54,F#3,1107.85986328125,0.17517368495464325,3494.248820763514
32.09211200000064,80,G#5,1109.1407470703125,0.1995280683040619,3056.1487788175455
32.11427200000064,45,A2,1116.0413818359375,0.19411668181419373,2961.897137071907
32.11870400000064,52,E3,1115.433837890625,0.20516900718212128,2973.4154819316955
32.12756800000064,45,A2,1115.433837890625,0.20516900718212128,2973.4154819316955
32.132000000000644,52,E3,1115.433837890625,0.20516900718212128,2973.4154819316955
32.136432000000646,45,A2,1115.433837890625,0.20516900718212128,2973.4154819316955
32.14086400000065,42,F#2,1164.8359375,0.2370789349079132,3258.804971874112
32.14086400000065,52,E3,1164.8359375,0.2370789349079132,3258.804971874112
32.304848000000646,78,F#5,1117.72705078125,0.16911259293556213,2988.9494800925204
32.33144000000065,45,A2,1168.49658203125,0.16869433224201202,2813.2823843001897
32.33587200000065,52,E3,1168.49658203125,0.16869433224201202,2813.2823843001897
32.34030400000065,45,A2,1168.49658203125,0.16869433224201202,2813.2823843001897
32.34473600000065,46,A#2,1168.49658203125,0.16869433224201202,2813.2823843001897
32.34916800000065,52,E3,1172.10400390625,0.17623448371887207,2743.2876817108736
32.353600000000654,52,E3,1172.10400390625,0.17623448371887207,2743.2876817108736
32.353600000000654,45,A2,1172.10400390625,0.17623448371887207,2743.2876817108736
32.51758400000066,80,G#5,1174.03369140625,0.1876642256975174,2327.882139440481
32.54417600000066,52,E3,1175.453369140625,0.1863597333431244,2284.7261994205387
32.54417600000066,45,A2,1175.453369140625,0.1863597333431244,2284.7261994205387
32.553040000000664,45,A2,1175.453369140625,0.1863597333431244,2284.7261994205387
32.557472000000665,52,E3,1175.453369140625,0.1863597333431244,2284.7261994205387
32.561904000000666,45,A2,1178.0550537109375,0.18295787274837494,2184.466554970507
32.56633600000067,42,F#2,1178.0550537109375,0.18295787274837494,2184.466554970507
32.56633600000067,52,E3,1178.0550537109375,0.18295787274837494,2184.466554970507
32.730320000000674,78,F#5,1183.666259765625,0.14395509660243988,2469.8464728659415
32.756912000000675,52,E3,1178.9432373046875,0.14386948943138123,2392.706707323772
32.756912000000675,45,A2,1178.9432373046875,0.14386948943138123,2392.706707323772
32.756912000000675,46,A#2,1178.9432373046875,0.14386948943138123,2392.706707323772
32.76577600000068,45,A2,1178.9432373046875,0.14386948943138123,2392.706707323772
32.76577600000068,38,D2,1178.9432373046875,0.14386948943138123,2392.706707323772
32.77020800000068,52,E3,1177.483154296875,0.14576928317546844,2311.0895502671356
32.77464000000068,52,E3,1177.483154296875,0.14576928317546844,2311.0895502671356
32.77464000000068,45,A2,1177.483154296875,0.14576928317546844,2311.0895502671356
32.96521600000069,45,A2,1175.531982421875,0.2406495064496994,2065.585527716958
32.96964800000069,52,E3,1175.531982421875,0.2406495064496994,2065.585527716958
32.97408000000069,43,G2,1175.531982421875,0.2406495064496994,2065.585527716958
32.97851200000069,35,B1,1143.783447265625,0.23280076682567596,2067.776377233514
32.97851200000069,45,A2,1143.783447265625,0.23280076682567596,2067.776377233514
32.98294400000069,52,E3,1143.783447265625,0.23280076682567596,2067.776377233514
32.987376000000694,45,A2,1143.783447265625,0.23280076682567596,2067.776377233514
32.991808000000695,52,E3,1143.783447265625,0.23280076682567596,2067.776377233514
33.1557920000007,80,G#5,1179.1995849609375,0.22990283370018005,2718.388044847996
33.1823840000007,45,A2,1189.0631103515625,0.21893899142742157,2674.336125122796
33.186816000000704,38,D2,1162.370849609375,0.2092510312795639,2627.6862815557033
33.186816000000704,52,E3,1162.370849609375,0.2092510312795639,2627.6862815557033
33.186816000000704,45,A2,1162.370849609375,0.2092510312795639,2627.6862815557033
33.191248000000705,45,A2,1162.370849609375,0.2092510312795639,2627.6862815557033
33.20011200000071,45,A2,1162.370849609375,0.2092510312795639,2627.6862815557033
33.20011200000071,52,E3,1162.370849609375,0.2092510312795639,2627.6862815557033
33.20897600000071,52,E3,1169.31884765625,0.22974248230457306,2537.3025118502705
33.39512000000071,47,B2,1141.997314453125,0.1805715411901474,1846.3621456171973
33.39512000000071,45,A2,1141.997314453125,0.1805715411901474,1846.3621456171973
33.39955200000071,52,E3,1141.997314453125,0.1805715411901474,1846.3621456171973
33.40398400000071,45,A2,1141.997314453125,0.1805715411901474,1846.3621456171973
33.40398400000071,48,C3,1141.997314453125,0.1805715411901474,1846.3621456171973
33.40398400000071,52,E3,1141.997314453125,0.1805715411901474,1846.3621456171973
33.412848000000714,38,D2,1141.997314453125,0.1805715411901474,1846.3621456171973
33.412848000000714,45,A2,1141.997314453125,0.1805715411901474,1846.3621456171973
33.412848000000714,52,E3,1141.997314453125,0.1805715411901474,1846.3621456171973
33.607856000000716,45,A2,1114.22998046875,0.1857995241880417,2141.8284691247227
33.607856000000716,45,A2,1114.22998046875,0.1857995241880417,2141.8284691247227
33.607856000000716,52,E3,1114.22998046875,0.1857995241880417,2141.8284691247227
33.61228800000072,47,B2,1114.22998046875,0.1857995241880417,2141.8284691247227
33.61672000000072,45,A2,1114.22998046875,0.1857995241880417,2141.8284691247227
33.62115200000072,57,A3,1114.22998046875,0.1857995241880417,2141.8284691247227
33.62115200000072,38,D2,1114.22998046875,0.1857995241880417,2141.8284691247227
33.62558400000072,52,E3,1114.22998046875,0.1857995241880417,2141.8284691247227
33.63001600000072,45,A2,1147.88623046875,0.20799480378627777,2132.00786646046
33.634448000000724,52,E3,1147.88623046875,0.20799480378627777,2132.00786646046
33.638880000000725,57,A3,1147.88623046875,0.20799480378627777,2132.00786646046
33.82059200000072,43,G2,1170.9425048828125,0.25766685605049133,2199.564829394336
33.82059200000072,45,A2,1170.9425048828125,0.25766685605049133,2199.564829394336
33.825024000000724,52,E3,1170.9425048828125,0.25766685605049133,2199.564829394336
33.829456000000725,45,A2,1170.9425048828125,0.25766685605049133,2199.564829394336
33.83832000000073,38,D2,1108.4761962890625,0.2456006109714508,2206.494233195856
33.84718400000073,45,A2,1108.4761962890625,0.2456006109714508,2206.494233195856
33.85604800000073,52,E3,1108.4761962890625,0.2456006109714508,2206.494233195856
33.85604800000073,45,A2,1108.4761962890625,0.2456006109714508,2206.494233195856
33.864912000000736,52,E3,1107.4107666015625,0.2248818278312683,2250.1868364078623
34.02003200000075,86,D6,1181.15234375,0.19998861849308014,2725.8949201908117
34.02003200000075,90,F#6,1181.15234375,0.19998861849308014,2725.8949201908117
34.02446400000075,83,B5,1180.0826416015625,0.19806592166423798,2546.844611300567
34.037760000000745,47,B2,1180.0826416015625,0.19806592166423798,2546.844611300567
34.037760000000745,35,B1,1180.0826416015625,0.19806592166423798,2546.844611300567
34.042192000000746,49,C#3,1180.0826416015625,0.19806592166423798,2546.844611300567
34.04662400000075,35,B1,1186.1800537109375,0.19912773370742798,2546.860938779556
34.05992000000075,47,B2,1186.1800537109375,0.19912773370742798,2546.860938779556
34.06435200000075,47,B2,1186.1800537109375,0.19912773370742798,2546.860938779556
34.073216000000755,54,F#3,1185.0738525390625,0.20916926860809326,2366.256550164805
34.24606400000076,35,B1,1163.7760009765625,0.22205987572669983,2571.9994516892557
34.24606400000076,54,F#3,1163.7760009765625,0.22205987572669983,2571.9994516892557
34.26822400000076,54,F#3,1171.82958984375,0.22527040541172028,2502.003179254997
34.432208000000756,78,F#5,1160.4373779296875,0.264164537191391,2120.176085589552
34.449936000000754,59,B3,1165.7310791015625,0.25687751173973083,2043.2682513219313
34.45880000000076,35,B1,1165.7310791015625,0.25687751173973083,2043.2682513219313
34.46766400000076,38,D2,1193.88330078125,0.23424270749092102,2045.533832456088
34.46766400000076,51,D#3,1193.88330078125,0.23424270749092102,2045.533832456088
34.47209600000076,47,B2,1193.88330078125,0.23424270749092102,2045.533832456088
34.47652800000076,59,B3,1193.88330078125,0.23424270749092102,2045.533832456088
34.49425600000076,54,F#3,1188.730712890625,0.22551998496055603,1999.9043814891895
34.671536000000756,35,B1,1198.8709716796875,0.171661838889122,1926.5832599884443
34.689264000000755,47,B2,1198.8709716796875,0.171661838889122,1926.5832599884443
34.689264000000755,66,F#4,1198.8709716796875,0.171661838889122,1926.5832599884443
34.693696000000756,51,D#3,1198.8709716796875,0.171661838889122,1926.5832599884443
34.70699200000076,54,F#3,1196.0155029296875,0.17566931247711182,1876.7619783206098
34.70699200000076,66,F#4,1196.0155029296875,0.17566931247711182,1876.7619783206098
34.89313600000076,51,D#3,1161.994140625,0.1928575336933136,3048.193635353161
35.101440000000764,62,D4,1106.3172607421875,0.21107342839241028,2337.423862643235
35.101440000000764,35,B1,1106.3172607421875,0.21107342839241028,2337.423862643235
35.11916800000076,51,D#3,843.602294921875,0.17506104707717896,2276.065918810832
35.12360000000076,62,D4,843.602294921875,0.17506104707717896,2276.065918810832
35.28315200000077,80,G#5,1027.052001953125,0.2444995641708374,2233.849933552155
35.296448000000765,59,B3,1027.052001953125,0.2444995641708374,2233.849933552155
35.30974400000077,35,B1,1173.05029296875,0.22130531072616577,2210.1764406084208
35.31860800000077,38,D2,1173.05029296875,0.22130531072616577,2210.1764406084208
35.31860800000077,59,B3,1173.05029296875,0.22130531072616577,2210.1764406084208
35.32304000000077,51,D#3,1174.9990234375,0.19817137718200684,2275.7772182562076
35.331904000000776,54,F#3,1174.9990234375,0.19817137718200684,2275.7772182562076
35.33633600000078,47,B2,1174.9990234375,0.19817137718200684,2275.7772182562076
35.354064000000776,54,F#3,1175.6903076171875,0.18246909976005554,2371.025340577821
35.495888000000775,78,F#5,1174.7508544921875,0.1934891641139984,2228.431569297919
35.522480000000776,52,E3,1174.534912109375,0.18853230774402618,2217.3209545360432
35.52691200000078,35,B1,1174.534912109375,0.18853230774402618,2217.3209545360432
35.53134400000078,35,B1,1173.749267578125,0.17655782401561737,2189.35600317115
35.54464000000078,51,D#3,1173.749267578125,0.17655782401561737,2189.35600317115
35.549072000000784,47,B2,1173.749267578125,0.17655782401561737,2189.35600317115
35.549072000000784,52,E3,1173.749267578125,0.17655782401561737,2189.35600317115
35.56680000000079,54,F#3,1172.515380859375,0.1717066615819931,2226.4786081841494
35.70862400000079,80,G#5,1152.6422119140625,0.26584842801094055,3582.7075450891352
35.72192000000079,81,A5,1107.8475341796875,0.20839199423789978,3961.302708469139
35.72192000000079,88,E6,1107.8475341796875,0.20839199423789978,3961.302708469139
35.72192000000079,85,C#6,1107.8475341796875,0.20839199423789978,3961.302708469139
35.726352000000794,45,A2,1107.8475341796875,0.20839199423789978,3961.302708469139
35.7352160000008,33,A1,1107.8475341796875,0.20839199423789978,3961.302708469139
35.7440800000008,45,A2,1168.3411865234375,0.1859131008386612,4091.3335303123313
35.7440800000008,35,B1,1168.3411865234375,0.1859131008386612,4091.3335303123313
35.7485120000008,51,D#3,1168.3411865234375,0.1859131008386612,4091.3335303123313
35.757376000000804,45,A2,1168.3411865234375,0.1859131008386612,4091.3335303123313
35.761808000000805,52,E3,1168.3411865234375,0.1859131008386612,4091.3335303123313
35.9213600000008,78,F#5,1185.628662109375,0.2488655298948288,2458.5692420469554
35.952384000000805,33,A1,1190.9105224609375,0.24661868810653687,2748.010644022985
35.952384000000805,52,E3,1190.9105224609375,0.24661868810653687,2748.010644022985
35.96568000000081,51,D#3,1190.9105224609375,0.24661868810653687,2748.010644022985
35.97454400000081,52,E3,1174.1820068359375,0.2381238341331482,2707.815129708531
35.97454400000081,45,A2,1174.1820068359375,0.2381238341331482,2707.815129708531
35.97897600000081,52,E3,1174.1820068359375,0.2381238341331482,2707.815129708531
36.16068800000081,33,A1,1174.7716064453125,0.24944555759429932,2594.712494590732
36.16512000000081,38,D2,1174.7716064453125,0.24944555759429932,2594.712494590732
36.16955200000081,61,C#4,1174.7716064453125,0.24944555759429932,2594.712494590732
36.16955200000081,51,D#3,1174.7716064453125,0.24944555759429932,2594.712494590732
36.18284800000082,52,E3,1174.767578125,0.2416539341211319,2715.561755045662
36.18284800000082,45,A2,1174.767578125,0.2416539341211319,2715.561755045662
36.18728000000082,61,C#4,1174.767578125,0.2416539341211319,2715.561755045662
36.34683200000082,80,G#5,1163.6810302734375,0.22075031697750092,2602.1594441200873
36.377856000000826,33,A1,1175.0526123046875,0.21091710031032562,3095.8621369283483
36.38672000000083,45,A2,1175.0526123046875,0.21091710031032562,3095.8621369283483
36.39115200000083,64,E4,1173.033935546875,0.19566862285137177,3770.1008140632084
36.39558400000083,51,D#3,1173.033935546875,0.19566862285137177,3770.1008140632084
36.39558400000083,52,E3,1173.033935546875,0.19566862285137177,3770.1008140632084
36.408880000000835,64,E4,1173.033935546875,0.19566862285137177,3770.1008140632084
36.58616000000083,33,A1,1182.5965576171875,0.2700462341308594,3203.109276822679
36.595024000000834,35,B1,1182.5965576171875,0.2700462341308594,3203.109276822679
36.595024000000834,51,D#3,1182.5965576171875,0.2700462341308594,3203.109276822679
36.80332800000084,33,A1,1173.6898193359375,0.26824548840522766,2339.0408347441544
36.80776000000084,61,C#4,1172.515380859375,0.24246487021446228,2459.112526475992
36.81662400000084,51,D#3,1172.515380859375,0.24246487021446228,2459.112526475992
36.825488000000846,61,C#4,1172.515380859375,0.24246487021446228,2459.112526475992
37.01163200000085,35,B1,1186.278076171875,0.3067457973957062,2368.778898030079
37.01606400000085,38,D2,1186.278076171875,0.3067457973957062,2368.778898030079
37.020496000000854,57,A3,1186.0989990234375,0.28422054648399353,2357.889699095037
37.020496000000854,51,D#3,1186.0989990234375,0.28422054648399353,2357.889699095037
37.03379200000085,54,F#3,1186.0989990234375,0.28422054648399353,2357.889699095037
37.03822400000085,45,A2,1186.0989990234375,0.28422054648399353,2357.889699095037
37.042656000000854,57,A3,1178.7933349609375,0.27761438488960266,2317.13427265763
37.047088000000855,52,E3,1178.7933349609375,0.27761438488960266,2317.13427265763
37.22880000000086,37,C#2,1173.25830078125,0.19867214560508728,3806.0705644817535
37.23323200000086,35,B1,1173.25830078125,0.19867214560508728,3806.0705644817535
37.24209600000086,52,E3,1173.25830078125,0.19867214560508728,3806.0705644817535
37.24209600000086,45,A2,1173.25830078125,0.19867214560508728,3806.0705644817535
37.250960000000866,51,D#3,1174.60302734375,0.19384439289569855,3781.9053708227484
37.250960000000866,52,E3,1174.60302734375,0.19384439289569855,3781.9053708227484
37.26425600000087,52,E3,1174.60302734375,0.19384439289569855,3781.9053708227484
37.423808000000875,86,D6,1196.9835205078125,0.3074500560760498,3267.2988903885234
37.423808000000875,90,F#6,1196.9835205078125,0.3074500560760498,3267.2988903885234
37.423808000000875,81,A5,1196.9835205078125,0.3074500560760498,3267.2988903885234
37.43710400000087,38,D2,1192.640380859375,0.3041554391384125,3288.8286562085277
37.445968000000875,50,D3,1192.640380859375,0.3041554391384125,3288.8286562085277
37.445968000000875,35,B1,1192.640380859375,0.3041554391384125,3288.8286562085277
37.450400000000876,51,D#3,1192.640380859375,0.3041554391384125,3288.8286562085277
37.45483200000088,50,D3,1192.640380859375,0.3041554391384125,3288.8286562085277
37.468128000000874,50,D3,1191.3623046875,0.2638840079307556,3127.6115049548785
37.468128000000874,57,A3,1191.3623046875,0.2638840079307556,3127.6115049548785
37.65427200000087,57,A3,1180.8038330078125,0.23563864827156067,2416.8138753129906
37.65427200000087,38,D2,1180.8038330078125,0.23563864827156067,2416.8138753129906
37.66756800000087,51,D#3,1182.277099609375,0.22908863425254822,2426.695605449875
37.67200000000087,57,A3,1182.277099609375,0.22908863425254822,2426.695605449875
37.83598400000087,78,F#5,1174.991455078125,0.29287561774253845,2462.0281962304916
37.86700800000087,38,D2,1176.738037109375,0.31126609444618225,2420.8878235785805
37.871440000000874,62,D4,1176.738037109375,0.31126609444618225,2420.8878235785805
37.871440000000874,38,D2,1176.738037109375,0.31126609444618225,2420.8878235785805
37.875872000000875,50,D3,1177.3729248046875,0.31253382563591003,2339.245359175449
37.875872000000875,51,D#3,1177.3729248046875,0.31253382563591003,2339.245359175449
37.88916800000088,57,A3,1177.3729248046875,0.31253382563591003,2339.245359175449
37.89360000000088,62,D4,1177.3729248046875,0.31253382563591003,2339.245359175449
38.04872000000088,80,G#5,1165.28857421875,0.26843997836112976,2287.172004322256
38.07531200000088,38,D2,1164.26123046875,0.27636703848838806,2487.796300507059
38.08417600000088,66,F#4,1164.26123046875,0.27636703848838806,2487.796300507059
38.09304000000088,50,D3,858.0003662109375,0.2657656669616699,2441.3521108155874
38.101904000000886,51,D#3,858.0003662109375,0.2657656669616699,2441.3521108155874
38.10633600000089,57,A3,858.0003662109375,0.2657656669616699,2441.3521108155874
38.11076800000089,66,F#4,1174.684814453125,0.26846665143966675,2359.8533751993937
38.29691200000089,51,D#3,1181.808349609375,0.2995949685573578,3132.3794687022437
38.47419200000089,78,F#5,1178.5615234375,0.2779550850391388,2263.988669685775
38.50521600000089,38,D2,1184.55029296875,0.23218534886837006,2075.2742537813415
38.509648000000894,62,D4,1184.55029296875,0.23218534886837006,2075.2742537813415
38.5185120000009,50,D3,1184.55029296875,0.23218534886837006,2075.2742537813415
38.5229440000009,51,D#3,1184.55029296875,0.23218534886837006,2075.2742537813415
38.5318080000009,57,A3,1170.6844482421875,0.2175736278295517,2021.5516122917381
38.5362400000009,62,D4,1170.6844482421875,0.2175736278295517,2021.5516122917381
38.6869280000009,80,G#5,1173.2462158203125,0.2217937409877777,2017.3927444719413
38.7179520000009,30,F#1,1183.4595947265625,0.25784173607826233,2166.2905031251057
38.7223840000009,51,D#3,1183.4595947265625,0.25784173607826233,2166.2905031251057
38.7223840000009,38,D2,1183.4595947265625,0.25784173607826233,2166.2905031251057
38.7223840000009,57,A3,1183.4595947265625,0.25784173607826233,2166.2905031251057
38.7312480000009,54,F#3,1183.4595947265625,0.25784173607826233,2166.2905031251057
38.7534080000009,57,A3,1002.4879760742188,0.2602534890174866,2076.2318407341245
38.8996640000009,78,F#5,1171.405029296875,0.17438845336437225,2201.886480599796
38.917392000000895,50,D3,1171.405029296875,0.17438845336437225,2201.886480599796
38.9262560000009,30,F#1,1173.228271484375,0.16521330177783966,2202.618548077424
38.9306880000009,35,B1,1173.228271484375,0.16521330177783966,2202.618548077424
38.9351200000009,50,D3,1173.228271484375,0.16521330177783966,2202.618548077424
38.9439840000009,50,D3,1173.81787109375,0.1698203682899475,2209.076024614653
38.952848000000905,57,A3,1173.81787109375,0.1698203682899475,2209.076024614653
38.952848000000905,51,D#3,1173.81787109375,0.1698203682899475,2209.076024614653
39.1124000000009,80,G#5,1145.3514404296875,0.23457925021648407,3413.6835974924634
39.121264000000906,86,D6,1145.3514404296875,0.23457925021648407,3413.6835974924634
39.12569600000091,91,G6,1145.3514404296875,0.23457925021648407,3413.6835974924634
39.12569600000091,83,B5,1145.3514404296875,0.23457925021648407,3413.6835974924634
39.13456000000091,43,G2,1139.9390869140625,0.2410861700773239,3552.006216415379
39.13899200000091,31,G1,1139.9390869140625,0.2410861700773239,3552.006216415379
39.14342400000091,35,B1,1139.9390869140625,0.2410861700773239,3552.006216415379
39.147856000000914,51,D#3,1139.9390869140625,0.2410861700773239,3552.006216415379
39.152288000000915,43,G2,1139.9390869140625,0.2410861700773239,3552.006216415379
39.15672000000092,43,G2,1117.9288330078125,0.2570136487483978,3695.8126779110326
39.16115200000092,50,D3,1117.9288330078125,0.2570136487483978,3695.8126779110326
39.34286400000092,50,D3,1195.615966796875,0.21738944947719574,2645.1501298354956
39.351728000000925,31,G1,1195.615966796875,0.21738944947719574,2645.1501298354956
39.36502400000092,50,D3,1187.75732421875,0.2369309663772583,2692.049954509623
39.373888000000925,51,D#3,1187.75732421875,0.2369309663772583,2692.049954509623
39.537872000000924,78,F#5,1172.596923828125,0.2250528782606125,2940.6486710035597
39.55560000000092,59,B3,1169.59375,0.21333570778369904,3110.2229150160397
39.568896000000926,31,G1,1169.59375,0.21333570778369904,3110.2229150160397
39.57332800000093,51,D#3,1173.5960693359375,0.20500712096691132,3028.667251356015
39.57332800000093,38,D2,1173.5960693359375,0.20500712096691132,3028.667251356015
39.57776000000093,59,B3,1173.5960693359375,0.20500712096691132,3028.667251356015
39.58219200000093,43,G2,1173.5960693359375,0.20500712096691132,3028.667251356015
39.58662400000093,50,D3,1173.5960693359375,0.20500712096691132,3028.667251356015
39.768336000000936,67,G4,1176.5205078125,0.21401576697826385,2765.3249043097967
39.77720000000094,31,G1,1176.5205078125,0.21401576697826385,2765.3249043097967
39.78163200000094,43,G2,1172.864501953125,0.2116943597793579,2865.0448328914404
39.79492800000094,50,D3,1172.864501953125,0.2116943597793579,2865.0448328914404
39.79936000000094,51,D#3,1172.864501953125,0.2116943597793579,2865.0448328914404
39.80379200000094,67,G4,1175.164794921875,0.21229127049446106,2962.723949872553
39.96334400000094,80,G#5,1179.94287109375,0.26231175661087036,2475.684212161494
39.99436800000094,31,G1,1061.960205078125,0.26727452874183655,3441.8604262554736
39.99880000000094,35,B1,1061.960205078125,0.26727452874183655,3441.8604262554736
40.00323200000094,51,D#3,1061.960205078125,0.26727452874183655,3441.8604262554736
40.207104000000946,31,G1,1164.106201171875,0.29576197266578674,2157.690924189546
40.21596800000095,62,D4,1164.106201171875,0.29576197266578674,2157.690924189546
40.22483200000095,51,D#3,1171.7633056640625,0.31560462713241577,2175.2817369639297
40.238128000000955,62,D4,1171.7633056640625,0.31560462713241577,2175.2817369639297
40.38881600000096,78,F#5,1180.72900390625,0.24560411274433136,2749.2722945635574
40.41984000000096,33,A1,1184.7220458984375,0.26024043560028076,2500.584155211207
40.42427200000096,38,D2,1184.7220458984375,0.26024043560028076,2500.584155211207
40.42427200000096,51,D#3,1184.7220458984375,0.26024043560028076,2500.584155211207
40.42870400000096,59,B3,1184.7220458984375,0.26024043560028076,2500.584155211207
40.433136000000964,54,F#3,1183.415283203125,0.2805904746055603,2217.79204573862
40.44200000000097,43,G2,1183.415283203125,0.2805904746055603,2217.79204573862
40.45529600000097,50,D3,1111.8887939453125,0.28740382194519043,2278.0477463986676
40.45529600000097,59,B3,1111.8887939453125,0.28740382194519043,2278.0477463986676
40.61928000000098,50,D3,1160.6248779296875,0.21852274239063263,2462.3897957965796
40.62814400000098,34,A#1,1160.6248779296875,0.21852274239063263,2462.3897957965796
40.63700800000098,35,B1,1160.6248779296875,0.21852274239063263,2462.3897957965796
40.64144000000098,50,D3,1156.4398193359375,0.22541572153568268,2350.351243161975
40.650304000000986,43,G2,1156.4398193359375,0.22541572153568268,2350.351243161975
40.650304000000986,50,D3,1156.4398193359375,0.22541572153568268,2350.351243161975
40.65473600000099,51,D#3,1156.4398193359375,0.22541572153568268,2350.351243161975
40.82758400000101,86,D6,1188.1314697265625,0.24159422516822815,3030.6761644280286
40.82758400000101,90,F#6,1188.1314697265625,0.24159422516822815,3030.6761644280286
40.83201600000101,83,B5,1188.1314697265625,0.24159422516822815,3030.6761644280286
40.840880000001015,35,B1,1188.1314697265625,0.24159422516822815,3030.6761644280286
40.84974400000102,35,B1,1163.8955078125,0.26761239767074585,3323.8928837820167
40.84974400000102,47,B2,1163.8955078125,0.26761239767074585,3323.8928837820167
40.85417600000102,51,D#3,1163.8955078125,0.26761239767074585,3323.8928837820167
40.85860800000102,47,B2,1163.8955078125,0.26761239767074585,3323.8928837820167
40.86304000000102,54,F#3,1163.8955078125,0.26761239767074585,3323.8928837820167
40.871904000001024,47,B2,990.1982421875,0.27361562848091125,3291.500926772027
41.03588800000102,54,F#3,1159.3363037109375,0.19095614552497864,4137.674277882177
41.05804800000102,35,B1,1159.8040771484375,0.2168424427509308,3403.500286490914
41.062480000001024,54,F#3,1159.8040771484375,0.2168424427509308,3403.500286490914
41.07577600000102,51,D#3,1159.8040771484375,0.2168424427509308,3403.500286490914
41.07577600000102,47,B2,1159.8040771484375,0.2168424427509308,3403.500286490914
41.08020800000102,54,F#3,1155.9150390625,0.23437482118606567,2486.501306943049
41.23976000000103,59,B3,1149.1097412109375,0.2612731158733368,2273.144987696757
41.26635200000103,59,B3,1185.4681396484375,0.2925705909729004,2317.6293509242023
41.27078400000103,35,B1,1185.4681396484375,0.2925705909729004,2317.6293509242023
41.27521600000103,38,D2,1185.4681396484375,0.2925705909729004,2317.6293509242023
41.27521600000103,51,D#3,1185.4681396484375,0.2925705909729004,2317.6293509242023
41.288512000001035,47,B2,1185.4681396484375,0.2925705909729004,2317.6293509242023
41.292944000001036,54,F#3,850.4331665039062,0.31865882873535156,2132.8748046482215
41.452496000001034,78,F#5,1153.056396484375,0.2339048981666565,2278.9184590253426
41.479088000001035,66,F#4,1150.7833251953125,0.20546136796474457,2266.5194516107354
41.483520000001036,35,B1,1150.7833251953125,0.20546136796474457,2266.5194516107354
41.48795200000104,47,B2,1150.7833251953125,0.20546136796474457,2266.5194516107354
41.501248000001034,54,F#3,1153.44677734375,0.1913958489894867,2498.078218539027
41.501248000001034,66,F#4,1153.44677734375,0.1913958489894867,2498.078218539027
41.505680000001036,51,D#3,1153.44677734375,0.1913958489894867,2498.078218539027
41.70068800000104,51,D#3,1181.9921875,0.22469587624073029,3657.3885509409834
41.87796800000104,80,G#5,1158.11328125,0.1777891367673874,2747.1518913532873
41.90899200000104,35,B1,1160.8232421875,0.19577236473560333,2615.351842713351
41.913424000001044,62,D4,1160.8232421875,0.19577236473560333,2615.351842713351
41.92672000000105,51,D#3,1189.9075927734375,0.24280492961406708,2281.53627054354
41.93558400000105,62,D4,1189.9075927734375,0.24280492961406708,2281.53627054354
42.11286400000106,59,B3,1031.37744140625,0.1983552873134613,1916.1652171224928
42.11729600000106,35,B1,1031.37744140625,0.1983552873134613,1916.1652171224928
42.12172800000106,38,D2,1031.37744140625,0.1983552873134613,1916.1652171224928
42.126160000001065,51,D#3,1031.2100830078125,0.2290944755077362,1984.2102886896987
42.13945600000107,54,F#3,1031.2100830078125,0.2290944755077362,1984.2102886896987
42.13945600000107,59,B3,1031.2100830078125,0.2290944755077362,1984.2102886896987
42.13945600000107,47,B2,1031.2100830078125,0.2290944755077362,1984.2102886896987
42.14832000000107,54,F#3,1173.7723388671875,0.2362169325351715,2260.309114272005
42.303440000001075,78,F#5,1181.1563720703125,0.1653323769569397,2377.477656028844
42.32116800000107,54,F#3,1181.8258056640625,0.16558879613876343,2308.422707135015
42.33446400000108,35,B1,1174.181640625,0.1680680513381958,2277.0544475927964
42.33889600000108,54,F#3,1174.181640625,0.1680680513381958,2277.0544475927964
42.33889600000108,35,B1,1174.181640625,0.1680680513381958,2277.0544475927964
42.35219200000108,47,B2,1174.181640625,0.1680680513381958,2277.0544475927964
42.35219200000108,51,D#3,1174.181640625,0.1680680513381958,2277.0544475927964
42.356624000001084,54,F#3,1174.181640625,0.1680680513381958,2277.0544475927964
42.51617600000109,80,G#5,1175.2269287109375,0.16900986433029175,2285.6235087581795
42.52947200000109,85,C#6,1180.24658203125,0.16636575758457184,2199.644134561136
42.52947200000109,88,E6,1180.24658203125,0.16636575758457184,2199.644134561136
42.533904000001094,81,A5,1180.24658203125,0.16636575758457184,2199.644134561136
42.538336000001095,45,A2,1180.24658203125,0.16636575758457184,2199.644134561136
42.5472000000011,33,A1,1179.4354248046875,0.1979234665632248,2184.567255134297
42.5516320000011,35,B1,1179.4354248046875,0.1979234665632248,2184.567255134297
42.5560640000011,51,D#3,1179.4354248046875,0.1979234665632248,2184.567255134297
42.5560640000011,45,A2,1179.4354248046875,0.1979234665632248,2184.567255134297
42.5604960000011,45,A2,1179.4354248046875,0.1979234665632248,2184.567255134297
42.5649280000011,52,E3,1179.4354248046875,0.1979234665632248,2184.567255134297
42.7510720000011,52,E3,1179.4251708984375,0.20287807285785675,2618.1324965444664
42.759936000001105,33,A1,1172.1142578125,0.2160499542951584,2833.911238457141
42.76880000000111,52,E3,1172.1142578125,0.2160499542951584,2833.911238457141
42.77766400000111,51,D#3,1171.9266357421875,0.23938515782356262,2884.0437402601383
42.94164800000111,78,F#5,1176.0999755859375,0.2891019582748413,2487.1243002127376
42.9682400000011,61,C#4,1174.344482421875,0.2801167368888855,2561.6127131172943
42.972672000001104,33,A1,1174.344482421875,0.2801167368888855,2561.6127131172943
42.977104000001106,51,D#3,1174.344482421875,0.2801167368888855,2561.6127131172943
42.977104000001106,38,D2,1174.344482421875,0.2801167368888855,2561.6127131172943
42.98153600000111,45,A2,1174.344482421875,0.2801167368888855,2561.6127131172943
42.99040000000111,52,E3,1170.9466552734375,0.2636524438858032,2752.317513206494
42.99483200000111,61,C#4,1170.9466552734375,0.2636524438858032,2752.317513206494
43.15438400000111,80,G#5,1172.5379638671875,0.2739340364933014,2720.161998007118
43.18540800000111,33,A1,1175.3758544921875,0.2743907868862152,2757.6085982353757
43.18540800000111,45,A2,1175.3758544921875,0.2743907868862152,2757.6085982353757
43.18984000000111,64,E4,1175.3758544921875,0.2743907868862152,2757.6085982353757
43.194272000001114,52,E3,1172.960693359375,0.27790167927742004,2794.9387001827654
43.203136000001116,51,D#3,1172.960693359375,0.27790167927742004,2794.9387001827654
43.21200000000112,64,E4,1172.960693359375,0.27790167927742004,2794.9387001827654
43.393712000001116,33,A1,1144.83642578125,0.27921292185783386,2461.4736948368914
43.40257600000112,51,D#3,1130.1121826171875,0.27392101287841797,2283.5769817221308
43.40257600000112,35,B1,1130.1121826171875,0.27392101287841797,2283.5769817221308
43.606448000001116,61,C#4,1176.30029296875,0.2816408574581146,2474.904439456127
43.61088000000112,33,A1,1120.9110107421875,0.27727118134498596,2500.970071232875
43.624176000001114,61,C#4,1120.9110107421875,0.27727118134498596,2500.970071232875
43.628608000001115,51,D#3,1120.9110107421875,0.27727118134498596,2500.970071232875
43.81032000000112,57,A3,1136.6854248046875,0.18260623514652252,3764.091358578128
43.81918400000112,40,E2,1136.6854248046875,0.18260623514652252,3764.091358578128
43.828048000001125,38,D2,1172.7662353515625,0.18223927915096283,3279.0325671991322
43.828048000001125,51,D#3,1172.7662353515625,0.18223927915096283,3279.0325671991322
43.83248000000113,57,A3,1172.7662353515625,0.18223927915096283,3279.0325671991322
43.84134400000113,54,F#3,1172.7662353515625,0.18223927915096283,3279.0325671991322
43.84134400000113,45,A2,1172.7662353515625,0.18223927915096283,3279.0325671991322
43.84577600000113,52,E3,1154.459228515625,0.18091531097888947,2541.6280476408165
44.03635200000113,52,E3,1173.6907958984375,0.2775265872478485,2198.322454578375
44.03635200000113,33,A1,1173.6907958984375,0.2775265872478485,2198.322454578375
44.04078400000113,35,B1,1173.6907958984375,0.2775265872478485,2198.322454578375
44.04521600000113,45,A2,1173.6907958984375,0.2775265872478485,2198.322454578375
44.054080000001136,52,E3,1167.237060546875,0.2874073386192322,2295.303716965307
44.05851200000114,51,D#3,1167.237060546875,0.2874073386192322,2295.303716965307
44.05851200000114,52,E3,1167.237060546875,0.2874073386192322,2295.303716965307
44.23136000000115,81,A5,1199.3079833984375,0.25253570079803467,2079.068249842355
44.23136000000115,90,F#6,1199.3079833984375,0.25253570079803467,2079.068249842355
44.23136000000115,86,D6,1199.3079833984375,0.25253570079803467,2079.068249842355
44.24465600000115,38,D2,1172.2108154296875,0.2504417300224304,2156.5819068417363
44.25352000000115,50,D3,1172.2108154296875,0.2504417300224304,2156.5819068417363
44.25352000000115,35,B1,1172.2108154296875,0.2504417300224304,2156.5819068417363
44.257952000001154,51,D#3,1172.2108154296875,0.2504417300224304,2156.5819068417363
44.26681600000116,57,A3,1173.8399658203125,0.23998303711414337,2332.9067843802104
44.26681600000116,50,D3,1173.8399658203125,0.23998303711414337,2332.9067843802104
44.27568000000116,50,D3,1173.8399658203125,0.23998303711414337,2332.9067843802104
44.457392000001164,38,D2,1179.498046875,0.24841488897800446,2848.5983106097055
44.461824000001165,54,F#3,1179.498046875,0.24841488897800446,2848.5983106097055
44.47955200000116,51,D#3,1182.525146484375,0.24036921560764313,2805.1003971396804
44.483984000001165,54,F#3,1182.525146484375,0.24036921560764313,2805.1003971396804
44.64353600000116,78,F#5,1176.60009765625,0.19759376347064972,2247.696497366407
44.670128000001164,38,D2,1179.5738525390625,0.18271493911743164,2219.9386841069613
44.670128000001164,57,A3,1179.5738525390625,0.18271493911743164,2219.9386841069613
44.678992000001166,38,D2,1187.6044921875,0.18292886018753052,2245.1833928991755
44.678992000001166,51,D#3,1187.6044921875,0.18292886018753052,2245.1833928991755
44.69228800000117,50,D3,1187.6044921875,0.18292886018753052,2245.1833928991755
44.69672000000117,57,A3,1187.6044921875,0.18292886018753052,2245.1833928991755
44.69672000000117,57,A3,1187.6044921875,0.18292886018753052,2245.1833928991755
44.88729600000118,38,D2,1174.682861328125,0.23233552277088165,2796.3194813555065
44.89616000000118,50,D3,1174.36572265625,0.23616856336593628,2789.728279755702
44.905024000001184,51,D#3,1174.36572265625,0.23616856336593628,2789.728279755702
44.905024000001184,66,F#4,1174.36572265625,0.23616856336593628,2789.728279755702
44.905024000001184,57,A3,1174.36572265625,0.23616856336593628,2789.728279755702
44.92718400000118,66,F#4,1191.6510009765625,0.23484304547309875,2744.6570104955704
45.100032000001185,38,D2,1175.5528564453125,0.2199571579694748,3040.6718264854408
45.10446400000119,51,D#3,1175.5528564453125,0.2199571579694748,3040.6718264854408
45.28174400000119,80,G#5,1173.8858642578125,0.30314168334007263,3031.102424953783
45.30833600000119,38,D2,882.7103271484375,0.2788756191730499,2804.1503744847787
45.30833600000119,62,D4,882.7103271484375,0.2788756191730499,2804.1503744847787
45.32606400000119,51,D#3,882.7103271484375,0.2788756191730499,2804.1503744847787
45.33492800000119,62,D4,883.27587890625,0.25601744651794434,2771.8234670350407
45.4944800000012,78,F#5,1183.1318359375,0.21067655086517334,2367.5853033722087
45.5255040000012,57,A3,1177.234375,0.19261637330055237,2355.34405429892
45.5255040000012,38,D2,1177.234375,0.19261637330055237,2355.34405429892
45.5299360000012,38,D2,1177.234375,0.19261637330055237,2355.34405429892
45.5343680000012,51,D#3,1177.234375,0.19261637330055237,2355.34405429892
45.5388000000012,57,A3,1174.419677734375,0.1898573786020279,2244.965023360248
45.543232000001204,54,F#3,1174.419677734375,0.1898573786020279,2244.965023360248
45.547664000001205,50,D3,1174.419677734375,0.1898573786020279,2244.965023360248
45.55652800000121,57,A3,1174.419677734375,0.1898573786020279,2244.965023360248
45.70721600000121,80,G#5,1139.2196044921875,0.21891553699970245,2179.3625954679896
45.73380800000121,30,F#1,1116.2547607421875,0.19556449353694916,2192.5277070448365
45.73824000000121,35,B1,1116.2547607421875,0.19556449353694916,2192.5277070448365
45.747104000001215,50,D3,1113.0621337890625,0.18354679644107819,2221.5031495382486
45.75596800000122,50,D3,1113.0621337890625,0.18354679644107819,2221.5031495382486
45.76040000000122,51,D#3,1113.0621337890625,0.18354679644107819,2221.5031495382486
45.76040000000122,57,A3,1113.0621337890625,0.18354679644107819,2221.5031495382486
45.76926400000122,50,D3,1113.0621337890625,0.18354679644107819,2221.5031495382486
45.91995200000123,78,F#5,1123.3021240234375,0.16821929812431335,2157.531030231573
45.93324800000123,91,G6,1125.5865478515625,0.17177021503448486,2113.4414022229885
45.93324800000123,86,D6,1125.5865478515625,0.17177021503448486,2113.4414022229885
45.93324800000123,83,B5,1125.5865478515625,0.17177021503448486,2113.4414022229885
45.95097600000123,31,G1,1125.5865478515625,0.17177021503448486,2113.4414022229885
45.95097600000123,35,B1,1125.5865478515625,0.17177021503448486,2113.4414022229885
45.95097600000123,43,G2,1125.5865478515625,0.17177021503448486,2113.4414022229885
45.955408000001235,51,D#3,1125.5865478515625,0.17177021503448486,2113.4414022229885
45.96427200000124,43,G2,1113.6051025390625,0.17467904090881348,2068.3784750479367
45.96870400000124,50,D3,1113.6051025390625,0.17467904090881348,2068.3784750479367
45.97313600000124,43,G2,1113.6051025390625,0.17467904090881348,2068.3784750479367
46.15928000000124,50,D3,1111.70458984375,0.17289866507053375,3187.0576200567293
46.15928000000124,31,G1,1111.70458984375,0.17289866507053375,3187.0576200567293
46.18144000000124,43,G2,1198.93408203125,0.16522936522960663,3114.187974380694
46.18144000000124,50,D3,1198.93408203125,0.16522936522960663,3114.187974380694
46.18144000000124,51,D#3,1198.93408203125,0.16522936522960663,3114.187974380694
46.18587200000124,50,D3,1198.93408203125,0.16522936522960663,3114.187974380694
46.345424000001245,80,G#5,1180.0670166015625,0.27524688839912415,2493.4800399903193
46.367584000001244,59,B3,1174.768310546875,0.26008379459381104,2585.615225604167
46.37644800000125,31,G1,1173.978515625,0.2619253098964691,2568.990177387749
46.38088000000125,38,D2,1173.978515625,0.2619253098964691,2568.990177387749
46.38531200000125,51,D#3,1173.978515625,0.2619253098964691,2568.990177387749
46.38531200000125,59,B3,1173.978515625,0.2619253098964691,2568.990177387749
46.38974400000125,43,G2,1173.978515625,0.2619253098964691,2568.990177387749
46.39860800000125,50,D3,895.4359130859375,0.2544919550418854,2592.7197504623705
46.58475200000126,31,G1,1131.3011474609375,0.18694351613521576,3964.1151385067665
46.59361600000126,67,G4,1131.3011474609375,0.18694351613521576,3964.1151385067665
46.59804800000126,43,G2,1131.3011474609375,0.18694351613521576,3964.1151385067665
46.606912000001266,50,D3,1128.6146240234375,0.1736774742603302,4080.7823076844993
46.606912000001266,51,D#3,1128.6146240234375,0.1736774742603302,4080.7823076844993
46.61577600000127,67,G4,1128.6146240234375,0.1736774742603302,4080.7823076844993
46.770896000001265,78,F#5,1172.174560546875,0.27537935972213745,2261.6238231830503
46.80192000000127,35,B1,1152.859619140625,0.27049520611763,2325.191818385134
46.80192000000127,29,F1,1152.859619140625,0.27049520611763,2325.191818385134
46.80635200000127,51,D#3,1152.859619140625,0.27049520611763,2325.191818385134
47.00579200000127,62,D4,1178.5595703125,0.2489527314901352,2915.848725104689
47.02795200000127,51,D#3,1173.98876953125,0.24886496365070343,2848.0670032769813
47.02795200000127,62,D4,1173.98876953125,0.24886496365070343,2848.0670032769813
47.19636800000127,80,G#5,1104.590087890625,0.24670614302158356,2480.799178878312
47.205232000001274,59,B3,1104.590087890625,0.24670614302158356,2480.799178878312
47.22739200000128,59,B3,1107.7412109375,0.2241615504026413,2823.083656367422
47.22739200000128,38,D2,1107.7412109375,0.2241615504026413,2823.083656367422
47.22739200000128,31,G1,1107.7412109375,0.2241615504026413,2823.083656367422
47.23182400000128,51,D#3,1107.7412109375,0.2241615504026413,2823.083656367422
47.24512000000128,43,G2,1128.51123046875,0.1883200705051422,2899.0118876439565
47.24512000000128,54,F#3,1128.51123046875,0.1883200705051422,2899.0118876439565
47.25841600000128,50,D3,1131.6019287109375,0.17624500393867493,2928.1581419318695
47.43126400000129,50,D3,1140.7623291015625,0.24887436628341675,3085.3869768815302
47.43126400000129,35,B1,1140.7623291015625,0.24887436628341675,3085.3869768815302
47.444560000001296,51,D#3,1151.373291015625,0.24021638929843903,3201.0834893054644
47.4534240000013,50,D3,1151.373291015625,0.24021638929843903,3201.0834893054644
47.4578560000013,43,G2,1151.373291015625,0.24021638929843903,3201.0834893054644
47.4622880000013,50,D3,1151.373291015625,0.24021638929843903,3201.0834893054644
47.63070400000131,86,D6,1154.4693603515625,0.1901012659072876,4367.871437062106
47.63513600000131,83,B5,1154.4693603515625,0.1901012659072876,4367.871437062106
47.63956800000131,90,F#6,1154.4693603515625,0.1901012659072876,4367.871437062106
47.652864000001316,35,B1,1106.7178955078125,0.1916082501411438,3946.391478569215
47.652864000001316,47,B2,1106.7178955078125,0.1916082501411438,3946.391478569215
47.652864000001316,35,B1,1106.7178955078125,0.1916082501411438,3946.391478569215
47.65729600000132,51,D#3,1106.7178955078125,0.1916082501411438,3946.391478569215
47.66616000000132,47,B2,1106.7178955078125,0.1916082501411438,3946.391478569215
47.67502400000132,54,F#3,1104.1334228515625,0.19334512948989868,3529.922156004441
47.67945600000132,47,B2,1104.1334228515625,0.19334512948989868,3529.922156004441
47.847872000001324,54,F#3,1163.5657958984375,0.23892846703529358,3241.0659855999093
47.86560000000132,35,B1,1159.5352783203125,0.22492565214633942,3292.4690686808317
47.87003200000132,54,F#3,1159.5352783203125,0.22492565214633942,3292.4690686808317
47.878896000001326,51,D#3,1159.5352783203125,0.22492565214633942,3292.4690686808317
48.06060800000133,59,B3,1154.2431640625,0.20295658707618713,3006.424599638179
48.073904000001335,35,B1,887.5952758789062,0.20437993109226227,3052.4786303089386
48.078336000001336,59,B3,887.5952758789062,0.20437993109226227,3052.4786303089386
48.08276800000134,51,D#3,887.5952758789062,0.20437993109226227,3052.4786303089386
48.08276800000134,38,D2,887.5952758789062,0.20437993109226227,3052.4786303089386
48.09606400000134,54,F#3,989.5951538085938,0.20522600412368774,3158.3489502871016
48.09606400000134,47,B2,989.5951538085938,0.20522600412368774,3158.3489502871016
48.26004800000134,78,F#5,997.4635620117188,0.25057896971702576,2493.260980220485
48.29107200000134,66,F#4,1152.7093505859375,0.2595457136631012,2551.194375017232
48.29107200000134,35,B1,1152.7093505859375,0.2595457136631012,2551.194375017232
48.299936000001345,47,B2,1152.7093505859375,0.2595457136631012,2551.194375017232
48.30880000000135,66,F#4,1106.1031494140625,0.2517673969268799,2635.4368675697788
48.30880000000135,54,F#3,1106.1031494140625,0.2517673969268799,2635.4368675697788
48.31323200000135,51,D#3,1106.1031494140625,0.2517673969268799,2635.4368675697788
48.50824000000135,51,D#3,1159.16845703125,0.16272853314876556,2244.8042554564163
48.685520000001354,80,G#5,1143.9913330078125,0.23633438348770142,2590.2801180469346
48.716544000001356,62,D4,1143.6485595703125,0.2250988930463791,2747.9562634829026
48.716544000001356,35,B1,1143.6485595703125,0.2250988930463791,2747.9562634829026
48.734272000001354,51,D#3,1160.5870361328125,0.22242796421051025,2775.7406085059024
48.738704000001356,62,D4,1160.5870361328125,0.22242796421051025,2775.7406085059024
48.929280000001356,38,D2,1182.612548828125,0.21714679896831512,2474.600156793768
48.93371200000136,51,D#3,1182.612548828125,0.21714679896831512,2474.600156793768
48.94257600000136,59,B3,1182.612548828125,0.21714679896831512,2474.600156793768
48.94700800000136,54,F#3,1182.612548828125,0.21714679896831512,2474.600156793768
48.95144000000136,47,B2,1179.930419921875,0.22580814361572266,2312.752522561272
48.955872000001364,54,F#3,1179.930419921875,0.22580814361572266,2312.752522561272
48.960304000001365,59,B3,1179.930419921875,0.22580814361572266,2312.752522561272
49.110992000001374,78,F#5,1192.1878662109375,0.3671380281448364,2543.931778926489
49.12428800000137,69,A4,895.302490234375,0.37337642908096313,2933.066464989276
49.13758400000137,35,B1,1173.1781005859375,0.3396773934364319,3172.2958040203566
49.14644800000137,69,A4,1173.1781005859375,0.3396773934364319,3172.2958040203566
49.14644800000137,49,C#3,1173.1781005859375,0.3396773934364319,3172.2958040203566
49.15088000000137,35,B1,1173.1781005859375,0.3396773934364319,3172.2958040203566
49.159744000001375,47,B2,1173.1781005859375,0.3396773934364319,3172.2958040203566
49.164176000001376,54,F#3,1170.4384765625,0.3012482225894928,3290.676432844141
49.217360000001385,61,C#4,1172.801513671875,0.2730633020401001,3380.914300462215
49.239520000001384,61,C#4,1174.524658203125,0.267108678817749,3343.263309894223
49.30156800000138,59,B3,1180.333251953125,0.28665846586227417,3172.060690742651
49.32372800000138,80,G#5,1174.3507080078125,0.28658080101013184,3180.289675777515
49.32372800000138,59,B3,1174.3507080078125,0.28658080101013184,3180.289675777515
49.33702400000138,81,A5,1174.3507080078125,0.28658080101013184,3180.289675777515
49.33702400000138,85,C#6,1174.3507080078125,0.28658080101013184,3180.289675777515
49.34145600000138,52,E3,1174.3507080078125,0.28658080101013184,3180.289675777515
49.34145600000138,88,E6,1174.3507080078125,0.28658080101013184,3180.289675777515
49.35032000000138,33,A1,1172.3585205078125,0.2796594202518463,3158.0344862785896
49.359184000001385,57,A3,1172.3585205078125,0.2796594202518463,3158.0344862785896
49.363616000001386,52,E3,1172.3585205078125,0.2796594202518463,3158.0344862785896
49.363616000001386,35,B1,1172.3585205078125,0.2796594202518463,3158.0344862785896
49.381344000001384,45,A2,1173.880859375,0.27155163884162903,3226.194274667824
49.381344000001384,52,E3,1173.880859375,0.27155163884162903,3226.194274667824
49.412368000001386,45,A2,1166.97607421875,0.2556420564651489,3090.704802122582
49.434528000001386,45,A2,1199.3280029296875,0.24894331395626068,3087.1145540165885
49.74920000000139,78,F#5,1199.4715576171875,0.1976543515920639,2781.2554632559777
50.17467200000139,80,G#5,1179.3251953125,0.2065281718969345,2264.014971373134
50.600144000001386,78,F#5,1172.525146484375,0.20182710886001587,2469.822468751092
51.025616000001406,80,G#5,1171.9642333984375,0.17589443922042847,2156.7148912846096
51.05220800000141,26,D1,1172.20166015625,0.19503071904182434,2298.14846156871
51.05664000000141,76,E5,1172.20166015625,0.19503071904182434,2298.14846156871
51.06107200000141,49,C#3,1172.20166015625,0.19503071904182434,2298.14846156871
51.06550400000141,50,D3,1175.63525390625,0.20970429480075836,2442.9499453344
51.06550400000141,35,B1,1175.63525390625,0.20970429480075836,2442.9499453344
51.06993600000141,64,E4,1175.63525390625,0.20970429480075836,2442.9499453344
51.074368000001414,64,E4,1175.63525390625,0.20970429480075836,2442.9499453344
51.083232000001416,57,A3,1175.63525390625,0.20970429480075836,2442.9499453344
51.08766400000142,50,D3,1162.38427734375,0.218235045671463,2466.497576695329
51.08766400000142,64,E4,1162.38427734375,0.218235045671463,2466.497576695329
51.26937600000143,62,D4,1193.0931396484375,0.2581835985183716,3413.6349999020595
51.26937600000143,26,D1,1193.0931396484375,0.2581835985183716,3413.6349999020595
51.27380800000143,74,D5,1182.3555908203125,0.2660220265388489,3412.31770484985
51.27824000000143,50,D3,1182.3555908203125,0.2660220265388489,3412.31770484985
51.28267200000143,62,D4,1182.3555908203125,0.2660220265388489,3412.31770484985
51.291536000001436,62,D4,1182.3555908203125,0.2660220265388489,3412.31770484985
51.30040000000144,57,A3,1182.8919677734375,0.26202914118766785,3368.213623997458
51.46438400000143,69,A4,1175.2620849609375,0.1992034763097763,2485.461200383712
51.47324800000143,46,A#2,1175.2620849609375,0.1992034763097763,2485.461200383712
51.482112000001436,26,D1,1175.2620849609375,0.1992034763097763,2485.461200383712
51.482112000001436,38,D2,1175.2620849609375,0.1992034763097763,2485.461200383712
51.482112000001436,57,A3,1175.2620849609375,0.1992034763097763,2485.461200383712
51.49097600000144,57,A3,1175.5230712890625,0.19690699875354767,2477.088010547882
51.49540800000144,54,F#3,1175.5230712890625,0.19690699875354767,2477.088010547882
51.49540800000144,50,D3,1175.5230712890625,0.19690699875354767,2477.088010547882
51.50427200000144,57,A3,1175.5230712890625,0.19690699875354767,2477.088010547882
51.50427200000144,57,A3,1175.5230712890625,0.19690699875354767,2477.088010547882
51.68598400000144,78,F#5,1174.3013916015625,0.29075756669044495,1830.6319662688811
51.68598400000144,66,F#4,1174.3013916015625,0.29075756669044495,1830.6319662688811
51.69484800000144,26,D1,1173.030029296875,0.3038429617881775,1945.661227991052
51.699280000001444,66,F#4,1173.030029296875,0.3038429617881775,1945.661227991052
51.70814400000145,66,F#4,1173.030029296875,0.3038429617881775,1945.661227991052
51.70814400000145,46,A#2,1173.030029296875,0.3038429617881775,1945.661227991052
51.71700800000145,50,D3,1172.51123046875,0.3075926899909973,2421.014118610736
51.73473600000145,57,A3,1172.51123046875,0.3075926899909973,2421.014118610736
51.903152000001455,74,D5,1179.8585205078125,0.26340654492378235,2083.2219825243037
51.903152000001455,26,D1,1179.8585205078125,0.26340654492378235,2083.2219825243037
51.90758400000146,50,D3,1179.8585205078125,0.26340654492378235,2083.2219825243037
51.90758400000146,46,A#2,1179.8585205078125,0.26340654492378235,2083.2219825243037
51.90758400000146,35,B1,1179.8585205078125,0.26340654492378235,2083.2219825243037
51.91201600000146,62,D4,1179.8585205078125,0.26340654492378235,2083.2219825243037
51.92088000000146,57,A3,1179.8585205078125,0.26340654492378235,2083.2219825243037
51.92088000000146,62,D4,1179.8585205078125,0.26340654492378235,2083.2219825243037
51.92974400000146,62,D4,881.0690307617188,0.2656394839286804,2182.7877115959172
52.102592000001465,69,A4,1174.9161376953125,0.27189546823501587,3195.6358816993543
52.11145600000147,57,A3,1173.5721435546875,0.27369076013565063,3294.704694517487
52.11588800000147,26,D1,1173.5721435546875,0.27369076013565063,3294.704694517487
52.12475200000147,57,A3,1173.5721435546875,0.27369076013565063,3294.704694517487
52.133616000001474,46,A#2,1171.6827392578125,0.28062957525253296,3328.1709450804306
52.133616000001474,50,D3,1171.6827392578125,0.28062957525253296,3328.1709450804306
52.138048000001476,57,A3,1171.6827392578125,0.28062957525253296,3328.1709450804306
52.15134400000148,57,A3,1171.6827392578125,0.28062957525253296,3328.1709450804306
52.31976000000147,67,G4,1181.326416015625,0.1868341714143753,2543.5374348470014
52.324192000001474,46,A#2,1181.326416015625,0.1868341714143753,2543.5374348470014
52.328624000001476,79,G5,1181.326416015625,0.1868341714143753,2543.5374348470014
52.33305600000148,67,G4,1181.326416015625,0.1868341714143753,2543.5374348470014
52.33305600000148,26,D1,1181.326416015625,0.1868341714143753,2543.5374348470014
52.33748800000148,50,D3,1181.326416015625,0.1868341714143753,2543.5374348470014
52.33748800000148,67,G4,1181.326416015625,0.1868341714143753,2543.5374348470014
52.33748800000148,38,D2,1181.326416015625,0.1868341714143753,2543.5374348470014
52.34635200000148,54,F#3,1187.10400390625,0.19086132943630219,2411.299080463855
52.355216000001484,57,A3,1187.10400390625,0.19086132943630219,2411.299080463855
52.53249600000148,62,D4,1110.2718505859375,0.27914464473724365,2093.3394478314467
52.54136000000148,50,D3,1110.2718505859375,0.27914464473724365,2093.3394478314467
52.54136000000148,62,D4,1110.2718505859375,0.27914464473724365,2093.3394478314467
52.54136000000148,26,D1,1110.2718505859375,0.27914464473724365,2093.3394478314467
52.55908800000148,62,D4,1172.928466796875,0.2926679849624634,1939.3960961688922
52.55908800000148,46,A#2,1172.928466796875,0.2926679849624634,1939.3960961688922
52.56352000000148,57,A3,1172.928466796875,0.2926679849624634,1939.3960961688922
52.75852800000148,46,A#2,1153.3348388671875,0.20797529816627502,2238.970133675445
52.75852800000148,35,B1,1153.3348388671875,0.20797529816627502,2238.970133675445
52.75852800000148,26,D1,1153.3348388671875,0.20797529816627502,2238.970133675445
52.762960000001485,57,A3,1152.4324951171875,0.20709073543548584,2228.641555366714
52.767392000001486,50,D3,1152.4324951171875,0.20709073543548584,2228.641555366714
52.77625600000149,57,A3,1152.4324951171875,0.20709073543548584,2228.641555366714
52.78512000000149,57,A3,1108.99609375,0.20459513366222382,2169.886556753482
52.78512000000149,57,A3,1108.99609375,0.20459513366222382,2169.886556753482
52.94910400000149,66,F#4,1070.7532958984375,0.2558288872241974,3072.3091351735916
52.962400000001495,66,F#4,1070.7532958984375,0.2558288872241974,3072.3091351735916
52.9712640000015,26,D1,980.7266845703125,0.2636898458003998,3339.2598998320013
52.9756960000015,66,F#4,980.7266845703125,0.2636898458003998,3339.2598998320013
52.9756960000015,35,B1,980.7266845703125,0.2636898458003998,3339.2598998320013
52.9801280000015,78,F#5,980.7266845703125,0.2636898458003998,3339.2598998320013
52.9845600000015,46,A#2,980.7266845703125,0.2636898458003998,3339.2598998320013
52.993424000001504,50,D3,1032.1910400390625,0.2706313133239746,3424.6313299427793
53.0111520000015,57,A3,1032.1910400390625,0.2706313133239746,3424.6313299427793
53.161840000001504,62,D4,1156.3055419921875,0.1771123707294464,2567.6689703210723
53.1751360000015,46,A#2,1156.3055419921875,0.1771123707294464,2567.6689703210723
53.1795680000015,62,D4,1183.1329345703125,0.19465485215187073,2538.6038624905286
53.184000000001504,26,D1,1183.1329345703125,0.19465485215187073,2538.6038624905286
53.188432000001505,62,D4,1183.1329345703125,0.19465485215187073,2538.6038624905286
53.188432000001505,38,D2,1183.1329345703125,0.19465485215187073,2538.6038624905286
53.19729600000151,50,D3,1183.1329345703125,0.19465485215187073,2538.6038624905286
53.20172800000151,54,F#3,1175.6104736328125,0.2036868780851364,2606.3485801067172
53.21502400000151,57,A3,1175.6104736328125,0.2036868780851364,2606.3485801067172
53.392304000001516,69,A4,1181.80615234375,0.2705078125,2216.8831395635643
53.392304000001516,26,D1,1181.80615234375,0.2705078125,2216.8831395635643
53.40560000000152,57,A3,1181.80615234375,0.2705078125,2216.8831395635643
53.41003200000152,46,A#2,1149.98828125,0.28076207637786865,1993.4846017602022
53.418896000001524,50,D3,1149.98828125,0.28076207637786865,1993.4846017602022
53.423328000001526,57,A3,1149.98828125,0.28076207637786865,1993.4846017602022
53.43219200000153,57,A3,1149.98828125,0.28076207637786865,1993.4846017602022
53.43662400000153,57,A3,1153.8150634765625,0.29363831877708435,1874.9501941782878
53.596176000001535,64,E4,1152.4554443359375,0.17458613216876984,2065.032576608184
53.596176000001535,76,E5,1152.4554443359375,0.17458613216876984,2065.032576608184
53.60504000000154,64,E4,1152.4554443359375,0.17458613216876984,2065.032576608184
53.60504000000154,26,D1,1152.4554443359375,0.17458613216876984,2065.032576608184
53.60947200000154,46,A#2,1152.4554443359375,0.17458613216876984,2065.032576608184
53.60947200000154,35,B1,1152.4554443359375,0.17458613216876984,2065.032576608184
53.61833600000154,50,D3,1152.4554443359375,0.17458613216876984,2065.032576608184
53.62276800000154,64,E4,1155.063720703125,0.17823100090026855,2102.003419568504
53.63606400000154,57,A3,1155.063720703125,0.17823100090026855,2102.003419568504
53.81777600000154,50,D3,1158.5677490234375,0.23393088579177856,2494.6566111893208
53.82220800000154,26,D1,1158.5677490234375,0.23393088579177856,2494.6566111893208
53.82220800000154,57,A3,1158.5677490234375,0.23393088579177856,2494.6566111893208
53.82664000000154,35,B1,1158.5677490234375,0.23393088579177856,2494.6566111893208
53.83107200000154,57,A3,1159.046142578125,0.24907426536083221,3323.245365440132
53.83550400000154,46,A#2,1159.046142578125,0.24907426536083221,3323.245365440132
53.83993600000154,57,A3,1159.046142578125,0.24907426536083221,3323.245365440132
53.844368000001545,57,A3,1159.046142578125,0.24907426536083221,3323.245365440132
54.012784000001545,66,F#4,1182.9781494140625,0.2210083305835724,3570.6386227757316
54.02164800000155,78,F#5,1175.5848388671875,0.21706531941890717,3390.3628469608257
54.02608000000155,46,A#2,1175.5848388671875,0.21706531941890717,3390.3628469608257
54.03051200000155,66,F#4,1175.5848388671875,0.21706531941890717,3390.3628469608257
54.03494400000155,30,F#1,1175.5848388671875,0.21706531941890717,3390.3628469608257
54.03494400000155,66,F#4,1175.5848388671875,0.21706531941890717,3390.3628469608257
54.03937600000155,38,D2,1177.3619384765625,0.2130303531885147,3325.7524804180734
54.048240000001556,50,D3,1177.3619384765625,0.2130303531885147,3325.7524804180734
54.048240000001556,54,F#3,1177.3619384765625,0.2130303531885147,3325.7524804180734
54.06596800000156,57,A3,1174.5946044921875,0.20151029527187347,3236.0574401409904
54.243248000001564,31,G1,1178.5205078125,0.19369611144065857,2610.1478123948714
54.26097600000157,50,D3,1184.1041259765625,0.22763654589653015,2459.4627224321284
54.26540800000157,46,A#2,1184.1041259765625,0.22763654589653015,2459.4627224321284
54.28313600000157,57,A3,1186.05517578125,0.24218513071537018,2262.1974009740943
54.44712000000157,71,B4,1158.2606201171875,0.20979423820972443,2023.0767626466893
54.45155200000157,59,B3,1158.2606201171875,0.20979423820972443,2023.0767626466893
54.45598400000157,33,A1,1154.320556640625,0.21218527853488922,2394.3028330773736
54.46041600000157,46,A#2,1154.320556640625,0.21218527853488922,2394.3028330773736
54.46041600000157,59,B3,1154.320556640625,0.21218527853488922,2394.3028330773736
54.464848000001574,35,B1,1154.320556640625,0.21218527853488922,2394.3028330773736
54.469280000001575,45,A2,1154.320556640625,0.21218527853488922,2394.3028330773736
54.473712000001576,52,E3,1154.320556640625,0.21218527853488922,2394.3028330773736
54.47814400000158,45,A2,1151.941162109375,0.22065438330173492,2716.6063373085335
54.48257600000158,59,B3,1151.941162109375,0.22065438330173492,2716.6063373085335
54.659856000001575,69,A4,1110.202392578125,0.2468845695257187,2117.8427986845963
54.67315200000157,33,A1,884.6632690429688,0.25978127121925354,2293.122826827509
54.67315200000157,57,A3,884.6632690429688,0.25978127121925354,2293.122826827509
54.68644800000157,46,A#2,884.6632690429688,0.25978127121925354,2293.122826827509
54.68644800000157,57,A3,884.6632690429688,0.25978127121925354,2293.122826827509
54.68644800000157,45,A2,884.6632690429688,0.25978127121925354,2293.122826827509
54.69088000000157,52,E3,1158.8419189453125,0.2993084788322449,2849.768529595395
54.69531200000157,57,A3,1158.8419189453125,0.2993084788322449,2849.768529595395
54.87702400000157,46,A#2,1104.852783203125,0.25551751255989075,2187.9035848625463
54.88145600000157,52,E3,1104.852783203125,0.25551751255989075,2187.9035848625463
54.88145600000157,64,E4,1104.852783203125,0.25551751255989075,2187.9035848625463
54.88588800000157,33,A1,1104.852783203125,0.25551751255989075,2187.9035848625463
54.89032000000157,52,E3,1104.852783203125,0.25551751255989075,2187.9035848625463
54.89032000000157,38,D2,1104.852783203125,0.25551751255989075,2187.9035848625463
54.899184000001576,52,E3,989.95751953125,0.2858540713787079,2552.954201562091
54.899184000001576,45,A2,989.95751953125,0.2858540713787079,2552.954201562091
54.90361600000158,52,E3,989.95751953125,0.2858540713787079,2552.954201562091
54.90361600000158,54,F#3,989.95751953125,0.2858540713787079,2552.954201562091
55.08532800000158,61,C#4,1143.9932861328125,0.28810998797416687,2034.1985781494293
55.08532800000158,73,C#5,1143.9932861328125,0.28810998797416687,2034.1985781494293
55.094192000001584,61,C#4,1143.9932861328125,0.28810998797416687,2034.1985781494293
55.098624000001585,33,A1,1143.9932861328125,0.28810998797416687,2034.1985781494293
55.10748800000159,46,A#2,1147.8079833984375,0.31946349143981934,2496.8691522111626
55.10748800000159,61,C#4,1147.8079833984375,0.31946349143981934,2496.8691522111626
55.12078400000159,45,A2,1147.8079833984375,0.31946349143981934,2496.8691522111626
55.12521600000159,52,E3,1147.8079833984375,0.31946349143981934,2496.8691522111626
55.30249600000159,57,A3,1154.53759765625,0.23447343707084656,2074.360385608469
55.30692800000159,69,A4,1154.53759765625,0.23447343707084656,2074.360385608469
55.30692800000159,33,A1,1154.53759765625,0.23447343707084656,2074.360385608469
55.31136000000159,46,A#2,1154.53759765625,0.23447343707084656,2074.360385608469
55.31136000000159,35,B1,1154.53759765625,0.23447343707084656,2074.360385608469
55.31136000000159,57,A3,1154.53759765625,0.23447343707084656,2074.360385608469
55.31579200000159,45,A2,1162.57958984375,0.25253432989120483,2552.193022676304
55.324656000001596,52,E3,1162.57958984375,0.25253432989120483,2552.193022676304
55.3290880000016,57,A3,1162.57958984375,0.25253432989120483,2552.193022676304
55.5108000000016,52,E3,1158.482666015625,0.23266908526420593,1964.300674311637
55.5108000000016,64,E4,1158.482666015625,0.23266908526420593,1964.300674311637
55.519664000001605,52,E3,1158.482666015625,0.23266908526420593,1964.300674311637
55.524096000001606,33,A1,1160.43212890625,0.25708964467048645,2838.1129764804336
55.53296000000161,52,E3,1160.43212890625,0.25708964467048645,2838.1129764804336
55.53296000000161,46,A#2,1160.43212890625,0.25708964467048645,2838.1129764804336
55.54182400000161,45,A2,1160.43212890625,0.25708964467048645,2838.1129764804336
55.54625600000161,52,E3,1160.4912109375,0.27116015553474426,3239.507166147656
55.7235360000016,62,D4,1106.73974609375,0.23311235010623932,2119.4011064218225
55.7235360000016,46,A#2,1106.73974609375,0.23311235010623932,2119.4011064218225
55.7279680000016,74,D5,1106.73974609375,0.23311235010623932,2119.4011064218225
55.732400000001604,33,A1,1098.647216796875,0.252375990152359,2535.438683296027
55.732400000001604,62,D4,1098.647216796875,0.252375990152359,2535.438683296027
55.74126400000161,38,D2,1098.647216796875,0.252375990152359,2535.438683296027
55.74569600000161,62,D4,1098.647216796875,0.252375990152359,2535.438683296027
55.75456000000161,45,A2,1098.647216796875,0.252375990152359,2535.438683296027
55.75456000000161,54,F#3,1098.647216796875,0.252375990152359,2535.438683296027
55.75899200000161,52,E3,1174.96240234375,0.272867888212204,3111.8140329398834
55.936272000001615,52,E3,330.0549011230469,0.22777999937534332,1958.6951533380136
55.94956800000162,33,A1,1087.364990234375,0.2881104052066803,1879.7711935128862
55.94956800000162,45,A2,1087.364990234375,0.2881104052066803,1879.7711935128862
55.94956800000162,52,E3,1087.364990234375,0.2881104052066803,1879.7711935128862
55.95400000000162,52,E3,1087.364990234375,0.2881104052066803,1879.7711935128862
55.95400000000162,52,E3,1087.364990234375,0.2881104052066803,1879.7711935128862
55.96286400000162,46,A#2,1087.364990234375,0.2881104052066803,1879.7711935128862
56.15787200000163,33,A1,1174.041015625,0.19832012057304382,3091.3576290881165
56.15787200000163,57,A3,1174.041015625,0.19832012057304382,3091.3576290881165
56.16230400000163,46,A#2,1174.041015625,0.19832012057304382,3091.3576290881165
56.16230400000163,35,B1,1174.041015625,0.19832012057304382,3091.3576290881165
56.171168000001636,57,A3,1174.041015625,0.19832012057304382,3091.3576290881165
56.17560000000164,45,A2,1175.593505859375,0.2102573662996292,3055.7980868361565
56.18003200000164,52,E3,1175.593505859375,0.2102573662996292,3055.7980868361565
56.18003200000164,57,A3,1175.593505859375,0.2102573662996292,3055.7980868361565
56.35288000000163,61,C#4,1174.1453857421875,0.1942349225282669,2837.0156076244193
56.37060800000163,61,C#4,1174.5423583984375,0.20620976388454437,2642.62227482842
56.37504000000163,33,A1,1174.5423583984375,0.20620976388454437,2642.62227482842
56.379472000001634,45,A2,1174.5423583984375,0.20620976388454437,2642.62227482842
56.379472000001634,61,C#4,1174.5423583984375,0.20620976388454437,2642.62227482842
56.379472000001634,38,D2,1174.5423583984375,0.20620976388454437,2642.62227482842
56.38833600000164,73,C#5,1175.1048583984375,0.2590932548046112,2543.0957206144294
56.401632000001634,45,A2,1175.1048583984375,0.2590932548046112,2543.0957206144294
56.401632000001634,52,E3,1175.1048583984375,0.2590932548046112,2543.0957206144294
56.57891200000164,52,E3,1179.7911376953125,0.18791580200195312,2579.611552184173
56.58334400000164,33,A1,1179.7911376953125,0.18791580200195312,2579.611552184173
56.59220800000164,52,E3,1180.1802978515625,0.186419278383255,2465.1378799831664
56.59220800000164,38,D2,1180.1802978515625,0.186419278383255,2465.1378799831664
56.59664000000164,45,A2,1180.1802978515625,0.186419278383255,2465.1378799831664
56.605504000001645,54,F#3,1180.1802978515625,0.186419278383255,2465.1378799831664
56.605504000001645,45,A2,1180.1802978515625,0.186419278383255,2465.1378799831664
56.605504000001645,52,E3,1180.1802978515625,0.186419278383255,2465.1378799831664
56.61436800000165,52,E3,1174.629150390625,0.19837044179439545,2461.581475540724
56.79164800000164,64,E4,1176.8428955078125,0.19127817451953888,2486.2372474878944
56.800512000001646,33,A1,1174.6009521484375,0.18540039658546448,2493.4906182413006
56.800512000001646,57,A3,1174.6009521484375,0.18540039658546448,2493.4906182413006
56.80494400000165,38,D2,1174.6009521484375,0.18540039658546448,2493.4906182413006
56.80937600000165,45,A2,1174.6009521484375,0.18540039658546448,2493.4906182413006
56.81380800000165,57,A3,1174.6009521484375,0.18540039658546448,2493.4906182413006
56.83153600000165,45,A2,1172.2379150390625,0.20727229118347168,2422.399929672052
56.83153600000165,52,E3,1172.2379150390625,0.20727229118347168,2422.399929672052
56.83153600000165,57,A3,1172.2379150390625,0.20727229118347168,2422.399929672052
56.991088000001646,71,B4,1176.6407470703125,0.198948472738266,1845.438551619794
56.991088000001646,59,B3,1176.6407470703125,0.198948472738266,1845.438551619794
57.00438400000164,59,B3,1176.6407470703125,0.198948472738266,1845.438551619794
57.008816000001644,33,A1,1178.7274169921875,0.1883329600095749,1830.6496392031427
57.008816000001644,59,B3,1178.7274169921875,0.1883329600095749,1830.6496392031427
57.01768000000165,45,A2,1178.7274169921875,0.1883329600095749,1830.6496392031427
57.01768000000165,38,D2,1178.7274169921875,0.1883329600095749,1830.6496392031427
57.03097600000165,52,E3,1178.7274169921875,0.1883329600095749,1830.6496392031427
57.03097600000165,45,A2,1178.7274169921875,0.1883329600095749,1830.6496392031427
57.19939200000165,52,E3,1108.101318359375,0.2254602164030075,2440.3196271095894
57.212688000001656,52,E3,1108.101318359375,0.2254602164030075,2440.3196271095894
57.21712000000166,52,E3,1108.101318359375,0.2254602164030075,2440.3196271095894
57.22155200000166,33,A1,1027.3031005859375,0.21418561041355133,2327.515172043791
57.22598400000166,45,A2,1027.3031005859375,0.21418561041355133,2327.515172043791
57.23041600000166,38,D2,1027.3031005859375,0.21418561041355133,2327.515172043791
57.23484800000166,45,A2,1027.3031005859375,0.21418561041355133,2327.515172043791
57.23484800000166,52,E3,1027.3031005859375,0.21418561041355133,2327.515172043791
57.407696000001664,61,C#4,1113.2762451171875,0.22165048122406006,2794.967403972311
57.42542400000167,73,C#5,1113.2762451171875,0.22165048122406006,2794.967403972311
57.42542400000167,61,C#4,1113.2762451171875,0.22165048122406006,2794.967403972311
57.42985600000167,61,C#4,1171.09228515625,0.21679900586605072,2718.416268220355
57.43428800000167,33,A1,1171.09228515625,0.21679900586605072,2718.416268220355
57.443152000001675,38,D2,1171.09228515625,0.21679900586605072,2718.416268220355
57.447584000001676,45,A2,1171.09228515625,0.21679900586605072,2718.416268220355
57.45644800000168,54,F#3,1171.7972412109375,0.21915434300899506,2729.589447618544
57.45644800000168,52,E3,1171.7972412109375,0.21915434300899506,2729.589447618544
57.45644800000168,45,A2,1171.7972412109375,0.21915434300899506,2729.589447618544
57.63372800000168,52,E3,1175.99072265625,0.24411660432815552,2184.34755909451
57.64702400000168,52,E3,879.2230224609375,0.25063642859458923,2124.3858541338986
57.65145600000168,52,E3,879.2230224609375,0.25063642859458923,2124.3858541338986
57.65145600000168,33,A1,879.2230224609375,0.25063642859458923,2124.3858541338986
57.65588800000168,38,D2,879.2230224609375,0.25063642859458923,2124.3858541338986
57.65588800000168,35,B1,879.2230224609375,0.25063642859458923,2124.3858541338986
57.664752000001684,45,A2,881.3319702148438,0.2517966032028198,2373.6985519845957
57.664752000001684,45,A2,881.3319702148438,0.2517966032028198,2373.6985519845957
57.669184000001685,52,E3,881.3319702148438,0.2517966032028198,2373.6985519845957
57.744528000001694,50,D3,1178.0274658203125,0.29950228333473206,2310.457250520227
57.76225600000169,50,D3,443.0472717285156,0.3128430247306824,2778.877612053761
57.81100800000169,54,F#3,587.6298217773438,0.2805406451225281,3181.5217474773362
57.83316800000169,54,F#3,1172.670166015625,0.24385766685009003,3495.278061159034
57.859760000001685,50,D3,1175.224365234375,0.21145686507225037,4022.1153522692175
57.86419200000169,57,A3,1175.224365234375,0.21145686507225037,4022.1153522692175
57.86419200000169,49,C#3,1175.224365234375,0.21145686507225037,4022.1153522692175
57.86419200000169,26,D1,1175.224365234375,0.21145686507225037,4022.1153522692175
57.86862400000169,57,A3,1175.269287109375,0.1818268895149231,4205.144341218641
57.86862400000169,57,A3,1175.269287109375,0.1818268895149231,4205.144341218641
57.87305600000169,35,B1,1175.269287109375,0.1818268895149231,4205.144341218641
57.87748800000169,50,D3,1175.269287109375,0.1818268895149231,4205.144341218641
57.88192000000169,62,D4,1175.269287109375,0.1818268895149231,4205.144341218641
57.88635200000169,57,A3,1175.269287109375,0.1818268895149231,4205.144341218641
57.890784000001695,50,D3,1175.269287109375,0.1818268895149231,4205.144341218641
57.895216000001696,57,A3,1176.912353515625,0.1794215440750122,4153.752626209358
57.8996480000017,62,D4,1176.912353515625,0.1794215440750122,4153.752626209358
57.8996480000017,62,D4,1176.912353515625,0.1794215440750122,4153.752626209358
57.8996480000017,57,A3,1176.912353515625,0.1794215440750122,4153.752626209358
57.9085120000017,62,D4,1176.912353515625,0.1794215440750122,4153.752626209358
57.9395360000017,66,F#4,1175.703125,0.21676774322986603,3303.370340050382
57.9572640000017,66,F#4,1175.703125,0.21676774322986603,3303.370340050382
58.0724960000017,50,D3,1175.62451171875,0.252367228269577,2292.0642989752987
58.0724960000017,57,A3,1175.62451171875,0.252367228269577,2292.0642989752987
58.0724960000017,26,D1,1175.62451171875,0.252367228269577,2292.0642989752987
58.0857920000017,50,D3,1174.17431640625,0.24735619127750397,2197.8097027219146
58.090224000001704,57,A3,1174.17431640625,0.24735619127750397,2197.8097027219146
58.094656000001706,50,D3,1174.17431640625,0.24735619127750397,2197.8097027219146
58.094656000001706,57,A3,1174.17431640625,0.24735619127750397,2197.8097027219146
58.285232000001706,57,A3,1174.263671875,0.22518184781074524,2629.641992951216
58.285232000001706,50,D3,1174.263671875,0.22518184781074524,2629.641992951216
58.28966400000171,26,D1,1179.014404296875,0.20774038136005402,2436.846525400599
58.29409600000171,38,D2,1179.014404296875,0.20774038136005402,2436.846525400599
58.29409600000171,50,D3,1179.014404296875,0.20774038136005402,2436.846525400599
58.29852800000171,57,A3,1179.014404296875,0.20774038136005402,2436.846525400599
58.29852800000171,46,A#2,1179.014404296875,0.20774038136005402,2436.846525400599
58.30296000000171,57,A3,1179.014404296875,0.20774038136005402,2436.846525400599
58.30739200000171,57,A3,1179.014404296875,0.20774038136005402,2436.846525400599
58.30739200000171,50,D3,1179.014404296875,0.20774038136005402,2436.846525400599
58.316256000001715,57,A3,1175.043701171875,0.1885162740945816,2429.434010183507
58.47137600000172,78,F#5,1029.4599609375,0.27844926714897156,1451.3163811527638
58.49796800000172,26,D1,879.7762451171875,0.20026415586471558,1604.8982822616572
58.49796800000172,50,D3,879.7762451171875,0.20026415586471558,1604.8982822616572
58.50240000000172,50,D3,879.7762451171875,0.20026415586471558,1604.8982822616572
58.50240000000172,57,A3,879.7762451171875,0.20026415586471558,1604.8982822616572
58.50683200000172,62,D4,879.7762451171875,0.20026415586471558,1604.8982822616572
58.511264000001724,57,A3,879.7762451171875,0.20026415586471558,1604.8982822616572
58.515696000001725,50,D3,879.7762451171875,0.20026415586471558,1604.8982822616572
58.520128000001726,42,F#2,1175.6280517578125,0.1907278597354889,1877.9058011328352
58.520128000001726,57,A3,1175.6280517578125,0.1907278597354889,1877.9058011328352
58.52456000000173,62,D4,1175.6280517578125,0.1907278597354889,1877.9058011328352
58.52899200000173,62,D4,1175.6280517578125,0.1907278597354889,1877.9058011328352
58.55558400000173,62,D4,1174.5814208984375,0.19791607558727264,2749.3894749665474
58.71070400000172,50,D3,1172.890380859375,0.24392081797122955,2055.727134972487
58.71513600000172,26,D1,1172.890380859375,0.24392081797122955,2055.727134972487
58.71513600000172,50,D3,1172.890380859375,0.24392081797122955,2055.727134972487
58.71513600000172,57,A3,1172.890380859375,0.24392081797122955,2055.727134972487
58.71956800000172,35,B1,1172.890380859375,0.24392081797122955,2055.727134972487
58.71956800000172,46,A#2,1172.890380859375,0.24392081797122955,2055.727134972487
58.71956800000172,57,A3,1172.890380859375,0.24392081797122955,2055.727134972487
58.72400000000172,50,D3,1172.890380859375,0.24392081797122955,2055.727134972487
58.728432000001725,57,A3,1172.738037109375,0.2331157773733139,2251.5266667452747
58.896848000001725,80,G#5,1175.0894775390625,0.24500605463981628,2340.884756491873
58.91457600000172,57,A3,1175.3427734375,0.23697392642498016,2378.31124836903
58.923440000001726,57,A3,1175.3427734375,0.23697392642498016,2378.31124836903
58.923440000001726,50,D3,1175.3427734375,0.23697392642498016,2378.31124836903
58.923440000001726,26,D1,1175.3427734375,0.23697392642498016,2378.31124836903
58.93230400000173,50,D3,1175.3427734375,0.23697392642498016,2378.31124836903
58.93673600000173,57,A3,1175.34423828125,0.22754986584186554,2679.7583016435083
58.93673600000173,57,A3,1175.34423828125,0.22754986584186554,2679.7583016435083
58.94116800000173,42,F#2,1175.34423828125,0.22754986584186554,2679.7583016435083
58.94116800000173,50,D3,1175.34423828125,0.22754986584186554,2679.7583016435083
58.94560000000173,57,A3,1175.34423828125,0.22754986584186554,2679.7583016435083
59.13617600000174,50,D3,1176.296630859375,0.24863475561141968,2849.1355888626313
59.14060800000174,26,D1,1176.296630859375,0.24863475561141968,2849.1355888626313
59.14060800000174,57,A3,1176.296630859375,0.24863475561141968,2849.1355888626313
59.14504000000174,38,D2,1172.4747314453125,0.2505064606666565,2703.0380018642645
59.14504000000174,50,D3,1172.4747314453125,0.2505064606666565,2703.0380018642645
59.149472000001744,46,A#2,1172.4747314453125,0.2505064606666565,2703.0380018642645
59.149472000001744,57,A3,1172.4747314453125,0.2505064606666565,2703.0380018642645
59.153904000001745,50,D3,1172.4747314453125,0.2505064606666565,2703.0380018642645
59.153904000001745,54,F#3,1172.4747314453125,0.2505064606666565,2703.0380018642645
59.158336000001746,57,A3,1172.4747314453125,0.2505064606666565,2703.0380018642645
59.32232000000175,78,F#5,1173.2393798828125,0.19626305997371674,2131.428711874756
59.34448000000175,50,D3,1173.52197265625,0.19330085813999176,1903.4420541563431
59.348912000001754,26,D1,1173.52197265625,0.19330085813999176,1903.4420541563431
59.353344000001755,57,A3,1173.52197265625,0.19330085813999176,1903.4420541563431
59.357776000001756,50,D3,1166.16796875,0.18545202910900116,1820.9138860045564
59.36220800000176,57,A3,1166.16796875,0.18545202910900116,1820.9138860045564
59.36664000000176,50,D3,1166.16796875,0.18545202910900116,1820.9138860045564
59.37107200000176,57,A3,1166.16796875,0.18545202910900116,1820.9138860045564
59.37107200000176,42,F#2,1166.16796875,0.18545202910900116,1820.9138860045564
59.56164800000176,50,D3,1154.2452392578125,0.23391878604888916,2056.3713245087315
59.56608000000176,57,A3,1153.11474609375,0.19282303750514984,2119.8819254421264
59.56608000000176,26,D1,1153.11474609375,0.19282303750514984,2119.8819254421264
59.57051200000176,50,D3,1153.11474609375,0.19282303750514984,2119.8819254421264
59.57051200000176,35,B1,1153.11474609375,0.19282303750514984,2119.8819254421264
59.574944000001764,57,A3,1153.11474609375,0.19282303750514984,2119.8819254421264
59.574944000001764,46,A#2,1153.11474609375,0.19282303750514984,2119.8819254421264
59.579376000001766,50,D3,1153.11474609375,0.19282303750514984,2119.8819254421264
59.58380800000177,57,A3,1153.11474609375,0.19282303750514984,2119.8819254421264
59.747792000001766,80,G#5,1160.1226806640625,0.17741920053958893,1724.6638332731427
59.77438400000177,57,A3,1160.672607421875,0.1753985583782196,1651.90943984378
59.77438400000177,50,D3,1160.672607421875,0.1753985583782196,1651.90943984378
59.77438400000177,26,D1,1160.672607421875,0.1753985583782196,1651.90943984378
59.78324800000177,57,A3,1160.672607421875,0.1753985583782196,1651.90943984378
59.78324800000177,50,D3,1160.672607421875,0.1753985583782196,1651.90943984378
59.79211200000177,50,D3,1160.672607421875,0.1753985583782196,1651.90943984378
59.796544000001774,42,F#2,1161.2291259765625,0.17242074012756348,1637.5237488054033
59.796544000001774,57,A3,1161.2291259765625,0.17242074012756348,1637.5237488054033
59.991552000001775,50,D3,1155.6376953125,0.1685144454240799,2846.5143180128725
59.991552000001775,57,A3,1155.6376953125,0.1685144454240799,2846.5143180128725
59.991552000001775,26,D1,1155.6376953125,0.1685144454240799,2846.5143180128725
59.995984000001776,38,D2,1155.6376953125,0.1685144454240799,2846.5143180128725
59.995984000001776,50,D3,1155.6376953125,0.1685144454240799,2846.5143180128725
60.00041600000178,46,A#2,1155.6376953125,0.1685144454240799,2846.5143180128725
60.00041600000178,57,A3,1155.6376953125,0.1685144454240799,2846.5143180128725
60.00928000000178,50,D3,1157.9298095703125,0.17010842263698578,2743.7249643647697
60.01371200000178,57,A3,1157.9298095703125,0.17010842263698578,2743.7249643647697
60.17326400000179,78,F#5,1153.3565673828125,0.286580890417099,2369.7221940887866
60.19985600000179,26,D1,1110.9891357421875,0.3008420169353485,2514.1338644228254
60.20428800000179,50,D3,1110.9891357421875,0.3008420169353485,2514.1338644228254
60.20872000000179,57,A3,1110.9891357421875,0.3008420169353485,2514.1338644228254
60.21315200000179,50,D3,1109.5843505859375,0.2965001165866852,2429.236509649717
60.21315200000179,57,A3,1109.5843505859375,0.2965001165866852,2429.236509649717
60.21758400000179,35,B1,1109.5843505859375,0.2965001165866852,2429.236509649717
60.21758400000179,50,D3,1109.5843505859375,0.2965001165866852,2429.236509649717
60.222016000001794,57,A3,1109.5843505859375,0.2965001165866852,2429.236509649717
60.222016000001794,42,F#2,1109.5843505859375,0.2965001165866852,2429.236509649717
60.3860000000018,80,G#5,665.5932006835938,0.3367162048816681,1985.412519742808
60.4125920000018,50,D3,661.887451171875,0.30333778262138367,2227.873983701601
60.4170240000018,26,D1,661.887451171875,0.30333778262138367,2227.873983701601
60.4170240000018,57,A3,661.887451171875,0.30333778262138367,2227.873983701601
60.421456000001804,50,D3,661.887451171875,0.30333778262138367,2227.873983701601
60.421456000001804,35,B1,661.887451171875,0.30333778262138367,2227.873983701601
60.425888000001805,46,A#2,994.9623413085938,0.27121272683143616,2346.5247195896645
60.425888000001805,57,A3,994.9623413085938,0.27121272683143616,2346.5247195896645
60.43032000000181,57,A3,994.9623413085938,0.27121272683143616,2346.5247195896645
60.43032000000181,50,D3,994.9623413085938,0.27121272683143616,2346.5247195896645
60.62532800000181,50,D3,1107.3414306640625,0.21615810692310333,2633.562176302784
60.62532800000181,26,D1,1107.3414306640625,0.21615810692310333,2633.562176302784
60.62532800000181,57,A3,1107.3414306640625,0.21615810692310333,2633.562176302784
60.62976000000181,50,D3,1107.3414306640625,0.21615810692310333,2633.562176302784
60.63862400000181,57,A3,1107.6275634765625,0.2130543738603592,2633.194004818508
60.64305600000181,42,F#2,1107.6275634765625,0.2130543738603592,2633.194004818508
60.647488000001815,57,A3,1107.6275634765625,0.2130543738603592,2633.194004818508
60.647488000001815,50,D3,1107.6275634765625,0.2130543738603592,2633.194004818508
60.81147200000182,78,F#5,1106.194580078125,0.31655755639076233,3039.8660240436297
60.83806400000182,31,G1,1153.006591796875,0.28684672713279724,3199.143706555145
60.84249600000182,50,D3,1151.30810546875,0.2560315430164337,2834.7322080249405
60.84249600000182,57,A3,1151.30810546875,0.2560315430164337,2834.7322080249405
60.846928000001824,38,D2,1151.30810546875,0.2560315430164337,2834.7322080249405
60.846928000001824,62,D4,1151.30810546875,0.2560315430164337,2834.7322080249405
60.846928000001824,50,D3,1151.30810546875,0.2560315430164337,2834.7322080249405
60.851360000001826,57,A3,1151.30810546875,0.2560315430164337,2834.7322080249405
60.851360000001826,46,A#2,1151.30810546875,0.2560315430164337,2834.7322080249405
60.85579200000183,50,D3,1151.30810546875,0.2560315430164337,2834.7322080249405
60.86022400000183,57,A3,1151.30810546875,0.2560315430164337,2834.7322080249405
60.86022400000183,54,F#3,1151.30810546875,0.2560315430164337,2834.7322080249405
60.86908800000183,62,D4,1055.618896484375,0.25618845224380493,2641.1774380410693
61.050800000001836,50,D3,1108.900390625,0.17298440635204315,2413.429315957063
61.05523200000184,57,A3,1108.900390625,0.17298440635204315,2413.429315957063
61.05966400000184,50,D3,1108.900390625,0.17298440635204315,2413.429315957063
61.06409600000184,57,A3,1108.900390625,0.17298440635204315,2413.429315957063
61.06852800000184,46,A#2,1108.900390625,0.17298440635204315,2413.429315957063
61.06852800000184,50,D3,1108.900390625,0.17298440635204315,2413.429315957063
61.07296000000184,57,A3,1110.4298095703125,0.15147191286087036,2224.184326438536
61.21478400000185,52,E3,1159.97119140625,0.3329155743122101,1672.609043159687
61.23251200000185,52,E3,1159.97119140625,0.3329155743122101,1672.609043159687
61.26353600000185,45,A2,1098.1226806640625,0.30827775597572327,1751.0715617281
61.26796800000185,35,B1,1098.1226806640625,0.30827775597572327,1751.0715617281
61.26796800000185,52,E3,1098.1226806640625,0.30827775597572327,1751.0715617281
61.26796800000185,33,A1,1098.1226806640625,0.30827775597572327,1751.0715617281
61.27240000000185,45,A2,1098.1226806640625,0.30827775597572327,1751.0715617281
61.27683200000185,46,A#2,1098.1226806640625,0.30827775597572327,1751.0715617281
61.27683200000185,57,A3,1098.1226806640625,0.30827775597572327,1751.0715617281
61.281264000001855,52,E3,1107.1453857421875,0.26309138536453247,1853.6441233066143
61.285696000001856,44,G#2,1107.1453857421875,0.26309138536453247,1853.6441233066143
61.285696000001856,45,A2,1107.1453857421875,0.26309138536453247,1853.6441233066143
61.29012800000186,57,A3,1107.1453857421875,0.26309138536453247,1853.6441233066143
61.29456000000186,52,E3,1107.1453857421875,0.26309138536453247,1853.6441233066143
61.29899200000186,61,C#4,1107.1453857421875,0.26309138536453247,1853.6441233066143
61.29899200000186,57,A3,1107.1453857421875,0.26309138536453247,1853.6441233066143
61.30342400000186,57,A3,1107.1453857421875,0.26309138536453247,1853.6441233066143
61.30785600000186,64,E4,1164.024658203125,0.2503489851951599,1946.8456866473143
61.316720000001865,61,C#4,1164.024658203125,0.2503489851951599,1946.8456866473143
61.33001600000186,64,E4,1169.61962890625,0.23541133105754852,1922.8498249634245
61.338880000001865,69,A4,1169.61962890625,0.23541133105754852,1922.8498249634245
61.361040000001864,69,A4,1170.1119384765625,0.24821904301643372,1985.536867401776
61.47627200000186,45,A2,1136.98876953125,0.27062439918518066,2000.2466472461215
61.480704000001865,52,E3,1136.98876953125,0.27062439918518066,2000.2466472461215
61.480704000001865,33,A1,1136.98876953125,0.27062439918518066,2000.2466472461215
61.48956800000187,52,E3,1136.98876953125,0.27062439918518066,2000.2466472461215
61.48956800000187,45,A2,1136.98876953125,0.27062439918518066,2000.2466472461215
61.49400000000187,52,E3,1142.634521484375,0.26051756739616394,2052.457564755299
61.49400000000187,45,A2,1142.634521484375,0.26051756739616394,2052.457564755299
61.49400000000187,42,F#2,1142.634521484375,0.26051756739616394,2052.457564755299
61.662416000001876,78,F#5,1163.791015625,0.2742331326007843,3436.2078095015086
61.68900800000188,45,A2,1135.508544921875,0.2931649386882782,3416.2650027383224
61.68900800000188,33,A1,1135.508544921875,0.2931649386882782,3416.2650027383224
61.68900800000188,52,E3,1135.508544921875,0.2931649386882782,3416.2650027383224
61.69344000000188,38,D2,1135.508544921875,0.2931649386882782,3416.2650027383224
61.69787200000188,45,A2,1135.508544921875,0.2931649386882782,3416.2650027383224
61.70230400000188,52,E3,1136.445556640625,0.2628614008426666,3064.6393902353557
61.70230400000188,46,A#2,1136.445556640625,0.2628614008426666,3064.6393902353557
61.70673600000188,52,E3,1136.445556640625,0.2628614008426666,3064.6393902353557
61.70673600000188,45,A2,1136.445556640625,0.2628614008426666,3064.6393902353557
61.715600000001885,57,A3,1136.445556640625,0.2628614008426666,3064.6393902353557
61.737760000001884,57,A3,1132.505859375,0.25567862391471863,2684.9945415962748
61.87515200000188,80,G#5,1146.9539794921875,0.3215250074863434,1907.6259018836952
61.906176000001885,45,A2,658.4124145507812,0.3317244052886963,1751.0676057520197
61.906176000001885,52,E3,658.4124145507812,0.3317244052886963,1751.0676057520197
61.906176000001885,33,A1,658.4124145507812,0.3317244052886963,1751.0676057520197
61.910608000001886,45,A2,1134.05029296875,0.28069591522216797,1738.9067532449062
61.91504000000189,57,A3,1134.05029296875,0.28069591522216797,1738.9067532449062
61.91947200000189,52,E3,1134.05029296875,0.28069591522216797,1738.9067532449062
61.91947200000189,42,F#2,1134.05029296875,0.28069591522216797,1738.9067532449062
61.92390400000189,45,A2,1134.05029296875,0.28069591522216797,1738.9067532449062
61.93276800000189,57,A3,1127.897216796875,0.26065805554389954,2065.607387946743
61.93276800000189,52,E3,1127.897216796875,0.26065805554389954,2065.607387946743
61.941632000001896,61,C#4,1127.897216796875,0.26065805554389954,2065.607387946743
61.95492800000189,61,C#4,1103.981201171875,0.21393102407455444,2172.846959265279
62.0878880000019,78,F#5,1059.2762451171875,0.30731508135795593,2886.980930009459
62.110048000001896,45,A2,880.9769897460938,0.3191523849964142,2131.835994342394
62.1144800000019,33,A1,880.9769897460938,0.3191523849964142,2131.835994342394
62.1144800000019,52,E3,880.9769897460938,0.3191523849964142,2131.835994342394
62.1189120000019,35,B1,1103.0758056640625,0.31142422556877136,2011.1509818018972
62.1233440000019,45,A2,1103.0758056640625,0.31142422556877136,2011.1509818018972
62.1277760000019,52,E3,1103.0758056640625,0.31142422556877136,2011.1509818018972
62.1277760000019,46,A#2,1103.0758056640625,0.31142422556877136,2011.1509818018972
62.1322080000019,45,A2,1103.0758056640625,0.31142422556877136,2011.1509818018972
62.136640000001904,52,E3,1103.0758056640625,0.31142422556877136,2011.1509818018972
62.3272160000019,45,A2,1019.1257934570312,0.22212393581867218,2624.652673904619
62.3316480000019,33,A1,1019.1257934570312,0.22212393581867218,2624.652673904619
62.3316480000019,52,E3,1019.1257934570312,0.22212393581867218,2624.652673904619
62.3316480000019,45,A2,1019.1257934570312,0.22212393581867218,2624.652673904619
62.3405120000019,52,E3,1019.1257934570312,0.22212393581867218,2624.652673904619
62.3449440000019,52,E3,1019.1257934570312,0.22212393581867218,2624.652673904619
62.3449440000019,45,A2,1019.1257934570312,0.22212393581867218,2624.652673904619
62.3449440000019,42,F#2,1019.1257934570312,0.22212393581867218,2624.652673904619
62.51336000000191,80,G#5,1176.7237548828125,0.285112202167511,3271.1669174652825
62.53995200000191,45,A2,1181.8958740234375,0.2878054678440094,3277.083817062052
62.53995200000191,33,A1,1181.8958740234375,0.2878054678440094,3277.083817062052
62.54438400000191,45,A2,1181.8958740234375,0.2878054678440094,3277.083817062052
62.54438400000191,52,E3,1181.8958740234375,0.2878054678440094,3277.083817062052
62.54881600000191,38,D2,1181.8958740234375,0.2878054678440094,3277.083817062052
62.54881600000191,52,E3,1181.8958740234375,0.2878054678440094,3277.083817062052
62.553248000001915,46,A#2,1181.8958740234375,0.2878054678440094,3277.083817062052
62.557680000001916,45,A2,1181.8958740234375,0.2878054678440094,3277.083817062052
62.557680000001916,54,F#3,1181.8958740234375,0.2878054678440094,3277.083817062052
62.56211200000192,52,E3,1177.435546875,0.24308162927627563,3194.3622593570585
62.72609600000192,78,F#5,1175.9278564453125,0.18183866143226624,2314.1700545759377
62.75712000000192,33,A1,1174.7945556640625,0.18501992523670197,2331.703029000771
62.75712000000192,45,A2,1174.7945556640625,0.18501992523670197,2331.703029000771
62.75712000000192,52,E3,1174.7945556640625,0.18501992523670197,2331.703029000771
62.76155200000192,45,A2,1174.7945556640625,0.18501992523670197,2331.703029000771
62.76598400000192,45,A2,1174.7945556640625,0.18501992523670197,2331.703029000771
62.76598400000192,52,E3,1174.7945556640625,0.18501992523670197,2331.703029000771
62.77041600000192,42,F#2,1174.3582763671875,0.18596181273460388,2188.0698727681493
62.774848000001924,52,E3,1174.3582763671875,0.18596181273460388,2188.0698727681493
62.96099200000192,45,A2,1186.8397216796875,0.298488587141037,2060.3538330868873
62.969856000001926,33,A1,1186.8397216796875,0.298488587141037,2060.3538330868873
62.969856000001926,35,B1,1186.8397216796875,0.298488587141037,2060.3538330868873
62.969856000001926,52,E3,1186.8397216796875,0.298488587141037,2060.3538330868873
62.97872000000193,45,A2,1186.2001953125,0.28163811564445496,2272.3150548217427
62.97872000000193,46,A#2,1186.2001953125,0.28163811564445496,2272.3150548217427
62.98758400000193,52,E3,1186.2001953125,0.28163811564445496,2272.3150548217427
62.996448000001934,52,E3,1186.2001953125,0.28163811564445496,2272.3150548217427
62.996448000001934,45,A2,1186.2001953125,0.28163811564445496,2272.3150548217427
63.15156800000194,80,G#5,1180.8399658203125,0.2025841474533081,4227.097511126077
63.17816000000194,45,A2,1180.8104248046875,0.1975874900817871,4162.023364206556
63.18259200000194,45,A2,1180.8104248046875,0.1975874900817871,4162.023364206556
63.18259200000194,52,E3,1180.8104248046875,0.1975874900817871,4162.023364206556
63.18259200000194,33,A1,1180.8104248046875,0.1975874900817871,4162.023364206556
63.19145600000194,45,A2,1110.427734375,0.19448305666446686,4033.8955883182325
63.19145600000194,52,E3,1110.427734375,0.19448305666446686,4033.8955883182325
63.19588800000194,52,E3,1110.427734375,0.19448305666446686,4033.8955883182325
63.19588800000194,42,F#2,1110.427734375,0.19448305666446686,4033.8955883182325
63.390896000001945,45,A2,1180.3887939453125,0.29813405871391296,3143.298352955481
63.390896000001945,33,A1,1180.3887939453125,0.29813405871391296,3143.298352955481
63.395328000001946,52,E3,1181.72802734375,0.3071354925632477,3143.853774994769
63.39976000000195,38,D2,1181.72802734375,0.3071354925632477,3143.853774994769
63.39976000000195,45,A2,1181.72802734375,0.3071354925632477,3143.853774994769
63.40862400000195,46,A#2,1181.72802734375,0.3071354925632477,3143.853774994769
63.40862400000195,52,E3,1181.72802734375,0.3071354925632477,3143.853774994769
63.41305600000195,52,E3,1181.72802734375,0.3071354925632477,3143.853774994769
63.41305600000195,45,A2,1181.72802734375,0.3071354925632477,3143.853774994769
63.57704000000195,78,F#5,878.2243041992188,0.266336053609848,1934.133140031987
63.60806400000195,52,E3,1176.2257080078125,0.25392797589302063,2312.3074392742565
63.60806400000195,45,A2,1176.2257080078125,0.25392797589302063,2312.3074392742565
63.60806400000195,33,A1,1176.2257080078125,0.25392797589302063,2312.3074392742565
63.612496000001954,45,A2,1176.2257080078125,0.25392797589302063,2312.3074392742565
63.616928000001955,45,A2,1176.2257080078125,0.25392797589302063,2312.3074392742565
63.616928000001955,35,B1,1176.2257080078125,0.25392797589302063,2312.3074392742565
63.616928000001955,52,E3,1176.2257080078125,0.25392797589302063,2312.3074392742565
63.62136000000196,42,F#2,1176.2257080078125,0.25392797589302063,2312.3074392742565
63.62136000000196,52,E3,1176.2257080078125,0.25392797589302063,2312.3074392742565
63.81636800000197,33,A1,1106.827392578125,0.30951160192489624,2107.471929083151
63.81636800000197,45,A2,1106.827392578125,0.30951160192489624,2107.471929083151
63.820800000001974,35,B1,1106.827392578125,0.30951160192489624,2107.471929083151
63.820800000001974,52,E3,1106.827392578125,0.30951160192489624,2107.471929083151
63.825232000001975,45,A2,1106.827392578125,0.30951160192489624,2107.471929083151
63.829664000001976,52,E3,1106.827392578125,0.30951160192489624,2107.471929083151
63.829664000001976,46,A#2,1106.827392578125,0.30951160192489624,2107.471929083151
63.83409600000198,45,A2,1106.827392578125,0.30951160192489624,2107.471929083151
63.83852800000198,52,E3,1108.515380859375,0.3091239929199219,2139.1804424558945
64.02910400000198,45,A2,1031.5899658203125,0.23928160965442657,2337.1018218248864
64.03353600000197,33,A1,1031.5899658203125,0.23928160965442657,2337.1018218248864
64.03353600000197,52,E3,1031.5899658203125,0.23928160965442657,2337.1018218248864
64.03796800000197,45,A2,1031.5899658203125,0.23928160965442657,2337.1018218248864
64.04240000000196,52,E3,1031.5899658203125,0.23928160965442657,2337.1018218248864
64.04683200000196,42,F#2,1031.612548828125,0.232935830950737,2585.29264702234
64.04683200000196,52,E3,1031.612548828125,0.232935830950737,2585.29264702234
64.04683200000196,45,A2,1031.612548828125,0.232935830950737,2585.29264702234
64.21081600000194,52,E3,1184.269775390625,0.258461594581604,2391.3571341526454
64.21968000000193,57,A3,1184.269775390625,0.258461594581604,2391.3571341526454
64.21968000000193,62,D4,1184.269775390625,0.258461594581604,2391.3571341526454
64.23297600000193,52,E3,1034.3482666015625,0.28154122829437256,3044.9713259593914
64.23740800000192,64,E4,1034.3482666015625,0.28154122829437256,3044.9713259593914
64.24184000000191,33,A1,1034.3482666015625,0.28154122829437256,3044.9713259593914
64.24184000000191,57,A3,1034.3482666015625,0.28154122829437256,3044.9713259593914
64.24184000000191,62,D4,1034.3482666015625,0.28154122829437256,3044.9713259593914
64.24627200000191,45,A2,1034.3482666015625,0.28154122829437256,3044.9713259593914
64.24627200000191,38,D2,1034.3482666015625,0.28154122829437256,3044.9713259593914
64.25513600000191,46,A#2,1056.092529296875,0.28200557827949524,3292.8752697269883
64.25513600000191,69,A4,1056.092529296875,0.28200557827949524,3292.8752697269883
64.2595680000019,54,F#3,1056.092529296875,0.28200557827949524,3292.8752697269883
64.2595680000019,52,E3,1056.092529296875,0.28200557827949524,3292.8752697269883
64.2640000000019,57,A3,1056.092529296875,0.28200557827949524,3292.8752697269883
64.2640000000019,45,A2,1056.092529296875,0.28200557827949524,3292.8752697269883
64.2684320000019,52,E3,1056.092529296875,0.28200557827949524,3292.8752697269883
64.2772960000019,64,E4,1195.9708251953125,0.27457141876220703,3256.74363211553
64.2772960000019,45,A2,1195.9708251953125,0.27457141876220703,3256.74363211553
64.2861600000019,52,E3,1195.9708251953125,0.27457141876220703,3256.74363211553
64.2905920000019,69,A4,1195.9708251953125,0.27457141876220703,3256.74363211553
64.2905920000019,57,A3,1195.9708251953125,0.27457141876220703,3256.74363211553
64.4545760000019,45,A2,1177.5596923828125,0.19265687465667725,3560.845113034851
64.45900800000189,52,E3,1177.5596923828125,0.19265687465667725,3560.845113034851
64.46344000000188,45,A2,1176.503662109375,0.22926229238510132,2834.630060083159
64.46787200000188,52,E3,1176.503662109375,0.22926229238510132,2834.630060083159
64.47230400000187,42,F#2,1176.503662109375,0.22926229238510132,2834.630060083159
64.47230400000187,45,A2,1176.503662109375,0.22926229238510132,2834.630060083159
64.47673600000186,52,E3,1176.503662109375,0.22926229238510132,2834.630060083159
64.56980800000184,50,D3,1163.1947021484375,0.21996517479419708,2509.6357733825967
64.58753600000185,50,D3,1166.0545654296875,0.22530293464660645,2540.8141810622938
64.63628800000181,54,F#3,1192.89111328125,0.23479823768138885,2524.459701343085
64.6540160000018,54,F#3,1193.5615234375,0.2995113134384155,2329.105350567055
64.6717440000018,50,D3,1185.3968505859375,0.323792427778244,1942.0603188074278
64.6717440000018,57,A3,1185.3968505859375,0.323792427778244,1942.0603188074278
64.6717440000018,26,D1,1185.3968505859375,0.323792427778244,1942.0603188074278
64.6717440000018,35,B1,1185.3968505859375,0.323792427778244,1942.0603188074278
64.67617600000179,50,D3,1185.3968505859375,0.323792427778244,1942.0603188074278
64.68060800000178,46,A#2,1185.3968505859375,0.323792427778244,1942.0603188074278
64.68060800000178,62,D4,1185.3968505859375,0.323792427778244,1942.0603188074278
64.68504000000178,57,A3,1185.3968505859375,0.323792427778244,1942.0603188074278
64.68947200000177,50,D3,1185.3968505859375,0.323792427778244,1942.0603188074278
64.69390400000177,57,A3,1185.3968505859375,0.323792427778244,1942.0603188074278
64.69833600000176,57,A3,1174.1807861328125,0.32728853821754456,1802.638599994264
64.69833600000176,62,D4,1174.1807861328125,0.32728853821754456,1802.638599994264
64.71163200000176,62,D4,1174.1807861328125,0.32728853821754456,1802.638599994264
64.71163200000176,57,A3,1174.1807861328125,0.32728853821754456,1802.638599994264
64.73379200000176,62,D4,1169.884765625,0.336499959230423,2010.1436232687024
64.76481600000176,66,F#4,1185.420166015625,0.2520640790462494,1833.351652917252
64.78697600000176,66,F#4,1185.420166015625,0.2520640790462494,1833.351652917252
64.88004800000176,50,D3,1184.655029296875,0.21814897656440735,2047.1897199559596
64.88448000000176,26,D1,1178.9844970703125,0.2289777398109436,1917.211326390004
64.88448000000176,57,A3,1178.9844970703125,0.2289777398109436,1917.211326390004
64.89334400000175,57,A3,1178.9844970703125,0.2289777398109436,1917.211326390004
64.89334400000175,50,D3,1178.9844970703125,0.2289777398109436,1917.211326390004
64.89777600000174,50,D3,1178.9844970703125,0.2289777398109436,1917.211326390004
64.90220800000174,57,A3,1178.9844970703125,0.2289777398109436,1917.211326390004
64.90220800000174,42,F#2,1178.9844970703125,0.2289777398109436,1917.211326390004
65.0661920000017,78,F#5,1193.6357421875,0.27036386728286743,2298.873846450078
65.0927840000017,50,D3,1193.806884765625,0.2923769950866699,2918.971863563451
65.0972160000017,57,A3,1193.806884765625,0.2923769950866699,2918.971863563451
65.0972160000017,26,D1,1193.806884765625,0.2923769950866699,2918.971863563451
65.10164800000169,38,D2,1193.806884765625,0.2923769950866699,2918.971863563451
65.10164800000169,50,D3,1193.806884765625,0.2923769950866699,2918.971863563451
65.10608000000168,46,A#2,1193.806884765625,0.2923769950866699,2918.971863563451
65.10608000000168,57,A3,1193.806884765625,0.2923769950866699,2918.971863563451
65.11051200000168,50,D3,1193.806884765625,0.2923769950866699,2918.971863563451
65.11937600000168,57,A3,1184.8914794921875,0.29692935943603516,3142.6105630855513
65.12380800000167,57,A3,1184.8914794921875,0.29692935943603516,3142.6105630855513
65.14153600000166,57,A3,1097.4017333984375,0.29267996549606323,3178.586403273305
65.27892800000166,80,G#5,1179.07373046875,0.20513060688972473,2192.490089894208
65.30552000000165,50,D3,1137.281982421875,0.24976196885108948,2047.774490885398
65.30552000000165,26,D1,1137.281982421875,0.24976196885108948,2047.774490885398
65.31438400000165,57,A3,1137.281982421875,0.24976196885108948,2047.774490885398
65.31881600000165,62,D4,1137.281982421875,0.24976196885108948,2047.774490885398
65.31881600000165,50,D3,1137.281982421875,0.24976196885108948,2047.774490885398
65.32324800000164,50,D3,911.5696411132812,0.2944106161594391,2103.4792887981766
65.32324800000164,42,F#2,911.5696411132812,0.2944106161594391,2103.4792887981766
65.32324800000164,57,A3,911.5696411132812,0.2944106161594391,2103.4792887981766
65.32324800000164,57,A3,911.5696411132812,0.2944106161594391,2103.4792887981766
65.32768000000164,62,D4,911.5696411132812,0.2944106161594391,2103.4792887981766
65.35427200000163,62,D4,1175.4571533203125,0.30401548743247986,2094.922584149442
65.37643200000163,62,D4,1173.234130859375,0.2853586673736572,1788.8217597710754
65.49166400000162,78,F#5,1030.8331298828125,0.17490173876285553,4204.273796951613
65.51825600000161,26,D1,883.7494506835938,0.2831138074398041,3891.7737492944007
65.51825600000161,50,D3,883.7494506835938,0.2831138074398041,3891.7737492944007
65.51825600000161,57,A3,883.7494506835938,0.2831138074398041,3891.7737492944007
65.52268800000161,50,D3,883.7494506835938,0.2831138074398041,3891.7737492944007
65.5271200000016,35,B1,883.7494506835938,0.2831138074398041,3891.7737492944007
65.5315520000016,46,A#2,892.3967895507812,0.3256691098213196,2436.363735544952
65.5315520000016,57,A3,892.3967895507812,0.3256691098213196,2436.363735544952
65.53598400000159,50,D3,892.3967895507812,0.3256691098213196,2436.363735544952
65.5448480000016,57,A3,892.3967895507812,0.3256691098213196,2436.363735544952
65.70440000000158,80,G#5,1176.0501708984375,0.24709652364253998,1957.3697924161472
65.73099200000158,26,D1,1175.2034912109375,0.23966434597969055,1999.827216876738
65.73099200000158,50,D3,1175.2034912109375,0.23966434597969055,1999.827216876738
65.73542400000157,57,A3,1175.2034912109375,0.23966434597969055,1999.827216876738
65.73985600000157,50,D3,1194.9422607421875,0.23894090950489044,2033.8777721185752
65.73985600000157,57,A3,1194.9422607421875,0.23894090950489044,2033.8777721185752
65.74428800000156,57,A3,1194.9422607421875,0.23894090950489044,2033.8777721185752
65.74872000000155,50,D3,1194.9422607421875,0.23894090950489044,2033.8777721185752
65.75315200000155,57,A3,1194.9422607421875,0.23894090950489044,2033.8777721185752
65.75315200000155,42,F#2,1194.9422607421875,0.23894090950489044,2033.8777721185752
65.75758400000154,57,A3,1194.9422607421875,0.23894090950489044,2033.8777721185752
65.94372800000153,50,D3,1170.8800048828125,0.2750099003314972,1927.2012178391674
65.94816000000152,26,D1,1170.8800048828125,0.2750099003314972,1927.2012178391674
65.94816000000152,57,A3,1170.8800048828125,0.2750099003314972,1927.2012178391674
65.95259200000152,50,D3,1194.9263916015625,0.28865545988082886,3034.9635767152367
65.95259200000152,38,D2,1194.9263916015625,0.28865545988082886,3034.9635767152367
65.95259200000152,57,A3,1194.9263916015625,0.28865545988082886,3034.9635767152367
65.95702400000151,46,A#2,1194.9263916015625,0.28865545988082886,3034.9635767152367
65.9614560000015,54,F#3,1194.9263916015625,0.28865545988082886,3034.9635767152367
65.9614560000015,57,A3,1194.9263916015625,0.28865545988082886,3034.9635767152367
65.9614560000015,50,D3,1194.9263916015625,0.28865545988082886,3034.9635767152367
66.1298720000015,78,F#5,1012.4658813476562,0.24214403331279755,2672.324259031051
66.1520320000015,50,D3,1163.2186279296875,0.23327067494392395,2577.178295675959
66.15646400000149,26,D1,1163.2186279296875,0.23327067494392395,2577.178295675959
66.16089600000149,57,A3,1173.12890625,0.22574082016944885,2560.5090774986875
66.16532800000148,50,D3,1173.12890625,0.22574082016944885,2560.5090774986875
66.17419200000148,42,F#2,1173.12890625,0.22574082016944885,2560.5090774986875
66.17419200000148,57,A3,1173.12890625,0.22574082016944885,2560.5090774986875
66.17862400000148,50,D3,1173.12890625,0.22574082016944885,2560.5090774986875
66.17862400000148,57,A3,1173.12890625,0.22574082016944885,2560.5090774986875
66.36920000000147,26,D1,1145.38427734375,0.2662905156612396,1949.0001170412863
66.37363200000146,50,D3,1145.38427734375,0.2662905156612396,1949.0001170412863
66.37363200000146,57,A3,1145.38427734375,0.2662905156612396,1949.0001170412863
66.37806400000146,35,B1,1145.38427734375,0.2662905156612396,1949.0001170412863
66.37806400000146,50,D3,1145.38427734375,0.2662905156612396,1949.0001170412863
66.38249600000145,57,A3,1145.38427734375,0.2662905156612396,1949.0001170412863
66.38249600000145,46,A#2,1145.38427734375,0.2662905156612396,1949.0001170412863
66.38692800000145,50,D3,1145.38427734375,0.2662905156612396,1949.0001170412863
66.39136000000144,57,A3,1153.5701904296875,0.2964530885219574,1918.2229719168952
66.55534400000144,80,G#5,1158.170654296875,0.19454225897789001,2003.314317682861
66.57750400000144,50,D3,1159.963623046875,0.19453443586826324,1961.0448963407448
66.58193600000143,57,A3,1159.963623046875,0.19453443586826324,1961.0448963407448
66.58636800000143,26,D1,1159.963623046875,0.19453443586826324,1961.0448963407448
66.59080000000142,50,D3,1159.963623046875,0.19453443586826324,1961.0448963407448
66.59523200000142,57,A3,1159.963623046875,0.19453443586826324,1961.0448963407448
66.59966400000141,50,D3,1163.6990966796875,0.19057883322238922,1958.485213007355
66.6040960000014,57,A3,1163.6990966796875,0.19057883322238922,1958.485213007355
66.6040960000014,42,F#2,1163.6990966796875,0.19057883322238922,1958.485213007355
66.79467200000138,50,D3,1152.9827880859375,0.16888229548931122,1807.4482892264944
66.79910400000138,38,D2,1152.9827880859375,0.16888229548931122,1807.4482892264944
66.79910400000138,57,A3,1152.9827880859375,0.16888229548931122,1807.4482892264944
66.79910400000138,26,D1,1152.9827880859375,0.16888229548931122,1807.4482892264944
66.80353600000137,50,D3,1152.9827880859375,0.16888229548931122,1807.4482892264944
66.80796800000137,46,A#2,1152.722900390625,0.23945510387420654,2875.434107020168
66.80796800000137,57,A3,1152.722900390625,0.23945510387420654,2875.434107020168
66.81240000000136,50,D3,1152.722900390625,0.23945510387420654,2875.434107020168
66.81683200000136,57,A3,1152.722900390625,0.23945510387420654,2875.434107020168
66.98081600000135,78,F#5,1100.65771484375,0.15870924293994904,2614.571906816991
67.00740800000135,50,D3,1104.00439453125,0.15097947418689728,2497.0200555261235
67.00740800000135,57,A3,1104.00439453125,0.15097947418689728,2497.0200555261235
67.00740800000135,26,D1,1104.00439453125,0.15097947418689728,2497.0200555261235
67.01627200000135,50,D3,1104.00439453125,0.15097947418689728,2497.0200555261235
67.02070400000134,57,A3,1109.288330078125,0.1575445830821991,2386.252910712564
67.02513600000134,57,A3,1109.288330078125,0.1575445830821991,2386.252910712564
67.02513600000134,42,F#2,1109.288330078125,0.1575445830821991,2386.252910712564
67.02513600000134,35,B1,1109.288330078125,0.1575445830821991,2386.252910712564
67.02513600000134,50,D3,1109.288330078125,0.1575445830821991,2386.252910712564
67.1935520000013,80,G#5,1159.427734375,0.18631990253925323,2192.3114386442785
67.2201440000013,57,A3,1155.694091796875,0.177705317735672,2111.1860784295395
67.2201440000013,26,D1,1155.694091796875,0.177705317735672,2111.1860784295395
67.2201440000013,50,D3,1155.694091796875,0.177705317735672,2111.1860784295395
67.2290080000013,35,B1,1158.142578125,0.2130497395992279,2099.5192117091824
67.2290080000013,50,D3,1158.142578125,0.2130497395992279,2099.5192117091824
67.2334400000013,57,A3,1158.142578125,0.2130497395992279,2099.5192117091824
67.2334400000013,46,A#2,1158.142578125,0.2130497395992279,2099.5192117091824
67.23787200000129,50,D3,1158.142578125,0.2130497395992279,2099.5192117091824
67.24673600000128,57,A3,1158.142578125,0.2130497395992279,2099.5192117091824
67.43288000000126,26,D1,1159.561767578125,0.1599564403295517,1906.1024742276727
67.43731200000126,57,A3,1159.3468017578125,0.16224980354309082,1757.7517107106103
67.43731200000126,50,D3,1159.3468017578125,0.16224980354309082,1757.7517107106103
67.43731200000126,50,D3,1159.3468017578125,0.16224980354309082,1757.7517107106103
67.44617600000126,57,A3,1159.3468017578125,0.16224980354309082,1757.7517107106103
67.45060800000125,50,D3,1159.3468017578125,0.16224980354309082,1757.7517107106103
67.45504000000125,57,A3,1159.3468017578125,0.16224980354309082,1757.7517107106103
67.45504000000125,42,F#2,1159.3468017578125,0.16224980354309082,1757.7517107106103
67.61902400000125,78,F#5,863.2606811523438,0.23836982250213623,2523.3167103401775
67.64561600000124,50,D3,829.0126953125,0.22981543838977814,1860.993416199892
67.65004800000123,30,F#1,829.0126953125,0.22981543838977814,1860.993416199892
67.65004800000123,57,A3,829.0126953125,0.22981543838977814,1860.993416199892
67.65448000000123,50,D3,829.0126953125,0.22981543838977814,1860.993416199892
67.65448000000123,38,D2,829.0126953125,0.22981543838977814,1860.993416199892
67.65891200000122,46,A#2,829.0126953125,0.22981543838977814,1860.993416199892
67.65891200000122,57,A3,829.0126953125,0.22981543838977814,1860.993416199892
67.65891200000122,62,D4,829.0126953125,0.22981543838977814,1860.993416199892
67.66777600000121,54,F#3,1056.5228271484375,0.2592407166957855,2397.146290958964
67.66777600000121,57,A3,1056.5228271484375,0.2592407166957855,2397.146290958964
67.66777600000121,50,D3,1056.5228271484375,0.2592407166957855,2397.146290958964
67.6722080000012,62,D4,1056.5228271484375,0.2592407166957855,2397.146290958964
67.85835200000119,50,D3,1154.0509033203125,0.1954011172056198,3625.9987055924976
67.86278400000118,57,A3,1154.0509033203125,0.1954011172056198,3625.9987055924976
67.86278400000118,31,G1,1154.0509033203125,0.1954011172056198,3625.9987055924976
67.86721600000118,50,D3,1154.0509033203125,0.1954011172056198,3625.9987055924976
67.87164800000117,57,A3,1154.0509033203125,0.1954011172056198,3625.9987055924976
67.87608000000117,46,A#2,887.6785888671875,0.17121754586696625,3984.3477008325135
67.87608000000117,50,D3,887.6785888671875,0.17121754586696625,3984.3477008325135
67.88051200000116,57,A3,887.6785888671875,0.17121754586696625,3984.3477008325135
68.01347200000109,52,E3,1152.68994140625,0.23843708634376526,2470.4221344963075
68.03120000000109,52,E3,1153.073486328125,0.23890064656734467,2609.8645108014134
68.0710880000011,33,A1,1107.91943359375,0.22848381102085114,2660.481419158541
68.0710880000011,45,A2,1107.91943359375,0.22848381102085114,2660.481419158541
68.0710880000011,52,E3,1107.91943359375,0.22848381102085114,2660.481419158541
68.0799520000011,35,B1,1107.91943359375,0.22848381102085114,2660.481419158541
68.0799520000011,45,A2,1107.91943359375,0.22848381102085114,2660.481419158541
68.0843840000011,57,A3,1107.91943359375,0.22848381102085114,2660.481419158541
68.0843840000011,44,G#2,1107.91943359375,0.22848381102085114,2660.481419158541
68.0843840000011,46,A#2,1107.91943359375,0.22848381102085114,2660.481419158541
68.08881600000109,57,A3,1054.0732421875,0.2193702608346939,2555.1301834342466
68.09324800000108,52,E3,1054.0732421875,0.2193702608346939,2555.1301834342466
68.10211200000109,45,A2,1054.0732421875,0.2193702608346939,2555.1301834342466
68.10654400000108,52,E3,1054.0732421875,0.2193702608346939,2555.1301834342466
68.11097600000107,57,A3,1055.0208740234375,0.2722637951374054,2314.1994429619685
68.11097600000107,61,C#4,1055.0208740234375,0.2722637951374054,2314.1994429619685
68.11540800000107,57,A3,1055.0208740234375,0.2722637951374054,2314.1994429619685
68.11984000000106,61,C#4,1055.0208740234375,0.2722637951374054,2314.1994429619685
68.11984000000106,64,E4,1055.0208740234375,0.2722637951374054,2314.1994429619685
68.12427200000106,64,E4,1055.0208740234375,0.2722637951374054,2314.1994429619685
68.13313600000106,69,A4,1056.2464599609375,0.29767560958862305,2073.577859638949
68.15972800000105,69,A4,1163.1646728515625,0.315351277589798,2040.1414530251732
68.28382400000106,33,A1,1187.637451171875,0.2292402684688568,2455.5393379310617
68.28382400000106,45,A2,1187.637451171875,0.2292402684688568,2455.5393379310617
68.28825600000106,52,E3,1187.637451171875,0.2292402684688568,2455.5393379310617
68.29268800000105,45,A2,1187.637451171875,0.2292402684688568,2455.5393379310617
68.29712000000104,52,E3,1141.329345703125,0.242881640791893,2620.3701888498563
68.30155200000104,45,A2,1141.329345703125,0.242881640791893,2620.3701888498563
68.30598400000103,42,F#2,1141.329345703125,0.242881640791893,2620.3701888498563
68.30598400000103,52,E3,1141.329345703125,0.242881640791893,2620.3701888498563
68.49212800000102,45,A2,1175.9415283203125,0.21827232837677002,2472.8207490280956
68.49656000000101,33,A1,1175.9415283203125,0.21827232837677002,2472.8207490280956
68.500992000001,52,E3,1175.9415283203125,0.21827232837677002,2472.8207490280956
68.505424000001,38,D2,1162.433837890625,0.19113418459892273,2304.4712910397084
68.505424000001,45,A2,1162.433837890625,0.19113418459892273,2304.4712910397084
68.509856000001,52,E3,1162.433837890625,0.19113418459892273,2304.4712910397084
68.509856000001,46,A#2,1162.433837890625,0.19113418459892273,2304.4712910397084
68.51428800000099,45,A2,1162.433837890625,0.19113418459892273,2304.4712910397084
68.51872000000098,52,E3,1162.433837890625,0.19113418459892273,2304.4712910397084
68.70929600000095,64,E4,1154.86572265625,0.23872840404510498,2659.4761833491484
68.70929600000095,45,A2,1154.86572265625,0.23872840404510498,2659.4761833491484
68.71372800000094,52,E3,1151.8555908203125,0.23948901891708374,2606.2368913697187
68.71372800000094,69,A4,1151.8555908203125,0.23948901891708374,2606.2368913697187
68.71372800000094,33,A1,1151.8555908203125,0.23948901891708374,2606.2368913697187
68.71816000000094,45,A2,1151.8555908203125,0.23948901891708374,2606.2368913697187
68.72259200000093,52,E3,1151.8555908203125,0.23948901891708374,2606.2368913697187
68.72259200000093,57,A3,1151.8555908203125,0.23948901891708374,2606.2368913697187
68.72702400000092,45,A2,1151.8555908203125,0.23948901891708374,2606.2368913697187
68.72702400000092,52,E3,1151.8555908203125,0.23948901891708374,2606.2368913697187
68.72702400000092,42,F#2,1151.8555908203125,0.23948901891708374,2606.2368913697187
68.73145600000092,64,E4,1151.8555908203125,0.23948901891708374,2606.2368913697187
68.73588800000091,52,E3,1154.77734375,0.252511203289032,2524.6670932302227
68.73588800000091,61,C#4,1154.77734375,0.252511203289032,2524.6670932302227
68.7403200000009,57,A3,1154.77734375,0.252511203289032,2524.6670932302227
68.7403200000009,59,B3,1154.77734375,0.252511203289032,2524.6670932302227
68.7447520000009,57,A3,1154.77734375,0.252511203289032,2524.6670932302227
68.7447520000009,69,A4,1154.77734375,0.252511203289032,2524.6670932302227
68.7536160000009,52,E3,1154.77734375,0.252511203289032,2524.6670932302227
68.7536160000009,61,C#4,1154.77734375,0.252511203289032,2524.6670932302227
68.7580480000009,59,B3,1156.5966796875,0.27443927526474,2203.3767259835954
68.7580480000009,57,A3,1156.5966796875,0.27443927526474,2203.3767259835954
68.92203200000088,45,A2,1088.7398681640625,0.21193625032901764,4090.0701819000956
68.92203200000088,33,A1,1088.7398681640625,0.21193625032901764,4090.0701819000956
68.92646400000088,52,E3,1088.7398681640625,0.21193625032901764,4090.0701819000956
68.93089600000087,35,B1,1088.7398681640625,0.21193625032901764,4090.0701819000956
68.93089600000087,45,A2,1088.7398681640625,0.21193625032901764,4090.0701819000956
68.93532800000087,52,E3,1088.7398681640625,0.21193625032901764,4090.0701819000956
68.93532800000087,45,A2,1088.7398681640625,0.21193625032901764,4090.0701819000956
68.93532800000087,46,A#2,1088.7398681640625,0.21193625032901764,4090.0701819000956
68.94419200000085,52,E3,1076.0767822265625,0.22898916900157928,4176.7466443695075
69.10817600000084,78,F#5,1151.613525390625,0.25472116470336914,2467.594830782331
69.13476800000083,33,A1,1152.305419921875,0.25257134437561035,2458.371912251554
69.13920000000083,45,A2,1152.305419921875,0.25257134437561035,2458.371912251554
69.13920000000083,52,E3,1152.305419921875,0.25257134437561035,2458.371912251554
69.14363200000082,45,A2,1152.305419921875,0.25257134437561035,2458.371912251554
69.14806400000082,52,E3,1152.305419921875,0.25257134437561035,2458.371912251554
69.14806400000082,45,A2,1152.305419921875,0.25257134437561035,2458.371912251554
69.15692800000082,52,E3,1152.709228515625,0.257438600063324,2329.375223323419
69.15692800000082,42,F#2,1152.709228515625,0.257438600063324,2329.375223323419
69.3209120000008,80,G#5,1149.7047119140625,0.26035282015800476,2631.007726497758
69.3475040000008,45,A2,1150.4027099609375,0.2660861015319824,2491.5278033829154
69.35193600000079,52,E3,1150.4027099609375,0.2660861015319824,2491.5278033829154
69.35193600000079,33,A1,1150.4027099609375,0.2660861015319824,2491.5278033829154
69.35636800000078,45,A2,1150.4027099609375,0.2660861015319824,2491.5278033829154
69.35636800000078,38,D2,1150.4027099609375,0.2660861015319824,2491.5278033829154
69.36080000000078,52,E3,1150.4027099609375,0.2660861015319824,2491.5278033829154
69.36080000000078,46,A#2,1150.4027099609375,0.2660861015319824,2491.5278033829154
69.36523200000077,45,A2,1153.3170166015625,0.28343361616134644,2354.496821807097
69.36966400000077,52,E3,1153.3170166015625,0.28343361616134644,2354.496821807097
69.36966400000077,54,F#3,1153.3170166015625,0.28343361616134644,2354.496821807097
69.53364800000077,78,F#5,1105.68896484375,0.3289807140827179,3113.7505044951613
69.56024000000076,45,A2,1104.8170166015625,0.32276269793510437,3138.999458715056
69.56467200000075,33,A1,1104.8170166015625,0.32276269793510437,3138.999458715056
69.56467200000075,52,E3,1104.8170166015625,0.32276269793510437,3138.999458715056
69.56910400000075,45,A2,1104.8170166015625,0.32276269793510437,3138.999458715056
69.57353600000074,52,E3,1100.6995849609375,0.30208268761634827,2998.7326433974526
69.57796800000074,45,A2,1100.6995849609375,0.30208268761634827,2998.7326433974526
69.58240000000073,42,F#2,1100.6995849609375,0.30208268761634827,2998.7326433974526
69.58240000000073,52,E3,1100.6995849609375,0.30208268761634827,2998.7326433974526
69.74638400000073,80,G#5,903.8033447265625,0.3153701722621918,2434.279736091169
69.77297600000072,45,A2,901.9721069335938,0.305273175239563,2508.7450671594074
69.77740800000072,35,B1,901.9721069335938,0.305273175239563,2508.7450671594074
69.77740800000072,33,A1,901.9721069335938,0.305273175239563,2508.7450671594074
69.77740800000072,52,E3,901.9721069335938,0.305273175239563,2508.7450671594074
69.78184000000071,46,A#2,893.3668823242188,0.2870244085788727,2551.371685468239
69.78184000000071,45,A2,893.3668823242188,0.2870244085788727,2551.371685468239
69.78627200000071,52,E3,893.3668823242188,0.2870244085788727,2551.371685468239
69.79513600000071,45,A2,893.3668823242188,0.2870244085788727,2551.371685468239
69.79513600000071,52,E3,893.3668823242188,0.2870244085788727,2551.371685468239
69.98571200000073,45,A2,1173.5999755859375,0.21577847003936768,3495.2949863272993
69.98571200000073,52,E3,1173.5999755859375,0.21577847003936768,3495.2949863272993
69.98571200000073,33,A1,1173.5999755859375,0.21577847003936768,3495.2949863272993
69.99457600000073,45,A2,1172.43603515625,0.20900081098079681,3342.624075354355
69.99900800000073,52,E3,1172.43603515625,0.20900081098079681,3342.624075354355
70.00344000000072,45,A2,1172.43603515625,0.20900081098079681,3342.624075354355
70.00787200000072,42,F#2,1172.43603515625,0.20900081098079681,3342.624075354355
70.00787200000072,52,E3,1172.43603515625,0.20900081098079681,3342.624075354355
70.1718560000007,78,F#5,1176.370849609375,0.2097419798374176,2853.044674992977
70.1940160000007,45,A2,1173.238037109375,0.2096368968486786,2811.4958417724547
70.1984480000007,33,A1,1174.4840087890625,0.20921848714351654,2813.700244152552
70.1984480000007,52,E3,1174.4840087890625,0.20921848714351654,2813.700244152552
70.20288000000069,45,A2,1174.4840087890625,0.20921848714351654,2813.700244152552
70.20731200000068,38,D2,1174.4840087890625,0.20921848714351654,2813.700244152552
70.21174400000068,52,E3,1174.4840087890625,0.20921848714351654,2813.700244152552
70.21174400000068,46,A#2,1174.4840087890625,0.20921848714351654,2813.700244152552
70.22060800000067,45,A2,1174.4840087890625,0.20921848714351654,2813.700244152552
70.22060800000067,52,E3,1174.4840087890625,0.20921848714351654,2813.700244152552
70.41118400000066,45,A2,1171.8804931640625,0.19519270956516266,4408.359203631295
70.41561600000065,43,G2,1171.8804931640625,0.19519270956516266,4408.359203631295
70.41561600000065,52,E3,1171.8804931640625,0.19519270956516266,4408.359203631295
70.41561600000065,45,A2,1171.8804931640625,0.19519270956516266,4408.359203631295
70.42448000000066,52,E3,1171.8804931640625,0.19519270956516266,4408.359203631295
70.42891200000065,42,F#2,1171.8804931640625,0.19519270956516266,4408.359203631295
70.42891200000065,52,E3,1171.8804931640625,0.19519270956516266,4408.359203631295
70.42891200000065,35,B1,1171.8804931640625,0.19519270956516266,4408.359203631295
70.42891200000065,45,A2,1171.8804931640625,0.19519270956516266,4408.359203631295
70.59732800000064,80,G#5,1186.953125,0.26853007078170776,2693.477188685954
70.62392000000064,45,A2,1181.4176025390625,0.255661278963089,2691.3578105746055
70.62392000000064,45,A2,1181.4176025390625,0.255661278963089,2691.3578105746055
70.62835200000063,52,E3,1181.4176025390625,0.255661278963089,2691.3578105746055
70.62835200000063,46,A#2,1181.4176025390625,0.255661278963089,2691.3578105746055
70.63278400000063,45,A2,1181.4176025390625,0.255661278963089,2691.3578105746055
70.63278400000063,35,B1,1181.4176025390625,0.255661278963089,2691.3578105746055
70.64164800000061,52,E3,1165.2679443359375,0.25359436869621277,2719.5539006764493
70.64164800000061,45,A2,1165.2679443359375,0.25359436869621277,2719.5539006764493
70.64608000000061,52,E3,1165.2679443359375,0.25359436869621277,2719.5539006764493
70.83665600000059,45,A2,1179.92333984375,0.2756122350692749,2324.965565340979
70.83665600000059,52,E3,1179.92333984375,0.2756122350692749,2324.965565340979
70.84552000000059,45,A2,1179.92333984375,0.2756122350692749,2324.965565340979
70.84552000000059,52,E3,1179.92333984375,0.2756122350692749,2324.965565340979
70.85438400000059,45,A2,1179.0885009765625,0.2683844566345215,2386.995878356105
70.85438400000059,52,E3,1179.0885009765625,0.2683844566345215,2386.995878356105
70.85438400000059,38,D2,1179.0885009765625,0.2683844566345215,2386.995878356105
71.02280000000054,78,F#5,1000.4981689453125,0.28469428420066833,2412.3139482498937
71.02723200000054,52,E3,1000.4981689453125,0.28469428420066833,2412.3139482498937
71.04939200000054,45,A2,733.50537109375,0.28109487891197205,2364.794423903486
71.05382400000053,45,A2,733.50537109375,0.28109487891197205,2364.794423903486
71.05382400000053,52,E3,733.50537109375,0.28109487891197205,2364.794423903486
71.05382400000053,52,E3,733.50537109375,0.28109487891197205,2364.794423903486
71.05825600000053,45,A2,1143.86181640625,0.2648676633834839,2397.379627584052
71.05825600000053,57,A3,1143.86181640625,0.2648676633834839,2397.379627584052
71.05825600000053,38,D2,1143.86181640625,0.2648676633834839,2397.379627584052
71.06712000000053,57,A3,1143.86181640625,0.2648676633834839,2397.379627584052
71.07155200000052,54,F#3,1143.86181640625,0.2648676633834839,2397.379627584052
71.07155200000052,52,E3,1143.86181640625,0.2648676633834839,2397.379627584052
71.08041600000053,45,A2,1153.2354736328125,0.2616383135318756,2418.709220379103
71.08041600000053,57,A3,1153.2354736328125,0.2616383135318756,2418.709220379103
71.08484800000052,52,E3,1153.2354736328125,0.2616383135318756,2418.709220379103
71.08928000000051,61,C#4,1153.2354736328125,0.2616383135318756,2418.709220379103
71.09371200000051,57,A3,1153.2354736328125,0.2616383135318756,2418.709220379103
71.0981440000005,64,E4,1153.2354736328125,0.2616383135318756,2418.709220379103
71.1025760000005,57,A3,1153.2354736328125,0.2616383135318756,2418.709220379103
71.10700800000049,61,C#4,1182.208984375,0.25623929500579834,2168.811517160182
71.12030400000049,64,E4,1182.208984375,0.25623929500579834,2168.811517160182
71.12030400000049,69,A4,1182.208984375,0.25623929500579834,2168.811517160182
71.12916800000048,69,A4,1172.163818359375,0.2865206003189087,2278.33231554459
71.26212800000046,45,A2,1177.61572265625,0.27693599462509155,2848.3887501909157
71.26656000000045,52,E3,1184.1624755859375,0.2599357068538666,2690.8968356983314
71.26656000000045,45,A2,1184.1624755859375,0.2599357068538666,2690.8968356983314
71.27099200000045,45,A2,1184.1624755859375,0.2599357068538666,2690.8968356983314
71.27542400000044,52,E3,1184.1624755859375,0.2599357068538666,2690.8968356983314
71.27985600000044,45,A2,1184.1624755859375,0.2599357068538666,2690.8968356983314
71.28428800000043,52,E3,1184.1624755859375,0.2599357068538666,2690.8968356983314
71.45713600000042,90,F#6,1176.573486328125,0.2613402307033539,2157.405287669526
71.46156800000041,86,D6,1176.573486328125,0.2613402307033539,2157.405287669526
71.4660000000004,83,B5,1176.573486328125,0.2613402307033539,2157.405287669526
71.4792960000004,35,B1,1138.0120849609375,0.25436729192733765,1989.8087788055361
71.4792960000004,47,B2,1138.0120849609375,0.25436729192733765,1989.8087788055361
71.4837280000004,49,C#3,1138.0120849609375,0.25436729192733765,1989.8087788055361
71.48816000000039,35,B1,1138.0120849609375,0.25436729192733765,1989.8087788055361
71.50145600000039,47,B2,1147.15771484375,0.23685654997825623,1855.2128375771217
71.50588800000038,47,B2,1147.15771484375,0.23685654997825623,1855.2128375771217
71.51918400000038,54,F#3,1147.15771484375,0.23685654997825623,1855.2128375771217
71.68760000000037,54,F#3,1165.2078857421875,0.2885952591896057,2235.5435737029356
71.68760000000037,35,B1,1165.2078857421875,0.2885952591896057,2235.5435737029356
71.70976000000037,54,F#3,1172.27392578125,0.27830204367637634,2284.143333442149
71.89590400000037,59,B3,1178.680419921875,0.28218746185302734,2199.778760497129
71.90033600000037,35,B1,1178.680419921875,0.28218746185302734,2199.778760497129
71.90920000000035,38,D2,1178.680419921875,0.28218746185302734,2199.778760497129
71.90920000000035,51,D#3,1178.680419921875,0.28218746185302734,2199.778760497129
71.91363200000035,47,B2,1178.680419921875,0.28218746185302734,2199.778760497129
71.91806400000034,59,B3,1171.3572998046875,0.2776394188404083,2214.7276336209757
71.93579200000035,54,F#3,1171.3572998046875,0.2776394188404083,2214.7276336209757
72.08648000000035,78,F#5,1160.2874755859375,0.25227847695350647,4018.933499925315
72.11307200000034,35,B1,1164.089111328125,0.20410731434822083,3636.230880325473
72.13080000000035,47,B2,1164.1092529296875,0.19104471802711487,2949.6638052255075
72.13080000000035,66,F#4,1164.1092529296875,0.19104471802711487,2949.6638052255075
72.13523200000034,51,D#3,1164.1092529296875,0.19104471802711487,2949.6638052255075
72.14852800000034,66,F#4,1160.991943359375,0.18296582996845245,2781.349034734936
72.14852800000034,54,F#3,1160.991943359375,0.18296582996845245,2781.349034734936
72.33024000000034,35,B1,1114.8507080078125,0.35863196849823,1784.3909102009625
72.33467200000034,51,D#3,1111.76953125,0.3412165641784668,1892.056763384886
72.51195200000033,80,G#5,1176.2828369140625,0.35469532012939453,1818.7777969903304
72.53854400000033,62,D4,1154.425537109375,0.3437286913394928,1884.6406664433182
72.53854400000033,35,B1,1154.425537109375,0.3437286913394928,1884.6406664433182
72.55627200000033,51,D#3,1144.380126953125,0.30810320377349854,1894.997946114417
72.56513600000034,62,D4,1144.380126953125,0.30810320377349854,1894.997946114417
72.72468800000033,78,F#5,1165.5325927734375,0.19935809075832367,2945.53112620097
72.73355200000033,59,B3,1164.567626953125,0.2054438441991806,3568.263984256797
72.75128000000032,35,B1,1164.567626953125,0.2054438441991806,3568.263984256797
72.75571200000032,59,B3,1195.145263671875,0.21003836393356323,4217.204201169521
72.75571200000032,38,D2,1195.145263671875,0.21003836393356323,4217.204201169521
72.76014400000031,51,D#3,1195.145263671875,0.21003836393356323,4217.204201169521
72.7690080000003,54,F#3,1195.145263671875,0.21003836393356323,4217.204201169521
72.7778720000003,47,B2,1140.64404296875,0.20761501789093018,4215.234659444959
72.79560000000029,54,F#3,1140.64404296875,0.20761501789093018,4215.234659444959
72.93742400000029,80,G#5,1178.0860595703125,0.2773919701576233,3292.8984235968096
72.96401600000029,35,B1,1158.6683349609375,0.26308462023735046,3275.533622898485
72.96401600000029,52,E3,1158.6683349609375,0.26308462023735046,3275.533622898485
72.99060800000028,51,D#3,1161.5262451171875,0.21920745074748993,3103.7713277761704
72.99060800000028,52,E3,1161.5262451171875,0.21920745074748993,3103.7713277761704
72.99060800000028,47,B2,1161.5262451171875,0.21920745074748993,3103.7713277761704
73.00390400000028,54,F#3,1161.5262451171875,0.21920745074748993,3103.7713277761704
73.15016000000027,78,F#5,1168.8486328125,0.18566302955150604,2188.8492195683175
73.16345600000027,88,E6,1168.8486328125,0.18566302955150604,2188.8492195683175
73.16345600000027,85,C#6,1168.8486328125,0.18566302955150604,2188.8492195683175
73.16788800000026,81,A5,1168.8486328125,0.18566302955150604,2188.8492195683175
73.16788800000026,45,A2,1168.8486328125,0.18566302955150604,2188.8492195683175
73.18118400000026,33,A1,1116.196044921875,0.18566399812698364,2126.1572741780433
73.18561600000025,35,B1,1116.196044921875,0.18566399812698364,2126.1572741780433
73.18561600000025,45,A2,1116.196044921875,0.18566399812698364,2126.1572741780433
73.19004800000025,51,D#3,1116.196044921875,0.18566399812698364,2126.1572741780433
73.19891200000023,45,A2,1110.62353515625,0.1903056651353836,2074.596092302605
73.20334400000023,52,E3,1110.62353515625,0.1903056651353836,2074.596092302605
73.38948800000023,33,A1,771.2905883789062,0.2999536693096161,1949.5723235136597
73.38948800000023,52,E3,771.2905883789062,0.2999536693096161,1949.5723235136597
73.41164800000023,51,D#3,1184.050537109375,0.2612324059009552,1937.5050384275012
73.41608000000022,45,A2,1184.050537109375,0.2612324059009552,1937.5050384275012
73.42051200000022,52,E3,1184.050537109375,0.2612324059009552,1937.5050384275012
73.42494400000021,52,E3,1184.050537109375,0.2612324059009552,1937.5050384275012
73.57563200000021,80,G#5,1172.922607421875,0.19363634288311005,2038.9482835458557
73.6022240000002,33,A1,1172.5537109375,0.19172076880931854,2062.0634703535748
73.61108800000021,61,C#4,1173.241943359375,0.19295553863048553,2094.523367464412
73.61108800000021,51,D#3,1173.241943359375,0.19295553863048553,2094.523367464412
73.61108800000021,38,D2,1173.241943359375,0.19295553863048553,2094.523367464412
73.6199520000002,45,A2,1173.241943359375,0.19295553863048553,2094.523367464412
73.62438400000019,52,E3,1173.241943359375,0.19295553863048553,2094.523367464412
73.6332480000002,61,C#4,1173.241943359375,0.19295553863048553,2094.523367464412
73.78836800000019,78,F#5,1173.6851806640625,0.34651002287864685,2951.4594310751622
73.81496000000018,33,A1,1173.326904296875,0.3386402130126953,3059.839908834299
73.82382400000019,35,B1,1181.2166748046875,0.310185968875885,3152.2880759968853
73.82825600000018,45,A2,1181.2166748046875,0.310185968875885,3152.2880759968853
73.83268800000018,64,E4,1181.2166748046875,0.310185968875885,3152.2880759968853
73.83712000000017,51,D#3,1181.2166748046875,0.310185968875885,3152.2880759968853
73.83712000000017,52,E3,1181.2166748046875,0.310185968875885,3152.2880759968853
73.85041600000017,64,E4,1174.1641845703125,0.24268586933612823,2907.1556200607865
74.03212800000017,33,A1,1136.2996826171875,0.29291534423828125,2358.0953402861114
74.03656000000016,35,B1,1136.2996826171875,0.29291534423828125,2358.0953402861114
74.03656000000016,51,D#3,1136.2996826171875,0.29291534423828125,2358.0953402861114
74.24043200000017,33,A1,1160.3525390625,0.3577412962913513,2050.124075898059
74.24929600000017,61,C#4,1160.3525390625,0.3577412962913513,2050.124075898059
74.25816000000017,51,D#3,1160.3525390625,0.3577412962913513,2050.124075898059
74.26702400000018,61,C#4,1194.0023193359375,0.3540564775466919,2005.6507621985543
74.45316800000019,35,B1,1176.34326171875,0.2748701274394989,2242.934912157709
74.46203200000019,57,A3,1176.34326171875,0.2748701274394989,2242.934912157709
74.46203200000019,38,D2,1176.34326171875,0.2748701274394989,2242.934912157709
74.46203200000019,51,D#3,1176.34326171875,0.2748701274394989,2242.934912157709
74.47532800000019,54,F#3,1111.3463134765625,0.2953227162361145,2465.8221651034196
74.47976000000018,45,A2,1111.3463134765625,0.2953227162361145,2465.8221651034196
74.48419200000018,57,A3,1111.3463134765625,0.2953227162361145,2465.8221651034196
74.48862400000017,52,E3,1111.3463134765625,0.2953227162361145,2465.8221651034196
74.67033600000016,37,C#2,1111.7835693359375,0.32198530435562134,3135.9144849927097
74.68363200000016,52,E3,1137.0948486328125,0.3176870048046112,3203.803364555337
74.68806400000015,45,A2,1137.0948486328125,0.3176870048046112,3203.803364555337
74.69249600000015,52,E3,1137.0948486328125,0.3176870048046112,3203.803364555337
74.69249600000015,51,D#3,1137.0948486328125,0.3176870048046112,3203.803364555337
74.70136000000015,52,E3,1137.0948486328125,0.3176870048046112,3203.803364555337
74.86091200000014,81,A5,1131.13037109375,0.23248468339443207,4045.511979355758
74.86534400000014,86,D6,1174.2991943359375,0.25140315294265747,3225.8668738860606
74.86977600000013,90,F#6,1174.2991943359375,0.25140315294265747,3225.8668738860606
74.88307200000013,38,D2,1174.2991943359375,0.25140315294265747,3225.8668738860606
74.88750400000012,35,B1,1174.2991943359375,0.25140315294265747,3225.8668738860606
74.88750400000012,50,D3,1174.2991943359375,0.25140315294265747,3225.8668738860606
74.89193600000011,51,D#3,1192.6563720703125,0.2680716812610626,2588.086132044977
74.89193600000011,50,D3,1192.6563720703125,0.2680716812610626,2588.086132044977
74.90523200000011,57,A3,1192.6563720703125,0.2680716812610626,2588.086132044977
74.9096640000001,50,D3,1192.6563720703125,0.2680716812610626,2588.086132044977
75.0958080000001,57,A3,1165.2845458984375,0.325524240732193,2218.4451068736616
75.0958080000001,38,D2,1165.2845458984375,0.325524240732193,2218.4451068736616
75.1091040000001,51,D#3,1137.318359375,0.33259809017181396,2225.8620637506688
75.1179680000001,57,A3,1137.318359375,0.33259809017181396,2225.8620637506688
75.2775200000001,78,F#5,1176.5594482421875,0.25938504934310913,2420.976117256672
75.30411200000009,38,D2,1176.9617919921875,0.2458116114139557,2344.4118717949614
75.30854400000008,62,D4,1180.9111328125,0.22299112379550934,2316.213116622933
75.31297600000008,51,D#3,1180.9111328125,0.22299112379550934,2316.213116622933
75.31297600000008,38,D2,1180.9111328125,0.22299112379550934,2316.213116622933
75.32184000000008,50,D3,1180.9111328125,0.22299112379550934,2316.213116622933
75.33513600000008,57,A3,1176.9771728515625,0.20588134229183197,3155.2325805086703
75.33513600000008,62,D4,1176.9771728515625,0.20588134229183197,3155.2325805086703
75.49025600000007,80,G#5,1175.102294921875,0.28877317905426025,3446.2901792718685
75.51684800000007,38,D2,1169.015869140625,0.33667829632759094,2949.743472897513
75.52571200000007,66,F#4,1169.015869140625,0.33667829632759094,2949.743472897513
75.53457600000007,50,D3,1169.015869140625,0.33667829632759094,2949.743472897513
75.53900800000007,51,D#3,1173.2054443359375,0.3567911982536316,2997.8812168162694
75.54787200000007,57,A3,1173.2054443359375,0.3567911982536316,2997.8812168162694
75.55230400000006,66,F#4,1173.2054443359375,0.3567911982536316,2997.8812168162694
75.73844800000006,51,D#3,1180.623779296875,0.33062711358070374,1878.3943990658308
75.73844800000006,35,B1,1180.623779296875,0.33062711358070374,1878.3943990658308
75.91572800000007,78,F#5,1178.829833984375,0.3110654354095459,2120.3648173147567
75.94675200000006,38,D2,1076.6578369140625,0.34019869565963745,2077.6609456885913
75.94675200000006,62,D4,1076.6578369140625,0.34019869565963745,2077.6609456885913
75.96004800000006,50,D3,1183.6943359375,0.3544777035713196,2060.4584134009538
75.96448000000005,51,D#3,1183.6943359375,0.3544777035713196,2060.4584134009538
75.97777600000003,57,A3,1183.6943359375,0.3544777035713196,2060.4584134009538
75.97777600000003,62,D4,1183.6943359375,0.3544777035713196,2060.4584134009538
76.12846400000004,80,G#5,1175.8646240234375,0.33043211698532104,2076.8736888576827
76.15505600000003,30,F#1,1179.3878173828125,0.340907484292984,2080.44698795745
76.15948800000002,38,D2,1179.3878173828125,0.340907484292984,2080.44698795745
76.16392000000002,57,A3,1179.3878173828125,0.340907484292984,2080.44698795745
76.16392000000002,51,D#3,1179.3878173828125,0.340907484292984,2080.44698795745
76.17278400000002,54,F#3,1173.1763916015625,0.34878021478652954,2027.3001203699362
76.19051200000001,57,A3,1184.44384765625,0.3502671718597412,2002.1498709532443
76.3412,78,F#5,1174.3675537109375,0.28959906101226807,2137.2826640535905
76.358928,50,D3,1175.056396484375,0.30742061138153076,3108.900913893964
76.372224,30,F#1,1175.056396484375,0.30742061138153076,3108.900913893964
76.381088,50,D3,1193.532958984375,0.33390873670578003,3153.4973959105455
76.38552,50,D3,1193.532958984375,0.33390873670578003,3153.4973959105455
76.394384,51,D#3,1193.532958984375,0.33390873670578003,3153.4973959105455
76.398816,57,A3,1031.314208984375,0.3697582185268402,2971.9331760480286
76.55393599999998,80,G#5,980.0064086914062,0.29318809509277344,2182.90270693493
76.56279999999998,86,D6,1174.679931640625,0.25887754559516907,2215.449239308162
76.56723199999998,91,G6,1174.679931640625,0.25887754559516907,2215.449239308162
76.56723199999998,83,B5,1174.679931640625,0.25887754559516907,2215.449239308162
76.57609599999998,43,G2,1174.679931640625,0.25887754559516907,2215.449239308162
76.58052799999997,31,G1,1174.679931640625,0.25887754559516907,2215.449239308162
76.58939199999998,35,B1,1180.995361328125,0.22121064364910126,2169.81170402286
76.59382399999997,51,D#3,1180.995361328125,0.22121064364910126,2169.81170402286
76.59825599999996,43,G2,1180.995361328125,0.22121064364910126,2169.81170402286
76.60268799999996,43,G2,1180.995361328125,0.22121064364910126,2169.81170402286
76.60711999999995,50,D3,1181.9932861328125,0.20613130927085876,2166.9366043515124
76.78439999999995,50,D3,1185.4617919921875,0.1969425529241562,1933.9596739163294
76.79769599999995,31,G1,1184.192626953125,0.28685179352760315,2261.2126924854806
76.80655999999995,50,D3,1184.192626953125,0.28685179352760315,2261.2126924854806
76.81542399999995,51,D#3,1185.6700439453125,0.31675010919570923,2085.6024780752805
76.97940799999995,78,F#5,1170.093017578125,0.16217617690563202,2236.478606533611
76.99713599999995,59,B3,1170.093017578125,0.16217617690563202,2236.478606533611
77.00599999999996,31,G1,1166.4716796875,0.16535966098308563,2193.0031371195873
77.01486399999996,38,D2,1166.4716796875,0.16535966098308563,2193.0031371195873
77.01929599999995,59,B3,1166.4716796875,0.16535966098308563,2193.0031371195873
77.01929599999995,51,D#3,1166.4716796875,0.16535966098308563,2193.0031371195873
77.02815999999996,43,G2,1185.5572509765625,0.17118075489997864,2257.173746256052
77.03259199999995,50,D3,1185.5572509765625,0.17118075489997864,2257.173746256052
77.22316799999996,67,G4,1175.66064453125,0.19089943170547485,2037.4208174272849
77.22316799999996,31,G1,1175.66064453125,0.19089943170547485,2037.4208174272849
77.22759999999995,43,G2,1175.66064453125,0.19089943170547485,2037.4208174272849
77.22759999999995,35,B1,1175.66064453125,0.19089943170547485,2037.4208174272849
77.23646399999996,51,D#3,1173.6368408203125,0.24914823472499847,3111.35913115981
77.23646399999996,50,D3,1173.6368408203125,0.24914823472499847,3111.35913115981
77.24089599999995,67,G4,1173.6368408203125,0.24914823472499847,3111.35913115981
77.40487999999995,80,G#5,1173.7950439453125,0.16544979810714722,2809.0158996709456
77.43147199999994,31,G1,1180.4029541015625,0.21452803909778595,2494.4748836138633
77.44033599999995,35,B1,1180.4029541015625,0.21452803909778595,2494.4748836138633
77.44033599999995,51,D#3,1180.4029541015625,0.21452803909778595,2494.4748836138633
77.64863999999994,31,G1,1185.3677978515625,0.3049355149269104,2149.150326382449
77.65750399999995,62,D4,1188.395263671875,0.3325794041156769,2204.2247899612403
77.66636799999995,51,D#3,1188.395263671875,0.3325794041156769,2204.2247899612403
77.68409599999995,62,D4,1176.64501953125,0.35048604011535645,2066.90941857803
77.83035199999995,78,F#5,1198.695068359375,0.2846042513847351,2161.153631987883
77.86137599999995,33,A1,1193.1632080078125,0.28918057680130005,2244.8304444256714
77.86137599999995,38,D2,1193.1632080078125,0.28918057680130005,2244.8304444256714
77.86580799999994,51,D#3,1193.1632080078125,0.28918057680130005,2244.8304444256714
77.87023999999994,59,B3,1193.1632080078125,0.28918057680130005,2244.8304444256714
77.87467199999993,54,F#3,1193.1632080078125,0.28918057680130005,2244.8304444256714
77.87910399999993,43,G2,1193.1632080078125,0.28918057680130005,2244.8304444256714
77.89239999999992,50,D3,1190.9896240234375,0.29904401302337646,2273.6768707792717
77.89683199999992,59,B3,1190.9896240234375,0.29904401302337646,2273.6768707792717
78.0608159999999,50,D3,1193.455810546875,0.2504461705684662,2102.0379853696245
78.0696799999999,34,A#1,1182.3109130859375,0.2805200219154358,2097.0321391513758
78.0829759999999,50,D3,1182.3109130859375,0.2805200219154358,2097.0321391513758
78.0918399999999,43,G2,1182.3109130859375,0.2805200219154358,2097.0321391513758
78.0918399999999,50,D3,1182.3109130859375,0.2805200219154358,2097.0321391513758
78.0962719999999,51,D#3,1182.563232421875,0.31241077184677124,2894.174089711775
78.26468799999986,86,D6,992.0562744140625,0.25466883182525635,2541.0124802500063
78.26911999999986,90,F#6,992.0562744140625,0.25466883182525635,2541.0124802500063
78.26911999999986,83,B5,992.0562744140625,0.25466883182525635,2541.0124802500063
78.28241599999986,35,B1,1194.1646728515625,0.25246578454971313,2418.6617098185425
78.29127999999986,49,C#3,1194.1646728515625,0.25246578454971313,2418.6617098185425
78.29127999999986,47,B2,1194.1646728515625,0.25246578454971313,2418.6617098185425
78.29571199999985,35,B1,1194.1646728515625,0.25246578454971313,2418.6617098185425
78.30457599999984,47,B2,1174.3818359375,0.24686318635940552,2348.3645418778797
78.30457599999984,54,F#3,1174.3818359375,0.24686318635940552,2348.3645418778797
78.31343999999984,47,B2,1174.3818359375,0.24686318635940552,2348.3645418778797
78.48185599999984,54,F#3,1175.2293701171875,0.2674791216850281,2279.5702039646467
78.49515199999983,35,B1,1172.605712890625,0.251172810792923,2415.229617352984
78.50401599999984,54,F#3,1172.605712890625,0.251172810792923,2415.229617352984
78.51731199999983,54,F#3,1170.6630859375,0.2866324484348297,2474.7709146518628
78.51731199999983,47,B2,1170.6630859375,0.2866324484348297,2474.7709146518628
78.51731199999983,51,D#3,1170.6630859375,0.2866324484348297,2474.7709146518628
78.68572799999983,59,B3,1156.2540283203125,0.2667849361896515,2226.2224603478317
78.70788799999983,59,B3,1147.2117919921875,0.26278290152549744,1988.7002869384003
78.71231999999982,38,D2,1147.2117919921875,0.26278290152549744,1988.7002869384003
78.71231999999982,35,B1,1147.2117919921875,0.26278290152549744,1988.7002869384003
78.71675199999981,51,D#3,1147.2117919921875,0.26278290152549744,1988.7002869384003
78.73447999999982,54,F#3,1150.7423095703125,0.26350438594818115,1913.6492326179969
78.73447999999982,47,B2,1150.7423095703125,0.26350438594818115,1913.6492326179969
78.89403199999983,78,F#5,1162.4840087890625,0.258909672498703,2562.666627774306
78.92062399999982,35,B1,1171.387451171875,0.258402556180954,2588.4403659715263
78.92062399999982,66,F#4,1171.387451171875,0.258402556180954,2588.4403659715263
78.92948799999982,47,B2,1181.0743408203125,0.29252445697784424,2543.14801432121
78.93835199999982,54,F#3,1181.0743408203125,0.29252445697784424,2543.14801432121
78.94278399999982,66,F#4,1181.0743408203125,0.29252445697784424,2543.14801432121
78.94278399999982,51,D#3,1181.0743408203125,0.29252445697784424,2543.14801432121
79.13779199999982,35,B1,1189.817626953125,0.2767618000507355,2716.4464647198583
79.14222399999981,51,D#3,1189.817626953125,0.2767618000507355,2716.4464647198583
79.31950399999981,80,G#5,1190.4241943359375,0.2815565764904022,2532.864910333277
79.3460959999998,35,B1,1176.77099609375,0.2759125828742981,2523.470033858521
79.3549599999998,62,D4,1169.9334716796875,0.2685832381248474,2575.2638871686027
79.3682559999998,51,D#3,1169.9334716796875,0.2685832381248474,2575.2638871686027
79.3726879999998,62,D4,1190.342041015625,0.30768904089927673,2568.674139961192
79.53223999999979,78,F#5,1103.771240234375,0.2602773904800415,2639.2389006067133
79.55883199999978,59,B3,1154.6527099609375,0.26661694049835205,2675.9930487468373
79.56326399999978,38,D2,1154.6527099609375,0.26661694049835205,2675.9930487468373
79.56326399999978,35,B1,1154.6527099609375,0.26661694049835205,2675.9930487468373
79.56769599999977,51,D#3,1154.6527099609375,0.26661694049835205,2675.9930487468373
79.57655999999977,59,B3,1154.6527099609375,0.26661694049835205,2675.9930487468373
79.57655999999977,54,F#3,1154.6527099609375,0.26661694049835205,2675.9930487468373
79.58099199999977,47,B2,1157.835693359375,0.2755270004272461,2578.731737546106
79.59428799999976,54,F#3,1157.835693359375,0.2755270004272461,2578.731737546106
79.74497599999975,80,G#5,1144.5028076171875,0.19568681716918945,2224.115558037162
79.76270399999976,54,F#3,1144.5028076171875,0.19568681716918945,2224.115558037162
79.77156799999976,35,B1,1149.9136962890625,0.1878127157688141,2073.0625081608637
79.78486399999976,54,F#3,1149.9136962890625,0.1878127157688141,2073.0625081608637
79.79372799999976,51,D#3,1152.134033203125,0.23414476215839386,1962.876134526266
79.79372799999976,47,B2,1152.134033203125,0.23414476215839386,1962.876134526266
79.79815999999975,54,F#3,1152.134033203125,0.23414476215839386,1962.876134526266
79.95771199999973,78,F#5,1160.2708740234375,0.18326838314533234,2849.5556841960847
79.96657599999972,85,C#6,1160.2708740234375,0.18326838314533234,2849.5556841960847
79.97100799999971,81,A5,1160.2708740234375,0.18326838314533234,2849.5556841960847
79.97100799999971,88,E6,1160.2708740234375,0.18326838314533234,2849.5556841960847
79.97543999999971,45,A2,1194.6068115234375,0.18520893156528473,2729.0778981818194
79.98430399999971,33,A1,1194.6068115234375,0.18520893156528473,2729.0778981818194
79.99316799999971,35,B1,1194.6068115234375,0.18520893156528473,2729.0778981818194
79.99759999999971,51,D#3,1182.318603515625,0.18077096343040466,2589.013334403475
80.0020319999997,45,A2,1182.318603515625,0.18077096343040466,2589.013334403475
80.0064639999997,45,A2,1182.318603515625,0.18077096343040466,2589.013334403475
80.01089599999969,52,E3,1182.318603515625,0.18077096343040466,2589.013334403475
80.18817599999969,52,E3,1172.822998046875,0.16733244061470032,2250.8288663308613
80.20147199999968,33,A1,1172.822998046875,0.16733244061470032,2250.8288663308613
80.21476799999968,52,E3,1173.4949951171875,0.1707637757062912,2189.5950009038124
80.21919999999967,51,D#3,1173.4949951171875,0.1707637757062912,2189.5950009038124
80.38318399999967,80,G#5,1175.911376953125,0.20603254437446594,2201.812548991511
80.41420799999966,33,A1,1177.0419921875,0.17530956864356995,2311.61297818007
80.41420799999966,61,C#4,1177.0419921875,0.17530956864356995,2311.61297818007
80.41863999999966,38,D2,1176.01904296875,0.18493948876857758,2325.2549866124
80.41863999999966,51,D#3,1176.01904296875,0.18493948876857758,2325.2549866124
80.42307199999965,45,A2,1176.01904296875,0.18493948876857758,2325.2549866124
80.42750399999964,52,E3,1176.01904296875,0.18493948876857758,2325.2549866124
80.43193599999964,61,C#4,1176.01904296875,0.18493948876857758,2325.2549866124
80.59591999999964,78,F#5,1172.2427978515625,0.19137047231197357,2067.7106510175895
80.62251199999963,33,A1,1173.49462890625,0.19140362739562988,2049.379540912103
80.63137599999963,35,B1,1173.9237060546875,0.2072756439447403,2038.71778238643
80.63137599999963,45,A2,1173.9237060546875,0.2072756439447403,2038.71778238643
80.63137599999963,64,E4,1173.9237060546875,0.2072756439447403,2038.71778238643
80.63580799999963,52,E3,1173.9237060546875,0.2072756439447403,2038.71778238643
80.64467199999963,51,D#3,1173.9237060546875,0.2072756439447403,2038.71778238643
80.65353599999962,64,E4,1174.0791015625,0.22408218681812286,1973.926142850562
80.83524799999962,33,A1,1150.38134765625,0.23007847368717194,2504.132717686175
80.84411199999963,51,D#3,1150.38134765625,0.23007847368717194,2504.132717686175
80.84411199999963,35,B1,1150.38134765625,0.23007847368717194,2504.132717686175
81.04798399999963,33,A1,1175.6766357421875,0.27474120259284973,2608.341660511426
81.05241599999962,61,C#4,1175.6766357421875,0.27474120259284973,2608.341660511426
81.07014399999963,51,D#3,1176.013916015625,0.2760144770145416,2613.1282811251212
81.07014399999963,61,C#4,1176.013916015625,0.2760144770145416,2613.1282811251212
81.25185599999963,57,A3,1174.2364501953125,0.28574490547180176,2384.09969062901
81.26515199999962,40,E2,1174.2364501953125,0.28574490547180176,2384.09969062901
81.26515199999962,38,D2,1174.2364501953125,0.28574490547180176,2384.09969062901
81.26958399999961,51,D#3,1174.2364501953125,0.28574490547180176,2384.09969062901
81.2740159999996,57,A3,1171.71142578125,0.2832658588886261,2457.7377316299026
81.2828799999996,52,E3,1171.71142578125,0.2832658588886261,2457.7377316299026
81.2828799999996,54,F#3,1171.71142578125,0.2832658588886261,2457.7377316299026
81.2828799999996,45,A2,1171.71142578125,0.2832658588886261,2457.7377316299026
81.47788799999958,33,A1,1112.85498046875,0.24052031338214874,2932.8040176783934
81.47788799999958,52,E3,1112.85498046875,0.24052031338214874,2932.8040176783934
81.48231999999958,45,A2,1112.85498046875,0.24052031338214874,2932.8040176783934
81.49118399999956,52,E3,1109.0709228515625,0.2526257038116455,2979.9103578643853
81.49561599999956,52,E3,1109.0709228515625,0.2526257038116455,2979.9103578643853
81.50004799999955,51,D#3,1109.0709228515625,0.2526257038116455,2979.9103578643853
81.67289599999955,81,A5,1107.5478515625,0.28157317638397217,2819.5719638204127
81.67289599999955,86,D6,1107.5478515625,0.28157317638397217,2819.5719638204127
81.67289599999955,90,F#6,1107.5478515625,0.28157317638397217,2819.5719638204127
81.68619199999955,38,D2,1107.5478515625,0.28157317638397217,2819.5719638204127
81.69505599999955,50,D3,1175.3663330078125,0.277094304561615,2721.920835125692
81.69505599999955,35,B1,1175.3663330078125,0.277094304561615,2721.920835125692
81.69948799999955,51,D#3,1175.3663330078125,0.277094304561615,2721.920835125692
81.70391999999954,50,D3,1175.3663330078125,0.277094304561615,2721.920835125692
81.70835199999954,57,A3,1175.3663330078125,0.277094304561615,2721.920835125692
81.71721599999954,50,D3,1194.3690185546875,0.26537373661994934,2561.182504037408
81.90335999999954,54,F#3,1179.207275390625,0.19685502350330353,3410.2728030367257
81.90335999999954,38,D2,1179.207275390625,0.19685502350330353,3410.2728030367257
81.92108799999954,51,D#3,1179.207275390625,0.19685502350330353,3410.2728030367257
81.92551999999954,54,F#3,1180.46240234375,0.19772431254386902,2786.0569079192646
82.08507199999953,78,F#5,1176.8575439453125,0.32330232858657837,2292.3317687804238
82.11166399999952,38,D2,1196.5791015625,0.2841612696647644,2399.294961758799
82.11166399999952,57,A3,1196.5791015625,0.2841612696647644,2399.294961758799
82.12052799999952,38,D2,1196.5791015625,0.2841612696647644,2399.294961758799
82.12052799999952,51,D#3,1196.5791015625,0.2841612696647644,2399.294961758799
82.13382399999952,50,D3,1193.501220703125,0.271139919757843,2431.6692810082427
82.13382399999952,57,A3,1193.501220703125,0.271139919757843,2431.6692810082427
82.13825599999952,57,A3,1193.501220703125,0.271139919757843,2431.6692810082427
82.2978079999995,80,G#5,1163.9033203125,0.2839204967021942,2230.535165271736
82.3288319999995,38,D2,1169.0301513671875,0.2919906973838806,2269.4843332055557
82.3376959999995,50,D3,1169.0301513671875,0.2919906973838806,2269.4843332055557
82.34212799999949,57,A3,1171.2252197265625,0.28028053045272827,2276.6654932603833
82.34655999999949,66,F#4,1171.2252197265625,0.28028053045272827,2276.6654932603833
82.35099199999948,51,D#3,1171.2252197265625,0.28028053045272827,2276.6654932603833
82.36871999999947,66,F#4,1174.915283203125,0.2825061082839966,2369.2317061177937
82.53713599999948,38,D2,1175.8656005859375,0.32803261280059814,2317.472185034998
82.54156799999947,35,B1,1175.8656005859375,0.32803261280059814,2317.472185034998
82.54599999999947,51,D#3,1175.8656005859375,0.32803261280059814,2317.472185034998
82.72327999999946,78,F#5,928.6464233398438,0.27905917167663574,1983.627550528492
82.75430399999946,62,D4,1162.9383544921875,0.26788195967674255,2114.411978584904
82.75430399999946,38,D2,1162.9383544921875,0.26788195967674255,2114.411978584904
82.76759999999946,51,D#3,1146.381103515625,0.2696033716201782,2114.114361921769
82.77646399999946,62,D4,1146.381103515625,0.2696033716201782,2114.114361921769
82.93601599999946,80,G#5,1177.068603515625,0.32374948263168335,2126.787186753194
82.96260799999945,38,D2,1175.280029296875,0.30882924795150757,2211.5097119764478
82.96703999999944,57,A3,1175.280029296875,0.30882924795150757,2211.5097119764478
82.97147199999944,51,D#3,1174.7017822265625,0.2952253222465515,2167.695276281161
82.97147199999944,38,D2,1174.7017822265625,0.2952253222465515,2167.695276281161
82.98476799999943,57,A3,1174.7017822265625,0.2952253222465515,2167.695276281161
82.98476799999943,54,F#3,1174.7017822265625,0.2952253222465515,2167.695276281161
82.98919999999943,50,D3,1174.7017822265625,0.2952253222465515,2167.695276281161
82.99806399999943,57,A3,1174.6929931640625,0.2987242639064789,2214.57644265574
83.14875199999943,78,F#5,1182.7608642578125,0.32100579142570496,2808.689867756093
83.17977599999942,30,F#1,1173.8203125,0.304793119430542,2435.9703772166986
83.18863999999942,50,D3,1173.8203125,0.304793119430542,2435.9703772166986
83.19750399999943,50,D3,1173.8203125,0.304793119430542,2435.9703772166986
83.19750399999943,57,A3,1173.8203125,0.304793119430542,2435.9703772166986
83.20193599999942,51,D#3,1175.375244140625,0.3194780647754669,2368.632455500864
83.21079999999942,50,D3,1175.375244140625,0.3194780647754669,2368.632455500864
83.36148799999941,80,G#5,980.9656982421875,0.3459000885486603,3040.7802828290587
83.37478399999941,91,G6,1173.989501953125,0.33564648032188416,3034.045296770126
83.37478399999941,86,D6,1173.989501953125,0.33564648032188416,3034.045296770126
83.37478399999941,83,B5,1173.989501953125,0.33564648032188416,3034.045296770126
83.38807999999939,31,G1,1177.4619140625,0.3184916079044342,2979.156556033056
83.38807999999939,43,G2,1177.4619140625,0.3184916079044342,2979.156556033056
83.3969439999994,35,B1,1177.4619140625,0.3184916079044342,2979.156556033056
83.40137599999939,51,D#3,1177.4619140625,0.3184916079044342,2979.156556033056
83.41023999999939,43,G2,1186.235107421875,0.31361934542655945,2887.4587421379465
83.41467199999938,50,D3,1186.235107421875,0.31361934542655945,2887.4587421379465
83.41910399999938,43,G2,1186.235107421875,0.31361934542655945,2887.4587421379465
83.60081599999938,50,D3,1162.9794921875,0.20263691246509552,2540.5249031976346
83.60524799999938,31,G1,1162.9794921875,0.20263691246509552,2540.5249031976346
83.62297599999938,50,D3,1174.3067626953125,0.2079785168170929,2515.1463940611357
83.62297599999938,43,G2,1174.3067626953125,0.2079785168170929,2515.1463940611357
83.62297599999938,51,D#3,1174.3067626953125,0.2079785168170929,2515.1463940611357
83.62740799999938,50,D3,1174.3067626953125,0.2079785168170929,2515.1463940611357
83.78695999999937,78,F#5,1173.401611328125,0.2739417254924774,2551.817896203681
83.80911999999937,59,B3,1172.2646484375,0.247629314661026,2825.7675870438907
83.81798399999937,31,G1,1172.2646484375,0.247629314661026,2825.7675870438907
83.82241599999936,38,D2,1172.2646484375,0.247629314661026,2825.7675870438907
83.82241599999936,51,D#3,1172.2646484375,0.247629314661026,2825.7675870438907
83.83127999999937,59,B3,1172.800048828125,0.2165932059288025,3041.353956189234
83.83571199999936,43,G2,1172.800048828125,0.2165932059288025,3041.353956189234
83.84014399999936,50,D3,1172.800048828125,0.2165932059288025,3041.353956189234
84.03071999999935,31,G1,1175.7315673828125,0.17232602834701538,2998.681935747421
84.03515199999934,35,B1,1175.7315673828125,0.17232602834701538,2998.681935747421
84.03515199999934,67,G4,1175.7315673828125,0.17232602834701538,2998.681935747421
84.03958399999934,43,G2,1173.1488037109375,0.16925789415836334,2986.7037186100115
84.04401599999933,50,D3,1173.1488037109375,0.16925789415836334,2986.7037186100115
84.04401599999933,51,D#3,1173.1488037109375,0.16925789415836334,2986.7037186100115
84.06174399999932,67,G4,1171.6324462890625,0.16325069963932037,3014.202411016798
84.21243199999932,80,G#5,1162.597900390625,0.26043838262557983,3576.063024453722
84.23902399999932,29,F1,1168.94970703125,0.21349427103996277,3353.212998690647
84.24788799999932,35,B1,1174.6531982421875,0.20221930742263794,3118.8557613098337
84.25231999999932,51,D#3,1174.6531982421875,0.20221930742263794,3118.8557613098337
84.4473279999993,62,D4,1110.2777099609375,0.3137006461620331,2292.0488358338634
84.46505599999931,38,D2,1177.865234375,0.29483869671821594,2326.600041043291
84.4694879999993,51,D#3,1177.865234375,0.29483869671821594,2326.600041043291
84.4694879999993,62,D4,1177.865234375,0.29483869671821594,2326.600041043291
84.6379039999993,78,F#5,1167.5023193359375,0.32046258449554443,2150.965672052542
84.6467679999993,59,B3,1180.4892578125,0.31674516201019287,2260.192281148812
84.6644959999993,59,B3,1184.248046875,0.264651894569397,2560.2045258380876
84.6644959999993,31,G1,1184.248046875,0.264651894569397,2560.2045258380876
84.6733599999993,49,C#3,1184.248046875,0.264651894569397,2560.2045258380876
84.6733599999993,38,D2,1184.248046875,0.264651894569397,2560.2045258380876
84.6866559999993,54,F#3,1184.248046875,0.264651894569397,2560.2045258380876
84.6910879999993,43,G2,1173.4217529296875,0.23575861752033234,3189.2064606252807
84.69995199999929,50,D3,1173.4217529296875,0.23575861752033234,3189.2064606252807
84.87279999999927,50,D3,1171.633056640625,0.32671481370925903,1975.9073706541458
84.89495999999927,50,D3,1171.633056640625,0.32671481370925903,1975.9073706541458
84.89939199999927,51,D#3,1170.4029541015625,0.31202301383018494,2050.823076723512
84.89939199999927,43,G2,1170.4029541015625,0.31202301383018494,2050.823076723512
84.90825599999927,50,D3,1170.4029541015625,0.31202301383018494,2050.823076723512
85.07223999999927,86,D6,991.8095092773438,0.3994693160057068,2877.803761065804
85.07667199999926,83,B5,991.8095092773438,0.3994693160057068,2877.803761065804
85.08110399999926,90,F#6,991.8095092773438,0.3994693160057068,2877.803761065804
85.09439999999925,35,B1,1109.4710693359375,0.3943682909011841,2750.7140849184843
85.09439999999925,47,B2,1109.4710693359375,0.3943682909011841,2750.7140849184843
85.09883199999925,57,A3,1109.4710693359375,0.3943682909011841,2750.7140849184843
85.10326399999924,35,B1,1109.4710693359375,0.3943682909011841,2750.7140849184843
85.10769599999924,47,B2,1190.234619140625,0.38103875517845154,2489.2530999285827
85.11212799999923,54,F#3,1190.234619140625,0.38103875517845154,2489.2530999285827
85.11655999999923,47,B2,1190.234619140625,0.38103875517845154,2489.2530999285827
85.28940799999923,54,F#3,992.9468994140625,0.292486310005188,2458.089766622207
85.30270399999922,35,B1,1002.6361083984375,0.27504852414131165,2293.967566823275
85.31156799999923,54,F#3,1002.6361083984375,0.27504852414131165,2293.967566823275
85.32486399999922,51,D#3,1096.9945068359375,0.26248282194137573,2017.953542198823
85.49771199999923,59,B3,730.5401611328125,0.3632093071937561,2433.5995787099178
85.51987199999922,35,B1,990.3875122070312,0.37970367074012756,2876.684909049143
85.52430399999922,38,D2,1159.1246337890625,0.33107051253318787,3242.268458858004
85.52430399999922,51,D#3,1159.1246337890625,0.33107051253318787,3242.268458858004
85.52430399999922,59,B3,1159.1246337890625,0.33107051253318787,3242.268458858004
85.5375999999992,47,B2,1159.1246337890625,0.33107051253318787,3242.268458858004
85.5420319999992,54,F#3,1159.1246337890625,0.33107051253318787,3242.268458858004
85.70158399999919,78,F#5,1097.8287353515625,0.23503346741199493,4127.91422346294
85.72817599999918,35,B1,1098.001953125,0.23879021406173706,4118.514393111154
85.72817599999918,66,F#4,1098.001953125,0.23879021406173706,4118.514393111154
85.74147199999918,47,B2,1099.8583984375,0.23243843019008636,4091.9579526646826
85.75033599999918,54,F#3,1099.8583984375,0.23243843019008636,4091.9579526646826
85.75476799999917,51,D#3,1099.8583984375,0.23243843019008636,4091.9579526646826
85.75476799999917,66,F#4,1099.8583984375,0.23243843019008636,4091.9579526646826
85.94534399999917,35,B1,1112.500732421875,0.26735445857048035,2929.156311636166
85.94977599999916,51,D#3,1112.500732421875,0.26735445857048035,2929.156311636166
86.12705599999917,80,G#5,1154.2703857421875,0.24848459661006927,2769.967314872184
86.15364799999917,62,D4,1152.6734619140625,0.2498326152563095,2806.021692086214
86.15364799999917,35,B1,1152.6734619140625,0.2498326152563095,2806.021692086214
86.16251199999917,35,B1,1152.6734619140625,0.2498326152563095,2806.021692086214
86.17137599999917,51,D#3,1152.6734619140625,0.2498326152563095,2806.021692086214
86.18023999999917,62,D4,1154.6746826171875,0.24300292134284973,2735.901656887714
86.37081599999917,38,D2,1013.7147827148438,0.276178777217865,2420.128350734235
86.37967999999917,59,B3,1013.7147827148438,0.276178777217865,2420.128350734235
86.38411199999916,45,A2,1161.684326171875,0.2860060930252075,2307.392219856176
86.38854399999916,54,F#3,1161.684326171875,0.2860060930252075,2307.392219856176
86.39297599999915,47,B2,1161.684326171875,0.2860060930252075,2307.392219856176
86.40183999999914,54,F#3,1161.684326171875,0.2860060930252075,2307.392219856176
86.40627199999913,59,B3,1160.240478515625,0.2933707535266876,2425.2965725705135
86.5525279999991,78,F#5,1195.04052734375,0.2145378291606903,2123.5979326242905
86.5658239999991,69,A4,1195.04052734375,0.2145378291606903,2123.5979326242905
86.58355199999909,35,B1,1184.6444091796875,0.2003001868724823,2122.9255006258118
86.58798399999908,69,A4,1184.6444091796875,0.2003001868724823,2122.9255006258118
86.60127999999908,47,B2,1146.997314453125,0.2025459110736847,1996.8112929504352
86.60571199999907,54,F#3,1146.997314453125,0.2025459110736847,1996.8112929504352
86.65889599999906,61,C#4,1108.30419921875,0.22142137587070465,2086.234730857008
86.67662399999905,61,C#4,1152.546142578125,0.21783457696437836,1950.6409166216447
86.73867199999906,59,B3,1120.3509521484375,0.26417821645736694,1786.9160383906888
86.76526399999905,59,B3,1160.6107177734375,0.2801198661327362,1985.0582021397286
86.76526399999905,80,G#5,1160.6107177734375,0.2801198661327362,1985.0582021397286
86.77855999999905,88,E6,1143.8873291015625,0.290083646774292,2014.7885728443093
86.77855999999905,81,A5,1143.8873291015625,0.290083646774292,2014.7885728443093
86.77855999999905,85,C#6,1143.8873291015625,0.290083646774292,2014.7885728443093
86.78299199999904,52,E3,1143.8873291015625,0.290083646774292,2014.7885728443093
86.79628799999904,33,A1,1143.8873291015625,0.290083646774292,2014.7885728443093
86.80071999999903,57,A3,1142.3641357421875,0.2875279486179352,2199.687047994881
86.80515199999903,35,B1,1142.3641357421875,0.2875279486179352,2199.687047994881
86.80515199999903,52,E3,1142.3641357421875,0.2875279486179352,2199.687047994881
86.81844799999902,45,A2,1142.3641357421875,0.2875279486179352,2199.687047994881
86.82287999999902,52,E3,1142.3641357421875,0.2875279486179352,2199.687047994881
86.85390399999902,45,A2,1151.9425048828125,0.2600162625312805,2728.078931408152
86.87163199999901,45,A2,1156.652587890625,0.2619099020957947,2703.03487769635
87.190735999999,78,F#5,1132.774658203125,0.35714060068130493,2188.5032127653467
87.616207999999,80,G#5,1181.768798828125,0.295166939496994,3241.386449530615
88.041679999999,78,F#5,1166.77197265625,0.2465589940547943,2344.6557244503165
88.46715199999898,80,G#5,1164.0899658203125,0.19442513585090637,2008.2685827737246
88.47601599999898,90,F#6,1166.2647705078125,0.24059465527534485,2189.9313383584918
88.48044799999897,86,D6,1166.2647705078125,0.24059465527534485,2189.9313383584918
88.48044799999897,81,A5,1166.2647705078125,0.24059465527534485,2189.9313383584918
88.49374399999897,26,D1,1166.2647705078125,0.24059465527534485,2189.9313383584918
88.49374399999897,76,E5,1166.2647705078125,0.24059465527534485,2189.9313383584918
88.50260799999897,49,C#3,1180.5347900390625,0.2663631737232208,3103.7881926377404
88.50703999999897,35,B1,1180.5347900390625,0.2663631737232208,3103.7881926377404
88.50703999999897,50,D3,1180.5347900390625,0.2663631737232208,3103.7881926377404
88.51147199999896,64,E4,1180.5347900390625,0.2663631737232208,3103.7881926377404
88.51590399999895,64,E4,1180.5347900390625,0.2663631737232208,3103.7881926377404
88.52476799999896,57,A3,1172.3834228515625,0.27073150873184204,3300.1920588342045
88.52919999999895,50,D3,1172.3834228515625,0.27073150873184204,3300.1920588342045
88.52919999999895,64,E4,1172.3834228515625,0.27073150873184204,3300.1920588342045
88.71091199999893,26,D1,1191.634765625,0.19963288307189941,2413.4250402708285
88.71091199999893,62,D4,1191.634765625,0.19963288307189941,2413.4250402708285
88.71534399999892,74,D5,1191.634765625,0.19963288307189941,2413.4250402708285
88.71977599999892,50,D3,1191.634765625,0.19963288307189941,2413.4250402708285
88.72420799999891,62,D4,1191.634765625,0.19963288307189941,2413.4250402708285
88.73307199999891,62,D4,1167.427734375,0.21063508093357086,2328.685736053503
88.7375039999989,57,A3,1167.427734375,0.21063508093357086,2328.685736053503
88.90591999999891,69,A4,1177.713623046875,0.19283875823020935,2155.005125041382
88.91478399999892,46,A#2,1174.54833984375,0.2586964964866638,2085.831822699648
88.91921599999891,26,D1,1174.54833984375,0.2586964964866638,2085.831822699648
88.91921599999891,57,A3,1174.54833984375,0.2586964964866638,2085.831822699648
88.9280799999989,38,D2,1174.54833984375,0.2586964964866638,2085.831822699648
88.9325119999989,57,A3,1174.54833984375,0.2586964964866638,2085.831822699648
88.93694399999889,50,D3,1173.3740234375,0.2838720679283142,1880.7325817190244
88.94137599999888,54,F#3,1173.3740234375,0.2838720679283142,1880.7325817190244
88.94580799999888,57,A3,1173.3740234375,0.2838720679283142,1880.7325817190244
88.95023999999887,57,A3,1173.3740234375,0.2838720679283142,1880.7325817190244
89.12751999999887,78,F#5,1174.6075439453125,0.19483916461467743,2106.439094283299
89.13195199999886,66,F#4,1174.6075439453125,0.19483916461467743,2106.439094283299
89.13638399999886,26,D1,1174.6075439453125,0.19483916461467743,2106.439094283299
89.14081599999885,66,F#4,1174.6075439453125,0.19483916461467743,2106.439094283299
89.14524799999884,66,F#4,1169.56103515625,0.20064060389995575,2084.5221357062387
89.14524799999884,46,A#2,1169.56103515625,0.20064060389995575,2084.5221357062387
89.15854399999884,50,D3,1169.56103515625,0.20064060389995575,2084.5221357062387
89.17183999999884,57,A3,1175.834228515625,0.2113373875617981,2210.430330137545
89.34468799999883,74,D5,1173.9969482421875,0.2399303913116455,2429.9922119868597
89.34911999999882,46,A#2,1173.9969482421875,0.2399303913116455,2429.9922119868597
89.34911999999882,26,D1,1173.9969482421875,0.2399303913116455,2429.9922119868597
89.34911999999882,50,D3,1173.9969482421875,0.2399303913116455,2429.9922119868597
89.34911999999882,35,B1,1173.9969482421875,0.2399303913116455,2429.9922119868597
89.35355199999881,62,D4,1173.9969482421875,0.2399303913116455,2429.9922119868597
89.3624159999988,62,D4,1195.150634765625,0.25600695610046387,3294.318368232655
89.3668479999988,57,A3,1195.150634765625,0.25600695610046387,3294.318368232655
89.37127999999879,62,D4,1195.150634765625,0.25600695610046387,3294.318368232655
89.53969599999878,69,A4,1192.33935546875,0.20004220306873322,2626.1206693317527
89.55299199999878,57,A3,1181.9332275390625,0.20250047743320465,2430.1469756435085
89.56185599999877,26,D1,1181.9332275390625,0.20250047743320465,2430.1469756435085
89.56628799999876,57,A3,1175.964599609375,0.2121351659297943,2356.0605518487837
89.57515199999875,50,D3,1175.964599609375,0.2121351659297943,2356.0605518487837
89.57515199999875,46,A#2,1175.964599609375,0.2121351659297943,2356.0605518487837
89.57958399999875,57,A3,1175.964599609375,0.2121351659297943,2356.0605518487837
89.59287999999874,57,A3,1174.1348876953125,0.2143879383802414,2290.733992301657
89.75686399999874,86,D6,1173.5338134765625,0.2543128430843353,2093.351444407319
89.75686399999874,81,A5,1173.5338134765625,0.2543128430843353,2093.351444407319
89.75686399999874,91,G6,1173.5338134765625,0.2543128430843353,2093.351444407319
89.76129599999874,67,G4,1173.5338134765625,0.2543128430843353,2093.351444407319
89.76572799999873,46,A#2,1173.5338134765625,0.2543128430843353,2093.351444407319
89.77015999999873,79,G5,1173.5338134765625,0.2543128430843353,2093.351444407319
89.77015999999873,26,D1,1173.5338134765625,0.2543128430843353,2093.351444407319
89.77459199999872,67,G4,1174.6578369140625,0.2965519428253174,1902.1780418530752
89.77902399999871,38,D2,1174.6578369140625,0.2965519428253174,1902.1780418530752
89.78345599999871,67,G4,1174.6578369140625,0.2965519428253174,1902.1780418530752
89.7878879999987,54,F#3,1174.6578369140625,0.2965519428253174,1902.1780418530752
89.7923199999987,50,D3,1174.6578369140625,0.2965519428253174,1902.1780418530752
89.80118399999868,57,A3,1173.6953125,0.30629152059555054,1736.4574623532062
89.97403199999867,62,D4,1107.2816162109375,0.21514089405536652,2280.182460569133
89.97846399999867,74,D5,1107.2816162109375,0.21514089405536652,2280.182460569133
89.98289599999866,62,D4,1166.89111328125,0.26374343037605286,2105.208417211473
89.98289599999866,50,D3,1166.89111328125,0.26374343037605286,2105.208417211473
89.98732799999866,26,D1,1166.89111328125,0.26374343037605286,2105.208417211473
89.99619199999864,46,A#2,1166.89111328125,0.26374343037605286,2105.208417211473
89.99619199999864,62,D4,1166.89111328125,0.26374343037605286,2105.208417211473
89.99619199999864,57,A3,1166.89111328125,0.26374343037605286,2105.208417211473
90.19563199999864,69,A4,1175.33154296875,0.3327499032020569,2698.0218428246485
90.20006399999863,35,B1,1175.33154296875,0.3327499032020569,2698.0218428246485
90.20006399999863,26,D1,1175.33154296875,0.3327499032020569,2698.0218428246485
90.20006399999863,46,A#2,1175.33154296875,0.3327499032020569,2698.0218428246485
90.20449599999863,57,A3,1175.33154296875,0.3327499032020569,2698.0218428246485
90.20892799999862,50,D3,1175.33154296875,0.3327499032020569,2698.0218428246485
90.21779199999861,57,A3,1174.7333984375,0.3243125081062317,3254.532449647713
90.22665599999861,57,A3,1174.7333984375,0.3243125081062317,3254.532449647713
90.22665599999861,57,A3,1174.7333984375,0.3243125081062317,3254.532449647713
90.39507199999859,86,D6,1173.4742431640625,0.27427974343299866,2572.601629786006
90.39507199999859,81,A5,1173.4742431640625,0.27427974343299866,2572.601629786006
90.39507199999859,90,F#6,1173.4742431640625,0.27427974343299866,2572.601629786006
90.39950399999859,66,F#4,1172.7218017578125,0.26802676916122437,2582.3286111155458
90.40836799999859,66,F#4,1172.7218017578125,0.26802676916122437,2582.3286111155458
90.41279999999858,26,D1,1172.7218017578125,0.26802676916122437,2582.3286111155458
90.41723199999858,66,F#4,1172.7218017578125,0.26802676916122437,2582.3286111155458
90.41723199999858,35,B1,1172.7218017578125,0.26802676916122437,2582.3286111155458
90.42166399999857,78,F#5,1172.7218017578125,0.26802676916122437,2582.3286111155458
90.42609599999857,46,A#2,1174.197509765625,0.24982024729251862,2529.8289730149218
90.43495999999855,50,D3,1174.197509765625,0.24982024729251862,2529.8289730149218
90.45268799999856,57,A3,1172.6287841796875,0.2389141172170639,2642.5697679147606
90.60780799999856,62,D4,878.0455932617188,0.31324303150177,2324.660598521853
90.61667199999856,46,A#2,871.7384643554688,0.33505013585090637,2388.703455868143
90.62110399999855,62,D4,871.7384643554688,0.33505013585090637,2388.703455868143
90.62110399999855,74,D5,871.7384643554688,0.33505013585090637,2388.703455868143
90.62110399999855,26,D1,871.7384643554688,0.33505013585090637,2388.703455868143
90.62996799999854,38,D2,871.7384643554688,0.33505013585090637,2388.703455868143
90.63439999999854,62,D4,871.2514038085938,0.3546331822872162,2239.279625015125
90.64326399999852,50,D3,871.2514038085938,0.3546331822872162,2239.279625015125
90.64326399999852,54,F#3,871.2514038085938,0.3546331822872162,2239.279625015125
90.65212799999851,57,A3,871.2514038085938,0.3546331822872162,2239.279625015125
90.8338399999985,26,D1,1157.29052734375,0.28673532605171204,2365.6210872336687
90.8382719999985,69,A4,1157.29052734375,0.28673532605171204,2365.6210872336687
90.8515679999985,57,A3,876.1173095703125,0.2969885766506195,2372.1956407086354
90.8515679999985,46,A#2,876.1173095703125,0.2969885766506195,2372.1956407086354
90.86043199999848,50,D3,876.1173095703125,0.2969885766506195,2372.1956407086354
90.86486399999848,57,A3,880.2662353515625,0.32405197620391846,2347.0869293627406
90.87372799999848,57,A3,880.2662353515625,0.32405197620391846,2347.0869293627406
90.87372799999848,57,A3,880.2662353515625,0.32405197620391846,2347.0869293627406
91.02884799999848,86,D6,883.7332763671875,0.2830488681793213,2228.6331727490824
91.03327999999847,81,A5,883.7332763671875,0.2830488681793213,2228.6331727490824
91.03327999999847,88,E6,883.7332763671875,0.2830488681793213,2228.6331727490824
91.03771199999846,76,E5,883.7332763671875,0.2830488681793213,2228.6331727490824
91.04214399999846,64,E4,883.7332763671875,0.2830488681793213,2228.6331727490824
91.04657599999845,64,E4,883.7332763671875,0.2830488681793213,2228.6331727490824
91.04657599999845,26,D1,883.7332763671875,0.2830488681793213,2228.6331727490824
91.05100799999845,46,A#2,880.9891357421875,0.31924933195114136,2528.161632645686
91.05100799999845,35,B1,880.9891357421875,0.31924933195114136,2528.161632645686
91.05543999999844,50,D3,880.9891357421875,0.31924933195114136,2528.161632645686
91.05987199999844,64,E4,880.9891357421875,0.31924933195114136,2528.161632645686
91.07759999999843,57,A3,1049.0277099609375,0.31489497423171997,3119.3306010130127
91.23271999999844,78,F#5,1156.796142578125,0.20015577971935272,2893.5594338917476
91.25931199999842,69,A4,1157.7098388671875,0.19617663323879242,2511.1885075410146
91.26374399999841,50,D3,1157.7098388671875,0.19617663323879242,2511.1885075410146
91.26374399999841,26,D1,1157.7098388671875,0.19617663323879242,2511.1885075410146
91.26374399999841,35,B1,1157.7098388671875,0.19617663323879242,2511.1885075410146
91.26374399999841,57,A3,1157.7098388671875,0.19617663323879242,2511.1885075410146
91.27260799999841,57,A3,1157.7098388671875,0.19617663323879242,2511.1885075410146
91.27703999999841,46,A#2,1157.7098388671875,0.19617663323879242,2511.1885075410146
91.2814719999984,57,A3,1154.4920654296875,0.20078060030937195,2399.888935352169
91.2859039999984,57,A3,1154.4920654296875,0.20078060030937195,2399.888935352169
91.45875199999838,90,F#6,1152.108154296875,0.19420687854290009,2356.3354155280213
91.45875199999838,86,D6,1152.108154296875,0.19420687854290009,2356.3354155280213
91.46318399999838,66,F#4,1152.108154296875,0.19420687854290009,2356.3354155280213
91.46318399999838,81,A5,1152.108154296875,0.19420687854290009,2356.3354155280213
91.46761599999837,46,A#2,1151.222900390625,0.1966269314289093,2243.4765801932
91.46761599999837,78,F#5,1151.222900390625,0.1966269314289093,2243.4765801932
91.47204799999837,66,F#4,1151.222900390625,0.1966269314289093,2243.4765801932
91.47647999999836,30,F#1,1151.222900390625,0.1966269314289093,2243.4765801932
91.47647999999836,38,D2,1151.222900390625,0.1966269314289093,2243.4765801932
91.48091199999836,66,F#4,1151.222900390625,0.1966269314289093,2243.4765801932
91.48977599999836,54,F#3,1151.222900390625,0.1966269314289093,2243.4765801932
91.49420799999835,50,D3,1153.232421875,0.2474597543478012,2133.3988316379664
91.50750399999835,57,A3,1153.232421875,0.2474597543478012,2133.3988316379664
91.65819199999835,80,G#5,1161.2974853515625,0.2074708789587021,2026.0079421818969
91.68478399999836,31,G1,1157.116943359375,0.19567428529262543,2034.9814361378449
91.68478399999836,69,A4,1157.116943359375,0.19567428529262543,2034.9814361378449
91.69807999999836,46,A#2,1157.116943359375,0.19567428529262543,2034.9814361378449
91.70694399999834,50,D3,1152.8023681640625,0.17558403313159943,2071.4414431976516
91.72023999999834,57,A3,1152.8023681640625,0.17558403313159943,2071.4414431976516
91.88422399999831,81,A5,1158.42626953125,0.19827190041542053,2043.1712444141244
91.88422399999831,85,C#6,1158.42626953125,0.19827190041542053,2043.1712444141244
91.8886559999983,88,E6,1158.3592529296875,0.19767434895038605,1966.374946966871
91.89751999999831,71,B4,1158.3592529296875,0.19767434895038605,1966.374946966871
91.9019519999983,59,B3,1158.3592529296875,0.19767434895038605,1966.374946966871
91.9019519999983,33,A1,1158.3592529296875,0.19767434895038605,1966.374946966871
91.9019519999983,46,A#2,1158.3592529296875,0.19767434895038605,1966.374946966871
91.9063839999983,35,B1,1158.3592529296875,0.19767434895038605,1966.374946966871
91.9063839999983,59,B3,1158.3592529296875,0.19767434895038605,1966.374946966871
91.91081599999829,45,A2,1158.53271484375,0.2142685353755951,1896.5167284509243
91.91524799999829,52,E3,1158.53271484375,0.2142685353755951,1896.5167284509243
91.92411199999829,45,A2,1158.53271484375,0.2142685353755951,1896.5167284509243
91.92854399999828,59,B3,1158.53271484375,0.2142685353755951,1896.5167284509243
92.10139199999828,69,A4,1185.0274658203125,0.2115650177001953,2739.22552245921
92.11468799999827,33,A1,1185.0274658203125,0.2115650177001953,2739.22552245921
92.11468799999827,57,A3,1185.0274658203125,0.2115650177001953,2739.22552245921
92.12798399999826,46,A#2,1175.8994140625,0.2100295126438141,2655.1963921413253
92.12798399999826,57,A3,1175.8994140625,0.2100295126438141,2655.1963921413253
92.12798399999826,45,A2,1175.8994140625,0.2100295126438141,2655.1963921413253
92.13241599999826,52,E3,1175.8994140625,0.2100295126438141,2655.1963921413253
92.13684799999825,57,A3,1175.8994140625,0.2100295126438141,2655.1963921413253
92.31855999999827,46,A#2,1175.2313232421875,0.20581978559494019,2186.4353051634253
92.32299199999827,64,E4,1175.2313232421875,0.20581978559494019,2186.4353051634253
92.32299199999827,52,E3,1175.2313232421875,0.20581978559494019,2186.4353051634253
92.32742399999826,38,D2,1176.283203125,0.2010163515806198,2068.8545789522623
92.32742399999826,33,A1,1176.283203125,0.2010163515806198,2068.8545789522623
92.33185599999825,52,E3,1176.283203125,0.2010163515806198,2068.8545789522623
92.34071999999824,45,A2,1176.283203125,0.2010163515806198,2068.8545789522623
92.34071999999824,52,E3,1176.283203125,0.2010163515806198,2068.8545789522623
92.34071999999824,54,F#3,1176.283203125,0.2010163515806198,2068.8545789522623
92.34958399999823,52,E3,1175.054443359375,0.24980030953884125,1991.6623199020532
92.52686399999821,73,C#5,1171.2332763671875,0.1962011754512787,2220.593478372668
92.52686399999821,61,C#4,1171.2332763671875,0.1962011754512787,2220.593478372668
92.5312959999982,61,C#4,1171.2332763671875,0.1962011754512787,2220.593478372668
92.5357279999982,33,A1,1168.04052734375,0.19289645552635193,2146.0091595935955
92.5490239999982,61,C#4,1168.04052734375,0.19289645552635193,2146.0091595935955
92.55345599999819,46,A#2,1168.04052734375,0.19289645552635193,2146.0091595935955
92.5711839999982,45,A2,1164.60400390625,0.19452382624149323,2093.0068582074227
92.57561599999819,52,E3,1164.60400390625,0.19452382624149323,2093.0068582074227
92.73959999999819,57,A3,1159.1571044921875,0.23555517196655273,2407.114701681402
92.74846399999818,69,A4,1149.7802734375,0.21893782913684845,2354.770785954318
92.75289599999817,35,B1,1149.7802734375,0.21893782913684845,2354.770785954318
92.75289599999817,57,A3,1149.7802734375,0.21893782913684845,2354.770785954318
92.75289599999817,33,A1,1149.7802734375,0.21893782913684845,2354.770785954318
92.75289599999817,46,A#2,1149.7802734375,0.21893782913684845,2354.770785954318
92.75732799999817,45,A2,1149.7802734375,0.21893782913684845,2354.770785954318
92.76619199999816,52,E3,1149.7802734375,0.21893782913684845,2354.770785954318
92.77062399999815,57,A3,1158.22119140625,0.20881767570972443,2370.3619112680676
92.95233599999813,64,E4,1144.2034912109375,0.24551501870155334,2822.801784178982
92.95233599999813,52,E3,1144.2034912109375,0.24551501870155334,2822.801784178982
92.96119999999812,33,A1,1160.1983642578125,0.23563627898693085,2837.4559113078762
92.96119999999812,52,E3,1160.1983642578125,0.23563627898693085,2837.4559113078762
92.97449599999811,52,E3,1160.1983642578125,0.23563627898693085,2837.4559113078762
92.9789279999981,46,A#2,1160.2060546875,0.22561125457286835,2858.361818217723
92.9833599999981,45,A2,1160.2060546875,0.22561125457286835,2858.361818217723
92.9877919999981,52,E3,1160.2060546875,0.22561125457286835,2858.361818217723
93.1562079999981,81,A5,1161.1109619140625,0.19031405448913574,4024.84482587199
93.1606399999981,88,E6,1161.1109619140625,0.19031405448913574,4024.84482587199
93.16507199999809,62,D4,1161.95849609375,0.18494123220443726,4231.253329055506
93.16507199999809,86,D6,1161.95849609375,0.18494123220443726,4231.253329055506
93.16950399999808,74,D5,1161.95849609375,0.18494123220443726,4231.253329055506
93.16950399999808,46,A#2,1161.95849609375,0.18494123220443726,4231.253329055506
93.17393599999808,62,D4,1161.95849609375,0.18494123220443726,4231.253329055506
93.17836799999807,33,A1,1161.95849609375,0.18494123220443726,4231.253329055506
93.18279999999807,38,D2,1161.95849609375,0.18494123220443726,4231.253329055506
93.18723199999806,62,D4,1160.8594970703125,0.19148559868335724,4225.4934272411
93.19166399999806,54,F#3,1160.8594970703125,0.19148559868335724,4225.4934272411
93.19166399999806,45,A2,1160.8594970703125,0.19148559868335724,4225.4934272411
93.19609599999805,52,E3,1160.8594970703125,0.19148559868335724,4225.4934272411
93.37337599999806,52,E3,1160.4302978515625,0.2509453594684601,2506.671515660367
93.38223999999805,69,A4,1160.4302978515625,0.2509453594684601,2506.671515660367
93.38667199999804,33,A1,1160.4302978515625,0.2509453594684601,2506.671515660367
93.39110399999804,52,E3,1160.4302978515625,0.2509453594684601,2506.671515660367
93.39553599999803,52,E3,1154.47509765625,0.24690695106983185,2418.956963099316
93.39553599999803,45,A2,1154.47509765625,0.24690695106983185,2418.956963099316
93.39996799999803,52,E3,1154.47509765625,0.24690695106983185,2418.956963099316
93.40439999999802,46,A#2,1154.47509765625,0.24690695106983185,2418.956963099316
93.59940799999801,64,E4,1188.994384765625,0.2592203915119171,2267.706542987563
93.603839999998,57,A3,1184.911865234375,0.24854211509227753,2146.255161550441
93.603839999998,46,A#2,1184.911865234375,0.24854211509227753,2146.255161550441
93.603839999998,33,A1,1184.911865234375,0.24854211509227753,2146.255161550441
93.608271999998,35,B1,1184.911865234375,0.24854211509227753,2146.255161550441
93.61270399999799,57,A3,1184.911865234375,0.24854211509227753,2146.255161550441
93.61713599999798,45,A2,1184.911865234375,0.24854211509227753,2146.255161550441
93.62156799999798,52,E3,1184.911865234375,0.24854211509227753,2146.255161550441
93.62599999999797,57,A3,1184.911865234375,0.24854211509227753,2146.255161550441
93.78555199999798,78,F#5,1199.876708984375,0.2812603712081909,2786.8727341922204
93.79441599999798,88,E6,1179.5130615234375,0.2760481536388397,2788.3658363614127
93.79884799999797,85,C#6,1179.5130615234375,0.2760481536388397,2788.3658363614127
93.79884799999797,61,C#4,1179.5130615234375,0.2760481536388397,2788.3658363614127
93.81214399999797,33,A1,1179.5130615234375,0.2760481536388397,2788.3658363614127
93.81657599999797,61,C#4,1161.8961181640625,0.26527366042137146,2784.6977726005703
93.82100799999796,61,C#4,1161.8961181640625,0.26527366042137146,2784.6977726005703
93.82987199999795,46,A#2,1161.8961181640625,0.26527366042137146,2784.6977726005703
93.83430399999794,73,C#5,1161.8961181640625,0.26527366042137146,2784.6977726005703
93.84316799999793,45,A2,1183.173095703125,0.24205315113067627,2613.99794621224
93.84316799999793,52,E3,1183.173095703125,0.24205315113067627,2613.99794621224
93.99828799999793,80,G#5,1173.807861328125,0.1951933652162552,4331.36632863911
94.02044799999793,46,A#2,1173.807861328125,0.1951933652162552,4331.36632863911
94.02487999999792,69,A4,1172.036376953125,0.19231820106506348,4278.1807205336645
94.02931199999792,52,E3,1172.036376953125,0.19231820106506348,4278.1807205336645
94.02931199999792,33,A1,1172.036376953125,0.19231820106506348,4278.1807205336645
94.03374399999791,52,E3,1172.036376953125,0.19231820106506348,4278.1807205336645
94.03374399999791,38,D2,1172.036376953125,0.19231820106506348,4278.1807205336645
94.04703999999789,52,E3,1163.4012451171875,0.1943313330411911,4383.3685919866
94.04703999999789,54,F#3,1163.4012451171875,0.1943313330411911,4383.3685919866
94.04703999999789,45,A2,1163.4012451171875,0.1943313330411911,4383.3685919866
94.05590399999788,52,E3,1163.4012451171875,0.1943313330411911,4383.3685919866
94.21102399999788,78,F#5,1180.1763916015625,0.28309527039527893,3289.111699205857
94.23318399999788,64,E4,1192.6058349609375,0.256217896938324,3165.866552080681
94.23761599999787,33,A1,1192.6058349609375,0.256217896938324,3165.866552080681
94.24647999999787,57,A3,1192.6058349609375,0.256217896938324,3165.866552080681
94.25091199999787,57,A3,1192.6058349609375,0.256217896938324,3165.866552080681
94.25534399999786,46,A#2,1165.80322265625,0.23794734477996826,3181.883555310463
94.26863999999786,52,E3,1165.80322265625,0.23794734477996826,3181.883555310463
94.26863999999786,45,A2,1165.80322265625,0.23794734477996826,3181.883555310463
94.27307199999785,57,A3,1165.80322265625,0.23794734477996826,3181.883555310463
94.42375999999783,80,G#5,1184.84521484375,0.20387688279151917,4246.6088550873765
94.43262399999783,59,B3,1184.84521484375,0.20387688279151917,4246.6088550873765
94.43262399999783,71,B4,1184.84521484375,0.20387688279151917,4246.6088550873765
94.43705599999782,88,E6,1184.84521484375,0.20387688279151917,4246.6088550873765
94.43705599999782,81,A5,1184.84521484375,0.20387688279151917,4246.6088550873765
94.43705599999782,83,B5,1184.84521484375,0.20387688279151917,4246.6088550873765
94.44148799999782,59,B3,1190.044921875,0.2000487595796585,3961.71355368677
94.4503519999978,33,A1,1190.044921875,0.2000487595796585,3961.71355368677
94.4547839999978,59,B3,1190.044921875,0.2000487595796585,3961.71355368677
94.4547839999978,46,A#2,1190.044921875,0.2000487595796585,3961.71355368677
94.4592159999978,35,B1,1190.044921875,0.2000487595796585,3961.71355368677
94.46364799999779,45,A2,1174.410888671875,0.19622661173343658,3397.5048105173737
94.46807999999778,52,E3,1174.410888671875,0.19622661173343658,3397.5048105173737
94.63649599999778,78,F#5,1184.5322265625,0.256744384765625,3078.4029906009537
94.63649599999778,52,E3,1184.5322265625,0.256744384765625,3078.4029906009537
94.64979199999777,52,E3,1182.4364013671875,0.2394954413175583,2995.556039351386
94.65865599999778,64,E4,1182.4364013671875,0.2394954413175583,2995.556039351386
94.65865599999778,52,E3,1182.4364013671875,0.2394954413175583,2995.556039351386
94.66308799999777,45,A2,1182.4364013671875,0.2394954413175583,2995.556039351386
94.66751999999777,33,A1,1182.4364013671875,0.2394954413175583,2995.556039351386
94.66751999999777,52,E3,1182.4364013671875,0.2394954413175583,2995.556039351386
94.68081599999775,46,A#2,1182.818359375,0.2356783002614975,2883.8333704751667
94.84923199999774,80,G#5,1173.130126953125,0.2729293704032898,2835.5806712012636
94.85809599999774,61,C#4,1169.0054931640625,0.2660350501537323,2824.568668824044
94.86252799999774,85,C#6,1169.0054931640625,0.2660350501537323,2824.568668824044
94.86252799999774,81,A5,1169.0054931640625,0.2660350501537323,2824.568668824044
94.86252799999774,88,E6,1169.0054931640625,0.2660350501537323,2824.568668824044
94.86695999999773,61,C#4,1169.0054931640625,0.2660350501537323,2824.568668824044
94.87139199999773,73,C#5,1169.0054931640625,0.2660350501537323,2824.568668824044
94.87139199999773,46,A#2,1169.0054931640625,0.2660350501537323,2824.568668824044
94.87582399999772,61,C#4,1169.0054931640625,0.2660350501537323,2824.568668824044
94.88025599999771,33,A1,1169.0054931640625,0.2660350501537323,2824.568668824044
94.88025599999771,38,D2,1169.0054931640625,0.2660350501537323,2824.568668824044
94.8979839999977,54,F#3,1170.969970703125,0.26788151264190674,2759.7897275947416
94.8979839999977,45,A2,1170.969970703125,0.26788151264190674,2759.7897275947416
94.9024159999977,52,E3,1170.969970703125,0.26788151264190674,2759.7897275947416
95.07083199999768,52,E3,1172.7684326171875,0.30081161856651306,2533.8497191322126
95.08855999999767,52,E3,1172.7684326171875,0.30081161856651306,2533.8497191322126
95.09299199999766,33,A1,1172.99462890625,0.279187947511673,2593.379312438124
95.09742399999766,52,E3,1172.99462890625,0.279187947511673,2593.379312438124
95.10628799999766,46,A#2,1172.99462890625,0.279187947511673,2593.379312438124
95.11071999999766,52,E3,1172.99462890625,0.279187947511673,2593.379312438124
95.11071999999766,45,A2,1172.99462890625,0.279187947511673,2593.379312438124
95.27470399999764,78,F#5,1176.4359130859375,0.22890590131282806,2188.9588386508917
95.28799999999764,81,A5,1170.879638671875,0.22303873300552368,2155.846795461347
95.28799999999764,86,D6,1170.879638671875,0.22303873300552368,2155.846795461347
95.29243199999763,90,F#6,1170.879638671875,0.22303873300552368,2155.846795461347
95.30129599999762,26,D1,1168.912109375,0.21282877027988434,2241.42152378479
95.30129599999762,76,E5,1168.912109375,0.21282877027988434,2241.42152378479
95.31015999999762,49,C#3,1168.912109375,0.21282877027988434,2241.42152378479
95.31459199999762,50,D3,1168.912109375,0.21282877027988434,2241.42152378479
95.31459199999762,35,B1,1168.912109375,0.21282877027988434,2241.42152378479
95.31902399999761,64,E4,1168.912109375,0.21282877027988434,2241.42152378479
95.33675199999759,64,E4,1174.989013671875,0.201645165681839,2183.695103390633
95.34118399999758,64,E4,1174.989013671875,0.201645165681839,2183.695103390633
95.34118399999758,57,A3,1174.989013671875,0.201645165681839,2183.695103390633
95.34561599999758,50,D3,1180.0799560546875,0.1977573186159134,2156.9582424628525
95.51403199999757,26,D1,1176.3046875,0.22885669767856598,3012.077652483993
95.51846399999756,62,D4,1176.3046875,0.22885669767856598,3012.077652483993
95.52289599999756,74,D5,1176.3046875,0.22885669767856598,3012.077652483993
95.52289599999756,50,D3,1176.3046875,0.22885669767856598,3012.077652483993
95.52732799999755,62,D4,1176.3046875,0.22885669767856598,3012.077652483993
95.54062399999755,62,D4,1177.8338623046875,0.22275742888450623,2856.9754875458125
95.54505599999754,57,A3,1177.8338623046875,0.22275742888450623,2856.9754875458125
95.70017599999754,80,G#5,1165.1590576171875,0.21840231120586395,2541.6779878370917
95.71347199999754,69,A4,1165.1590576171875,0.21840231120586395,2541.6779878370917
95.71790399999753,46,A#2,1173.7547607421875,0.21645168960094452,2370.651805827548
95.72676799999752,26,D1,1173.7547607421875,0.21645168960094452,2370.651805827548
95.72676799999752,57,A3,1173.7547607421875,0.21645168960094452,2370.651805827548
95.73119999999751,38,D2,1173.7547607421875,0.21645168960094452,2370.651805827548
95.7400639999975,57,A3,1183.1707763671875,0.21441391110420227,2315.361686586317
95.7444959999975,50,D3,1183.1707763671875,0.21441391110420227,2315.361686586317
95.74892799999749,57,A3,1183.1707763671875,0.21441391110420227,2315.361686586317
95.74892799999749,54,F#3,1183.1707763671875,0.21441391110420227,2315.361686586317
95.75779199999748,57,A3,1183.1707763671875,0.21441391110420227,2315.361686586317
95.91291199999748,78,F#5,1176.0384521484375,0.29430246353149414,2048.1768858970863
95.93507199999748,66,F#4,1165.750732421875,0.24375616014003754,1958.3852548065825
95.93507199999748,78,F#5,1165.750732421875,0.24375616014003754,1958.3852548065825
95.94393599999746,26,D1,1165.750732421875,0.24375616014003754,1958.3852548065825
95.94836799999746,66,F#4,1165.750732421875,0.24375616014003754,1958.3852548065825
95.95723199999745,66,F#4,1172.6981201171875,0.23421412706375122,2138.267353263873
95.95723199999745,46,A#2,1172.6981201171875,0.23421412706375122,2138.267353263873
95.96609599999745,50,D3,1172.6981201171875,0.23421412706375122,2138.267353263873
95.98382399999744,57,A3,1176.864501953125,0.20691294968128204,2140.49845009823
96.15223999999743,26,D1,1171.7115478515625,0.20258814096450806,2318.838629958688
96.15667199999743,46,A#2,1171.7115478515625,0.20258814096450806,2318.838629958688
96.15667199999743,74,D5,1171.7115478515625,0.20258814096450806,2318.838629958688
96.16110399999742,50,D3,1171.949462890625,0.19317543506622314,2259.4405809043783
96.16110399999742,35,B1,1171.949462890625,0.19317543506622314,2259.4405809043783
96.16553599999742,62,D4,1171.949462890625,0.19317543506622314,2259.4405809043783
96.16996799999741,62,D4,1171.949462890625,0.19317543506622314,2259.4405809043783
96.16996799999741,57,A3,1171.949462890625,0.19317543506622314,2259.4405809043783
96.1788319999974,62,D4,1171.949462890625,0.19317543506622314,2259.4405809043783
96.35167999999739,69,A4,1173.136962890625,0.2325563132762909,3174.7574511187477
96.36497599999738,57,A3,1173.136962890625,0.2325563132762909,3174.7574511187477
96.36497599999738,26,D1,1173.136962890625,0.2325563132762909,3174.7574511187477
96.37383999999739,57,A3,1170.8997802734375,0.21104399859905243,2977.600727275799
96.37827199999738,50,D3,1170.8997802734375,0.21104399859905243,2977.600727275799
96.38270399999737,46,A#2,1170.8997802734375,0.21104399859905243,2977.600727275799
96.38713599999737,57,A3,1170.8997802734375,0.21104399859905243,2977.600727275799
96.40043199999737,57,A3,1193.2464599609375,0.20861949026584625,2903.0726280441095
96.55998399999739,86,D6,1179.3140869140625,0.20217733085155487,2407.7633071910204
96.56441599999738,81,A5,1179.3140869140625,0.20217733085155487,2407.7633071910204
96.56441599999738,91,G6,1179.3140869140625,0.20217733085155487,2407.7633071910204
96.56884799999737,67,G4,1179.3140869140625,0.20217733085155487,2407.7633071910204
96.56884799999737,46,A#2,1179.3140869140625,0.20217733085155487,2407.7633071910204
96.57771199999736,26,D1,1176.93212890625,0.19957484304904938,2334.4539354809754
96.57771199999736,79,G5,1176.93212890625,0.19957484304904938,2334.4539354809754
96.58214399999736,67,G4,1176.93212890625,0.19957484304904938,2334.4539354809754
96.58657599999735,38,D2,1176.93212890625,0.19957484304904938,2334.4539354809754
96.59100799999734,67,G4,1176.93212890625,0.19957484304904938,2334.4539354809754
96.59543999999734,50,D3,1176.93212890625,0.19957484304904938,2334.4539354809754
96.59987199999733,54,F#3,1176.2122802734375,0.19199849665164948,2267.5038606388
96.61316799999733,57,A3,1176.2122802734375,0.19199849665164948,2267.5038606388
96.78158399999732,62,D4,1173.344970703125,0.30115100741386414,2096.8374550264907
96.79044799999731,50,D3,1170.3414306640625,0.2360256016254425,2379.3298263591723
96.79044799999731,74,D5,1170.3414306640625,0.2360256016254425,2379.3298263591723
96.7948799999973,26,D1,1170.3414306640625,0.2360256016254425,2379.3298263591723
96.7948799999973,62,D4,1170.3414306640625,0.2360256016254425,2379.3298263591723
96.8037439999973,62,D4,1170.3414306640625,0.2360256016254425,2379.3298263591723
96.80817599999729,57,A3,1164.6851806640625,0.21619494259357452,2392.189745452852
96.80817599999729,46,A#2,1164.6851806640625,0.21619494259357452,2392.189745452852
96.98545599999727,69,A4,1098.7342529296875,0.25268664956092834,1959.3166840809338
97.00318399999728,26,D1,1100.5521240234375,0.23539823293685913,2038.8806953544083
97.00761599999727,46,A#2,1100.5521240234375,0.23539823293685913,2038.8806953544083
97.00761599999727,35,B1,1100.5521240234375,0.23539823293685913,2038.8806953544083
97.01204799999726,57,A3,1100.5521240234375,0.23539823293685913,2038.8806953544083
97.01647999999726,50,D3,1100.5521240234375,0.23539823293685913,2038.8806953544083
97.02534399999725,57,A3,1172.2352294921875,0.2304423302412033,1967.544526891098
97.03420799999725,57,A3,1172.2352294921875,0.2304423302412033,1967.544526891098
97.03420799999725,57,A3,1172.2352294921875,0.2304423302412033,1967.544526891098
97.19819199999725,86,D6,1112.6099853515625,0.27860429883003235,3311.974603054953
97.20262399999724,90,F#6,1155.46484375,0.24637185037136078,3302.3067717949575
97.20262399999724,81,A5,1155.46484375,0.24637185037136078,3302.3067717949575
97.20705599999724,66,F#4,1155.46484375,0.24637185037136078,3302.3067717949575
97.21591999999723,66,F#4,1155.46484375,0.24637185037136078,3302.3067717949575
97.22035199999722,35,B1,1155.46484375,0.24637185037136078,3302.3067717949575
97.22035199999722,26,D1,1155.46484375,0.24637185037136078,3302.3067717949575
97.22478399999721,66,F#4,1155.46484375,0.24637185037136078,3302.3067717949575
97.22921599999721,78,F#5,1163.95166015625,0.2300095409154892,3002.766758020858
97.2336479999972,46,A#2,1163.95166015625,0.2300095409154892,3002.766758020858
97.24251199999719,50,D3,1163.95166015625,0.2300095409154892,3002.766758020858
97.2602399999972,57,A3,1165.0516357421875,0.2237129509449005,2980.4418182516956
97.4153599999972,62,D4,876.1638793945312,0.2725706696510315,2269.1656960888217
97.41979199999719,46,A#2,876.1638793945312,0.2725706696510315,2269.1656960888217
97.42865599999718,26,D1,876.1638793945312,0.2725706696510315,2269.1656960888217
97.43308799999717,74,D5,876.1638793945312,0.2725706696510315,2269.1656960888217
97.43308799999717,62,D4,876.1638793945312,0.2725706696510315,2269.1656960888217
97.43751999999716,38,D2,826.0462646484375,0.2752649784088135,2282.210819919488
97.43751999999716,62,D4,826.0462646484375,0.2752649784088135,2282.210819919488
97.44638399999715,50,D3,826.0462646484375,0.2752649784088135,2282.210819919488
97.45081599999715,54,F#3,826.0462646484375,0.2752649784088135,2282.210819919488
97.46411199999713,57,A3,1044.58984375,0.2784176170825958,2194.686410972709
97.6458239999971,26,D1,1110.620361328125,0.29966017603874207,2167.6777068124775
97.6458239999971,69,A4,1110.620361328125,0.29966017603874207,2167.6777068124775
97.65911999999709,46,A#2,1110.620361328125,0.29966017603874207,2167.6777068124775
97.65911999999709,57,A3,1110.620361328125,0.29966017603874207,2167.6777068124775
97.66798399999709,57,A3,1097.5897216796875,0.28913262486457825,2218.5066985362237
97.66798399999709,50,D3,1097.5897216796875,0.28913262486457825,2218.5066985362237
97.68127999999709,57,A3,1097.5897216796875,0.28913262486457825,2218.5066985362237
97.68571199999708,57,A3,1097.5897216796875,0.28913262486457825,2218.5066985362237
97.84083199999708,86,D6,1053.6302490234375,0.26098111271858215,2252.9358478620043
97.84083199999708,88,E6,1053.6302490234375,0.26098111271858215,2252.9358478620043
97.84083199999708,81,A5,1053.6302490234375,0.26098111271858215,2252.9358478620043
97.84526399999707,76,E5,1053.6302490234375,0.26098111271858215,2252.9358478620043
97.84969599999707,64,E4,1053.6302490234375,0.26098111271858215,2252.9358478620043
97.85855999999706,46,A#2,943.631103515625,0.2650603950023651,2277.995058227817
97.85855999999706,35,B1,943.631103515625,0.2650603950023651,2277.995058227817
97.85855999999706,64,E4,943.631103515625,0.2650603950023651,2277.995058227817
97.85855999999706,26,D1,943.631103515625,0.2650603950023651,2277.995058227817
97.86742399999704,50,D3,943.631103515625,0.2650603950023651,2277.995058227817
97.87185599999704,64,E4,943.631103515625,0.2650603950023651,2277.995058227817
97.88071999999703,57,A3,1100.399658203125,0.25851333141326904,2235.167347318851
98.04027199999703,78,F#5,1063.45361328125,0.34114426374435425,3139.6071231229034
98.06686399999703,26,D1,1109.902099609375,0.3141697943210602,2941.7330148776246
98.06686399999703,50,D3,1109.902099609375,0.3141697943210602,2941.7330148776246
98.07129599999702,35,B1,1109.902099609375,0.3141697943210602,2941.7330148776246
98.07129599999702,57,A3,1109.902099609375,0.3141697943210602,2941.7330148776246
98.07572799999701,69,A4,1109.902099609375,0.3141697943210602,2941.7330148776246
98.08015999999701,57,A3,1109.902099609375,0.3141697943210602,2941.7330148776246
98.084591999997,57,A3,1109.902099609375,0.3141697943210602,2941.7330148776246
98.084591999997,46,A#2,1109.902099609375,0.3141697943210602,2941.7330148776246
98.09345599999699,57,A3,1100.79296875,0.29115357995033264,2814.0664982264943
98.26187199999697,86,D6,1108.935302734375,0.28844234347343445,2398.1643126273157
98.26630399999696,81,A5,1108.935302734375,0.28844234347343445,2398.1643126273157
98.26630399999696,90,F#6,1108.935302734375,0.28844234347343445,2398.1643126273157
98.27073599999696,66,F#4,1107.43408203125,0.28670698404312134,2436.931429514073
98.27073599999696,78,F#5,1107.43408203125,0.28670698404312134,2436.931429514073
98.27516799999695,46,A#2,1107.43408203125,0.28670698404312134,2436.931429514073
98.27959999999695,66,F#4,1107.43408203125,0.28670698404312134,2436.931429514073
98.27959999999695,30,F#1,1107.43408203125,0.28670698404312134,2436.931429514073
98.28403199999694,66,F#4,1107.43408203125,0.28670698404312134,2436.931429514073
98.28846399999694,38,D2,1107.43408203125,0.28670698404312134,2436.931429514073
98.29732799999692,50,D3,1153.3614501953125,0.27846336364746094,2423.583790385601
98.30175999999692,54,F#3,1153.3614501953125,0.27846336364746094,2423.583790385601
98.31062399999692,57,A3,1153.3614501953125,0.27846336364746094,2423.583790385601
98.46574399999693,80,G#5,1153.6689453125,0.3201689124107361,1821.262197628679
98.48790399999693,69,A4,1104.71826171875,0.30733513832092285,1986.1797758144767
98.49676799999692,31,G1,1104.71826171875,0.30733513832092285,1986.1797758144767
98.51006399999692,50,D3,1105.65283203125,0.2640664577484131,1964.094747878446
98.51006399999692,46,A#2,1105.65283203125,0.2640664577484131,1964.094747878446
98.52779199999692,57,A3,1159.08740234375,0.23050613701343536,2121.387542269411
98.6917759999969,85,C#6,1159.0594482421875,0.26868385076522827,3353.3440886406424
98.6917759999969,81,A5,1159.0594482421875,0.26868385076522827,3353.3440886406424
98.6962079999969,88,E6,1159.0594482421875,0.26868385076522827,3353.3440886406424
98.7006399999969,71,B4,1159.0594482421875,0.26868385076522827,3353.3440886406424
98.70507199999689,59,B3,1159.0594482421875,0.26868385076522827,3353.3440886406424
98.70950399999688,33,A1,1159.0594482421875,0.26868385076522827,3353.3440886406424
98.70950399999688,46,A#2,1159.0594482421875,0.26868385076522827,3353.3440886406424
98.70950399999688,35,B1,1159.0594482421875,0.26868385076522827,3353.3440886406424
98.71393599999688,59,B3,1154.400634765625,0.23564735054969788,3262.8398395567347
98.71836799999687,45,A2,1154.400634765625,0.23564735054969788,3262.8398395567347
98.72279999999687,52,E3,1154.400634765625,0.23564735054969788,3262.8398395567347
98.73166399999687,45,A2,1154.400634765625,0.23564735054969788,3262.8398395567347
98.73609599999686,59,B3,1156.5216064453125,0.19948330521583557,3060.8643243544875
98.90894399999685,69,A4,1163.5169677734375,0.26538047194480896,3540.537853930022
98.91780799999685,33,A1,1163.5169677734375,0.26538047194480896,3540.537853930022
98.92223999999685,57,A3,1156.437255859375,0.22221040725708008,3525.8803124549972
98.93553599999684,46,A#2,1156.437255859375,0.22221040725708008,3525.8803124549972
98.93996799999684,52,E3,1156.437255859375,0.22221040725708008,3525.8803124549972
98.93996799999684,57,A3,1156.437255859375,0.22221040725708008,3525.8803124549972
98.93996799999684,45,A2,1156.437255859375,0.22221040725708008,3525.8803124549972
98.94439999999683,57,A3,1182.649658203125,0.20513200759887695,3184.5785989959713
99.12167999999683,46,A#2,1175.9281005859375,0.2508262097835541,2324.944994560927
99.13497599999683,33,A1,1180.151611328125,0.2524058520793915,2460.0471402797325
99.13497599999683,38,D2,1180.151611328125,0.2524058520793915,2460.0471402797325
99.13497599999683,64,E4,1180.151611328125,0.2524058520793915,2460.0471402797325
99.13497599999683,52,E3,1180.151611328125,0.2524058520793915,2460.0471402797325
99.13940799999682,52,E3,1180.151611328125,0.2524058520793915,2460.0471402797325
99.14827199999681,52,E3,1180.151611328125,0.2524058520793915,2460.0471402797325
99.14827199999681,45,A2,1180.151611328125,0.2524058520793915,2460.0471402797325
99.1527039999968,52,E3,1180.151611328125,0.2524058520793915,2460.0471402797325
99.1527039999968,54,F#3,1180.151611328125,0.2524058520793915,2460.0471402797325
99.33441599999679,61,C#4,1174.0814208984375,0.29119953513145447,2038.9467686773166
99.33441599999679,73,C#5,1174.0814208984375,0.29119953513145447,2038.9467686773166
99.33884799999679,61,C#4,1119.109130859375,0.29691022634506226,2336.709012583814
99.34327999999678,33,A1,1119.109130859375,0.29691022634506226,2336.709012583814
99.35657599999678,61,C#4,1119.109130859375,0.29691022634506226,2336.709012583814
99.36100799999677,46,A#2,1119.109130859375,0.29691022634506226,2336.709012583814
99.36987199999678,45,A2,1199.122802734375,0.25887277722358704,2515.7645876246847
99.37430399999677,52,E3,1199.122802734375,0.25887277722358704,2515.7645876246847
99.55158399999675,57,A3,1117.8214111328125,0.20787596702575684,2542.136262102562
99.56044799999674,46,A#2,1117.8214111328125,0.20787596702575684,2542.136262102562
99.56044799999674,35,B1,1117.8214111328125,0.20787596702575684,2542.136262102562
99.56044799999674,33,A1,1117.8214111328125,0.20787596702575684,2542.136262102562
99.56044799999674,69,A4,1117.8214111328125,0.20787596702575684,2542.136262102562
99.56044799999674,57,A3,1117.8214111328125,0.20787596702575684,2542.136262102562
99.56487999999673,45,A2,1117.8214111328125,0.20787596702575684,2542.136262102562
99.57374399999672,52,E3,1159.8843994140625,0.24556416273117065,2664.0568407722963
99.58260799999672,57,A3,1159.8843994140625,0.24556416273117065,2664.0568407722963
99.7598879999967,52,E3,1154.616455078125,0.3307346999645233,2896.264422536701
99.7598879999967,64,E4,1154.616455078125,0.3307346999645233,2896.264422536701
99.7687519999967,52,E3,1154.616455078125,0.3307346999645233,2896.264422536701
99.7687519999967,33,A1,1154.616455078125,0.3307346999645233,2896.264422536701
99.78204799999669,38,D2,1151.368408203125,0.29174548387527466,2698.5108962679274
99.78204799999669,52,E3,1151.368408203125,0.29174548387527466,2698.5108962679274
99.78647999999669,46,A#2,1151.368408203125,0.29174548387527466,2698.5108962679274
99.78647999999669,54,F#3,1151.368408203125,0.29174548387527466,2698.5108962679274
99.79091199999668,45,A2,1151.368408203125,0.29174548387527466,2698.5108962679274
99.79534399999667,52,E3,1151.368408203125,0.29174548387527466,2698.5108962679274
99.96375999999664,81,A5,1173.0732421875,0.21768948435783386,2440.1866863050973
99.96819199999663,88,E6,1159.5517578125,0.22312645614147186,2202.896385920172
99.96819199999663,86,D6,1159.5517578125,0.22312645614147186,2202.896385920172
99.97262399999663,74,D5,1159.5517578125,0.22312645614147186,2202.896385920172
99.97262399999663,62,D4,1159.5517578125,0.22312645614147186,2202.896385920172
99.97262399999663,46,A#2,1159.5517578125,0.22312645614147186,2202.896385920172
99.98148799999662,62,D4,1159.5517578125,0.22312645614147186,2202.896385920172
99.98148799999662,33,A1,1159.5517578125,0.22312645614147186,2202.896385920172
99.9903519999966,62,D4,1154.13671875,0.2124708890914917,2211.1350023323585
99.9903519999966,38,D2,1154.13671875,0.2124708890914917,2211.1350023323585
99.9992159999966,54,F#3,1154.13671875,0.2124708890914917,2211.1350023323585
99.9992159999966,45,A2,1154.13671875,0.2124708890914917,2211.1350023323585
100.00364799999659,52,E3,1154.13671875,0.2124708890914917,2211.1350023323585
100.18535999999659,52,E3,1158.797119140625,0.3249650299549103,2973.4564867846384
100.1942239999966,69,A4,1158.797119140625,0.3249650299549103,2973.4564867846384
100.19865599999659,33,A1,1107.4703369140625,0.31110504269599915,2955.216704054894
100.19865599999659,45,A2,1107.4703369140625,0.31110504269599915,2955.216704054894
100.19865599999659,52,E3,1107.4703369140625,0.31110504269599915,2955.216704054894
100.20308799999658,52,E3,1107.4703369140625,0.31110504269599915,2955.216704054894
100.20751999999658,52,E3,1107.4703369140625,0.31110504269599915,2955.216704054894
100.21195199999657,46,A#2,1107.4703369140625,0.31110504269599915,2955.216704054894
100.41139199999657,57,A3,1160.99951171875,0.2964998185634613,1778.407189095797
100.41139199999657,46,A#2,1160.99951171875,0.2964998185634613,1778.407189095797
100.41139199999657,33,A1,1160.99951171875,0.2964998185634613,1778.407189095797
100.41139199999657,35,B1,1160.99951171875,0.2964998185634613,1778.407189095797
100.42025599999656,57,A3,1160.99951171875,0.2964998185634613,1778.407189095797
100.42468799999655,64,E4,1160.99951171875,0.2964998185634613,1778.407189095797
100.42911999999654,45,A2,1160.99951171875,0.2964998185634613,1778.407189095797
100.43355199999654,52,E3,1162.15185546875,0.29661858081817627,1705.6797900193314
100.43798399999653,57,A3,1162.15185546875,0.29661858081817627,1705.6797900193314
100.60639999999653,85,C#6,1163.3807373046875,0.3640119135379791,2540.930982854255
100.60639999999653,81,A5,1163.3807373046875,0.3640119135379791,2540.930982854255
100.60639999999653,88,E6,1163.3807373046875,0.3640119135379791,2540.930982854255
100.61083199999652,61,C#4,1163.3807373046875,0.3640119135379791,2540.930982854255
100.61969599999652,61,C#4,762.4863891601562,0.38576027750968933,2308.223718408985
100.61969599999652,33,A1,762.4863891601562,0.38576027750968933,2308.223718408985
100.62412799999652,61,C#4,762.4863891601562,0.38576027750968933,2308.223718408985
100.63742399999651,38,D2,762.4863891601562,0.38576027750968933,2308.223718408985
100.63742399999651,73,C#5,762.4863891601562,0.38576027750968933,2308.223718408985
100.65071999999651,45,A2,755.22802734375,0.3678903579711914,2128.1968266968224
100.6551519999965,52,E3,755.22802734375,0.3678903579711914,2128.1968266968224
100.7437919999965,38,D2,1152.45361328125,0.2890739142894745,1813.5831923270694
100.82799999999649,69,A4,1179.00048828125,0.29400721192359924,1952.6320179679462
100.83243199999649,52,E3,1179.00048828125,0.29400721192359924,1952.6320179679462
100.83686399999648,33,A1,1179.00048828125,0.29400721192359924,1952.6320179679462
100.84129599999648,52,E3,1179.00048828125,0.29400721192359924,1952.6320179679462
100.84129599999648,38,D2,1179.00048828125,0.29400721192359924,1952.6320179679462
100.85015999999646,54,F#3,1132.8865966796875,0.2844386100769043,1718.7499459811006
100.85459199999646,45,A2,1132.8865966796875,0.2844386100769043,1718.7499459811006
100.85459199999646,52,E3,1132.8865966796875,0.2844386100769043,1718.7499459811006
100.85902399999645,52,E3,1132.8865966796875,0.2844386100769043,1718.7499459811006
101.03630399999643,64,E4,839.702880859375,0.3839365243911743,2709.60752817907
101.04959999999643,57,A3,839.702880859375,0.3839365243911743,2709.60752817907
101.04959999999643,33,A1,839.702880859375,0.3839365243911743,2709.60752817907
101.05403199999643,35,B1,839.702880859375,0.3839365243911743,2709.60752817907
101.06289599999643,48,C3,837.860107421875,0.38242611289024353,3196.2698649631875
101.06289599999643,57,A3,837.860107421875,0.38242611289024353,3196.2698649631875
101.06289599999643,38,D2,837.860107421875,0.38242611289024353,3196.2698649631875
101.07619199999641,45,A2,837.860107421875,0.38242611289024353,3196.2698649631875
101.0806239999964,52,E3,1194.0589599609375,0.3354008197784424,3379.8791682548567
101.0806239999964,57,A3,1194.0589599609375,0.3354008197784424,3379.8791682548567
101.2401759999964,71,B4,1192.5084228515625,0.28533685207366943,3440.464350763412
101.2401759999964,59,B3,1192.5084228515625,0.28533685207366943,3440.464350763412
101.24460799999639,81,A5,1185.5811767578125,0.26320207118988037,3409.364983807379
101.24460799999639,88,E6,1185.5811767578125,0.26320207118988037,3409.364983807379
101.24903999999638,83,B5,1185.5811767578125,0.26320207118988037,3409.364983807379
101.25347199999638,59,B3,1185.5811767578125,0.26320207118988037,3409.364983807379
101.26233599999637,33,A1,1185.5811767578125,0.26320207118988037,3409.364983807379
101.26233599999637,59,B3,1185.5811767578125,0.26320207118988037,3409.364983807379
101.26676799999636,38,D2,1185.978271484375,0.2582688629627228,3374.0421547236774
101.27563199999636,45,A2,1185.978271484375,0.2582688629627228,3374.0421547236774
101.27563199999636,52,E3,1185.978271484375,0.2582688629627228,3374.0421547236774
101.44404799999636,52,E3,1186.97509765625,0.30069273710250854,3154.7268604114843
101.46177599999635,52,E3,1195.091552734375,0.3070826232433319,3333.015199724457
101.46620799999634,64,E4,1195.091552734375,0.3070826232433319,3333.015199724457
101.47063999999634,52,E3,1195.091552734375,0.3070826232433319,3333.015199724457
101.47950399999633,45,A2,927.4297485351562,0.2977192997932434,3530.762043125403
101.47950399999633,52,E3,927.4297485351562,0.2977192997932434,3530.762043125403
101.47950399999633,35,B1,927.4297485351562,0.2977192997932434,3530.762043125403
101.48393599999632,33,A1,927.4297485351562,0.2977192997932434,3530.762043125403
101.48836799999631,38,D2,927.4297485351562,0.2977192997932434,3530.762043125403
101.48836799999631,47,B2,927.4297485351562,0.2977192997932434,3530.762043125403
101.6612159999963,61,C#4,1050.85546875,0.30083322525024414,2344.256766969775
101.67007999999629,81,A5,1050.85546875,0.30083322525024414,2344.256766969775
101.67007999999629,88,E6,1050.85546875,0.30083322525024414,2344.256766969775
101.67451199999628,85,C#6,1050.85546875,0.30083322525024414,2344.256766969775
101.67451199999628,61,C#4,1050.85546875,0.30083322525024414,2344.256766969775
101.67894399999628,73,C#5,1050.85546875,0.30083322525024414,2344.256766969775
101.68337599999627,45,A2,1050.85546875,0.30083322525024414,2344.256766969775
101.68337599999627,61,C#4,1050.85546875,0.30083322525024414,2344.256766969775
101.69223999999626,64,E4,1194.398193359375,0.3080201745033264,2528.5139198722
101.69223999999626,35,B1,1194.398193359375,0.3080201745033264,2528.5139198722
101.70110399999625,45,A2,1194.398193359375,0.3080201745033264,2528.5139198722
101.70110399999625,38,D2,1194.398193359375,0.3080201745033264,2528.5139198722
101.70110399999625,54,F#3,1194.398193359375,0.3080201745033264,2528.5139198722
101.70553599999624,52,E3,1194.398193359375,0.3080201745033264,2528.5139198722
101.70996799999624,45,A2,1182.68798828125,0.3033025860786438,2739.2650830684206
101.73212799999622,63,D#4,1182.3282470703125,0.28659549355506897,2718.9900148228726
101.74099199999621,62,D4,1182.3282470703125,0.28659549355506897,2718.9900148228726
101.7587199999962,61,C#4,1187.97412109375,0.285810261964798,2693.3390380385385
101.7720159999962,60,C4,1187.97412109375,0.285810261964798,2693.3390380385385
101.7986079999962,59,B3,1196.2508544921875,0.282962828874588,2700.298262035067
101.82076799999619,58,A#3,1177.760009765625,0.2830927073955536,2641.673859660039
101.83406399999619,57,A3,1182.97900390625,0.2855578660964966,2601.850561298893
101.86065599999618,56,G#3,1182.7105712890625,0.3178286552429199,2568.2544169032426
101.87838399999619,55,G3,1182.3189697265625,0.34532633423805237,2457.7661624586135
101.88281599999618,52,E3,1182.3189697265625,0.34532633423805237,2457.7661624586135
101.89611199999618,52,E3,1184.6619873046875,0.3588038980960846,2358.911024937779
101.90054399999617,54,F#3,1184.6619873046875,0.3588038980960846,2358.911024937779
101.90497599999617,52,E3,1184.6619873046875,0.3588038980960846,2358.911024937779
101.90497599999617,35,B1,1184.6619873046875,0.3588038980960846,2358.911024937779
101.90940799999616,38,D2,1184.6619873046875,0.3588038980960846,2358.911024937779
101.91383999999616,53,F3,1184.6619873046875,0.3588038980960846,2358.911024937779
101.91827199999615,43,G2,1051.8824462890625,0.3576858341693878,2328.1827360002803
101.91827199999615,45,A2,1051.8824462890625,0.3576858341693878,2328.1827360002803
101.92270399999614,52,E3,1051.8824462890625,0.3576858341693878,2328.1827360002803
101.94486399999613,52,E3,1053.3868408203125,0.3272874653339386,2378.8563480224443
101.96702399999612,51,D#3,1173.9852294921875,0.3126380443572998,2520.2239146812044
101.9847519999961,50,D3,1173.9852294921875,0.3126380443572998,2520.2239146812044
102.0202079999961,49,C#3,1048.7078857421875,0.2902350127696991,2586.126753164756
102.0290719999961,48,C3,1048.7078857421875,0.2902350127696991,2586.126753164756
102.09555199999609,77,F5,1181.9744873046875,0.26233476400375366,2575.0481290090347
102.09555199999609,81,A5,1181.9744873046875,0.26233476400375366,2575.0481290090347
102.09555199999609,84,C6,1181.9744873046875,0.26233476400375366,2575.0481290090347
102.10884799999609,41,F2,1052.437744140625,0.2727847099304199,2642.472604139558
102.10884799999609,29,F1,1052.437744140625,0.2727847099304199,2642.472604139558
102.11327999999608,57,A3,1052.437744140625,0.2727847099304199,2642.472604139558
102.11771199999608,49,C#3,1052.437744140625,0.2727847099304199,2642.472604139558
102.11771199999608,48,C3,1052.437744140625,0.2727847099304199,2642.472604139558
102.12214399999607,35,B1,1052.437744140625,0.2727847099304199,2642.472604139558
102.12657599999606,41,F2,1044.377197265625,0.2873319685459137,2723.614875717477
102.13543999999605,60,C4,1044.377197265625,0.2873319685459137,2723.614875717477
102.13543999999605,48,C3,1044.377197265625,0.2873319685459137,2723.614875717477
102.14430399999605,53,F3,1044.377197265625,0.2873319685459137,2723.614875717477
102.16203199999606,65,F4,787.3212280273438,0.2809235155582428,2626.3324073256367
102.19305599999606,72,C5,1054.9293212890625,0.27451178431510925,2656.722211923693
102.32601599999606,29,F1,1183.8388671875,0.3481937348842621,2933.369925451115
102.53431999999604,29,F1,1032.8514404296875,0.3123030364513397,2568.556404128719
102.53431999999604,41,F2,1032.8514404296875,0.3123030364513397,2568.556404128719
102.53875199999604,48,C3,1032.8514404296875,0.3123030364513397,2568.556404128719
102.53875199999604,38,D2,1032.8514404296875,0.3123030364513397,2568.556404128719
102.53875199999604,44,G#2,1032.8514404296875,0.3123030364513397,2568.556404128719
102.55204799999603,51,D#3,1079.9381103515625,0.3120829463005066,2345.6339280745788
102.55647999999603,54,F#3,1079.9381103515625,0.3120829463005066,2345.6339280745788
102.72046399999603,78,F#5,1037.6375732421875,0.25842854380607605,3604.7491684998427
102.74705599999602,41,F2,1066.5802001953125,0.2982352674007416,3348.1841648493523
102.75148799999602,29,F1,1066.5802001953125,0.2982352674007416,3348.1841648493523
102.75591999999601,48,C3,1178.644775390625,0.3235546052455902,2659.6445967381633
102.769215999996,53,F3,1178.644775390625,0.3235546052455902,2659.6445967381633
102.769215999996,51,D#3,1178.644775390625,0.3235546052455902,2659.6445967381633
102.959791999996,29,F1,1171.37548828125,0.29243266582489014,2385.6960886557126
102.968655999996,35,B1,1171.1099853515625,0.2790830135345459,2514.501716628819
102.968655999996,44,G#2,1171.1099853515625,0.2790830135345459,2514.501716628819
102.973087999996,51,D#3,1171.1099853515625,0.2790830135345459,2514.501716628819
103.14593599999598,80,G#5,1169.61376953125,0.25619980692863464,2816.5546769097273
103.17695999999597,29,F1,1161.958251953125,0.29695528745651245,2473.2317716332373
103.19025599999597,51,D#3,1161.958251953125,0.29695528745651245,2473.2317716332373
103.35867199999596,78,F#5,1166.4732666015625,0.21208269894123077,4191.336971991285
103.38526399999596,29,F1,1167.5096435546875,0.2276422679424286,4120.716494352469
103.38969599999595,44,G#2,1167.5096435546875,0.2276422679424286,4120.716494352469
103.39412799999594,38,D2,1167.5096435546875,0.2276422679424286,4120.716494352469
103.39412799999594,51,D#3,1167.5096435546875,0.2276422679424286,4120.716494352469
103.40299199999593,54,F#3,1171.66064453125,0.24699369072914124,3519.888255122661
103.59799999999592,29,F1,1166.6737060546875,0.31292739510536194,2568.2933046805483
103.60686399999592,41,F2,1166.6737060546875,0.31292739510536194,2568.2933046805483
103.61572799999591,48,C3,1164.843505859375,0.3325220048427582,2508.3475404547735
103.62459199999591,51,D#3,1164.843505859375,0.3325220048427582,2508.3475404547735
103.7841439999959,80,G#5,1164.9110107421875,0.25127989053726196,2224.3512594569706
103.79300799999591,58,A#3,1164.9110107421875,0.25127989053726196,2224.3512594569706
103.7974399999959,77,F5,1166.235107421875,0.27993351221084595,2347.6561474033924
103.7974399999959,86,D6,1166.235107421875,0.27993351221084595,2347.6561474033924
103.7974399999959,82,A#5,1166.235107421875,0.27993351221084595,2347.6561474033924
103.8107359999959,34,A#1,1166.235107421875,0.27993351221084595,2347.6561474033924
103.8107359999959,46,A#2,1166.235107421875,0.27993351221084595,2347.6561474033924
103.81959999999589,44,G#2,1166.235107421875,0.27993351221084595,2347.6561474033924
103.82403199999588,51,D#3,1194.5633544921875,0.3192964494228363,2166.8293314653074
103.82403199999588,35,B1,1194.5633544921875,0.3192964494228363,2166.8293314653074
103.82846399999588,53,F3,1194.5633544921875,0.3192964494228363,2166.8293314653074
103.83289599999587,62,D4,1194.5633544921875,0.3192964494228363,2166.8293314653074
103.84175999999587,46,A#2,1194.5633544921875,0.3192964494228363,2166.8293314653074
103.84619199999587,53,F3,1195.65380859375,0.34489893913269043,2052.081054448229
103.85062399999586,58,A#3,1195.65380859375,0.34489893913269043,2052.081054448229
103.85505599999586,65,F4,1195.65380859375,0.34489893913269043,2052.081054448229
103.89937599999585,70,A#4,1182.0572509765625,0.33311983942985535,2319.675491900461
104.02790399999584,34,A#1,1167.358154296875,0.29791900515556335,2083.5927925292317
104.04119999999584,51,D#3,1173.0244140625,0.32327330112457275,2477.650103651133
104.20961599999583,78,F#5,1170.8616943359375,0.2922070324420929,2777.451978736101
104.23620799999583,46,A#2,1175.6402587890625,0.2720673978328705,2592.515645920658
104.23620799999583,34,A#1,1175.6402587890625,0.2720673978328705,2592.515645920658
104.24063999999582,38,D2,1178.5123291015625,0.2844528555870056,2690.831306170061
104.24063999999582,44,G#2,1178.5123291015625,0.2844528555870056,2690.831306170061
104.24507199999582,51,D#3,1178.5123291015625,0.2844528555870056,2690.831306170061
104.24507199999582,53,F3,1178.5123291015625,0.2844528555870056,2690.831306170061
104.2583679999958,54,F#3,1178.5123291015625,0.2844528555870056,2690.831306170061
104.42235199999581,80,G#5,1174.8853759765625,0.250738263130188,3181.524031585499
104.4489439999958,34,A#1,1195.6934814453125,0.2911108136177063,2967.4596546013136
104.4489439999958,46,A#2,1195.6934814453125,0.2911108136177063,2967.4596546013136
104.4533759999958,53,F3,1195.6934814453125,0.2911108136177063,2967.4596546013136
104.4711039999958,51,D#3,1197.7769775390625,0.32975688576698303,2793.8449942190164
104.4711039999958,58,A#3,1197.7769775390625,0.32975688576698303,2793.8449942190164
104.66167999999581,34,A#1,1182.8017578125,0.30976951122283936,2642.416944556381
104.67054399999581,44,G#2,1182.8017578125,0.30976951122283936,2642.416944556381
104.67054399999581,35,B1,1182.8017578125,0.30976951122283936,2642.416944556381
104.67497599999581,51,D#3,1182.8017578125,0.30976951122283936,2642.416944556381
104.8478239999958,78,F#5,1173.44140625,0.3001102805137634,2550.271790739639
104.87884799999578,34,A#1,1117.3031005859375,0.27987244725227356,2662.633935882559
104.88327999999578,35,B1,1117.3031005859375,0.27987244725227356,2662.633935882559
104.89657599999578,51,D#3,1180.2899169921875,0.2615954875946045,2800.2472125311606
105.06055999999576,80,G#5,1197.789306640625,0.3087009787559509,2745.952347824978
105.09158399999575,34,A#1,1191.64794921875,0.2939630448818207,2637.233657281603
105.09158399999575,44,G#2,1191.64794921875,0.2939630448818207,2637.233657281603
105.09601599999574,38,D2,1191.64794921875,0.2939630448818207,2637.233657281603
105.09601599999574,51,D#3,1191.64794921875,0.2939630448818207,2637.233657281603
105.10487999999575,54,F#3,1047.06298828125,0.2980162501335144,2536.479655468466
105.30431999999573,34,A#1,1179.0230712890625,0.3629358410835266,2214.750905429978
105.30875199999572,46,A#2,1188.259033203125,0.3605557680130005,2200.9923842332328
105.31318399999572,53,F3,1188.259033203125,0.3605557680130005,2200.9923842332328
105.32647999999571,51,D#3,1188.259033203125,0.3605557680130005,2200.9923842332328
105.48603199999567,78,F#5,1178.4600830078125,0.2378324717283249,3533.952432007874
105.49489599999568,88,E6,1178.226806640625,0.23568370938301086,3416.6910365863478
105.49932799999567,84,C6,1178.226806640625,0.23568370938301086,3416.6910365863478
105.50375999999567,79,G5,1178.226806640625,0.23568370938301086,3416.6910365863478
105.50819199999566,55,G3,1178.226806640625,0.23568370938301086,3416.6910365863478
105.51262399999565,36,C2,1178.226806640625,0.23568370938301086,3416.6910365863478
105.51262399999565,48,C3,1178.226806640625,0.23568370938301086,3416.6910365863478
105.52148799999564,44,G#2,1177.3602294921875,0.23168133199214935,2928.7676446441656
105.52591999999564,35,B1,1177.3602294921875,0.23168133199214935,2928.7676446441656
105.53035199999563,51,D#3,1177.3602294921875,0.23168133199214935,2928.7676446441656
105.53478399999562,55,G3,1177.3602294921875,0.23168133199214935,2928.7676446441656
105.54364799999563,48,C3,1182.60888671875,0.24605073034763336,2442.156765451621
105.54807999999562,55,G3,1182.60888671875,0.24605073034763336,2442.156765451621
105.55251199999562,60,C4,1182.60888671875,0.24605073034763336,2442.156765451621
105.55251199999562,60,C4,1182.60888671875,0.24605073034763336,2442.156765451621
105.59683199999562,64,E4,1177.4405517578125,0.2646031677722931,2265.4339284854086
105.64115199999561,67,G4,1175.9542236328125,0.25410178303718567,2838.4940847921243
105.72979199999561,36,C2,1178.0565185546875,0.22974170744419098,4137.202259823337
105.74751999999562,51,D#3,1177.866455078125,0.25075408816337585,3569.027018999805
105.91150399999562,80,G#5,1182.19482421875,0.2224089801311493,3038.3546013749747
105.93809599999561,48,C3,1181.07666015625,0.2172004133462906,3051.0878160210495
105.9425279999956,36,C2,1181.07666015625,0.2172004133462906,3051.0878160210495
105.9425279999956,44,G#2,1181.07666015625,0.2172004133462906,3051.0878160210495
105.9469599999956,55,G3,1181.07666015625,0.2172004133462906,3051.0878160210495
105.9469599999956,51,D#3,1181.07666015625,0.2172004133462906,3051.0878160210495
105.9469599999956,38,D2,1181.07666015625,0.2172004133462906,3051.0878160210495
105.95582399999559,54,F#3,1181.07666015625,0.2172004133462906,3051.0878160210495
106.1242399999956,78,F#5,1176.029296875,0.2514868378639221,2313.555949365184
106.15083199999559,36,C2,1177.15869140625,0.23981532454490662,2301.9949621960723
106.15083199999559,48,C3,1177.15869140625,0.23981532454490662,2301.9949621960723
106.15526399999558,55,G3,1177.15869140625,0.23981532454490662,2301.9949621960723
106.16855999999558,60,C4,1173.14697265625,0.2527805268764496,2205.2024252619412
106.17742399999558,51,D#3,1173.14697265625,0.2527805268764496,2205.2024252619412
106.36799999999558,36,C2,1165.631103515625,0.2812405824661255,3122.975275157474
106.37243199999557,44,G#2,1165.631103515625,0.2812405824661255,3122.975275157474
106.37243199999557,51,D#3,1165.631103515625,0.2812405824661255,3122.975275157474
106.54971199999555,80,G#5,1179.717529296875,0.2979350984096527,3288.2357154533474
106.57630399999555,36,C2,1171.7188720703125,0.2922459542751312,3272.5922126537616
106.59846399999554,51,D#3,1169.1400146484375,0.28157150745391846,3231.731247402885
106.79347199999555,38,D2,1173.4052734375,0.2676188051700592,4178.7827448957
106.79347199999555,44,G#2,1173.4052734375,0.2676188051700592,4178.7827448957
106.79347199999555,36,C2,1173.4052734375,0.2676188051700592,4178.7827448957
106.79790399999554,51,D#3,1173.4052734375,0.2676188051700592,4178.7827448957
106.80676799999553,54,F#3,1173.4052734375,0.2676188051700592,4178.7827448957
106.97518399999552,78,F#5,1163.28759765625,0.31813403964042664,2628.5957916051034
107.0017759999955,36,C2,1164.1925048828125,0.3028988242149353,2522.832962791153
107.0106399999955,48,C3,1164.1925048828125,0.3028988242149353,2522.832962791153
107.01950399999551,55,G3,1164.1925048828125,0.3028988242149353,2522.832962791153
107.02836799999551,51,D#3,1170.079345703125,0.3057880997657776,2491.3094719666365
107.18791999999549,80,G#5,1164.935302734375,0.28528276085853577,2986.972921884688
107.19678399999549,86,D6,1164.935302734375,0.28528276085853577,2986.972921884688
107.20121599999548,77,F5,1164.935302734375,0.28528276085853577,2986.972921884688
107.20564799999548,82,A#5,1164.935302734375,0.28528276085853577,2986.972921884688
107.21007999999547,58,A#3,1164.935302734375,0.28528276085853577,2986.972921884688
107.21451199999547,41,F2,1186.585693359375,0.2784520089626312,2794.948499130157
107.21894399999546,53,F3,1186.585693359375,0.2784520089626312,2794.948499130157
107.21894399999546,46,A#2,1186.585693359375,0.2784520089626312,2794.948499130157
107.22337599999545,44,G#2,1186.585693359375,0.2784520089626312,2794.948499130157
107.22780799999545,35,B1,1186.585693359375,0.2784520089626312,2794.948499130157
107.22780799999545,62,D4,1186.585693359375,0.2784520089626312,2794.948499130157
107.22780799999545,51,D#3,1186.585693359375,0.2784520089626312,2794.948499130157
107.23223999999544,46,A#2,1186.585693359375,0.2784520089626312,2794.948499130157
107.24110399999545,53,F3,1165.9915771484375,0.2804173231124878,2708.944160520758
107.25439999999544,58,A#3,1165.9915771484375,0.2804173231124878,2708.944160520758
107.25883199999544,65,F4,1165.7314453125,0.29365554451942444,2530.4584759383847
107.28985599999544,70,A#4,1196.127197265625,0.3005925118923187,2439.4732915817876
107.40065599999544,78,F#5,1171.815185546875,0.2753468453884125,2615.127440978526
107.40951999999544,46,A#2,1171.815185546875,0.2753468453884125,2615.127440978526
107.41395199999543,53,F3,1171.815185546875,0.2753468453884125,2615.127440978526
107.42724799999543,41,F2,1181.2119140625,0.27188530564308167,2585.968846867173
107.43167999999542,58,A#3,1181.2119140625,0.27188530564308167,2585.968846867173
107.44054399999543,38,D2,1181.2119140625,0.27188530564308167,2585.968846867173
107.44940799999543,51,D#3,1169.4541015625,0.2836718261241913,2622.5941335280504
107.63998399999542,46,A#2,1163.359130859375,0.29052287340164185,2978.5476033322657
107.64441599999542,53,F3,1163.359130859375,0.29052287340164185,2978.5476033322657
107.64441599999542,35,B1,1163.359130859375,0.29052287340164185,2978.5476033322657
107.64441599999542,44,G#2,1163.359130859375,0.29052287340164185,2978.5476033322657
107.64441599999542,41,F2,1163.359130859375,0.29052287340164185,2978.5476033322657
107.64884799999541,51,D#3,1163.359130859375,0.29052287340164185,2978.5476033322657
107.6577119999954,54,F#3,1180.5443115234375,0.2898275554180145,3078.481444293182
107.82612799999539,80,G#5,1173.790283203125,0.2882789671421051,2705.5814059772647
107.85271999999539,46,A#2,1173.5374755859375,0.27624377608299255,2575.5886950387685
107.85715199999538,41,F2,1173.5374755859375,0.27624377608299255,2575.5886950387685
107.86158399999537,53,F3,1162.5906982421875,0.2636534869670868,2475.0066204963696
107.86158399999537,35,B1,1162.5906982421875,0.2636534869670868,2475.0066204963696
107.87487999999536,51,D#3,1162.5906982421875,0.2636534869670868,2475.0066204963696
107.87487999999536,58,A#3,1162.5906982421875,0.2636534869670868,2475.0066204963696
107.87931199999535,46,A#2,1162.5906982421875,0.2636534869670868,2475.0066204963696
107.88817599999535,53,F3,1191.29296875,0.24240009486675262,2535.782997889547
107.90147199999535,58,A#3,1191.29296875,0.24240009486675262,2535.782997889547
108.06545599999535,41,F2,1177.8531494140625,0.24049901962280273,2943.4527881781514
108.07431999999535,49,C#3,1177.614013671875,0.24413520097732544,2943.1263196164205
108.07431999999535,44,G#2,1177.614013671875,0.24413520097732544,2943.1263196164205
108.07875199999535,35,B1,1177.614013671875,0.24413520097732544,2943.1263196164205
108.25159999999534,78,F#5,1045.3167724609375,0.24013297259807587,2827.2384907364694
108.27819199999533,34,A#1,1043.66357421875,0.23593388497829437,2731.190676280521
108.27819199999533,46,A#2,1043.66357421875,0.23593388497829437,2731.190676280521
108.28705599999533,53,F3,1047.09130859375,0.23304802179336548,2604.9068814259585
108.30035199999533,58,A#3,1047.09130859375,0.23304802179336548,2604.9068814259585
108.46433599999533,80,G#5,1048.7786865234375,0.25611260533332825,3266.2708422797286
108.48649599999531,46,A#2,1048.7786865234375,0.25611260533332825,3266.2708422797286
108.49092799999531,53,F3,1164.61767578125,0.2347237765789032,2984.537618796937
108.49092799999531,58,A#3,1164.61767578125,0.2347237765789032,2984.537618796937
108.49092799999531,34,A#1,1164.61767578125,0.2347237765789032,2984.537618796937
108.4953599999953,44,G#2,1164.61767578125,0.2347237765789032,2984.537618796937
108.4997919999953,38,D2,1164.61767578125,0.2347237765789032,2984.537618796937
108.4997919999953,57,A3,1164.61767578125,0.2347237765789032,2984.537618796937
108.51308799999528,54,F#3,1192.36669921875,0.22316433489322662,2878.7709843289035
108.71252799999527,46,A#2,1191.5738525390625,0.21527133882045746,2492.17231157161
108.71695999999527,53,F3,1191.5738525390625,0.21527133882045746,2492.17231157161
108.90310399999524,84,C6,1184.8609619140625,0.3160911202430725,2180.6808511142426
108.90310399999524,91,G6,1184.8609619140625,0.3160911202430725,2180.6808511142426
108.90310399999524,81,A5,1184.8609619140625,0.3160911202430725,2180.6808511142426
108.91196799999524,53,F3,1183.50927734375,0.25996243953704834,2308.876546775344
108.91639999999524,41,F2,1183.50927734375,0.25996243953704834,2308.876546775344
108.92083199999523,29,F1,1183.50927734375,0.25996243953704834,2308.876546775344
108.92526399999522,44,G#2,1183.50927734375,0.25996243953704834,2308.876546775344
108.92526399999522,48,C3,1183.50927734375,0.25996243953704834,2308.876546775344
108.92969599999522,35,B1,1183.0347900390625,0.22638779878616333,2376.067540648718
108.92969599999522,49,C#3,1183.0347900390625,0.22638779878616333,2376.067540648718
108.9385599999952,41,F2,1183.0347900390625,0.22638779878616333,2376.067540648718
108.9429919999952,57,A3,1183.0347900390625,0.22638779878616333,2376.067540648718
108.9518559999952,48,C3,1048.844482421875,0.2180728167295456,2294.811592276649
108.9562879999952,53,F3,1048.844482421875,0.2180728167295456,2294.811592276649
108.9651519999952,60,C4,1048.844482421875,0.2180728167295456,2294.811592276649
108.9828799999952,65,F4,1047.4403076171875,0.21483804285526276,2287.670759074932
109.1291359999952,29,F1,1184.930419921875,0.3074128329753876,2517.7208778744516
109.1468639999952,51,D#3,1130.7938232421875,0.30017033219337463,2438.7486870388993
109.3418719999952,29,F1,1163.1239013671875,0.32029789686203003,2989.5095440737514
109.3418719999952,41,F2,1163.1239013671875,0.32029789686203003,2989.5095440737514
109.3463039999952,38,D2,1163.1239013671875,0.32029789686203003,2989.5095440737514
109.3463039999952,48,C3,1163.1239013671875,0.32029789686203003,2989.5095440737514
109.3463039999952,44,G#2,1163.1239013671875,0.32029789686203003,2989.5095440737514
109.3507359999952,51,D#3,1173.8365478515625,0.31172990798950195,2828.366405755059
109.36403199999518,54,F#3,1173.8365478515625,0.31172990798950195,2828.366405755059
109.54131199999517,89,F6,1173.78955078125,0.20574864745140076,3333.4921313096384
109.55460799999517,41,F2,1173.78955078125,0.20574864745140076,3333.4921313096384
109.55903999999516,48,C3,1173.951171875,0.20230481028556824,3215.416489317281
109.55903999999516,29,F1,1173.951171875,0.20230481028556824,3215.416489317281
109.57676799999517,53,F3,1173.951171875,0.20230481028556824,3215.416489317281
109.58119999999516,51,D#3,1174.863525390625,0.20804156363010406,2788.1353423497403
109.76734399999516,29,F1,1107.7158203125,0.33586379885673523,2533.1267435947116
109.77620799999517,35,B1,1107.7158203125,0.33586379885673523,2533.1267435947116
109.77620799999517,44,G#2,1107.7158203125,0.33586379885673523,2533.1267435947116
109.78063999999516,51,D#3,1107.7158203125,0.33586379885673523,2533.1267435947116
109.95348799999515,78,F#5,1171.962158203125,0.27773886919021606,2835.5828084424365
109.98451199999515,29,F1,1164.614013671875,0.2666233479976654,2761.9694867675234
109.99780799999515,51,D#3,1165.237060546875,0.24338804185390472,2636.4950956378166
110.16622399999514,80,G#5,1168.6300048828125,0.3147791624069214,3203.853056482233
110.19281599999513,29,F1,1098.3131103515625,0.2909519374370575,3272.2435188623926
110.19724799999513,38,D2,1098.3131103515625,0.2909519374370575,3272.2435188623926
110.19724799999513,44,G#2,1098.3131103515625,0.2909519374370575,3272.2435188623926
110.20167999999512,51,D#3,1098.3131103515625,0.2909519374370575,3272.2435188623926
110.2149759999951,54,F#3,1129.4405517578125,0.26200011372566223,2969.490043115137
110.40998399999509,29,F1,1160.7879638671875,0.29375144839286804,2638.665860495535
110.41441599999509,41,F2,1160.7879638671875,0.29375144839286804,2638.665860495535
110.42327999999507,48,C3,1196.135986328125,0.2940796911716461,2672.9245587260484
110.43214399999506,51,D#3,1196.135986328125,0.2940796911716461,2672.9245587260484
110.59169599999507,78,F#5,1169.7720947265625,0.3099974989891052,2342.645480471644
110.59612799999506,58,A#3,1169.7720947265625,0.3099974989891052,2342.645480471644
110.60499199999506,86,D6,1168.026123046875,0.3077971339225769,2788.673314245605
110.60942399999506,89,F6,1168.026123046875,0.3077971339225769,2788.673314245605
110.60942399999506,82,A#5,1168.026123046875,0.3077971339225769,2788.673314245605
110.61828799999506,34,A#1,1168.026123046875,0.3077971339225769,2788.673314245605
110.61828799999506,46,A#2,1168.026123046875,0.3077971339225769,2788.673314245605
110.62271999999506,53,F3,1168.026123046875,0.3077971339225769,2788.673314245605
110.62715199999505,44,G#2,1170.964111328125,0.27140384912490845,3076.8728822413486
110.63158399999504,46,A#2,1170.964111328125,0.27140384912490845,3076.8728822413486
110.63158399999504,35,B1,1170.964111328125,0.27140384912490845,3076.8728822413486
110.63601599999504,51,D#3,1170.964111328125,0.27140384912490845,3076.8728822413486
110.64487999999503,62,D4,1170.964111328125,0.27140384912490845,3076.8728822413486
110.65374399999502,53,F3,1191.6802978515625,0.2536972761154175,3332.8194848054386
110.65817599999501,58,A#3,1191.6802978515625,0.2536972761154175,3332.8194848054386
110.671471999995,65,F4,1191.061767578125,0.2370654046535492,3400.983071850418
110.684767999995,70,A#4,1191.061767578125,0.2370654046535492,3400.983071850418
110.804431999995,80,G#5,1194.9859619140625,0.31264200806617737,2248.463547560378
110.831023999995,34,A#1,1193.5245361328125,0.3346496820449829,2204.4798139260774
110.853183999995,51,D#3,1161.59228515625,0.34859704971313477,2237.181531381545
111.017167999995,78,F#5,1150.19091796875,0.35200977325439453,3166.678335257077
111.04375999999499,46,A#2,1176.458984375,0.3281595706939697,3004.554462701329
111.04819199999498,34,A#1,1176.458984375,0.3281595706939697,3004.554462701329
111.04819199999498,44,G#2,1176.458984375,0.3281595706939697,3004.554462701329
111.05262399999498,38,D2,1176.458984375,0.3281595706939697,3004.554462701329
111.05262399999498,51,D#3,1176.458984375,0.3281595706939697,3004.554462701329
111.05262399999498,53,F3,1176.458984375,0.3281595706939697,3004.554462701329
111.06591999999496,54,F#3,1172.9605712890625,0.30614373087882996,2926.3995299469098
111.22990399999496,80,G#5,1055.530029296875,0.30224496126174927,2626.18199571942
111.25649599999495,46,A#2,884.385009765625,0.2979756295681,2677.839623074213
111.26092799999495,34,A#1,884.385009765625,0.2979756295681,2677.839623074213
111.26535999999494,53,F3,884.385009765625,0.2979756295681,2677.839623074213
111.27865599999494,51,D#3,1157.1611328125,0.30581358075141907,2599.0417199727963
111.27865599999494,58,A#3,1157.1611328125,0.30581358075141907,2599.0417199727963
111.47366399999493,34,A#1,1184.6439208984375,0.3828146755695343,2454.859938563213
111.47366399999493,44,G#2,1184.6439208984375,0.3828146755695343,2454.859938563213
111.47809599999492,35,B1,1184.6439208984375,0.3828146755695343,2454.859938563213
111.48252799999491,51,D#3,1184.6439208984375,0.3828146755695343,2454.859938563213
111.6553759999949,78,F#5,1173.8331298828125,0.3155425190925598,2740.479111170055
111.6819679999949,34,A#1,1172.724853515625,0.3450862169265747,2570.092307722974
111.6908319999949,35,B1,1172.724853515625,0.3450862169265747,2570.092307722974
111.6996959999949,51,D#3,1174.8248291015625,0.3734017014503479,2448.397799841642
111.89470399999489,34,A#1,1183.308349609375,0.2877948582172394,3557.327797052186
111.89913599999488,44,G#2,1183.308349609375,0.2877948582172394,3557.327797052186
111.89913599999488,38,D2,1183.308349609375,0.2877948582172394,3557.327797052186
111.90356799999488,51,D#3,1049.097900390625,0.2881251573562622,3265.705942536012
111.91243199999487,54,F#3,1049.097900390625,0.2881251573562622,3265.705942536012
112.08084799999486,80,G#5,1173.769287109375,0.1989433616399765,2656.468035071317
112.10743999999485,34,A#1,1197.30517578125,0.20678696036338806,2559.2278279696384
112.11630399999486,46,A#2,1192.54052734375,0.22113628685474396,2520.6131186243683
112.12516799999486,53,F3,1192.54052734375,0.22113628685474396,2520.6131186243683
112.13403199999486,51,D#3,1193.22216796875,0.22540077567100525,2509.016020457679
112.29358399999485,60,C4,1174.048583984375,0.2692801058292389,2266.3939727471493
112.30687999999485,91,G6,1180.3751220703125,0.2771950364112854,2278.0803468103472
112.30687999999485,89,F6,1180.3751220703125,0.2771950364112854,2278.0803468103472
112.31131199999484,84,C6,1180.3751220703125,0.2771950364112854,2278.0803468103472
112.31574399999484,65,F4,1180.3751220703125,0.2771950364112854,2278.0803468103472
112.32017599999483,48,C3,1176.7698974609375,0.2965988516807556,2304.480917675514
112.32460799999483,36,C2,1176.7698974609375,0.2965988516807556,2304.480917675514
112.32460799999483,44,G#2,1176.7698974609375,0.2965988516807556,2304.480917675514
112.32903999999482,67,G4,1176.7698974609375,0.2965988516807556,2304.480917675514
112.32903999999482,57,A3,1176.7698974609375,0.2965988516807556,2304.480917675514
112.33347199999481,35,B1,1176.7698974609375,0.2965988516807556,2304.480917675514
112.33347199999481,55,G3,1176.7698974609375,0.2965988516807556,2304.480917675514
112.33790399999481,48,C3,1176.7698974609375,0.2965988516807556,2304.480917675514
112.3511999999948,55,G3,1178.7078857421875,0.28459951281547546,2330.542513744131
112.36006399999481,60,C4,1178.7078857421875,0.28459951281547546,2330.542513744131
112.3644959999948,72,C5,1178.7078857421875,0.28459951281547546,2330.542513744131
112.5329119999948,36,C2,1152.8758544921875,0.2839556932449341,2762.866825510303
112.5550719999948,51,D#3,1194.9451904296875,0.31790056824684143,2484.313652271673
112.7190559999948,78,F#5,1171.69580078125,0.32474836707115173,2699.1416393521895
112.74564799999479,48,C3,1166.72900390625,0.3206962049007416,3074.870387231671
112.75007999999478,44,G#2,1166.72900390625,0.3206962049007416,3074.870387231671
112.75007999999478,36,C2,1166.72900390625,0.3206962049007416,3074.870387231671
112.75451199999478,51,D#3,1166.72900390625,0.3206962049007416,3074.870387231671
112.75451199999478,55,G3,1166.72900390625,0.3206962049007416,3074.870387231671
112.75451199999478,38,D2,1166.72900390625,0.3206962049007416,3074.870387231671
112.76337599999476,54,F#3,1193.5899658203125,0.3224480152130127,3149.55231896282
112.95395199999476,48,C3,1177.78173828125,0.2942669689655304,2550.8494690240677
112.96281599999475,36,C2,1177.78173828125,0.2942669689655304,2550.8494690240677
112.96724799999474,55,G3,1177.78173828125,0.2942669689655304,2550.8494690240677
112.98054399999474,60,C4,1049.9700927734375,0.32954835891723633,2480.0428140297518
112.98497599999473,51,D#3,1049.9700927734375,0.32954835891723633,2480.0428140297518
113.17555199999472,36,C2,1185.541015625,0.3369627296924591,2427.6246607487524
113.17555199999472,44,G#2,1185.541015625,0.3369627296924591,2427.6246607487524
113.17998399999472,35,B1,1053.2593994140625,0.35682663321495056,2356.29942433102
113.18441599999471,51,D#3,1053.2593994140625,0.35682663321495056,2356.29942433102
113.38385599999471,36,C2,1176.704833984375,0.2670271694660187,2715.347819911796
113.40601599999471,51,D#3,1185.244873046875,0.2867395877838135,2603.353121380487
113.5699999999947,78,F#5,1173.8809814453125,0.37048813700675964,2632.8247977213177
113.5965919999947,36,C2,1183.3724365234375,0.368385374546051,3127.15424802603
113.6010239999947,44,G#2,1183.3724365234375,0.368385374546051,3127.15424802603
113.6010239999947,38,D2,1183.3724365234375,0.368385374546051,3127.15424802603
113.60545599999469,51,D#3,1183.3724365234375,0.368385374546051,3127.15424802603
113.61431999999468,54,F#3,1183.3724365234375,0.368385374546051,3127.15424802603
113.78273599999467,80,G#5,1032.9029541015625,0.3542519509792328,2565.0892496087895
113.81819199999467,48,C3,1032.3011474609375,0.33983904123306274,2478.4533265359346
113.82705599999467,55,G3,1032.3011474609375,0.33983904123306274,2478.4533265359346
113.83591999999467,51,D#3,817.8971557617188,0.31259188055992126,2523.013939916666
113.98660799999466,60,C4,1179.752197265625,0.3579752743244171,2446.7122427369363
114.00433599999467,88,E6,1183.359130859375,0.36978524923324585,2441.9444630145163
114.02206399999467,48,C3,1185.9691162109375,0.40134885907173157,2755.994934371728
114.02649599999467,48,C3,1185.9691162109375,0.40134885907173157,2755.994934371728
114.03092799999466,55,G3,1185.9691162109375,0.40134885907173157,2755.994934371728
114.03092799999466,44,G#2,1185.9691162109375,0.40134885907173157,2755.994934371728
114.03535999999465,35,B1,1185.9691162109375,0.40134885907173157,2755.994934371728
114.03535999999465,49,C#3,1185.9691162109375,0.40134885907173157,2755.994934371728
114.03979199999465,64,E4,1049.5462646484375,0.4053570032119751,2306.142834838717
114.04422399999464,60,C4,1049.5462646484375,0.4053570032119751,2306.142834838717
114.06195199999465,67,G4,1053.1693115234375,0.39419540762901306,1952.4791815637286
114.09740799999464,72,C5,1174.9732666015625,0.37820953130722046,1983.67951174618
114.23479999999465,48,C3,1175.5615234375,0.3267078399658203,2455.5518906621305
114.25695999999465,51,D#3,1181.6876220703125,0.3349674940109253,2283.189394953147
114.42094399999465,78,F#5,1175.670166015625,0.360284686088562,1998.3918064209836
114.44753599999464,48,C3,1172.3544921875,0.4132794737815857,2339.072633651615
114.45196799999464,38,D2,1172.3544921875,0.4132794737815857,2339.072633651615
114.45196799999464,48,C3,1172.3544921875,0.4132794737815857,2339.072633651615
114.45196799999464,44,G#2,1172.3544921875,0.4132794737815857,2339.072633651615
114.45639999999463,51,D#3,1165.9351806640625,0.45053574442863464,2553.3612648219423
114.46526399999462,55,G3,1165.9351806640625,0.45053574442863464,2553.3612648219423
114.46969599999461,54,F#3,1165.9351806640625,0.45053574442863464,2553.3612648219423
114.6558399999946,48,C3,1190.17822265625,0.35690492391586304,1960.223195423222
114.66027199999459,48,C3,1190.17822265625,0.35690492391586304,1960.223195423222
114.66470399999459,55,G3,1038.840576171875,0.3667842745780945,1806.7107684090593
114.68243199999459,51,D#3,1038.840576171875,0.3667842745780945,1806.7107684090593
114.68243199999459,60,C4,1038.840576171875,0.3667842745780945,1806.7107684090593
114.8730079999946,43,G2,1175.07177734375,0.29295581579208374,2620.530104011168
114.87743999999459,48,C3,1175.07177734375,0.29295581579208374,2620.530104011168
114.88187199999459,35,B1,1175.07177734375,0.29295581579208374,2620.530104011168
114.88187199999459,45,A2,1175.07177734375,0.29295581579208374,2620.530104011168
115.05915199999457,80,G#5,1186.191162109375,0.2506425976753235,3352.5414579836142
115.08131199999457,43,G2,1186.191162109375,0.2506425976753235,3352.5414579836142
115.09017599999456,48,C3,1177.355712890625,0.24887901544570923,3277.488524398262
115.09017599999456,45,A2,1177.355712890625,0.24887901544570923,3277.488524398262
115.09460799999455,35,B1,1177.355712890625,0.24887901544570923,3277.488524398262
115.29847999999456,43,G2,1185.2987060546875,0.21990109980106354,2917.4443976681073
115.29847999999456,48,C3,1185.2987060546875,0.21990109980106354,2917.4443976681073
115.30291199999455,45,A2,1185.2987060546875,0.21990109980106354,2917.4443976681073
115.30734399999454,35,B1,1185.2987060546875,0.21990109980106354,2917.4443976681073
115.32063999999454,54,F#3,1174.978271484375,0.22939397394657135,2874.001068540467
115.35609599999452,54,F#3,1173.9261474609375,0.2401825487613678,2750.54850637495
115.36939199999452,59,B3,1174.105712890625,0.25199294090270996,2557.72920158958
115.37825599999452,53,F3,1174.105712890625,0.25199294090270996,2557.72920158958
115.3959839999945,58,A#3,1173.101318359375,0.2536756694316864,2466.107291914037
115.4004159999945,52,E3,1173.101318359375,0.2536756694316864,2466.107291914037
115.42257599999449,51,D#3,1176.117919921875,0.2509688436985016,2477.662258539763
115.44473599999449,50,D3,1183.219482421875,0.2441532015800476,2453.0107835256636
115.45803199999449,57,A3,1174.1287841796875,0.23533914983272552,2450.1875058444
115.46246399999448,56,G#3,1174.1287841796875,0.23533914983272552,2450.1875058444
115.49791999999448,49,C#3,1173.43212890625,0.23825447261333466,2493.735263961754
115.50235199999447,55,G3,1170.17822265625,0.2340507209300995,2452.7184384234133
115.51121599999448,54,F#3,1170.17822265625,0.2340507209300995,2452.7184384234133
115.54223999999448,47,B2,1171.869873046875,0.23345929384231567,2500.270199067522
115.54667199999447,53,F3,1172.5230712890625,0.22999215126037598,2647.337964418068
115.57769599999448,52,E3,1173.5819091796875,0.22483986616134644,2628.9133539742834
115.58655999999448,46,A#2,1173.5819091796875,0.22483986616134644,2628.9133539742834
115.60871999999448,51,D#3,1172.0369873046875,0.22949273884296417,2638.704125731166
115.62201599999447,50,D3,1173.64794921875,0.23015713691711426,2520.3442358724287
115.62644799999447,45,A2,1173.64794921875,0.23015713691711426,2520.3442358724287
115.64417599999447,48,C3,1174.1878662109375,0.24047502875328064,2439.357924120073
115.64417599999447,49,C#3,1174.1878662109375,0.24047502875328064,2439.357924120073
115.66633599999446,44,G#2,1172.2308349609375,0.24196185171604156,2365.9698107584873
115.68849599999446,43,G2,1172.065185546875,0.24063190817832947,2330.3914864388307
115.72395199999444,76,E5,1176.6451416015625,0.23577004671096802,2378.2145173985937
115.72395199999444,26,D1,1176.6451416015625,0.23577004671096802,2378.2145173985937
115.73281599999443,49,C#3,1182.2430419921875,0.22500817477703094,2316.215910992626
115.73724799999442,50,D3,1182.2430419921875,0.22500817477703094,2316.215910992626
115.73724799999442,35,B1,1182.2430419921875,0.22500817477703094,2316.215910992626
115.7505439999944,64,E4,1182.2430419921875,0.22500817477703094,2316.215910992626
115.7549759999944,57,A3,1182.2430419921875,0.22500817477703094,2316.215910992626
115.7549759999944,50,D3,1182.2430419921875,0.22500817477703094,2316.215910992626
115.94111999999438,74,D5,1173.301513671875,0.23073583841323853,2085.8969103473773
115.95441599999438,62,D4,1173.301513671875,0.23073583841323853,2085.8969103473773
116.14055999999438,69,A4,1172.68798828125,0.23779155313968658,2025.9103683307285
116.16715199999437,57,A3,1184.26318359375,0.23642678558826447,2097.4365772637243
116.35772799999437,78,F#5,1175.463134765625,0.2507413625717163,2162.5353265444137
116.37102399999436,66,F#4,1177.893310546875,0.24331046640872955,2162.0351216770473
116.57932799999436,74,D5,1180.822998046875,0.21740205585956573,2035.7346369284103
116.59262399999436,62,D4,1177.2034912109375,0.20974870026111603,2060.6607235541096
116.76990399999436,69,A4,1184.071533203125,0.20390473306179047,2061.3028569781272
116.79649599999435,57,A3,1180.8193359375,0.20298892259597778,1972.0673886840236
116.99593599999434,79,G5,1172.6046142578125,0.21812449395656586,2258.305643322631
117.00036799999434,67,G4,1172.6046142578125,0.21812449395656586,2258.305643322631
117.21310399999435,74,D5,1173.193359375,0.21648283302783966,2206.238812678088
117.21753599999434,62,D4,1173.193359375,0.21648283302783966,2206.238812678088
117.42583999999434,69,A4,1174.9173583984375,0.1989220678806305,2013.5130339627372
117.44356799999433,57,A3,1175.837158203125,0.19990839064121246,1972.5245145015288
117.63857599999433,66,F#4,1174.1888427734375,0.22676023840904236,2139.54533593872
117.65187199999433,78,F#5,1174.1888427734375,0.22676023840904236,2139.54533593872
117.85131199999432,74,D5,1178.260009765625,0.1927388310432434,2151.2618652306337
117.85131199999432,62,D4,1178.260009765625,0.1927388310432434,2151.2618652306337
118.06404799999433,69,A4,1067.4354248046875,0.32860931754112244,2227.4098694546647
118.09507199999433,57,A3,1107.4593505859375,0.31524455547332764,2177.6730705523523
118.26791999999433,76,E5,1100.62939453125,0.2242954820394516,1880.615979176308
118.27678399999432,64,E4,1100.62939453125,0.2242954820394516,1880.615979176308
118.48508799999432,69,A4,1162.885009765625,0.2314462959766388,3624.895309980942
118.50281599999433,57,A3,1168.605224609375,0.24294033646583557,3638.2626346049456
118.69339199999433,78,F#5,1161.056884765625,0.2120061069726944,3495.2505699438725
118.70225599999434,66,F#4,1161.056884765625,0.2120061069726944,3495.2505699438725
118.70668799999433,30,F#1,1163.1470947265625,0.21118132770061493,3554.628469445596
118.91499199999433,31,G1,1162.3131103515625,0.2064175009727478,2754.691694076587
118.91499199999433,69,A4,1162.3131103515625,0.2064175009727478,2754.691694076587
119.11886399999433,71,B4,1161.62255859375,0.2266177088022232,2644.0676484460455
119.13215999999433,49,C#3,1160.3465576171875,0.21491731703281403,2680.6367106811276
119.13215999999433,33,A1,1160.3465576171875,0.21491731703281403,2680.6367106811276
119.13659199999432,45,A2,1160.3465576171875,0.21491731703281403,2680.6367106811276
119.13659199999432,57,A3,1160.3465576171875,0.21491731703281403,2680.6367106811276
119.14102399999432,35,B1,1160.3465576171875,0.21491731703281403,2680.6367106811276
119.14102399999432,59,B3,1160.3465576171875,0.21491731703281403,2680.6367106811276
119.14545599999431,54,F#3,1160.3287353515625,0.20783698558807373,2733.783562403684
119.1498879999943,45,A2,1160.3287353515625,0.20783698558807373,2733.783562403684
119.1631839999943,52,E3,1160.3287353515625,0.20783698558807373,2733.783562403684
119.33159999999431,69,A4,1159.8402099609375,0.21610821783542633,2384.374786963918
119.3581919999943,57,A3,1160.9698486328125,0.2203509658575058,2374.190362812053
119.5531999999943,64,E4,1159.61083984375,0.2044813632965088,2272.6983862498055
119.56206399999431,52,E3,1159.61083984375,0.2044813632965088,2272.6983862498055
119.7526399999943,73,C#5,1160.0189208984375,0.22128549218177795,2265.171742043258
119.7659359999943,61,C#4,1160.0189208984375,0.22128549218177795,2265.171742043258
119.9786719999943,69,A4,1178.2227783203125,0.19919200241565704,2271.9319478086777
119.98753599999431,57,A3,1192.24658203125,0.19587893784046173,2222.8797992896325
120.1825439999943,64,E4,1152.2855224609375,0.1985878199338913,2124.0471448450626
120.1914079999943,52,E3,1163.1246337890625,0.19435454905033112,2074.6874410224777
120.3997119999943,74,D5,1157.6673583984375,0.21361258625984192,2361.567853600518
120.40414399999429,62,D4,1157.6673583984375,0.21361258625984192,2361.567853600518
120.61687999999428,52,E3,1154.5250244140625,0.20082597434520721,2153.7846390927293
120.61687999999428,69,A4,1154.5250244140625,0.20082597434520721,2153.7846390927293
120.83404799999428,64,E4,1160.9722900390625,0.19480668008327484,2059.3594495647685
120.83847999999428,57,A3,1160.9722900390625,0.19480668008327484,2059.3594495647685
121.04235199999427,61,C#4,1158.4251708984375,0.20209866762161255,2284.4110286361715
121.06451199999427,73,C#5,1163.8160400390625,0.2034282237291336,2246.860579652261
121.25508799999426,69,A4,989.03271484375,0.29672005772590637,1857.5044701764343
121.26395199999426,52,E3,990.2012939453125,0.27464234828948975,1798.3867773292568
121.46339199999426,64,E4,1100.0155029296875,0.37384554743766785,2057.4426219283814
121.48111999999426,57,A3,1106.380859375,0.3248403072357178,1843.79804079359
121.66283199999427,71,B4,880.1361083984375,0.27107951045036316,1656.3005226618393
121.67169599999427,59,B3,880.1361083984375,0.27107951045036316,1656.3005226618393
121.88443199999428,52,E3,884.4949340820312,0.3205389976501465,3466.12768468686
121.88886399999427,45,A2,1171.9937744140625,0.3045102655887604,3619.318264293266
121.88886399999427,64,E4,1171.9937744140625,0.3045102655887604,3619.318264293266
121.90215999999427,43,G2,1171.9937744140625,0.3045102655887604,3619.318264293266
121.90215999999427,35,B1,1171.9937744140625,0.3045102655887604,3619.318264293266
122.09716799999427,73,C#5,1172.20458984375,0.23763126134872437,3474.878258380042
122.09716799999427,61,C#4,1172.20458984375,0.23763126134872437,3474.878258380042
122.11046399999427,45,A2,1172.20458984375,0.23763126134872437,3474.878258380042
122.11489599999426,35,B1,1172.20458984375,0.23763126134872437,3474.878258380042
122.12375999999426,43,G2,1168.3636474609375,0.2424609363079071,3391.2902897022886
122.31876799999426,52,E3,1173.193115234375,0.2235228270292282,2994.5133496357944
122.53150399999426,26,D1,1170.3421630859375,0.2507295608520508,2882.3878631614543
122.53150399999426,76,E5,1170.3421630859375,0.2507295608520508,2882.3878631614543
122.54036799999425,50,D3,1113.5074462890625,0.24442030489444733,2630.307904833339
122.54036799999425,57,A3,1113.5074462890625,0.24442030489444733,2630.307904833339
122.54479999999424,35,B1,1113.5074462890625,0.24442030489444733,2630.307904833339
122.54923199999423,49,C#3,1113.5074462890625,0.24442030489444733,2630.307904833339
122.54923199999423,64,E4,1113.5074462890625,0.24442030489444733,2630.307904833339
122.55366399999423,54,F#3,1113.5074462890625,0.24442030489444733,2630.307904833339
122.55366399999423,50,D3,1113.5074462890625,0.24442030489444733,2630.307904833339
122.55809599999422,57,A3,1113.5074462890625,0.24442030489444733,2630.307904833339
122.75310399999422,74,D5,1185.827880859375,0.2379797399044037,2493.6618675781315
122.75753599999422,62,D4,1185.827880859375,0.2379797399044037,2493.6618675781315
122.94811199999421,69,A4,1170.9364013671875,0.2083849310874939,2362.0179382835663
122.97027199999421,57,A3,1171.02490234375,0.20873817801475525,2311.6661291796872
123.16527999999421,78,F#5,1173.1962890625,0.22365334630012512,2587.02835369883
123.17857599999421,66,F#4,1173.1962890625,0.22365334630012512,2587.02835369883
123.3868799999942,74,D5,1185.794189453125,0.20320257544517517,2435.934124533461
123.40460799999421,62,D4,1173.8236083984375,0.20913098752498627,2371.787581932906
123.57745599999421,69,A4,1179.79541015625,0.2061663269996643,2282.9924355072835
123.59961599999421,57,A3,1176.5623779296875,0.2151818871498108,2322.857923917044
123.80791999999421,67,G4,1183.1302490234375,0.22116465866565704,2434.260627872197
123.80791999999421,79,G5,1183.1302490234375,0.22116465866565704,2434.260627872197
124.0206559999942,74,D5,1169.6392822265625,0.20942750573158264,2480.266258781501
124.0250879999942,62,D4,1172.009521484375,0.20811599493026733,2413.0947388610684
124.21566399999419,69,A4,1179.28759765625,0.23600342869758606,2119.9475386471013
124.2555519999942,57,A3,1171.039306640625,0.2141208052635193,2235.266084846461
124.44612799999419,66,F#4,1171.2889404296875,0.21631202101707458,2679.0284928692477
124.45942399999419,78,F#5,1171.2889404296875,0.21631202101707458,2679.0284928692477
124.65886399999418,62,D4,1170.5467529296875,0.2031901776790619,2304.692283425079
124.65886399999418,74,D5,1170.5467529296875,0.2031901776790619,2304.692283425079
124.8760319999942,69,A4,1166.13818359375,0.22853247821331024,2472.109054066021
124.8981919999942,57,A3,1170.8748779296875,0.21928386390209198,2392.296782160579
125.0754719999942,76,E5,1180.849365234375,0.17620058357715607,2478.5646179030045
125.0887679999942,64,E4,1180.849365234375,0.17620058357715607,2478.5646179030045
125.3059359999942,57,A3,1171.2706298828125,0.3413931429386139,2782.2293573233346
125.3059359999942,69,A4,1171.2706298828125,0.3413931429386139,2782.2293573233346
125.4965119999942,78,F#5,1162.2183837890625,0.22771534323692322,3315.1390896374905
125.5098079999942,66,F#4,1162.8673095703125,0.21826119720935822,3359.5921265605666
125.5098079999942,30,F#1,1162.8673095703125,0.21826119720935822,3359.5921265605666
125.71811199999419,69,A4,1162.88720703125,0.2178448736667633,3024.641823097069
125.72254399999419,31,G1,1162.88720703125,0.2178448736667633,3024.641823097069
125.75799999999418,54,F#3,1161.9676513671875,0.2148924320936203,2962.0398234245804
125.85550399999417,54,F#3,1160.9053955078125,0.2115703672170639,2870.199280545309
125.92641599999418,71,B4,1162.65625,0.35927489399909973,2942.5716162873478
125.93527999999417,49,C#3,1162.65625,0.35927489399909973,2942.5716162873478
125.93971199999416,45,A2,1162.65625,0.35927489399909973,2942.5716162873478
125.93971199999416,33,A1,1162.65625,0.35927489399909973,2942.5716162873478
125.94414399999415,57,A3,1162.65625,0.35927489399909973,2942.5716162873478
125.94414399999415,59,B3,1162.65625,0.35927489399909973,2942.5716162873478
125.94857599999415,45,A2,1162.65625,0.35927489399909973,2942.5716162873478
125.94857599999415,35,B1,1162.65625,0.35927489399909973,2942.5716162873478
125.95300799999414,54,F#3,992.184814453125,0.38864296674728394,2706.5518171011818
125.97516799999414,52,E3,1113.510986328125,0.4013487994670868,2240.3036492960346
126.13471999999415,69,A4,1157.37353515625,0.26863130927085876,2236.0509522484804
126.16574399999415,57,A3,1159.4947509765625,0.25396305322647095,2309.9473624266784
126.36075199999415,64,E4,1161.754638671875,0.297852098941803,3169.360340334676
126.36961599999415,52,E3,1159.781982421875,0.34857720136642456,2777.963342207736
126.56019199999415,45,A2,996.5317993164062,0.23767036199569702,2054.978414203097
126.56019199999415,73,C#5,996.5317993164062,0.23767036199569702,2054.978414203097
126.57348799999414,61,C#4,996.5317993164062,0.23767036199569702,2054.978414203097
126.57791999999414,45,A2,1176.4774169921875,0.23285077512264252,2334.8610136388556
126.58235199999413,35,B1,1176.4774169921875,0.23285077512264252,2334.8610136388556
126.59121599999412,38,D2,1176.4774169921875,0.23285077512264252,2334.8610136388556
126.79065599999412,69,A4,1162.03125,0.2711195647716522,3028.111454917209
126.79508799999411,57,A3,1162.03125,0.2711195647716522,3028.111454917209
126.99009599999411,64,E4,1173.98095703125,0.20794741809368134,2035.2760504323003
126.9945279999941,45,A2,1192.037841796875,0.20981931686401367,2040.0285909365402
126.9989599999941,52,E3,1192.037841796875,0.20981931686401367,2040.0285909365402
127.0033919999941,45,A2,1192.037841796875,0.20981931686401367,2040.0285909365402
127.00782399999409,35,B1,1192.037841796875,0.20981931686401367,2040.0285909365402
127.01225599999408,38,D2,1192.037841796875,0.20981931686401367,2040.0285909365402
127.20283199999406,74,D5,1162.4183349609375,0.2737717032432556,3224.654951705311
127.21169599999406,62,D4,1162.4183349609375,0.2737717032432556,3224.654951705311
127.40227199999406,47,B2,1188.0223388671875,0.2265356332063675,2475.7744693676996
127.42443199999406,69,A4,1184.796875,0.2652556896209717,2372.3891265134553
127.42886399999405,52,E3,1184.796875,0.2652556896209717,2372.3891265134553
127.43329599999404,47,B2,1184.796875,0.2652556896209717,2372.3891265134553
127.43329599999404,35,B1,1184.796875,0.2652556896209717,2372.3891265134553
127.44215999999405,38,D2,1141.7969970703125,0.2798425555229187,2091.0952103370423
127.65046399999405,57,A3,1130.3857421875,0.2506274878978729,1830.8442898555413
127.65046399999405,64,E4,1130.3857421875,0.2506274878978729,1830.8442898555413
127.83660799999404,38,D2,1173.5262451171875,0.22333669662475586,2908.070364045002
127.84547199999405,61,C#4,1173.5262451171875,0.22333669662475586,2908.070364045002
127.85433599999403,37,C#2,1200.103515625,0.26400506496429443,3343.0739928826806
127.85876799999403,38,D2,1200.103515625,0.26400506496429443,3343.0739928826806
127.86763199999403,54,F#3,1200.103515625,0.26400506496429443,3343.0739928826806
127.86763199999403,73,C#5,1200.103515625,0.26400506496429443,3343.0739928826806
128.06263999999402,69,A4,1158.0006103515625,0.24748143553733826,2347.3796815223513
128.06263999999402,33,A1,1158.0006103515625,0.24748143553733826,2347.3796815223513
128.071503999994,52,E3,1158.0006103515625,0.24748143553733826,2347.3796815223513
128.071503999994,35,B1,1158.0006103515625,0.24748143553733826,2347.3796815223513
128.266511999994,64,E4,1155.0880126953125,0.2741395831108093,2286.5484707738024
128.27537599999403,35,B1,1157.4527587890625,0.3605949282646179,3074.653986276662
128.284239999994,35,B1,1157.4527587890625,0.3605949282646179,3074.653986276662
128.293103999994,57,A3,1157.4527587890625,0.3605949282646179,3074.653986276662
128.47038399999403,71,B4,1171.76611328125,0.25829848647117615,2180.372440126454
128.47038399999403,38,D2,1171.76611328125,0.25829848647117615,2180.372440126454
128.48367999999402,59,B3,1175.5889892578125,0.2415180504322052,2045.7888633365926
128.48811199999403,37,C#2,1175.5889892578125,0.2415180504322052,2045.7888633365926
128.49254399999404,38,D2,1175.5889892578125,0.2415180504322052,2045.7888633365926
128.51027199999405,54,F#3,1110.16650390625,0.23040184378623962,2115.8089929193616
128.69198399999405,52,E3,1199.44482421875,0.2757958173751831,2224.1848216068493
128.69641599999406,64,E4,1199.44482421875,0.2757958173751831,2224.1848216068493
128.70527999999408,33,A1,1199.44482421875,0.2757958173751831,2224.1848216068493
128.70971199999408,35,B1,1199.44482421875,0.2757958173751831,2224.1848216068493
128.90471999999406,73,C#5,1106.1036376953125,0.23945774137973785,3227.106949933409
128.90471999999406,61,C#4,1106.1036376953125,0.23945774137973785,3227.106949933409
128.91358399999407,31,G1,1106.1036376953125,0.23945774137973785,3227.106949933409
128.91358399999407,38,D2,1106.1036376953125,0.23945774137973785,3227.106949933409
128.93574399999406,45,A2,1182.96044921875,0.23906004428863525,3359.0646282432613
128.93574399999406,54,F#3,1182.96044921875,0.23906004428863525,3359.0646282432613
129.12631999999408,28,E1,1167.8558349609375,0.22774100303649902,2926.8704138710964
129.12631999999408,52,E3,1167.8558349609375,0.22774100303649902,2926.8704138710964
129.24598399999408,50,D3,1171.2921142578125,0.23341181874275208,2967.1049421809166
129.30803199999409,54,F#3,1183.14990234375,0.22396951913833618,2659.901089152405
129.3346239999941,50,D3,1178.12744140625,0.2122463434934616,2695.8687766417256
129.33905599999412,26,D1,1179.226318359375,0.2229418158531189,2622.346322086725
129.34348799999412,76,E5,1179.226318359375,0.2229418158531189,2622.346322086725
129.34791999999413,57,A3,1179.226318359375,0.2229418158531189,2622.346322086725
129.34791999999413,49,C#3,1179.226318359375,0.2229418158531189,2622.346322086725
129.35235199999414,35,B1,1179.226318359375,0.2229418158531189,2622.346322086725
129.35678399999415,50,D3,1179.226318359375,0.2229418158531189,2622.346322086725
129.36121599999416,64,E4,1179.226318359375,0.2229418158531189,2622.346322086725
129.36121599999416,57,A3,1179.226318359375,0.2229418158531189,2622.346322086725
129.36564799999417,50,D3,1178.0677490234375,0.24820882081985474,2584.627193265973
129.37007999999418,62,D4,1178.0677490234375,0.24820882081985474,2584.627193265973
129.37451199999418,50,D3,1178.0677490234375,0.24820882081985474,2584.627193265973
129.37451199999418,57,A3,1178.0677490234375,0.24820882081985474,2584.627193265973
129.3789439999942,57,A3,1178.0677490234375,0.24820882081985474,2584.627193265973
129.3789439999942,62,D4,1178.0677490234375,0.24820882081985474,2584.627193265973
129.3789439999942,57,A3,1178.0677490234375,0.24820882081985474,2584.627193265973
129.38780799999418,62,D4,1178.0177001953125,0.27656033635139465,2573.3954519000204
129.4365599999942,66,F#4,1171.7830810546875,0.29747843742370605,2487.7446645222303
129.55179199999418,62,D4,1165.1795654296875,0.2742706537246704,2408.609583634598
129.55179199999418,50,D3,1165.1795654296875,0.2742706537246704,2408.609583634598
129.5562239999942,26,D1,1165.1795654296875,0.2742706537246704,2408.609583634598
129.5562239999942,57,A3,1165.1795654296875,0.2742706537246704,2408.609583634598
129.5650879999942,74,D5,1165.1795654296875,0.2742706537246704,2408.609583634598
129.5650879999942,50,D3,1165.1795654296875,0.2742706537246704,2408.609583634598
129.5695199999942,57,A3,1165.1795654296875,0.2742706537246704,2408.609583634598
129.5695199999942,50,D3,1165.1795654296875,0.2742706537246704,2408.609583634598
129.57395199999422,57,A3,1174.1282958984375,0.3158363699913025,2148.954300489979
129.73793599999425,78,F#5,1177.5035400390625,0.28580477833747864,2058.044883476718
129.75123199999425,69,A4,1177.5035400390625,0.28580477833747864,2058.044883476718
129.76452799999424,26,D1,1175.661865234375,0.2943696677684784,2075.905033039041
129.76452799999424,57,A3,1175.661865234375,0.2943696677684784,2075.905033039041
129.76452799999424,50,D3,1175.661865234375,0.2943696677684784,2075.905033039041
129.76895999999425,38,D2,1175.661865234375,0.2943696677684784,2075.905033039041
129.76895999999425,57,A3,1175.661865234375,0.2943696677684784,2075.905033039041
129.77782399999427,46,A#2,1175.661865234375,0.2943696677684784,2075.905033039041
129.77782399999427,50,D3,1175.661865234375,0.2943696677684784,2075.905033039041
129.78668799999429,57,A3,1171.6405029296875,0.29383358359336853,2135.518896791629
129.78668799999429,57,A3,1171.6405029296875,0.29383358359336853,2135.518896791629
129.78668799999429,50,D3,1171.6405029296875,0.29383358359336853,2135.518896791629
129.7911199999943,57,A3,1171.6405029296875,0.29383358359336853,2135.518896791629
129.95067199999434,80,G#5,1173.244384765625,0.29703378677368164,2400.020326780531
129.96839999999435,66,F#4,1175.1212158203125,0.29460692405700684,2361.827632407218
129.97283199999436,78,F#5,1175.1212158203125,0.29460692405700684,2361.827632407218
129.97726399999436,26,D1,1175.1212158203125,0.29460692405700684,2361.827632407218
129.97726399999436,50,D3,1175.1212158203125,0.29460692405700684,2361.827632407218
129.98612799999435,57,A3,1175.1212158203125,0.29460692405700684,2361.827632407218
129.99055999999436,62,D4,1171.1912841796875,0.31978312134742737,2463.7803950665398
129.99055999999436,50,D3,1171.1912841796875,0.31978312134742737,2463.7803950665398
129.99499199999437,57,A3,1171.1912841796875,0.31978312134742737,2463.7803950665398
129.99499199999437,42,F#2,1171.1912841796875,0.31978312134742737,2463.7803950665398
129.99942399999438,50,D3,1171.1912841796875,0.31978312134742737,2463.7803950665398
130.00385599999439,57,A3,1171.1912841796875,0.31978312134742737,2463.7803950665398
130.0082879999944,62,D4,1171.1912841796875,0.31978312134742737,2463.7803950665398
130.0304479999944,62,D4,1170.4041748046875,0.32531681656837463,2975.281394848351
130.18999999999443,26,D1,1185.3526611328125,0.2382778376340866,2535.1359539105933
130.19443199999444,50,D3,1185.3526611328125,0.2382778376340866,2535.1359539105933
130.19443199999444,62,D4,1185.3526611328125,0.2382778376340866,2535.1359539105933
130.19443199999444,74,D5,1185.3526611328125,0.2382778376340866,2535.1359539105933
130.19886399999444,50,D3,1164.59375,0.23407500982284546,2538.345373226227
130.19886399999444,35,B1,1164.59375,0.23407500982284546,2538.345373226227
130.19886399999444,57,A3,1164.59375,0.23407500982284546,2538.345373226227
130.20329599999445,46,A#2,1164.59375,0.23407500982284546,2538.345373226227
130.20329599999445,57,A3,1164.59375,0.23407500982284546,2538.345373226227
130.20772799999446,50,D3,1164.59375,0.23407500982284546,2538.345373226227
130.21215999999447,57,A3,1164.59375,0.23407500982284546,2538.345373226227
130.3894399999945,69,A4,1166.408935546875,0.22302360832691193,3838.181733165002
130.3983039999945,57,A3,1166.408935546875,0.22302360832691193,3838.181733165002
130.40273599999452,50,D3,1166.408935546875,0.22302360832691193,3838.181733165002
130.40716799999453,57,A3,1183.7073974609375,0.2585783004760742,4114.745913592877
130.40716799999453,26,D1,1183.7073974609375,0.2585783004760742,4114.745913592877
130.41159999999454,50,D3,1183.7073974609375,0.2585783004760742,4114.745913592877
130.41603199999454,57,A3,1183.7073974609375,0.2585783004760742,4114.745913592877
130.41603199999454,57,A3,1183.7073974609375,0.2585783004760742,4114.745913592877
130.42046399999455,42,F#2,1183.7073974609375,0.2585783004760742,4114.745913592877
130.42046399999455,50,D3,1183.7073974609375,0.2585783004760742,4114.745913592877
130.42932799999454,57,A3,1183.7073974609375,0.2585783004760742,4114.745913592877
130.58887999999456,78,F#5,1195.50146484375,0.24547427892684937,2699.983877804323
130.60217599999456,67,G4,1175.22607421875,0.2438124120235443,2762.636849293873
130.61103999999455,79,G5,1175.22607421875,0.2438124120235443,2762.636849293873
130.61547199999455,26,D1,1175.22607421875,0.2438124120235443,2762.636849293873
130.61547199999455,50,D3,1175.22607421875,0.2438124120235443,2762.636849293873
130.62433599999457,50,D3,1181.5203857421875,0.23798944056034088,2868.7574539988177
130.62433599999457,57,A3,1181.5203857421875,0.23798944056034088,2868.7574539988177
130.62433599999457,46,A#2,1181.5203857421875,0.23798944056034088,2868.7574539988177
130.62433599999457,38,D2,1181.5203857421875,0.23798944056034088,2868.7574539988177
130.62876799999458,57,A3,1181.5203857421875,0.23798944056034088,2868.7574539988177
130.6331999999946,50,D3,1181.5203857421875,0.23798944056034088,2868.7574539988177
130.6331999999946,54,F#3,1181.5203857421875,0.23798944056034088,2868.7574539988177
130.6331999999946,57,A3,1181.5203857421875,0.23798944056034088,2868.7574539988177
130.80161599999462,80,G#5,1182.5308837890625,0.2302190214395523,3135.841012701346
130.81491199999462,62,D4,1182.5308837890625,0.2302190214395523,3135.841012701346
130.8237759999946,74,D5,1182.5308837890625,0.2302190214395523,3135.841012701346
130.82820799999462,50,D3,1200.373291015625,0.23712807893753052,4043.732012024545
130.82820799999462,57,A3,1200.373291015625,0.23712807893753052,4043.732012024545
130.83263999999463,26,D1,1200.373291015625,0.23712807893753052,4043.732012024545
130.83707199999463,50,D3,1200.373291015625,0.23712807893753052,4043.732012024545
130.84150399999464,57,A3,1200.373291015625,0.23712807893753052,4043.732012024545
130.84593599999465,42,F#2,1200.373291015625,0.23712807893753052,4043.732012024545
130.84593599999465,50,D3,1200.373291015625,0.23712807893753052,4043.732012024545
130.85036799999466,57,A3,1115.4735107421875,0.289909303188324,3956.4345793933403
131.04094399999465,69,A4,1176.6949462890625,0.26805993914604187,2566.9022397033536
131.04094399999465,50,D3,1176.6949462890625,0.26805993914604187,2566.9022397033536
131.04094399999465,26,D1,1176.6949462890625,0.26805993914604187,2566.9022397033536
131.04537599999466,57,A3,1176.6949462890625,0.26805993914604187,2566.9022397033536
131.04980799999467,35,B1,1176.6949462890625,0.26805993914604187,2566.9022397033536
131.04980799999467,57,A3,1176.6949462890625,0.26805993914604187,2566.9022397033536
131.05423999999468,50,D3,1176.6949462890625,0.26805993914604187,2566.9022397033536
131.05423999999468,46,A#2,1176.6949462890625,0.26805993914604187,2566.9022397033536
131.0586719999947,57,A3,1173.9710693359375,0.28553444147109985,2599.9938410387804
131.0631039999947,50,D3,1173.9710693359375,0.28553444147109985,2599.9938410387804
131.0675359999947,57,A3,1173.9710693359375,0.28553444147109985,2599.9938410387804
131.2270879999947,78,F#5,1175.7783203125,0.242966428399086,3803.2169093402545
131.23595199999468,66,F#4,1175.7783203125,0.242966428399086,3803.2169093402545
131.2536799999947,50,D3,1175.0150146484375,0.2404598891735077,4028.004133922958
131.2581119999947,26,D1,1175.0150146484375,0.2404598891735077,4028.004133922958
131.2581119999947,57,A3,1175.0150146484375,0.2404598891735077,4028.004133922958
131.2625439999947,50,D3,1175.0150146484375,0.2404598891735077,4028.004133922958
131.2669759999947,57,A3,1174.2784423828125,0.25964459776878357,3885.2338870704866
131.2669759999947,78,F#5,1174.2784423828125,0.25964459776878357,3885.2338870704866
131.27140799999472,50,D3,1174.2784423828125,0.25964459776878357,3885.2338870704866
131.27583999999473,42,F#2,1174.2784423828125,0.25964459776878357,3885.2338870704866
131.27583999999473,57,A3,1174.2784423828125,0.25964459776878357,3885.2338870704866
131.44868799999477,62,D4,1179.4444580078125,0.26169058680534363,2740.8958988859076
131.46641599999478,74,D5,1185.8013916015625,0.2601647675037384,2701.1825909983195
131.46641599999478,50,D3,1185.8013916015625,0.2601647675037384,2701.1825909983195
131.4708479999948,57,A3,1185.8013916015625,0.2601647675037384,2701.1825909983195
131.4708479999948,26,D1,1185.8013916015625,0.2601647675037384,2701.1825909983195
131.4752799999948,38,D2,1180.0018310546875,0.25663697719573975,2748.429662446702
131.4752799999948,50,D3,1180.0018310546875,0.25663697719573975,2748.429662446702
131.4797119999948,57,A3,1180.0018310546875,0.25663697719573975,2748.429662446702
131.4797119999948,46,A#2,1180.0018310546875,0.25663697719573975,2748.429662446702
131.4841439999948,50,D3,1180.0018310546875,0.25663697719573975,2748.429662446702
131.48857599999482,57,A3,1180.0018310546875,0.25663697719573975,2748.429662446702
131.65255999999482,80,G#5,1101.43798828125,0.24940422177314758,2104.0734865486947
131.67915199999482,50,D3,1103.9588623046875,0.23380403220653534,2481.216033540105
131.67915199999482,69,A4,1103.9588623046875,0.23380403220653534,2481.216033540105
131.67915199999482,26,D1,1103.9588623046875,0.23380403220653534,2481.216033540105
131.68358399999482,57,A3,1103.9588623046875,0.23380403220653534,2481.216033540105
131.68801599999483,50,D3,1107.074951171875,0.21096494793891907,3754.04333203064
131.69244799999484,57,A3,1107.074951171875,0.21096494793891907,3754.04333203064
131.69244799999484,57,A3,1107.074951171875,0.21096494793891907,3754.04333203064
131.69687999999485,57,A3,1107.074951171875,0.21096494793891907,3754.04333203064
131.69687999999485,50,D3,1107.074951171875,0.21096494793891907,3754.04333203064
131.69687999999485,35,B1,1107.074951171875,0.21096494793891907,3754.04333203064
131.70131199999486,42,F#2,1107.074951171875,0.21096494793891907,3754.04333203064
131.87415999999493,64,E4,1115.2757568359375,0.2776687741279602,2631.086107740609
131.88302399999492,76,E5,1115.2757568359375,0.2776687741279602,2631.086107740609
131.8918879999949,26,D1,1115.2757568359375,0.2776687741279602,2631.086107740609
131.8918879999949,50,D3,1115.2757568359375,0.2776687741279602,2631.086107740609
131.89631999999492,57,A3,1113.107421875,0.2718108296394348,2598.515070881931
131.89631999999492,35,B1,1113.107421875,0.2718108296394348,2598.515070881931
131.90075199999492,50,D3,1113.107421875,0.2718108296394348,2598.515070881931
131.90518399999493,57,A3,1113.107421875,0.2718108296394348,2598.515070881931
131.90518399999493,46,A#2,1113.107421875,0.2718108296394348,2598.515070881931
131.90961599999494,50,D3,1113.107421875,0.2718108296394348,2598.515070881931
131.91847999999496,57,A3,1172.4920654296875,0.26950347423553467,2551.976954168793
132.10019199999496,69,A4,1177.92138671875,0.1979968100786209,1933.5341886219699
132.10462399999497,26,D1,1026.2093505859375,0.17843320965766907,1916.8769984062058
132.10462399999497,57,A3,1026.2093505859375,0.17843320965766907,1916.8769984062058
132.10905599999498,50,D3,1026.2093505859375,0.17843320965766907,1916.8769984062058
132.113487999995,50,D3,1026.2093505859375,0.17843320965766907,1916.8769984062058
132.113487999995,57,A3,1026.2093505859375,0.17843320965766907,1916.8769984062058
132.117919999995,57,A3,1026.2093505859375,0.17843320965766907,1916.8769984062058
132.122351999995,50,D3,1026.2093505859375,0.17843320965766907,1916.8769984062058
132.126783999995,42,F#2,1029.304931640625,0.16496305167675018,2033.353407251871
132.126783999995,57,A3,1029.304931640625,0.16496305167675018,2033.353407251871
132.29076799999496,78,F#5,1159.5308837890625,0.1777428239583969,2330.100052748581
132.29519999999496,66,F#4,1159.5308837890625,0.1777428239583969,2330.100052748581
132.30849599999496,78,F#5,1159.5308837890625,0.1777428239583969,2330.100052748581
132.31735999999495,50,D3,1185.58984375,0.17672674357891083,2263.3271508621438
132.32179199999496,31,G1,1185.58984375,0.17672674357891083,2263.3271508621438
132.32179199999496,57,A3,1185.58984375,0.17672674357891083,2263.3271508621438
132.32622399999497,38,D2,1185.58984375,0.17672674357891083,2263.3271508621438
132.32622399999497,50,D3,1185.58984375,0.17672674357891083,2263.3271508621438
132.33065599999497,62,D4,1185.58984375,0.17672674357891083,2263.3271508621438
132.33065599999497,57,A3,1185.58984375,0.17672674357891083,2263.3271508621438
132.33065599999497,46,A#2,1185.58984375,0.17672674357891083,2263.3271508621438
132.33508799999498,54,F#3,1155.3460693359375,0.17544904351234436,2274.2557982397266
132.33508799999498,50,D3,1155.3460693359375,0.17544904351234436,2274.2557982397266
132.339519999995,57,A3,1155.3460693359375,0.17544904351234436,2274.2557982397266
132.343951999995,62,D4,1155.3460693359375,0.17544904351234436,2274.2557982397266
132.53009599999504,50,D3,1157.2567138671875,0.16070115566253662,1918.0488454704262
132.53009599999504,69,A4,1157.2567138671875,0.16070115566253662,1918.0488454704262
132.53452799999505,57,A3,1157.2567138671875,0.16070115566253662,1918.0488454704262
132.54339199999507,50,D3,1160.471923828125,0.17248177528381348,1980.3476087648733
132.54339199999507,46,A#2,1160.471923828125,0.17248177528381348,1980.3476087648733
132.54782399999507,57,A3,1160.471923828125,0.17248177528381348,1980.3476087648733
132.55225599999508,57,A3,1160.471923828125,0.17248177528381348,1980.3476087648733
132.55225599999508,50,D3,1160.471923828125,0.17248177528381348,1980.3476087648733
132.71623999999517,52,E3,1181.8175048828125,0.21555790305137634,2781.633343580498
132.73396799999514,45,A2,1184.6990966796875,0.18566595017910004,2761.8038057711246
132.73396799999514,71,B4,1184.6990966796875,0.18566595017910004,2761.8038057711246
132.73839999999515,59,B3,1184.6990966796875,0.18566595017910004,2761.8038057711246
132.74283199999516,52,E3,1184.6990966796875,0.18566595017910004,2761.8038057711246
132.74283199999516,45,A2,1184.6990966796875,0.18566595017910004,2761.8038057711246
132.74283199999516,33,A1,1184.6990966796875,0.18566595017910004,2761.8038057711246
132.74726399999517,45,A2,1184.6990966796875,0.18566595017910004,2761.8038057711246
132.75169599999518,57,A3,1184.6990966796875,0.18566595017910004,2761.8038057711246
132.75169599999518,35,B1,1184.6990966796875,0.18566595017910004,2761.8038057711246
132.7561279999952,46,A#2,1150.2666015625,0.17758606374263763,2627.9233590104377
132.7561279999952,44,G#2,1150.2666015625,0.17758606374263763,2627.9233590104377
132.7561279999952,52,E3,1150.2666015625,0.17758606374263763,2627.9233590104377
132.7605599999952,45,A2,1150.2666015625,0.17758606374263763,2627.9233590104377
132.7649919999952,52,E3,1150.2666015625,0.17758606374263763,2627.9233590104377
132.7694239999952,57,A3,1150.2666015625,0.17758606374263763,2627.9233590104377
132.7827199999952,57,A3,1139.8033447265625,0.19137021899223328,2667.0544141132773
132.7960159999952,61,C#4,1139.8033447265625,0.19137021899223328,2667.0544141132773
132.8048799999952,64,E4,1142.71435546875,0.23893046379089355,2864.1361277904352
132.8403359999952,69,A4,993.3191528320312,0.2526080310344696,2667.892764831938
132.9467039999952,69,A4,1116.517822265625,0.2726042866706848,2679.3975870835575
132.95113599999522,57,A3,1116.517822265625,0.2726042866706848,2679.3975870835575
132.95556799999522,45,A2,1116.517822265625,0.2726042866706848,2679.3975870835575
132.95556799999522,33,A1,1116.517822265625,0.2726042866706848,2679.3975870835575
132.95999999999523,52,E3,1116.517822265625,0.2726042866706848,2679.3975870835575
132.96886399999525,45,A2,1121.4345703125,0.27727657556533813,2606.0482736868207
132.96886399999525,52,E3,1121.4345703125,0.27727657556533813,2606.0482736868207
132.97329599999526,45,A2,1121.4345703125,0.27727657556533813,2606.0482736868207
132.97772799999527,52,E3,1121.4345703125,0.27727657556533813,2606.0482736868207
132.97772799999527,42,F#2,1121.4345703125,0.27727657556533813,2606.0482736868207
133.1417119999953,78,F#5,862.662841796875,0.3326052129268646,2498.8774579417104
133.1638719999953,52,E3,860.9635009765625,0.3180946409702301,2615.1963679189307
133.16830399999532,64,E4,860.9635009765625,0.3180946409702301,2615.1963679189307
133.17273599999533,33,A1,857.7952270507812,0.29619234800338745,2481.6975299639694
133.17273599999533,52,E3,857.7952270507812,0.29619234800338745,2481.6975299639694
133.17273599999533,45,A2,857.7952270507812,0.29619234800338745,2481.6975299639694
133.17716799999533,38,D2,857.7952270507812,0.29619234800338745,2481.6975299639694
133.17716799999533,45,A2,857.7952270507812,0.29619234800338745,2481.6975299639694
133.18159999999534,46,A#2,857.7952270507812,0.29619234800338745,2481.6975299639694
133.18159999999534,52,E3,857.7952270507812,0.29619234800338745,2481.6975299639694
133.18603199999535,45,A2,857.7952270507812,0.29619234800338745,2481.6975299639694
133.18603199999535,52,E3,857.7952270507812,0.29619234800338745,2481.6975299639694
133.21705599999532,57,A3,1117.307373046875,0.26234540343284607,2037.1336215860047
133.35444799999533,80,G#5,1161.817138671875,0.20955288410186768,2611.154595637795
133.36774399999533,61,C#4,1163.4521484375,0.19604064524173737,3038.4728703693745
133.37217599999533,73,C#5,1163.4521484375,0.19604064524173737,3038.4728703693745
133.38103999999532,33,A1,1160.3756103515625,0.1849605292081833,3197.768727003713
133.38103999999532,45,A2,1160.3756103515625,0.1849605292081833,3197.768727003713
133.38547199999533,52,E3,1160.3756103515625,0.1849605292081833,3197.768727003713
133.38990399999534,45,A2,1160.3756103515625,0.1849605292081833,3197.768727003713
133.39433599999535,57,A3,1160.3756103515625,0.1849605292081833,3197.768727003713
133.39433599999535,52,E3,1160.3756103515625,0.1849605292081833,3197.768727003713
133.39876799999536,45,A2,1160.3756103515625,0.1849605292081833,3197.768727003713
133.39876799999536,52,E3,1160.3756103515625,0.1849605292081833,3197.768727003713
133.39876799999536,42,F#2,1160.3756103515625,0.1849605292081833,3197.768727003713
133.40319999999537,57,A3,1150.8409423828125,0.18825112283229828,3295.9422999287494
133.4342239999954,61,C#4,1153.8477783203125,0.19525465369224548,3202.167163705447
133.56718399999545,78,F#5,1172.9974365234375,0.26969078183174133,3200.651194654727
133.58491199999543,57,A3,1172.9974365234375,0.26969078183174133,3200.651194654727
133.59377599999544,45,A2,1196.083740234375,0.2632593512535095,2894.1069008859104
133.59820799999545,52,E3,1196.083740234375,0.2632593512535095,2894.1069008859104
133.59820799999545,35,B1,1196.083740234375,0.2632593512535095,2894.1069008859104
133.59820799999545,69,A4,1196.083740234375,0.2632593512535095,2894.1069008859104
133.59820799999545,33,A1,1196.083740234375,0.2632593512535095,2894.1069008859104
133.60263999999546,45,A2,1196.083740234375,0.2632593512535095,2894.1069008859104
133.60263999999546,46,A#2,1196.083740234375,0.2632593512535095,2894.1069008859104
133.60707199999547,52,E3,1196.083740234375,0.2632593512535095,2894.1069008859104
133.61593599999546,45,A2,1174.5474853515625,0.26354679465293884,2775.843370345049
133.61593599999546,52,E3,1174.5474853515625,0.26354679465293884,2775.843370345049
133.77991999999549,80,G#5,1178.8502197265625,0.22599713504314423,3088.3078931901314
133.79321599999548,52,E3,1178.8502197265625,0.22599713504314423,3088.3078931901314
133.7976479999955,64,E4,1182.1376953125,0.2045001983642578,3895.959417134273
133.80651199999548,33,A1,1182.1376953125,0.2045001983642578,3895.959417134273
133.8109439999955,45,A2,1182.1376953125,0.2045001983642578,3895.959417134273
133.8109439999955,52,E3,1182.1376953125,0.2045001983642578,3895.959417134273
133.8109439999955,45,A2,1182.1376953125,0.2045001983642578,3895.959417134273
133.81980799999548,52,E3,1182.1376953125,0.2045001983642578,3895.959417134273
133.82423999999548,45,A2,1193.876953125,0.1950405091047287,4329.100307683959
133.8286719999955,42,F#2,1193.876953125,0.1950405091047287,4329.100307683959
133.8286719999955,52,E3,1193.876953125,0.1950405091047287,4329.100307683959
133.9926559999955,78,F#5,1106.7010498046875,0.32949909567832947,2202.705686075573
134.00151999999548,62,D4,1106.7010498046875,0.32949909567832947,2202.705686075573
134.01481599999548,74,D5,1003.294921875,0.2814283072948456,2284.146107809789
134.01924799999549,45,A2,1003.294921875,0.2814283072948456,2284.146107809789
134.0236799999955,52,E3,1003.294921875,0.2814283072948456,2284.146107809789
134.0236799999955,33,A1,1003.294921875,0.2814283072948456,2284.146107809789
134.0281119999955,45,A2,1003.294921875,0.2814283072948456,2284.146107809789
134.0281119999955,38,D2,1003.294921875,0.2814283072948456,2284.146107809789
134.0325439999955,52,E3,1162.5072021484375,0.27173271775245667,2492.537618210329
134.0325439999955,46,A#2,1162.5072021484375,0.27173271775245667,2492.537618210329
134.03697599999552,52,E3,1162.5072021484375,0.27173271775245667,2492.537618210329
134.03697599999552,45,A2,1162.5072021484375,0.27173271775245667,2492.537618210329
134.03697599999552,54,F#3,1162.5072021484375,0.27173271775245667,2492.537618210329
134.20539199999556,80,G#5,1118.227294921875,0.2795855402946472,2805.2920718687756
134.21868799999555,52,E3,1157.6536865234375,0.28227609395980835,2738.158137470292
134.23198399999555,45,A2,1157.6536865234375,0.28227609395980835,2738.158137470292
134.23198399999555,33,A1,1157.6536865234375,0.28227609395980835,2738.158137470292
134.23198399999555,69,A4,1157.6536865234375,0.28227609395980835,2738.158137470292
134.24084799999554,45,A2,1156.7408447265625,0.2913361191749573,2615.195952572849
134.24084799999554,52,E3,1156.7408447265625,0.2913361191749573,2615.195952572849
134.24527999999555,52,E3,1156.7408447265625,0.2913361191749573,2615.195952572849
134.24971199999555,45,A2,1156.7408447265625,0.2913361191749573,2615.195952572849
134.24971199999555,42,F#2,1156.7408447265625,0.2913361191749573,2615.195952572849
134.25414399999556,52,E3,1156.7408447265625,0.2913361191749573,2615.195952572849
134.41812799999556,78,F#5,1164.073974609375,0.3090401887893677,2996.457088961869
134.44471999999556,33,A1,1152.3961181640625,0.2751502990722656,2980.6762746082677
134.44471999999556,57,A3,1152.3961181640625,0.2751502990722656,2980.6762746082677
134.44471999999556,64,E4,1152.3961181640625,0.2751502990722656,2980.6762746082677
134.44915199999556,45,A2,1164.263671875,0.2633483409881592,2685.0126678991987
134.45358399999557,35,B1,1164.263671875,0.2633483409881592,2685.0126678991987
134.45801599999558,46,A#2,1164.263671875,0.2633483409881592,2685.0126678991987
134.45801599999558,52,E3,1164.263671875,0.2633483409881592,2685.0126678991987
134.4668799999956,45,A2,1164.263671875,0.2633483409881592,2685.0126678991987
134.4757439999956,52,E3,1104.93017578125,0.2660817503929138,2499.850636933872
134.4801759999956,45,A2,1104.93017578125,0.2660817503929138,2499.850636933872
134.4846079999956,52,E3,1104.93017578125,0.2660817503929138,2499.850636933872
134.63086399999557,80,G#5,1056.339599609375,0.30784451961517334,2142.7572673224713
134.63529599999558,61,C#4,1012.9148559570312,0.2876155972480774,2165.2072269833743
134.6574559999956,52,E3,1157.322265625,0.2367599755525589,1944.8723493862744
134.6574559999956,45,A2,1157.322265625,0.2367599755525589,1944.8723493862744
134.6574559999956,33,A1,1157.322265625,0.2367599755525589,1944.8723493862744
134.6618879999956,45,A2,1157.322265625,0.2367599755525589,1944.8723493862744
134.6707519999956,52,E3,1157.322265625,0.2367599755525589,1944.8723493862744
134.6751839999956,45,A2,1157.322265625,0.2367599755525589,1944.8723493862744
134.6796159999956,42,F#2,1152.159912109375,0.2242318093776703,2020.2055696405246
134.6796159999956,52,E3,1152.159912109375,0.2242318093776703,2020.2055696405246
134.6796159999956,73,C#5,1152.159912109375,0.2242318093776703,2020.2055696405246
134.86575999999565,52,E3,987.7921752929688,0.3176337480545044,2496.2834391405368
134.87019199999565,69,A4,987.7921752929688,0.3176337480545044,2496.2834391405368
134.87019199999565,45,A2,987.7921752929688,0.3176337480545044,2496.2834391405368
134.87462399999566,33,A1,987.7921752929688,0.3176337480545044,2496.2834391405368
134.87462399999566,52,E3,987.7921752929688,0.3176337480545044,2496.2834391405368
134.87905599999567,38,D2,987.7921752929688,0.3176337480545044,2496.2834391405368
134.87905599999567,45,A2,987.7921752929688,0.3176337480545044,2496.2834391405368
134.88348799999568,52,E3,987.7921752929688,0.3176337480545044,2496.2834391405368
134.88348799999568,46,A#2,987.7921752929688,0.3176337480545044,2496.2834391405368
134.8879199999957,45,A2,987.7921752929688,0.3176337480545044,2496.2834391405368
134.8923519999957,52,E3,984.6240234375,0.28050410747528076,2520.183945341263
135.0563359999957,78,F#5,1170.064697265625,0.2756689488887787,2409.1608808942347
135.0784959999957,64,E4,1176.7008056640625,0.2777717411518097,2302.2466163292925
135.08292799999572,45,A2,1176.7008056640625,0.2777717411518097,2302.2466163292925
135.08735999999573,57,A3,1176.7008056640625,0.2777717411518097,2302.2466163292925
135.08735999999573,52,E3,1176.7008056640625,0.2777717411518097,2302.2466163292925
135.08735999999573,33,A1,1176.7008056640625,0.2777717411518097,2302.2466163292925
135.09179199999573,45,A2,1176.7008056640625,0.2777717411518097,2302.2466163292925
135.09179199999573,52,E3,1176.7008056640625,0.2777717411518097,2302.2466163292925
135.10065599999572,52,E3,1182.8826904296875,0.27798065543174744,2239.3427510201946
135.10065599999572,35,B1,1182.8826904296875,0.27798065543174744,2239.3427510201946
135.10065599999572,42,F#2,1182.8826904296875,0.27798065543174744,2239.3427510201946
135.10065599999572,45,A2,1182.8826904296875,0.27798065543174744,2239.3427510201946
135.2735039999957,59,B3,1154.7042236328125,0.2879003882408142,3210.1772077004966
135.27793599999572,71,B4,1154.7042236328125,0.2879003882408142,3210.1772077004966
135.29566399999572,33,A1,1154.29541015625,0.2584623694419861,3231.9339657841683
135.29566399999572,45,A2,1154.29541015625,0.2584623694419861,3231.9339657841683
135.30009599999573,52,E3,1154.29541015625,0.2584623694419861,3231.9339657841683
135.30452799999574,45,A2,1154.29541015625,0.2584623694419861,3231.9339657841683
135.30452799999574,46,A#2,1154.29541015625,0.2584623694419861,3231.9339657841683
135.30452799999574,35,B1,1154.29541015625,0.2584623694419861,3231.9339657841683
135.30895999999575,52,E3,1151.377685546875,0.2228921800851822,2998.111666565938
135.31339199999576,45,A2,1151.377685546875,0.2228921800851822,2998.111666565938
135.31339199999576,52,E3,1151.377685546875,0.2228921800851822,2998.111666565938
135.48180799999574,52,E3,1153.531005859375,0.15958161652088165,2422.883346828247
135.51283199999574,52,E3,1105.2271728515625,0.16314314305782318,2346.9677799505184
135.51283199999574,64,E4,1105.2271728515625,0.16314314305782318,2346.9677799505184
135.51283199999574,33,A1,1105.2271728515625,0.16314314305782318,2346.9677799505184
135.51283199999574,45,A2,1105.2271728515625,0.16314314305782318,2346.9677799505184
135.51726399999575,45,A2,1112.662109375,0.16261239349842072,2233.749887393777
135.52169599999576,45,A2,1112.662109375,0.16261239349842072,2233.749887393777
135.52169599999576,52,E3,1112.662109375,0.16261239349842072,2233.749887393777
135.52612799999577,52,E3,1112.662109375,0.16261239349842072,2233.749887393777
135.52612799999577,42,F#2,1112.662109375,0.16261239349842072,2233.749887393777
135.69011199999574,61,C#4,1173.6824951171875,0.2951558232307434,2013.7938314732405
135.71227199999572,73,C#5,1173.3983154296875,0.30183395743370056,2108.1579933452904
135.71227199999572,52,E3,1173.3983154296875,0.30183395743370056,2108.1579933452904
135.72113599999574,62,D4,1173.3983154296875,0.30183395743370056,2108.1579933452904
135.72113599999574,33,A1,1173.3983154296875,0.30183395743370056,2108.1579933452904
135.72556799999575,57,A3,1172.7186279296875,0.2659258246421814,2177.8930507395107
135.72999999999575,38,D2,1172.7186279296875,0.2659258246421814,2177.8930507395107
135.72999999999575,45,A2,1172.7186279296875,0.2659258246421814,2177.8930507395107
135.73443199999576,52,E3,1172.7186279296875,0.2659258246421814,2177.8930507395107
135.73443199999576,46,A#2,1172.7186279296875,0.2659258246421814,2177.8930507395107
135.73886399999577,45,A2,1172.7186279296875,0.2659258246421814,2177.8930507395107
135.74329599999578,54,F#3,1172.7186279296875,0.2659258246421814,2177.8930507395107
135.74329599999578,57,A3,1172.7186279296875,0.2659258246421814,2177.8930507395107
135.7477279999958,52,E3,1168.9990234375,0.2145092487335205,2234.2081417055697
135.7521599999958,45,A2,1168.9990234375,0.2145092487335205,2234.2081417055697
135.7565919999958,52,E3,1168.9990234375,0.2145092487335205,2234.2081417055697
135.7565919999958,64,E4,1168.9990234375,0.2145092487335205,2234.2081417055697
135.7610239999958,57,A3,1168.9990234375,0.2145092487335205,2234.2081417055697
135.76545599999582,69,A4,1168.9990234375,0.2145092487335205,2234.2081417055697
135.91171199999584,52,E3,1164.8690185546875,0.1795470416545868,2040.253384568186
135.93387199999586,45,A2,1108.7474365234375,0.18288441002368927,2070.173570866996
135.93830399999587,52,E3,1108.7474365234375,0.18288441002368927,2070.173570866996
135.94273599999588,45,A2,1108.7474365234375,0.18288441002368927,2070.173570866996
135.94273599999588,52,E3,1108.7474365234375,0.18288441002368927,2070.173570866996
135.95159999999586,45,A2,1108.7474365234375,0.18288441002368927,2070.173570866996
135.95159999999586,42,F#2,1108.7474365234375,0.18288441002368927,2070.173570866996
135.95603199999587,52,E3,1108.7474365234375,0.18288441002368927,2070.173570866996
136.07126399999592,50,D3,1172.999755859375,0.19772961735725403,2899.306950041829
136.13774399999593,54,F#3,1186.7664794921875,0.2506994307041168,3536.215525129792
136.14217599999594,50,D3,1171.744873046875,0.24708184599876404,3472.3200328230787
136.14660799999595,26,D1,1171.744873046875,0.24708184599876404,3472.3200328230787
136.14660799999595,76,E5,1171.744873046875,0.24708184599876404,3472.3200328230787
136.15103999999596,57,A3,1171.744873046875,0.24708184599876404,3472.3200328230787
136.15547199999597,35,B1,1171.744873046875,0.24708184599876404,3472.3200328230787
136.15547199999597,50,D3,1171.744873046875,0.24708184599876404,3472.3200328230787
136.15990399999598,64,E4,1171.744873046875,0.24708184599876404,3472.3200328230787
136.15990399999598,46,A#2,1171.744873046875,0.24708184599876404,3472.3200328230787
136.16433599999598,50,D3,1171.744873046875,0.24708184599876404,3472.3200328230787
136.168767999996,62,D4,1174.1273193359375,0.21024812757968903,2960.4292644816555
136.168767999996,57,A3,1174.1273193359375,0.21024812757968903,2960.4292644816555
136.173199999996,50,D3,1174.1273193359375,0.21024812757968903,2960.4292644816555
136.177631999996,57,A3,1174.1273193359375,0.21024812757968903,2960.4292644816555
136.177631999996,62,D4,1174.1273193359375,0.21024812757968903,2960.4292644816555
136.190927999996,57,A3,1181.8875732421875,0.2106950283050537,2700.8992702949454
136.208655999996,62,D4,1181.8875732421875,0.2106950283050537,2700.8992702949454
136.266271999996,66,F#4,1183.8541259765625,0.1983032524585724,3689.8040305151517
136.35934399999604,50,D3,1174.0380859375,0.26319101452827454,2659.9212914400596
136.35934399999604,62,D4,1174.0380859375,0.26319101452827454,2659.9212914400596
136.36377599999605,26,D1,1174.0380859375,0.26319101452827454,2659.9212914400596
136.36377599999605,57,A3,1174.0380859375,0.26319101452827454,2659.9212914400596
136.36820799999606,50,D3,1174.0380859375,0.26319101452827454,2659.9212914400596
136.37263999999607,74,D5,1174.0380859375,0.26319101452827454,2659.9212914400596
136.37707199999608,42,F#2,1170.5584716796875,0.26064780354499817,2524.80409655708
136.37707199999608,50,D3,1170.5584716796875,0.26064780354499817,2524.80409655708
136.37707199999608,57,A3,1170.5584716796875,0.26064780354499817,2524.80409655708
136.38150399999608,57,A3,1170.5584716796875,0.26064780354499817,2524.80409655708
136.5454879999961,78,F#5,1185.5689697265625,0.3173353374004364,2091.751445388638
136.56321599999612,69,A4,1179.431640625,0.3232014775276184,2043.345260317003
136.56764799999613,57,A3,1179.431640625,0.3232014775276184,2043.345260317003
136.57207999999613,26,D1,1179.431640625,0.3232014775276184,2043.345260317003
136.57207999999613,57,A3,1179.431640625,0.3232014775276184,2043.345260317003
136.57207999999613,50,D3,1179.431640625,0.3232014775276184,2043.345260317003
136.58094399999615,50,D3,1179.431640625,0.3232014775276184,2043.345260317003
136.58094399999615,38,D2,1179.431640625,0.3232014775276184,2043.345260317003
136.58537599999616,46,A#2,1176.666015625,0.29059338569641113,2001.0180278501343
136.58980799999617,57,A3,1176.666015625,0.29059338569641113,2001.0180278501343
136.59423999999618,50,D3,1176.666015625,0.29059338569641113,2001.0180278501343
136.60310399999616,57,A3,1176.666015625,0.29059338569641113,2001.0180278501343
136.62083199999617,57,A3,1173.9718017578125,0.2512572109699249,2056.1174968095197
136.75822399999615,80,G#5,1163.4498291015625,0.21111124753952026,3076.598609584697
136.77595199999615,66,F#4,1113.9830322265625,0.2398143857717514,2392.1139216058077
136.78038399999616,78,F#5,1113.9830322265625,0.2398143857717514,2392.1139216058077
136.78481599999617,50,D3,1113.9830322265625,0.2398143857717514,2392.1139216058077
136.78924799999618,57,A3,1113.9830322265625,0.2398143857717514,2392.1139216058077
136.78924799999618,26,D1,1113.9830322265625,0.2398143857717514,2392.1139216058077
136.7936799999962,50,D3,1108.9761962890625,0.26786187291145325,2147.8141609067306
136.7981119999962,62,D4,1108.9761962890625,0.26786187291145325,2147.8141609067306
136.7981119999962,57,A3,1108.9761962890625,0.26786187291145325,2147.8141609067306
136.8025439999962,50,D3,1108.9761962890625,0.26786187291145325,2147.8141609067306
136.8025439999962,42,F#2,1108.9761962890625,0.26786187291145325,2147.8141609067306
136.8069759999962,57,A3,1108.9761962890625,0.26786187291145325,2147.8141609067306
136.81140799999622,62,D4,1108.9761962890625,0.26786187291145325,2147.8141609067306
136.86015999999623,62,D4,1164.0152587890625,0.28894564509391785,2164.8692584352552
136.99755199999623,50,D3,1167.4520263671875,0.28395336866378784,3366.9234356969782
136.99755199999623,62,D4,1167.4520263671875,0.28395336866378784,3366.9234356969782
136.99755199999623,26,D1,1167.4520263671875,0.28395336866378784,3366.9234356969782
137.00198399999624,74,D5,1163.4864501953125,0.2890300154685974,3396.48607490664
137.00641599999625,46,A#2,1163.4864501953125,0.2890300154685974,3396.48607490664
137.00641599999625,57,A3,1163.4864501953125,0.2890300154685974,3396.48607490664
137.00641599999625,50,D3,1163.4864501953125,0.2890300154685974,3396.48607490664
137.00641599999625,35,B1,1163.4864501953125,0.2890300154685974,3396.48607490664
137.01084799999626,57,A3,1163.4864501953125,0.2890300154685974,3396.48607490664
137.01527999999627,50,D3,1163.4864501953125,0.2890300154685974,3396.48607490664
137.01527999999627,57,A3,1163.4864501953125,0.2890300154685974,3396.48607490664
137.1836959999963,78,F#5,1194.4591064453125,0.22494755685329437,2490.2628755706883
137.1925599999963,69,A4,1176.5977783203125,0.2153645157814026,2427.852504755876
137.2058559999963,57,A3,1176.5977783203125,0.2153645157814026,2427.852504755876
137.2147199999963,26,D1,1174.8267822265625,0.2090418040752411,2384.7969885362827
137.2147199999963,50,D3,1174.8267822265625,0.2090418040752411,2384.7969885362827
137.2147199999963,50,D3,1174.8267822265625,0.2090418040752411,2384.7969885362827
137.2147199999963,57,A3,1174.8267822265625,0.2090418040752411,2384.7969885362827
137.22358399999632,57,A3,1174.8267822265625,0.2090418040752411,2384.7969885362827
137.22801599999633,57,A3,1174.8267822265625,0.2090418040752411,2384.7969885362827
137.22801599999633,42,F#2,1174.8267822265625,0.2090418040752411,2384.7969885362827
137.22801599999633,50,D3,1174.8267822265625,0.2090418040752411,2384.7969885362827
137.24131199999633,57,A3,1169.7725830078125,0.19828058779239655,2349.7357649244773
137.39643199999637,80,G#5,1180.340087890625,0.31046321988105774,2037.82804118991
137.40972799999636,67,G4,1180.340087890625,0.31046321988105774,2037.82804118991
137.42302399999636,50,D3,1164.443115234375,0.32996729016304016,1945.6981069027067
137.42302399999636,26,D1,1164.443115234375,0.32996729016304016,1945.6981069027067
137.42302399999636,79,G5,1164.443115234375,0.32996729016304016,1945.6981069027067
137.42745599999637,38,D2,1164.443115234375,0.32996729016304016,1945.6981069027067
137.43188799999638,57,A3,1164.443115234375,0.32996729016304016,1945.6981069027067
137.43631999999639,50,D3,1164.443115234375,0.32996729016304016,1945.6981069027067
137.43631999999639,46,A#2,1164.443115234375,0.32996729016304016,1945.6981069027067
137.43631999999639,57,A3,1164.443115234375,0.32996729016304016,1945.6981069027067
137.4451839999964,57,A3,1176.185546875,0.3244103193283081,2074.2107380324865
137.4451839999964,50,D3,1176.185546875,0.3244103193283081,2074.2107380324865
137.4451839999964,54,F#3,1176.185546875,0.3244103193283081,2074.2107380324865
137.60916799999643,78,F#5,1174.236083984375,0.23772509396076202,2423.9341907155754
137.61803199999642,62,D4,1174.236083984375,0.23772509396076202,2423.9341907155754
137.6357599999964,74,D5,1173.5662841796875,0.25559526681900024,2337.5589794965254
137.6357599999964,50,D3,1173.5662841796875,0.25559526681900024,2337.5589794965254
137.6401919999964,57,A3,1173.5662841796875,0.25559526681900024,2337.5589794965254
137.6401919999964,26,D1,1173.5662841796875,0.25559526681900024,2337.5589794965254
137.6446239999964,50,D3,1173.5662841796875,0.25559526681900024,2337.5589794965254
137.6534879999964,42,F#2,905.392578125,0.2843817174434662,2319.4239722975017
137.6534879999964,57,A3,905.392578125,0.2843817174434662,2319.4239722975017
137.6579199999964,50,D3,905.392578125,0.2843817174434662,2319.4239722975017
137.66235199999642,57,A3,905.392578125,0.2843817174434662,2319.4239722975017
137.83076799999643,69,A4,1167.419189453125,0.29846441745758057,3145.520009931376
137.84849599999643,50,D3,1173.684814453125,0.30095747113227844,3158.421017189664
137.85292799999644,57,A3,1173.684814453125,0.30095747113227844,3158.421017189664
137.85292799999644,26,D1,1173.684814453125,0.30095747113227844,3158.421017189664
137.85292799999644,57,A3,1173.684814453125,0.30095747113227844,3158.421017189664
137.85735999999645,35,B1,1173.684814453125,0.30095747113227844,3158.421017189664
137.85735999999645,50,D3,1173.684814453125,0.30095747113227844,3158.421017189664
137.86179199999646,46,A#2,1172.223876953125,0.3046683669090271,3204.784788651067
137.86179199999646,57,A3,1172.223876953125,0.3046683669090271,3204.784788651067
137.86622399999646,50,D3,1172.223876953125,0.3046683669090271,3204.784788651067
137.87065599999647,57,A3,1172.223876953125,0.3046683669090271,3204.784788651067
138.03463999999644,80,G#5,1178.833251953125,0.29458707571029663,1977.4748687086183
138.04350399999643,66,F#4,1178.833251953125,0.29458707571029663,1977.4748687086183
138.06123199999644,26,D1,1183.7867431640625,0.3025824725627899,1820.12580270606
138.06123199999644,57,A3,1183.7867431640625,0.3025824725627899,1820.12580270606
138.06123199999644,50,D3,1183.7867431640625,0.3025824725627899,1820.12580270606
138.07009599999643,50,D3,1184.2476806640625,0.2970430552959442,2190.335166747244
138.07452799999643,57,A3,1184.2476806640625,0.2970430552959442,2190.335166747244
138.07452799999643,78,F#5,1184.2476806640625,0.2970430552959442,2190.335166747244
138.07895999999644,42,F#2,1184.2476806640625,0.2970430552959442,2190.335166747244
138.07895999999644,50,D3,1184.2476806640625,0.2970430552959442,2190.335166747244
138.07895999999644,57,A3,1184.2476806640625,0.2970430552959442,2190.335166747244
138.24737599999645,78,F#5,1155.8018798828125,0.2656445801258087,3659.752487058954
138.25623999999644,62,D4,1088.3492431640625,0.2834281027317047,2888.9626834787655
138.27839999999645,74,D5,1159.5966796875,0.30232349038124084,2501.596540683561
138.27839999999645,50,D3,1159.5966796875,0.30232349038124084,2501.596540683561
138.27839999999645,26,D1,1159.5966796875,0.30232349038124084,2501.596540683561
138.27839999999645,57,A3,1159.5966796875,0.30232349038124084,2501.596540683561
138.28283199999646,50,D3,1159.5966796875,0.30232349038124084,2501.596540683561
138.28283199999646,38,D2,1159.5966796875,0.30232349038124084,2501.596540683561
138.28726399999647,46,A#2,1159.5966796875,0.30232349038124084,2501.596540683561
138.28726399999647,57,A3,1159.5966796875,0.30232349038124084,2501.596540683561
138.2961279999965,57,A3,1159.5966796875,0.30232349038124084,2501.596540683561
138.2961279999965,50,D3,1159.5966796875,0.30232349038124084,2501.596540683561
138.4822719999965,50,D3,1164.2099609375,0.1879967600107193,3751.089234872884
138.4867039999965,26,D1,1164.2099609375,0.1879967600107193,3751.089234872884
138.49113599999652,69,A4,1171.3638916015625,0.19847913086414337,3981.66496629956
138.49556799999652,57,A3,1171.3638916015625,0.19847913086414337,3981.66496629956
138.49556799999652,50,D3,1171.3638916015625,0.19847913086414337,3981.66496629956
138.49999999999653,57,A3,1171.3638916015625,0.19847913086414337,3981.66496629956
138.50443199999654,57,A3,1171.3638916015625,0.19847913086414337,3981.66496629956
138.50443199999654,35,B1,1171.3638916015625,0.19847913086414337,3981.66496629956
138.50443199999654,50,D3,1171.3638916015625,0.19847913086414337,3981.66496629956
138.50886399999655,57,A3,1171.3638916015625,0.19847913086414337,3981.66496629956
138.50886399999655,42,F#2,1171.3638916015625,0.19847913086414337,3981.66496629956
138.67284799999658,80,G#5,1172.2435302734375,0.23185262084007263,3832.878179846504
138.6817119999966,64,E4,1171.4017333984375,0.2616293132305145,3350.50811278117
138.69057599999658,76,E5,1171.4017333984375,0.2616293132305145,3350.50811278117
138.69943999999657,50,D3,1065.846435546875,0.2820085883140564,3336.709972588302
138.70387199999658,57,A3,1065.846435546875,0.2820085883140564,3336.709972588302
138.70387199999658,26,D1,1065.846435546875,0.2820085883140564,3336.709972588302
138.7083039999966,50,D3,1065.846435546875,0.2820085883140564,3336.709972588302
138.7083039999966,35,B1,1065.846435546875,0.2820085883140564,3336.709972588302
138.7127359999966,46,A#2,1065.846435546875,0.2820085883140564,3336.709972588302
138.7127359999966,57,A3,1065.846435546875,0.2820085883140564,3336.709972588302
138.7215999999966,50,D3,1155.290283203125,0.3013255298137665,3349.0236735396393
138.72603199999662,57,A3,1155.290283203125,0.3013255298137665,3349.0236735396393
138.91217599999663,26,D1,1171.079833984375,0.2249494343996048,2481.0060184691006
138.91217599999663,50,D3,1171.079833984375,0.2249494343996048,2481.0060184691006
138.91217599999663,57,A3,1171.079833984375,0.2249494343996048,2481.0060184691006
138.91660799999664,57,A3,1171.079833984375,0.2249494343996048,2481.0060184691006
138.92103999999665,69,A4,1171.079833984375,0.2249494343996048,2481.0060184691006
138.92103999999665,50,D3,1171.079833984375,0.2249494343996048,2481.0060184691006
138.92547199999666,57,A3,1171.079833984375,0.2249494343996048,2481.0060184691006
138.92990399999667,57,A3,1070.15625,0.21654491126537323,2337.274319530973
138.92990399999667,50,D3,1070.15625,0.21654491126537323,2337.274319530973
138.92990399999667,42,F#2,1070.15625,0.21654491126537323,2337.274319530973
139.09831999999662,78,F#5,1163.793701171875,0.253631055355072,1969.3174019917656
139.1071839999966,66,F#4,1163.793701171875,0.253631055355072,1969.3174019917656
139.1160479999966,78,F#5,1161.32958984375,0.2833045721054077,2011.9436539352112
139.12491199999658,30,F#1,1161.32958984375,0.2833045721054077,2011.9436539352112
139.12491199999658,57,A3,1161.32958984375,0.2833045721054077,2011.9436539352112
139.12491199999658,50,D3,1161.32958984375,0.2833045721054077,2011.9436539352112
139.1293439999966,50,D3,1161.32958984375,0.2833045721054077,2011.9436539352112
139.1337759999966,62,D4,1161.32958984375,0.2833045721054077,2011.9436539352112
139.1337759999966,38,D2,1161.32958984375,0.2833045721054077,2011.9436539352112
139.1382079999966,57,A3,986.2457885742188,0.30004027485847473,2101.334310332734
139.1382079999966,46,A#2,986.2457885742188,0.30004027485847473,2101.334310332734
139.14263999999662,54,F#3,986.2457885742188,0.30004027485847473,2101.334310332734
139.14707199999663,50,D3,986.2457885742188,0.30004027485847473,2101.334310332734
139.15150399999663,62,D4,986.2457885742188,0.30004027485847473,2101.334310332734
139.15150399999663,57,A3,986.2457885742188,0.30004027485847473,2101.334310332734
139.33321599999664,69,A4,1165.13525390625,0.17071454226970673,2428.4970649474512
139.33764799999665,50,D3,1165.13525390625,0.17071454226970673,2428.4970649474512
139.33764799999665,31,G1,1165.13525390625,0.17071454226970673,2428.4970649474512
139.34651199999666,57,A3,1168.1195068359375,0.17417936027050018,2350.345989804113
139.35094399999667,57,A3,1168.1195068359375,0.17417936027050018,2350.345989804113
139.35094399999667,50,D3,1168.1195068359375,0.17417936027050018,2350.345989804113
139.35537599999668,50,D3,1168.1195068359375,0.17417936027050018,2350.345989804113
139.35537599999668,46,A#2,1168.1195068359375,0.17417936027050018,2350.345989804113
139.3598079999967,57,A3,1168.1195068359375,0.17417936027050018,2350.345989804113
139.51492799999673,52,E3,1154.333251953125,0.227124884724617,3263.132713428492
139.54151999999672,71,B4,1156.3992919921875,0.2595759332180023,3578.224348592598
139.54595199999673,59,B3,1156.3992919921875,0.2595759332180023,3578.224348592598
139.54595199999673,45,A2,1156.3992919921875,0.2595759332180023,3578.224348592598
139.55038399999674,45,A2,1156.3992919921875,0.2595759332180023,3578.224348592598
139.55481599999675,33,A1,1156.3992919921875,0.2595759332180023,3578.224348592598
139.55481599999675,52,E3,1156.3992919921875,0.2595759332180023,3578.224348592598
139.55481599999675,35,B1,1156.3992919921875,0.2595759332180023,3578.224348592598
139.55924799999676,45,A2,1159.68359375,0.2757897973060608,3412.4896115354995
139.55924799999676,46,A#2,1159.68359375,0.2757897973060608,3412.4896115354995
139.56367999999676,57,A3,1159.68359375,0.2757897973060608,3412.4896115354995
139.56811199999677,52,E3,1159.68359375,0.2757897973060608,3412.4896115354995
139.56811199999677,44,G#2,1159.68359375,0.2757897973060608,3412.4896115354995
139.5769759999968,45,A2,1159.68359375,0.2757897973060608,3412.4896115354995
139.5814079999968,52,E3,1161.109619140625,0.29248106479644775,3323.868068645937
139.5858399999968,57,A3,1161.109619140625,0.29248106479644775,3323.868068645937
139.59027199999682,57,A3,1161.109619140625,0.29248106479644775,3323.868068645937
139.59470399999682,61,C#4,1161.109619140625,0.29248106479644775,3323.868068645937
139.60799999999682,64,E4,1157.6676025390625,0.26359695196151733,3149.3778464866305
139.63459199999681,69,A4,1103.2276611328125,0.24312394857406616,2841.5320345137925
139.7365279999968,80,G#5,1162.0018310546875,0.20188234746456146,2509.020185421904
139.7542559999968,69,A4,1166.2171630859375,0.23054105043411255,2639.5634688427663
139.7586879999968,57,A3,1166.2171630859375,0.23054105043411255,2639.5634688427663
139.7631199999968,45,A2,1166.2171630859375,0.23054105043411255,2639.5634688427663
139.7631199999968,52,E3,1166.2171630859375,0.23054105043411255,2639.5634688427663
139.7631199999968,33,A1,1166.2171630859375,0.23054105043411255,2639.5634688427663
139.77641599999683,45,A2,1054.281982421875,0.24710777401924133,2524.5783179183354
139.77641599999683,52,E3,1054.281982421875,0.24710777401924133,2524.5783179183354
139.78084799999684,45,A2,1054.281982421875,0.24710777401924133,2524.5783179183354
139.78527999999685,42,F#2,1054.281982421875,0.24710777401924133,2524.5783179183354
139.78527999999685,52,E3,1054.281982421875,0.24710777401924133,2524.5783179183354
139.94926399999687,78,F#5,1106.185546875,0.21587832272052765,2681.583829572942
139.97142399999686,52,E3,1103.647705078125,0.27730870246887207,2625.837645764159
139.98028799999685,64,E4,1119.137939453125,0.3247833847999573,2081.7311364342513
139.98028799999685,33,A1,1119.137939453125,0.3247833847999573,2081.7311364342513
139.98028799999685,52,E3,1119.137939453125,0.3247833847999573,2081.7311364342513
139.98028799999685,45,A2,1119.137939453125,0.3247833847999573,2081.7311364342513
139.98471999999686,45,A2,1119.137939453125,0.3247833847999573,2081.7311364342513
139.98471999999686,46,A#2,1119.137939453125,0.3247833847999573,2081.7311364342513
139.98471999999686,38,D2,1119.137939453125,0.3247833847999573,2081.7311364342513
139.99358399999687,52,E3,1119.137939453125,0.3247833847999573,2081.7311364342513
139.99801599999688,45,A2,1106.068359375,0.34980669617652893,1975.990804790491
140.00687999999687,52,E3,1106.068359375,0.34980669617652893,1975.990804790491
140.16199999999688,80,G#5,1159.0347900390625,0.18515026569366455,3928.530719491636
140.17086399999687,61,C#4,1159.0347900390625,0.18515026569366455,3928.530719491636
140.17529599999688,73,C#5,1159.0347900390625,0.18515026569366455,3928.530719491636
140.18859199999687,45,A2,1180.202880859375,0.1962052583694458,4379.355480613915
140.19302399999688,33,A1,1180.202880859375,0.1962052583694458,4379.355480613915
140.19302399999688,52,E3,1180.202880859375,0.1962052583694458,4379.355480613915
140.1974559999969,45,A2,1180.202880859375,0.1962052583694458,4379.355480613915
140.2018879999969,57,A3,1180.202880859375,0.1962052583694458,4379.355480613915
140.2018879999969,52,E3,1180.202880859375,0.1962052583694458,4379.355480613915
140.2063199999969,45,A2,1164.1856689453125,0.22465135157108307,4077.8600968125666
140.21075199999692,52,E3,1164.1856689453125,0.22465135157108307,4077.8600968125666
140.21075199999692,64,E4,1164.1856689453125,0.22465135157108307,4077.8600968125666
140.21075199999692,42,F#2,1164.1856689453125,0.22465135157108307,4077.8600968125666
140.21518399999692,57,A3,1164.1856689453125,0.22465135157108307,4077.8600968125666
140.21961599999693,69,A4,1164.1856689453125,0.22465135157108307,4077.8600968125666
140.22847999999692,52,E3,1164.1856689453125,0.22465135157108307,4077.8600968125666
140.23291199999693,61,C#4,1151.3533935546875,0.2510889768600464,3300.5107172492953
140.23734399999694,59,B3,1151.3533935546875,0.2510889768600464,3300.5107172492953
140.24177599999695,57,A3,1151.3533935546875,0.2510889768600464,3300.5107172492953
140.37473599999697,78,F#5,1154.453369140625,0.2616337835788727,2310.5702527982103
140.39246399999695,57,A3,1154.0855712890625,0.3021085560321808,2904.4397289854483
140.40575999999695,45,A2,1154.0855712890625,0.3021085560321808,2904.4397289854483
140.40575999999695,33,A1,1154.0855712890625,0.3021085560321808,2904.4397289854483
140.41019199999695,69,A4,1154.0855712890625,0.3021085560321808,2904.4397289854483
140.41019199999695,35,B1,1154.0855712890625,0.3021085560321808,2904.4397289854483
140.41462399999696,46,A#2,1154.0855712890625,0.3021085560321808,2904.4397289854483
140.41462399999696,52,E3,1154.0855712890625,0.3021085560321808,2904.4397289854483
140.41905599999697,45,A2,1182.828369140625,0.31063833832740784,3241.374215299581
140.42348799999698,52,E3,1182.828369140625,0.31063833832740784,3241.374215299581
140.427919999997,45,A2,1182.828369140625,0.31063833832740784,3241.374215299581
140.43678399999698,52,E3,1182.828369140625,0.31063833832740784,3241.374215299581
140.58747199999695,80,G#5,1174.042724609375,0.2207006961107254,2552.3558983852186
140.60076799999695,52,E3,1191.8927001953125,0.22764648497104645,2524.869431645866
140.60519999999696,64,E4,1191.8927001953125,0.22764648497104645,2524.869431645866
140.61406399999694,45,A2,1191.8927001953125,0.22764648497104645,2524.869431645866
140.61406399999694,33,A1,1191.8927001953125,0.22764648497104645,2524.869431645866
140.61849599999695,52,E3,1191.8927001953125,0.22764648497104645,2524.869431645866
140.62292799999696,45,A2,1191.8927001953125,0.22764648497104645,2524.869431645866
140.62735999999697,52,E3,1195.3663330078125,0.23643366992473602,2398.5872214760843
140.63179199999698,45,A2,1195.3663330078125,0.23643366992473602,2398.5872214760843
140.63179199999698,52,E3,1195.3663330078125,0.23643366992473602,2398.5872214760843
140.636223999997,42,F#2,1195.3663330078125,0.23643366992473602,2398.5872214760843
140.693839999997,78,F#5,1173.6978759765625,0.24839723110198975,2760.3492572776468
140.800207999997,80,G#5,997.6968383789062,0.2307898849248886,2538.131963952138
140.813503999997,62,D4,991.3228759765625,0.26695647835731506,2389.9368118669036
140.826799999997,74,D5,991.3228759765625,0.26695647835731506,2389.9368118669036
140.83123199999702,45,A2,991.3228759765625,0.26695647835731506,2389.9368118669036
140.83123199999702,52,E3,991.3228759765625,0.26695647835731506,2389.9368118669036
140.83123199999702,38,D2,991.3228759765625,0.26695647835731506,2389.9368118669036
140.83123199999702,33,A1,991.3228759765625,0.26695647835731506,2389.9368118669036
140.83566399999702,45,A2,1161.5631103515625,0.2947402894496918,2062.554461413337
140.84009599999703,46,A#2,1161.5631103515625,0.2947402894496918,2062.554461413337
140.84452799999704,54,F#3,1161.5631103515625,0.2947402894496918,2062.554461413337
140.84452799999704,45,A2,1161.5631103515625,0.2947402894496918,2062.554461413337
140.84452799999704,52,E3,1161.5631103515625,0.2947402894496918,2062.554461413337
140.84895999999705,52,E3,1161.5631103515625,0.2947402894496918,2062.554461413337
141.01294399999705,78,F#5,978.44287109375,0.3111732602119446,2044.392178373516
141.02623999999705,52,E3,1121.1324462890625,0.30329546332359314,2116.6786581986726
141.03953599999704,45,A2,1121.1324462890625,0.30329546332359314,2116.6786581986726
141.03953599999704,33,A1,1121.1324462890625,0.30329546332359314,2116.6786581986726
141.03953599999704,69,A4,1121.1324462890625,0.30329546332359314,2116.6786581986726
141.04396799999705,52,E3,1148.586181640625,0.3154534697532654,2244.8025693415466
141.04839999999706,45,A2,1148.586181640625,0.3154534697532654,2244.8025693415466
141.05283199999707,52,E3,1148.586181640625,0.3154534697532654,2244.8025693415466
141.05726399999708,45,A2,1148.586181640625,0.3154534697532654,2244.8025693415466
141.06169599999708,42,F#2,1148.586181640625,0.3154534697532654,2244.8025693415466
141.06169599999708,52,E3,1148.586181640625,0.3154534697532654,2244.8025693415466
141.22567999999708,80,G#5,1152.1649169921875,0.22330142557621002,2190.661332310566
141.25227199999708,45,A2,1180.635986328125,0.2695191502571106,2796.556979679988
141.25227199999708,57,A3,1180.635986328125,0.2695191502571106,2796.556979679988
141.2567039999971,52,E3,1180.635986328125,0.2695191502571106,2796.556979679988
141.2567039999971,33,A1,1180.635986328125,0.2695191502571106,2796.556979679988
141.2611359999971,35,B1,1180.635986328125,0.2695191502571106,2796.556979679988
141.2611359999971,45,A2,1180.635986328125,0.2695191502571106,2796.556979679988
141.2655679999971,46,A#2,1180.635986328125,0.2695191502571106,2796.556979679988
141.2699999999971,52,E3,1180.635986328125,0.2695191502571106,2796.556979679988
141.27443199999712,64,E4,1194.458251953125,0.2845335006713867,3046.809996663119
141.2832959999971,52,E3,1194.458251953125,0.2845335006713867,3046.809996663119
141.2832959999971,45,A2,1194.458251953125,0.2845335006713867,3046.809996663119
141.44727999999705,61,C#4,1157.4736328125,0.28335514664649963,2567.4821383197295
141.46500799999706,45,A2,1138.971923828125,0.2925441563129425,2376.8221032397405
141.46943999999706,52,E3,1138.971923828125,0.2925441563129425,2376.8221032397405
141.46943999999706,33,A1,1138.971923828125,0.2925441563129425,2376.8221032397405
141.47387199999707,45,A2,1138.971923828125,0.2925441563129425,2376.8221032397405
141.47387199999707,52,E3,1138.971923828125,0.2925441563129425,2376.8221032397405
141.48273599999706,42,F#2,1138.971923828125,0.2925441563129425,2376.8221032397405
141.48273599999706,73,C#5,1138.971923828125,0.2925441563129425,2376.8221032397405
141.48273599999706,45,A2,1138.971923828125,0.2925441563129425,2376.8221032397405
141.48716799999707,52,E3,1181.7266845703125,0.2869933545589447,2149.1510017529754
141.6511519999971,78,F#5,1165.1234130859375,0.25504040718078613,2284.037629697263
141.6688799999971,52,E3,1156.0008544921875,0.30332285165786743,2226.9138359817553
141.67774399999712,33,A1,1156.0008544921875,0.30332285165786743,2226.9138359817553
141.67774399999712,69,A4,1156.0008544921875,0.30332285165786743,2226.9138359817553
141.67774399999712,45,A2,1156.0008544921875,0.30332285165786743,2226.9138359817553
141.68217599999713,52,E3,1156.0008544921875,0.30332285165786743,2226.9138359817553
141.68217599999713,38,D2,1156.0008544921875,0.30332285165786743,2226.9138359817553
141.68660799999714,46,A#2,1156.0008544921875,0.30332285165786743,2226.9138359817553
141.68660799999714,45,A2,1156.0008544921875,0.30332285165786743,2226.9138359817553
141.69547199999712,52,E3,999.5718383789062,0.3206028640270233,2104.1626510029187
141.69990399999713,52,E3,999.5718383789062,0.3206028640270233,2104.1626510029187
141.69990399999713,45,A2,999.5718383789062,0.3206028640270233,2104.1626510029187
141.88161599999717,64,E4,1187.3468017578125,0.2742105722427368,2503.2333333088154
141.89047999999715,43,G2,1187.3468017578125,0.2742105722427368,2503.2333333088154
141.89047999999715,57,A3,1187.3468017578125,0.2742105722427368,2503.2333333088154
141.89047999999715,45,A2,1187.3468017578125,0.2742105722427368,2503.2333333088154
141.89491199999716,52,E3,1187.3468017578125,0.2742105722427368,2503.2333333088154
141.89934399999717,45,A2,1187.3468017578125,0.2742105722427368,2503.2333333088154
141.90377599999718,52,E3,1164.57958984375,0.30464062094688416,2791.2715279815434
141.9082079999972,45,A2,1164.57958984375,0.30464062094688416,2791.2715279815434
141.9082079999972,35,B1,1164.57958984375,0.30464062094688416,2791.2715279815434
141.9126399999972,42,F#2,1164.57958984375,0.30464062094688416,2791.2715279815434
141.9126399999972,52,E3,1164.57958984375,0.30464062094688416,2791.2715279815434
142.0766239999972,80,G#5,1171.9852294921875,0.3098852336406708,2992.7449293729214
142.0810559999972,59,B3,1171.9852294921875,0.3098852336406708,2992.7449293729214
142.0854879999972,71,B4,1171.9852294921875,0.3098852336406708,2992.7449293729214
142.0987839999972,45,A2,1156.1214599609375,0.2876889407634735,2838.4177531031155
142.10321599999722,52,E3,1156.1214599609375,0.2876889407634735,2838.4177531031155
142.10321599999722,45,A2,1156.1214599609375,0.2876889407634735,2838.4177531031155
142.10764799999723,46,A#2,1156.1214599609375,0.2876889407634735,2838.4177531031155
142.10764799999723,45,A2,1156.1214599609375,0.2876889407634735,2838.4177531031155
142.11207999999723,35,B1,1158.8153076171875,0.3141305148601532,2938.3374684155224
142.12094399999725,52,E3,1158.8153076171875,0.3141305148601532,2938.3374684155224
142.12537599999726,45,A2,1158.8153076171875,0.3141305148601532,2938.3374684155224
142.12980799999727,52,E3,1158.8153076171875,0.3141305148601532,2938.3374684155224
142.28935999999732,52,E3,1154.492431640625,0.2787453830242157,3066.9479466464168
142.31151999999733,64,E4,1152.86328125,0.24937686324119568,2890.1179342141695
142.31595199999734,45,A2,1152.86328125,0.24937686324119568,2890.1179342141695
142.32038399999735,52,E3,1172.4586181640625,0.2672947943210602,3137.8072778082123
142.32481599999736,45,A2,1172.4586181640625,0.2672947943210602,3137.8072778082123
142.32481599999736,52,E3,1172.4586181640625,0.2672947943210602,3137.8072778082123
142.32481599999736,38,D2,1172.4586181640625,0.2672947943210602,3137.8072778082123
142.33367999999734,52,E3,1172.4586181640625,0.2672947943210602,3137.8072778082123
142.33367999999734,45,A2,1172.4586181640625,0.2672947943210602,3137.8072778082123
142.42675199999735,38,D2,1116.8419189453125,0.21537992358207703,2699.6561957711606
142.50209599999735,61,C#4,1171.91064453125,0.1913377046585083,2202.9056134251837
142.51982399999736,73,C#5,1168.34619140625,0.20092175900936127,2112.981299558287
142.52868799999735,52,E3,1170.828369140625,0.2670818865299225,2024.0616158763942
142.52868799999735,45,A2,1170.828369140625,0.2670818865299225,2024.0616158763942
142.53311999999735,52,E3,1170.828369140625,0.2670818865299225,2024.0616158763942
142.53311999999735,45,A2,1170.828369140625,0.2670818865299225,2024.0616158763942
142.53755199999736,38,D2,1170.828369140625,0.2670818865299225,2024.0616158763942
142.53755199999736,45,A2,1170.828369140625,0.2670818865299225,2024.0616158763942
142.54198399999737,57,A3,1170.828369140625,0.2670818865299225,2024.0616158763942
142.54641599999738,52,E3,1170.828369140625,0.2670818865299225,2024.0616158763942
142.54641599999738,54,F#3,1170.828369140625,0.2670818865299225,2024.0616158763942
142.55527999999737,52,E3,1167.3033447265625,0.292392373085022,1897.8773503396105
142.55527999999737,45,A2,1167.3033447265625,0.292392373085022,1897.8773503396105
142.55971199999738,57,A3,1167.3033447265625,0.292392373085022,1897.8773503396105
142.56857599999736,57,A3,1167.3033447265625,0.292392373085022,1897.8773503396105
142.57300799999737,61,C#4,1167.3033447265625,0.292392373085022,1897.8773503396105
142.58630399999737,64,E4,1172.835205078125,0.3226310610771179,2229.4343107596887
142.60846399999738,69,A4,1176.3551025390625,0.3170156180858612,2668.374917363033
142.63948799999739,38,D2,1165.3297119140625,0.2686409652233124,2889.129498944756
142.72369599999737,52,E3,1194.760498046875,0.2101614624261856,3099.207967602951
142.74585599999736,52,E3,1175.8463134765625,0.21639384329319,3111.834492643097
142.74585599999736,45,A2,1175.8463134765625,0.21639384329319,3111.834492643097
142.74585599999736,45,A2,1175.8463134765625,0.21639384329319,3111.834492643097
142.75028799999737,38,D2,1175.8463134765625,0.21639384329319,3111.834492643097
142.75028799999737,45,A2,1175.8463134765625,0.21639384329319,3111.834492643097
142.75915199999739,45,A2,1175.8463134765625,0.21639384329319,3111.834492643097
142.75915199999739,52,E3,1175.8463134765625,0.21639384329319,3111.834492643097
142.7635839999974,52,E3,1168.8809814453125,0.22154037654399872,3019.0519122767155
142.94086399999736,86,D6,1174.02197265625,0.2145412713289261,2766.7011363361776
142.94086399999736,83,B5,1174.02197265625,0.2145412713289261,2766.7011363361776
142.94086399999736,90,F#6,1174.02197265625,0.2145412713289261,2766.7011363361776
142.9541599999974,35,B1,1167.2120361328125,0.24935001134872437,2949.7301352254813
142.9541599999974,47,B2,1167.2120361328125,0.24935001134872437,2949.7301352254813
142.96302399999738,49,C#3,1167.2120361328125,0.24935001134872437,2949.7301352254813
142.96745599999738,35,B1,1167.2120361328125,0.24935001134872437,2949.7301352254813
142.98075199999738,47,B2,1162.4505615234375,0.25622570514678955,3344.57051433877
142.98075199999738,47,B2,1162.4505615234375,0.25622570514678955,3344.57051433877
142.99404799999738,54,F#3,1163.32373046875,0.25799643993377686,3348.143908183526
143.1668959999974,54,F#3,1166.67578125,0.21122947335243225,4109.442926623721
143.1713279999974,35,B1,1166.67578125,0.21122947335243225,4109.442926623721
143.1890559999974,54,F#3,1173.0003662109375,0.20324155688285828,3247.2528001622554
143.37519999999742,59,B3,1165.166015625,0.2594251036643982,2600.2955710662236
143.37963199999743,35,B1,1165.166015625,0.2594251036643982,2600.2955710662236
143.38849599999742,51,D#3,1167.4588623046875,0.2907503843307495,2702.1959484810345
143.38849599999742,38,D2,1167.4588623046875,0.2907503843307495,2702.1959484810345
143.3973599999974,47,B2,1167.4588623046875,0.2907503843307495,2702.1959484810345
143.4017919999974,59,B3,1167.4588623046875,0.2907503843307495,2702.1959484810345
143.4106559999974,54,F#3,1174.256591796875,0.3159802258014679,2552.8791579126764
143.56577599999738,78,F#5,1186.8984375,0.26983147859573364,2423.740662727321
143.5967999999974,35,B1,1181.9525146484375,0.2679932117462158,2390.36873308678
143.61009599999738,51,D#3,1181.9525146484375,0.2679932117462158,2390.36873308678
143.61009599999738,66,F#4,1181.9525146484375,0.2679932117462158,2390.36873308678
143.61009599999738,47,B2,1181.9525146484375,0.2679932117462158,2390.36873308678
143.6278239999974,54,F#3,1168.531982421875,0.27383920550346375,2382.7421858065736
143.6322559999974,66,F#4,1168.531982421875,0.27383920550346375,2382.7421858065736
143.80953599999742,35,B1,1109.2076416015625,0.2702238857746124,2350.055085283492
143.81396799999743,51,D#3,1109.2076416015625,0.2702238857746124,2350.055085283492
143.99124799999743,80,G#5,1195.833251953125,0.27795785665512085,2578.211541120715
144.02227199999743,62,D4,1174.8453369140625,0.2730455994606018,2526.1981706486577
144.02227199999743,35,B1,1174.8453369140625,0.2730455994606018,2526.1981706486577
144.03556799999743,51,D#3,1174.8453369140625,0.2730455994606018,2526.1981706486577
144.0444319999974,62,D4,1169.8692626953125,0.2764627933502197,2296.1334578052683
144.20398399999743,78,F#5,1194.9727783203125,0.2525876760482788,1954.6693130220413
144.21727999999743,59,B3,1194.9727783203125,0.2525876760482788,1954.6693130220413
144.23057599999743,35,B1,1193.29248046875,0.24375994503498077,1911.0224875048984
144.23943999999742,38,D2,1193.29248046875,0.24375994503498077,1911.0224875048984
144.23943999999742,59,B3,1193.29248046875,0.24375994503498077,1911.0224875048984
144.24387199999742,51,D#3,1193.29248046875,0.24375994503498077,1911.0224875048984
144.2527359999974,54,F#3,1123.688232421875,0.25338128209114075,1922.6277027946187
144.2527359999974,47,B2,1123.688232421875,0.25338128209114075,1922.6277027946187
144.27489599999743,54,F#3,1139.4268798828125,0.30066585540771484,1903.5705832836752
144.41671999999744,80,G#5,1172.581787109375,0.2807769179344177,2423.146445042039
144.44331199999743,35,B1,1125.219482421875,0.27046382427215576,2344.615780824336
144.44331199999743,52,E3,1125.219482421875,0.27046382427215576,2344.615780824336
144.46547199999745,47,B2,1176.2999267578125,0.25193727016448975,2291.842179788764
144.46990399999746,51,D#3,1176.2999267578125,0.25193727016448975,2291.842179788764
144.46990399999746,52,E3,1176.2999267578125,0.25193727016448975,2291.842179788764
144.48763199999743,54,F#3,1165.235107421875,0.245747372508049,2237.8747221001395
144.62945599999748,78,F#5,1183.482421875,0.2850892245769501,2389.441192548361
144.63831999999746,85,C#6,1183.482421875,0.2850892245769501,2389.441192548361
144.64275199999747,81,A5,1173.72998046875,0.289068341255188,2400.2459747773523
144.64275199999747,88,E6,1173.72998046875,0.289068341255188,2400.2459747773523
144.64718399999748,45,A2,1173.72998046875,0.289068341255188,2400.2459747773523
144.65604799999747,33,A1,1173.72998046875,0.289068341255188,2400.2459747773523
144.66491199999749,35,B1,1180.9974365234375,0.2857164144515991,2323.063003428535
144.66491199999749,45,A2,1180.9974365234375,0.2857164144515991,2323.063003428535
144.6693439999975,51,D#3,1180.9974365234375,0.2857164144515991,2323.063003428535
144.6782079999975,45,A2,1180.9974365234375,0.2857164144515991,2323.063003428535
144.68263999999752,52,E3,1180.9974365234375,0.2857164144515991,2323.063003428535
144.84219199999754,80,G#5,1196.8507080078125,0.1915585696697235,3059.161720051888
144.87321599999754,33,A1,1187.5030517578125,0.19108666479587555,2745.7711321410816
144.87321599999754,52,E3,1187.5030517578125,0.19108666479587555,2745.7711321410816
144.89094399999752,51,D#3,1187.5030517578125,0.19108666479587555,2745.7711321410816
144.89537599999753,45,A2,1187.5030517578125,0.19108666479587555,2745.7711321410816
144.89980799999753,52,E3,1160.6337890625,0.20162829756736755,2808.9955304964947
144.90423999999754,52,E3,1160.6337890625,0.20162829756736755,2808.9955304964947
145.08595199999758,33,A1,1189.5093994140625,0.3309037685394287,1992.47166107591
145.09038399999758,61,C#4,1189.5093994140625,0.3309037685394287,1992.47166107591
145.09038399999758,51,D#3,1189.5093994140625,0.3309037685394287,1992.47166107591
145.09038399999758,38,D2,1189.5093994140625,0.3309037685394287,1992.47166107591
145.10367999999758,45,A2,1189.5093994140625,0.3309037685394287,1992.47166107591
145.10367999999758,52,E3,1189.5093994140625,0.3309037685394287,1992.47166107591
145.1081119999976,61,C#4,1193.90380859375,0.3254960775375366,1990.0076268627422
145.26766399999758,78,F#5,1163.7135009765625,0.3043833076953888,2064.1754797843478
145.29425599999757,33,A1,814.8348388671875,0.2807149589061737,2214.232461785612
145.30311999999756,35,B1,814.8348388671875,0.2807149589061737,2214.232461785612
145.30311999999756,45,A2,814.8348388671875,0.2807149589061737,2214.232461785612
145.30755199999757,64,E4,814.8348388671875,0.2807149589061737,2214.232461785612
145.31198399999758,52,E3,814.8348388671875,0.2807149589061737,2214.232461785612
145.3164159999976,51,D#3,813.4362182617188,0.2500699758529663,2662.3723244367284
145.32971199999758,64,E4,813.4362182617188,0.2500699758529663,2662.3723244367284
145.50699199999758,33,A1,1138.3475341796875,0.18658412992954254,3467.6654544077273
145.51585599999757,51,D#3,1138.3475341796875,0.18658412992954254,3467.6654544077273
145.51585599999757,35,B1,1138.3475341796875,0.18658412992954254,3467.6654544077273
145.72415999999762,61,C#4,1138.90625,0.18645079433918,3115.404557453837
145.72415999999762,33,A1,1138.90625,0.18645079433918,3115.404557453837
145.74188799999763,51,D#3,1114.17529296875,0.17473116517066956,2958.3880880085653
145.74631999999764,61,C#4,1114.17529296875,0.17473116517066956,2958.3880880085653
145.93689599999766,35,B1,1183.485107421875,0.1764773726463318,2226.430757381904
145.94132799999767,38,D2,1189.448974609375,0.18567948043346405,2213.583188478714
145.94132799999767,57,A3,1189.448974609375,0.18567948043346405,2213.583188478714
145.94132799999767,51,D#3,1189.448974609375,0.18567948043346405,2213.583188478714
145.95019199999768,54,F#3,1189.448974609375,0.18567948043346405,2213.583188478714
145.95905599999767,45,A2,1189.448974609375,0.18567948043346405,2213.583188478714
145.95905599999767,57,A3,1189.448974609375,0.18567948043346405,2213.583188478714
145.9679199999977,52,E3,1181.1131591796875,0.18491095304489136,2185.4680963404953
146.1451999999977,37,C#2,1183.5760498046875,0.22499288618564606,2552.7997044178055
146.1629279999977,52,E3,1178.6387939453125,0.20967920124530792,2692.9161495071376
146.1629279999977,45,A2,1178.6387939453125,0.20967920124530792,2692.9161495071376
146.1673599999977,52,E3,1178.6387939453125,0.20967920124530792,2692.9161495071376
146.1717919999977,51,D#3,1178.6387939453125,0.20967920124530792,2692.9161495071376
146.1850879999977,52,E3,1176.686767578125,0.20038513839244843,2619.7815678625634
146.34020799999772,81,A5,1174.995361328125,0.18294095993041992,2429.7288004239267
146.34463999999772,90,F#6,1174.995361328125,0.18294095993041992,2429.7288004239267
146.34463999999772,86,D6,1174.995361328125,0.18294095993041992,2429.7288004239267
146.36236799999773,38,D2,1172.556396484375,0.17871984839439392,2380.1100400240657
146.36236799999773,35,B1,1172.556396484375,0.17871984839439392,2380.1100400240657
146.36679999999774,50,D3,1172.556396484375,0.17871984839439392,2380.1100400240657
146.36679999999774,51,D#3,1172.556396484375,0.17871984839439392,2380.1100400240657
146.37123199999775,50,D3,1172.556396484375,0.17871984839439392,2380.1100400240657
146.38895999999775,57,A3,1180.665771484375,0.17799541354179382,2410.1813350288594
146.38895999999775,50,D3,1180.665771484375,0.17799541354179382,2410.1813350288594
146.57067199999776,57,A3,1187.103515625,0.23499028384685516,2949.5429711327474
146.57510399999776,38,D2,1187.103515625,0.23499028384685516,2949.5429711327474
146.59283199999777,51,D#3,1183.541748046875,0.2153710126876831,2922.8610267508507
146.59726399999778,57,A3,1183.541748046875,0.2153710126876831,2922.8610267508507
146.7568159999978,78,F#5,1175.56884765625,0.28295108675956726,2564.8086499355095
146.7878399999978,38,D2,1176.21630859375,0.2930888235569,2614.6495444126103
146.7922719999978,38,D2,1176.21630859375,0.2930888235569,2614.6495444126103
146.7922719999978,62,D4,1176.21630859375,0.2930888235569,2614.6495444126103
146.7922719999978,51,D#3,1176.21630859375,0.2930888235569,2614.6495444126103
146.79670399999782,50,D3,1176.21630859375,0.2930888235569,2614.6495444126103
146.81443199999782,57,A3,1174.77587890625,0.2888375520706177,2667.1837671750027
146.81886399999783,62,D4,1174.77587890625,0.2888375520706177,2667.1837671750027
146.96955199999783,80,G#5,1128.8328857421875,0.3309873044490814,2212.1440627437137
146.99614399999783,38,D2,1117.6343994140625,0.30553165078163147,2325.835749314052
147.00943999999782,66,F#4,1107.91162109375,0.2901727855205536,2481.5183385206083
147.0183039999978,50,D3,1107.91162109375,0.2901727855205536,2481.5183385206083
147.02273599999782,51,D#3,1107.91162109375,0.2901727855205536,2481.5183385206083
147.02273599999782,57,A3,1107.91162109375,0.2901727855205536,2481.5183385206083
147.03159999999784,66,F#4,1107.91162109375,0.2901727855205536,2481.5183385206083
147.21331199999784,35,B1,1176.7127685546875,0.24421426653862,2802.911751785809
147.21774399999785,51,D#3,1176.7127685546875,0.24421426653862,2802.911751785809
147.39502399999782,78,F#5,1175.6571044921875,0.30288124084472656,3335.8553403657174
147.4216159999978,38,D2,1174.027099609375,0.3058484196662903,3261.866714404708
147.42604799999782,62,D4,1174.027099609375,0.3058484196662903,3261.866714404708
147.43934399999782,50,D3,1175.04638671875,0.27488741278648376,3126.380810957993
147.44377599999783,51,D#3,1175.04638671875,0.27488741278648376,3126.380810957993
147.45707199999785,57,A3,1129.2008056640625,0.258686900138855,3003.8437248109267
147.45707199999785,62,D4,1129.2008056640625,0.258686900138855,3003.8437248109267
147.60775999999785,80,G#5,1179.48046875,0.24787390232086182,2940.548485341537
147.63878399999786,30,F#1,1175.72900390625,0.2402792125940323,2943.3729363440725
147.64321599999786,51,D#3,1175.72900390625,0.2402792125940323,2943.3729363440725
147.64321599999786,38,D2,1175.72900390625,0.2402792125940323,2943.3729363440725
147.64764799999787,57,A3,1175.72900390625,0.2402792125940323,2943.3729363440725
147.65207999999788,54,F#3,1175.72900390625,0.2402792125940323,2943.3729363440725
147.67423999999787,57,A3,1172.291748046875,0.23442953824996948,2725.4320631547557
147.8204959999979,78,F#5,1159.88623046875,0.3343539834022522,2340.9986984662582
147.8382239999979,50,D3,1178.493896484375,0.3527076542377472,2351.015217233964
147.8515199999979,30,F#1,1178.0865478515625,0.33207741379737854,2349.1921084608452
147.86038399999788,50,D3,1178.0865478515625,0.33207741379737854,2349.1921084608452
147.86924799999787,50,D3,1194.63427734375,0.3090042471885681,2304.377464536896
147.87367999999788,51,D#3,1194.63427734375,0.3090042471885681,2304.377464536896
147.87367999999788,57,A3,1194.63427734375,0.3090042471885681,2304.377464536896
148.0332319999979,80,G#5,1181.7620849609375,0.20062047243118286,3551.810562250203
148.0465279999979,91,G6,1181.7620849609375,0.20062047243118286,3551.810562250203
148.0465279999979,86,D6,1181.7620849609375,0.20062047243118286,3551.810562250203
148.0465279999979,83,B5,1181.7620849609375,0.20062047243118286,3551.810562250203
148.0509599999979,43,G2,1181.7620849609375,0.20062047243118286,3551.810562250203
148.0598239999979,31,G1,1196.872314453125,0.1932593584060669,3871.72264099967
148.06868799999788,35,B1,1196.872314453125,0.1932593584060669,3871.72264099967
148.07311999999789,51,D#3,1196.872314453125,0.1932593584060669,3871.72264099967
148.0775519999979,43,G2,1192.160888671875,0.19173792004585266,3878.44506181233
148.0775519999979,43,G2,1192.160888671875,0.19173792004585266,3878.44506181233
148.0819839999979,50,D3,1192.160888671875,0.19173792004585266,3878.44506181233
148.26369599999788,50,D3,1162.105224609375,0.3208838999271393,3045.2137254503978
148.27699199999788,31,G1,1162.105224609375,0.3208838999271393,3045.2137254503978
148.28585599999786,50,D3,1162.105224609375,0.3208838999271393,3045.2137254503978
148.29471999999785,51,D#3,1148.8382568359375,0.28533437848091125,2863.6521232588
148.45870399999785,78,F#5,1164.74462890625,0.2913348376750946,1874.285326223164
148.47643199999786,59,B3,1179.537353515625,0.2741590738296509,2040.3545302283476
148.48529599999787,31,G1,1179.537353515625,0.2741590738296509,2040.3545302283476
148.49415999999786,51,D#3,1179.537353515625,0.2741590738296509,2040.3545302283476
148.49415999999786,38,D2,1179.537353515625,0.2741590738296509,2040.3545302283476
148.49859199999787,59,B3,1195.6400146484375,0.25008538365364075,2132.8841072029336
148.5074559999979,43,G2,1195.6400146484375,0.25008538365364075,2132.8841072029336
148.5118879999979,50,D3,1195.6400146484375,0.25008538365364075,2132.8841072029336
148.70246399999792,67,G4,1175.40234375,0.35023483633995056,1961.0062956840816
148.70246399999792,31,G1,1175.40234375,0.35023483633995056,1961.0062956840816
148.70689599999793,35,B1,1172.9132080078125,0.33461594581604004,2009.306232272651
148.70689599999793,43,G2,1172.9132080078125,0.33461594581604004,2009.306232272651
148.71575999999794,50,D3,1172.9132080078125,0.33461594581604004,2009.306232272651
148.71575999999794,51,D#3,1172.9132080078125,0.33461594581604004,2009.306232272651
148.72462399999793,67,G4,1172.9132080078125,0.33461594581604004,2009.306232272651
148.88417599999795,80,G#5,1175.9329833984375,0.2764379382133484,2226.0072778892936
148.91519999999795,31,G1,1177.127685546875,0.3148002624511719,2160.4974783250746
148.91963199999796,35,B1,1177.127685546875,0.3148002624511719,2160.4974783250746
148.92406399999797,51,D#3,1177.127685546875,0.3148002624511719,2160.4974783250746
149.12350399999798,31,G1,1178.405517578125,0.33052802085876465,3139.105427369448
149.13236799999797,62,D4,1178.405517578125,0.33052802085876465,3139.105427369448
149.14123199999796,51,D#3,1178.405517578125,0.33052802085876465,3139.105427369448
149.15895999999796,62,D4,1182.8521728515625,0.3158405125141144,2867.185869178933
149.30964799999794,78,F#5,1193.125244140625,0.19135525822639465,2720.6803314012986
149.34067199999794,33,A1,1173.7789306640625,0.1854156255722046,2832.6633119547437
149.34510399999795,38,D2,1173.7789306640625,0.1854156255722046,2832.6633119547437
149.34510399999795,49,C#3,1173.7789306640625,0.1854156255722046,2832.6633119547437
149.34953599999795,59,B3,1173.7789306640625,0.1854156255722046,2832.6633119547437
149.35839999999797,54,F#3,1175.9542236328125,0.17093928158283234,2762.3167169725307
149.36283199999798,43,G2,1175.9542236328125,0.17093928158283234,2762.3167169725307
149.37169599999797,59,B3,1175.9542236328125,0.17093928158283234,2762.3167169725307
149.37169599999797,50,D3,1175.9542236328125,0.17093928158283234,2762.3167169725307
149.54011199999798,50,D3,1072.1568603515625,0.29433828592300415,2386.825450565972
149.55340799999797,34,A#1,1072.1568603515625,0.29433828592300415,2386.825450565972
149.56227199999796,50,D3,1072.1568603515625,0.29433828592300415,2386.825450565972
149.56670399999797,43,G2,1065.072021484375,0.276693731546402,2510.5170999174697
149.57113599999798,50,D3,1065.072021484375,0.276693731546402,2510.5170999174697
149.74841599999803,90,F#6,1194.84423828125,0.17908267676830292,3025.802979637495
149.74841599999803,86,D6,1194.84423828125,0.17908267676830292,3025.802979637495
149.75284799999804,83,B5,1177.4615478515625,0.1787070333957672,3089.9551701586483
149.76171199999803,35,B1,1177.4615478515625,0.1787070333957672,3089.9551701586483
149.77057599999802,57,A3,1177.4615478515625,0.1787070333957672,3089.9551701586483
149.77057599999802,47,B2,1177.4615478515625,0.1787070333957672,3089.9551701586483
149.77500799999802,35,B1,1168.2562255859375,0.18046687543392181,3045.0365445719026
149.77943999999803,47,B2,1168.2562255859375,0.18046687543392181,3045.0365445719026
149.78387199999804,54,F#3,1168.2562255859375,0.18046687543392181,3045.0365445719026
149.78830399999805,47,B2,1168.2562255859375,0.18046687543392181,3045.0365445719026
149.96115199999804,54,F#3,1113.479248046875,0.2441519796848297,3403.6391549049804
149.97887999999804,35,B1,1113.479248046875,0.2441519796848297,3403.6391549049804
149.98331199999805,54,F#3,1172.9990234375,0.24518659710884094,3438.1763813540165
149.99217599999804,47,B2,1172.9990234375,0.24518659710884094,3438.1763813540165
149.99660799999805,51,D#3,1172.9990234375,0.24518659710884094,3438.1763813540165
150.00103999999806,54,F#3,1172.9990234375,0.24518659710884094,3438.1763813540165
150.16945599999806,59,B3,1147.716552734375,0.2228812724351883,2380.2758112261254
150.18718399999807,59,B3,1147.716552734375,0.2228812724351883,2380.2758112261254
150.19161599999808,35,B1,1149.8831787109375,0.24647276103496552,2319.310017595203
150.1960479999981,38,D2,1149.8831787109375,0.24647276103496552,2319.310017595203
150.1960479999981,51,D#3,1149.8831787109375,0.24647276103496552,2319.310017595203
150.20934399999808,47,B2,1149.8831787109375,0.24647276103496552,2319.310017595203
150.2137759999981,54,F#3,1112.099853515625,0.2806599736213684,2237.9293124024107
150.37332799999808,78,F#5,1183.7734375,0.3128117620944977,2199.253294366019
150.39991999999808,66,F#4,1186.0787353515625,0.33488696813583374,2121.6573062882317
150.40435199999808,35,B1,1186.0787353515625,0.33488696813583374,2121.6573062882317
150.41321599999807,47,B2,1186.0787353515625,0.33488696813583374,2121.6573062882317
150.42207999999806,66,F#4,1186.0787353515625,0.33488696813583374,2121.6573062882317
150.42207999999806,54,F#3,1186.0787353515625,0.33488696813583374,2121.6573062882317
150.42651199999807,51,D#3,1177.9364013671875,0.33352553844451904,2091.1242582454934
150.62151999999804,51,D#3,1185.554931640625,0.27207472920417786,2286.9775257270853
150.62151999999804,35,B1,1185.554931640625,0.27207472920417786,2286.9775257270853
150.79879999999804,80,G#5,1170.0115966796875,0.2816435396671295,2685.1430688957166
150.82539199999803,35,B1,1156.1265869140625,0.2929231822490692,3146.07860717543
150.83425599999802,62,D4,1156.1265869140625,0.2929231822490692,3146.07860717543
150.84755199999802,51,D#3,1183.13720703125,0.300401508808136,3148.2052347700474
150.856415999998,62,D4,1183.13720703125,0.300401508808136,3148.2052347700474
151.01153599999802,78,F#5,1181.4503173828125,0.24345293641090393,2563.110918544825
151.03812799999798,35,B1,1170.40673828125,0.23464927077293396,2348.075292435557
151.042559999998,59,B3,1170.40673828125,0.23464927077293396,2348.075292435557
151.046991999998,51,D#3,1170.40673828125,0.23464927077293396,2348.075292435557
151.046991999998,38,D2,1170.40673828125,0.23464927077293396,2348.075292435557
151.060287999998,59,B3,1172.965576171875,0.259868323802948,2364.386655021688
151.060287999998,54,F#3,1172.965576171875,0.259868323802948,2364.386655021688
151.064719999998,47,B2,1172.965576171875,0.259868323802948,2364.386655021688
151.069151999998,54,F#3,1172.965576171875,0.259868323802948,2364.386655021688
151.224271999998,80,G#5,1168.916748046875,0.2305278331041336,2394.272859673859
151.241999999998,54,F#3,1167.4564208984375,0.27364543080329895,2417.9326144885345
151.255295999998,35,B1,1167.4564208984375,0.27364543080329895,2417.9326144885345
151.264159999998,54,F#3,1112.1328125,0.30288082361221313,2355.7541956392597
151.27302399999797,47,B2,1112.1328125,0.30288082361221313,2355.7541956392597
151.27745599999798,51,D#3,1112.1328125,0.30288082361221313,2355.7541956392597
151.27745599999798,54,F#3,1112.1328125,0.30288082361221313,2355.7541956392597
151.437007999998,78,F#5,1170.4365234375,0.2285788208246231,2095.2259898426314
151.450303999998,81,A5,1141.30810546875,0.21495893597602844,2106.630262916014
151.450303999998,85,C#6,1141.30810546875,0.21495893597602844,2106.630262916014
151.450303999998,88,E6,1141.30810546875,0.21495893597602844,2106.630262916014
151.459167999998,45,A2,1141.30810546875,0.21495893597602844,2106.630262916014
151.468031999998,33,A1,1173.3846435546875,0.24600262939929962,2122.0046205312524
151.472463999998,35,B1,1173.3846435546875,0.24600262939929962,2122.0046205312524
151.47689599999802,51,D#3,1173.3846435546875,0.24600262939929962,2122.0046205312524
151.47689599999802,45,A2,1173.3846435546875,0.24600262939929962,2122.0046205312524
151.48575999999804,45,A2,1173.3846435546875,0.24600262939929962,2122.0046205312524
151.49019199999805,52,E3,1173.3846435546875,0.24600262939929962,2122.0046205312524
151.67190399999805,52,E3,1186.36376953125,0.2667813301086426,2464.2115919504986
151.67633599999806,33,A1,1196.864990234375,0.28475281596183777,2958.2295488885698
151.69849599999807,52,E3,1196.864990234375,0.28475281596183777,2958.2295488885698
151.69849599999807,51,D#3,1196.864990234375,0.28475281596183777,2958.2295488885698
151.86247999999807,80,G#5,1198.0643310546875,0.24376945197582245,2581.1501837687506
151.88907199999807,33,A1,1188.0899658203125,0.27343299984931946,2436.6196379285257
151.89350399999807,61,C#4,1188.0899658203125,0.27343299984931946,2436.6196379285257
151.89350399999807,38,D2,1188.0899658203125,0.27343299984931946,2436.6196379285257
151.89793599999808,51,D#3,1188.0899658203125,0.27343299984931946,2436.6196379285257
151.9023679999981,45,A2,1188.0899658203125,0.27343299984931946,2436.6196379285257
151.9067999999981,52,E3,1188.0899658203125,0.27343299984931946,2436.6196379285257
151.91566399999812,61,C#4,1175.8406982421875,0.28315383195877075,2106.411168125639
152.0752159999981,78,F#5,1154.4156494140625,0.2433643341064453,2392.342738488934
152.10180799999813,33,A1,1173.5001220703125,0.2728256583213806,2372.279030357879
152.11067199999812,45,A2,1173.5001220703125,0.2728256583213806,2372.279030357879
152.11067199999812,64,E4,1173.5001220703125,0.2728256583213806,2372.279030357879
152.11067199999812,35,B1,1173.5001220703125,0.2728256583213806,2372.279030357879
152.1195359999981,52,E3,1168.40966796875,0.2988455891609192,2359.2740147918585
152.12396799999811,51,D#3,1168.40966796875,0.2988455891609192,2359.2740147918585
152.12839999999812,64,E4,1168.40966796875,0.2988455891609192,2359.2740147918585
152.31897599999814,33,A1,1100.95751953125,0.2503403127193451,2477.683094889806
152.32340799999815,51,D#3,1100.95751953125,0.2503403127193451,2477.683094889806
152.32340799999815,35,B1,1100.95751953125,0.2503403127193451,2477.683094889806
152.52727999999817,33,A1,1160.177734375,0.20089609920978546,2593.679308976548
152.52727999999817,61,C#4,1160.177734375,0.20089609920978546,2593.679308976548
152.54943999999819,61,C#4,1164.1065673828125,0.22432155907154083,3334.1497984472862
152.54943999999819,51,D#3,1164.1065673828125,0.22432155907154083,3334.1497984472862
152.73115199999816,57,A3,1173.628173828125,0.1586914211511612,2776.761996624898
152.74001599999815,40,E2,1173.628173828125,0.1586914211511612,2776.761996624898
152.74887999999814,38,D2,1186.093017578125,0.15486110746860504,2742.3223809237984
152.75331199999815,57,A3,1186.093017578125,0.15486110746860504,2742.3223809237984
152.75331199999815,51,D#3,1186.093017578125,0.15486110746860504,2742.3223809237984
152.76217599999816,52,E3,1186.093017578125,0.15486110746860504,2742.3223809237984
152.76217599999816,45,A2,1186.093017578125,0.15486110746860504,2742.3223809237984
152.76217599999816,54,F#3,1186.093017578125,0.15486110746860504,2742.3223809237984
152.95275199999816,52,E3,1168.4178466796875,0.15635091066360474,2258.9769073684083
152.95275199999816,33,A1,1168.4178466796875,0.15635091066360474,2258.9769073684083
152.96604799999815,45,A2,1166.6151123046875,0.22741352021694183,2193.83804357968
152.97491199999814,52,E3,1166.6151123046875,0.22741352021694183,2193.83804357968
152.97491199999814,51,D#3,1166.6151123046875,0.22741352021694183,2193.83804357968
152.97934399999815,52,E3,1173.0189208984375,0.2683921456336975,2046.8054419092507
153.14775999999816,81,A5,1189.009765625,0.18772614002227783,2324.215113665335
153.15219199999817,90,F#6,1189.009765625,0.18772614002227783,2324.215113665335
153.15662399999817,86,D6,1189.009765625,0.18772614002227783,2324.215113665335
153.16991999999817,35,B1,1186.253662109375,0.19461531937122345,2236.311000753006
153.16991999999817,38,D2,1186.253662109375,0.19461531937122345,2236.311000753006
153.17435199999818,50,D3,1186.253662109375,0.19461531937122345,2236.311000753006
153.17435199999818,51,D#3,1186.253662109375,0.19461531937122345,2236.311000753006
153.18321599999817,50,D3,1186.253662109375,0.19461531937122345,2236.311000753006
153.18764799999818,57,A3,1183.6055908203125,0.2001332938671112,2182.9604598810133
153.19651199999817,50,D3,1183.6055908203125,0.2001332938671112,2182.9604598810133
153.37822399999817,38,D2,1178.8831787109375,0.3155621588230133,2121.6883484016016
153.38265599999818,54,F#3,1178.8831787109375,0.3155621588230133,2121.6883484016016
153.39595199999818,51,D#3,1181.2847900390625,0.3218092620372772,2689.852600395735
153.40481599999816,54,F#3,1181.2847900390625,0.3218092620372772,2689.852600395735
153.56436799999818,78,F#5,1099.909423828125,0.23437872529029846,2365.460231847133
153.59095999999818,38,D2,1170.317626953125,0.2350812554359436,2155.27839723815
153.59539199999818,57,A3,1170.317626953125,0.2350812554359436,2155.27839723815
153.5998239999982,38,D2,1170.317626953125,0.2350812554359436,2155.27839723815
153.6042559999982,51,D#3,1171.6435546875,0.2623894512653351,2174.5045698052018
153.61311999999822,50,D3,1171.6435546875,0.2623894512653351,2174.5045698052018
153.61755199999823,57,A3,1171.6435546875,0.2623894512653351,2174.5045698052018
153.61755199999823,57,A3,1171.6435546875,0.2623894512653351,2174.5045698052018
153.77710399999825,80,G#5,1108.6883544921875,0.26494622230529785,2503.479084707402
153.80369599999824,38,D2,1174.3133544921875,0.2625882625579834,2459.371911238118
153.81699199999824,50,D3,1174.646484375,0.2875247895717621,2532.666299162108
153.82585599999823,66,F#4,1174.646484375,0.2875247895717621,2532.666299162108
153.82585599999823,57,A3,1174.646484375,0.2875247895717621,2532.666299162108
153.83028799999823,51,D#3,1174.646484375,0.2875247895717621,2532.666299162108
153.8480159999982,66,F#4,1174.494873046875,0.2980908155441284,2336.5432425489253
154.02086399999823,38,D2,1175.558837890625,0.27205508947372437,2383.9852160473893
154.02086399999823,35,B1,1175.558837890625,0.27205508947372437,2383.9852160473893
154.02529599999824,51,D#3,1175.6217041015625,0.2613089084625244,2496.970880308424
154.20257599999826,78,F#5,1172.0281982421875,0.2448296993970871,2694.875886329439
154.22916799999825,38,D2,1174.801025390625,0.23972481489181519,2682.267149716604
154.23359999999826,62,D4,1175.6956787109375,0.24172674119472504,2653.0113950856985
154.24689599999826,51,D#3,1175.6956787109375,0.24172674119472504,2653.0113950856985
154.25575999999825,62,D4,1176.3660888671875,0.28585535287857056,2783.7576273227073
154.4153119999983,80,G#5,1170.2100830078125,0.24625222384929657,2984.763541510899
154.4419039999983,57,A3,1175.568359375,0.25409603118896484,2760.311398197193
154.4419039999983,38,D2,1175.568359375,0.25409603118896484,2760.311398197193
154.45076799999828,38,D2,1175.568359375,0.25409603118896484,2760.311398197193
154.45076799999828,51,D#3,1175.568359375,0.25409603118896484,2760.311398197193
154.45963199999827,57,A3,1175.568359375,0.25409603118896484,2760.311398197193
154.45963199999827,54,F#3,1175.568359375,0.25409603118896484,2760.311398197193
154.46406399999827,50,D3,1187.3648681640625,0.25915026664733887,2619.630492825637
154.47735999999827,57,A3,1187.3648681640625,0.25915026664733887,2619.630492825637
154.62804799999827,78,F#5,1173.49853515625,0.21306346356868744,3381.1328804081104
154.65463999999827,30,F#1,1174.3511962890625,0.20170864462852478,2674.7570704608515
154.66793599999826,50,D3,1174.3511962890625,0.20170864462852478,2674.7570704608515
154.67679999999825,50,D3,1170.7423095703125,0.25749242305755615,2177.5343201438236
154.68123199999826,51,D#3,1170.7423095703125,0.25749242305755615,2177.5343201438236
154.68123199999826,57,A3,1170.7423095703125,0.25749242305755615,2177.5343201438236
154.69009599999825,50,D3,1170.7423095703125,0.25749242305755615,2177.5343201438236
154.84078399999828,80,G#5,1168.1885986328125,0.27571630477905273,2436.3624067137134
154.84964799999827,86,D6,1168.1885986328125,0.27571630477905273,2436.3624067137134
154.85407999999828,83,B5,1168.1885986328125,0.27571630477905273,2436.3624067137134
154.85851199999829,91,G6,1182.57177734375,0.29162123799324036,2456.1342810450096
154.8718079999983,31,G1,1182.57177734375,0.29162123799324036,2456.1342810450096
154.8718079999983,43,G2,1182.57177734375,0.29162123799324036,2456.1342810450096
154.87623999999832,35,B1,1182.57177734375,0.29162123799324036,2456.1342810450096
154.88067199999833,51,D#3,1162.955810546875,0.2860356569290161,2406.6594411504984
154.89396799999832,43,G2,1162.955810546875,0.2860356569290161,2406.6594411504984
154.89839999999833,43,G2,1162.955810546875,0.2860356569290161,2406.6594411504984
154.89839999999833,50,D3,1162.955810546875,0.2860356569290161,2406.6594411504984
155.08011199999834,50,D3,1194.3031005859375,0.25585460662841797,2264.052678377332
155.08454399999835,31,G1,1194.3031005859375,0.25585460662841797,2264.052678377332
155.09783999999834,51,D#3,1139.1864013671875,0.2695864140987396,2339.6173974705102
155.09783999999834,43,G2,1139.1864013671875,0.2695864140987396,2339.6173974705102
155.10227199999835,50,D3,1139.1864013671875,0.2695864140987396,2339.6173974705102
155.10670399999836,50,D3,1139.1864013671875,0.2695864140987396,2339.6173974705102
155.26625599999835,78,F#5,1186.0675048828125,0.3216146230697632,2439.2280145053846
155.28841599999836,59,B3,1188.0440673828125,0.3207032084465027,2367.782050532722
155.29284799999837,31,G1,1188.0440673828125,0.3207032084465027,2367.782050532722
155.30171199999836,51,D#3,1187.6441650390625,0.3075050413608551,2317.6945464052924
155.30171199999836,38,D2,1187.6441650390625,0.3075050413608551,2317.6945464052924
155.30614399999837,59,B3,1187.6441650390625,0.3075050413608551,2317.6945464052924
155.31057599999838,43,G2,1187.6441650390625,0.3075050413608551,2317.6945464052924
155.31943999999837,50,D3,1187.6441650390625,0.3075050413608551,2317.6945464052924
155.50558399999838,31,G1,1187.2042236328125,0.23037846386432648,2036.5094198845877
155.51444799999837,67,G4,1175.9073486328125,0.24231992661952972,1997.0000237128625
155.51444799999837,35,B1,1175.9073486328125,0.24231992661952972,1997.0000237128625
155.51887999999838,43,G2,1175.9073486328125,0.24231992661952972,1997.0000237128625
155.52331199999838,50,D3,1175.9073486328125,0.24231992661952972,1997.0000237128625
155.52331199999838,51,D#3,1175.9073486328125,0.24231992661952972,1997.0000237128625
155.53660799999838,67,G4,1186.162353515625,0.24837268888950348,2162.6186132016264
155.6917279999984,80,G#5,1185.1734619140625,0.2582355737686157,2725.985710666131
155.7227519999984,35,B1,1198.0350341796875,0.26189321279525757,2661.7367022987873
155.7227519999984,29,F1,1198.0350341796875,0.26189321279525757,2661.7367022987873
155.7271839999984,51,D#3,1198.0350341796875,0.26189321279525757,2661.7367022987873
155.92662399999838,62,D4,1154.34130859375,0.25947847962379456,2292.873415441384
155.9487839999984,51,D#3,1182.8909912109375,0.22475183010101318,2139.0350645224835
155.9487839999984,62,D4,1182.8909912109375,0.22475183010101318,2139.0350645224835
156.1171999999984,78,F#5,1136.0650634765625,0.3036145269870758,2656.713913478484
156.1260639999984,59,B3,1136.0650634765625,0.3036145269870758,2656.713913478484
156.14379199999837,31,G1,1132.028076171875,0.2858787775039673,2675.6171257325427
156.14822399999838,59,B3,1132.028076171875,0.2858787775039673,2675.6171257325427
156.14822399999838,57,A3,1132.028076171875,0.2858787775039673,2675.6171257325427
156.1526559999984,38,D2,1132.028076171875,0.2858787775039673,2675.6171257325427
156.1659519999984,54,F#3,1184.3277587890625,0.27402517199516296,2549.5173114966647
156.17038399999842,43,G2,1184.3277587890625,0.27402517199516296,2549.5173114966647
156.17481599999843,50,D3,1184.3277587890625,0.27402517199516296,2549.5173114966647
156.34766399999845,50,D3,1172.712890625,0.18527661263942719,2409.865383880563
156.36982399999843,50,D3,1176.908935546875,0.17663797736167908,2440.8644676092104
156.37868799999842,43,G2,1176.908935546875,0.17663797736167908,2440.8644676092104
156.38311999999843,50,D3,1176.908935546875,0.17663797736167908,2440.8644676092104
156.55596799999847,83,B5,1171.7515869140625,0.20163489878177643,2997.755585641086
156.55596799999847,86,D6,1171.7515869140625,0.20163489878177643,2997.755585641086
156.55596799999847,90,F#6,1171.7515869140625,0.20163489878177643,2997.755585641086
156.56926399999847,47,B2,1171.7515869140625,0.20163489878177643,2997.755585641086
156.57369599999848,35,B1,1171.7515869140625,0.20163489878177643,2997.755585641086
156.5781279999985,49,C#3,1177.1585693359375,0.2010713517665863,3075.771961220893
156.5825599999985,35,B1,1177.1585693359375,0.2010713517665863,3075.771961220893
156.5914239999985,47,B2,1177.1585693359375,0.2010713517665863,3075.771961220893
156.5914239999985,54,F#3,1177.1585693359375,0.2010713517665863,3075.771961220893
156.59585599999852,47,B2,1177.1585693359375,0.2010713517665863,3075.771961220893
156.76427199999853,54,F#3,1173.6416015625,0.1740107536315918,2829.449000424531
156.78643199999854,35,B1,1170.1572265625,0.1699792593717575,2780.4409798954275
156.79086399999855,54,F#3,1170.1572265625,0.1699792593717575,2780.4409798954275
156.80415999999855,51,D#3,1170.1572265625,0.1699792593717575,2780.4409798954275
156.98143999999854,59,B3,1135.02392578125,0.18769291043281555,3008.3253790235394
156.99473599999857,35,B1,1156.38427734375,0.180079847574234,2987.59363331823
157.00359999999856,38,D2,1156.38427734375,0.180079847574234,2987.59363331823
157.00359999999856,59,B3,1156.38427734375,0.180079847574234,2987.59363331823
157.00359999999856,51,D#3,1156.38427734375,0.180079847574234,2987.59363331823
157.01246399999854,47,B2,1156.38427734375,0.180079847574234,2987.59363331823
157.01689599999855,54,F#3,1169.2474365234375,0.16863591969013214,2850.048860986135
157.18087999999855,78,F#5,1168.965087890625,0.25412341952323914,2526.671672583464
157.20747199999855,35,B1,1164.8818359375,0.2488810420036316,2400.297475687915
157.21190399999855,66,F#4,1164.8818359375,0.2488810420036316,2400.297475687915
157.21633599999856,47,B2,1164.8818359375,0.2488810420036316,2400.297475687915
157.22963199999856,54,F#3,1171.016845703125,0.24265162646770477,2403.8873151579432
157.23406399999857,51,D#3,1171.016845703125,0.24265162646770477,2403.8873151579432
157.23406399999857,66,F#4,1171.016845703125,0.24265162646770477,2403.8873151579432
157.42463999999856,35,B1,1179.5955810546875,0.22657164931297302,3639.054976598599
157.42907199999857,51,D#3,1179.5955810546875,0.22657164931297302,3639.054976598599
157.60635199999857,80,G#5,1194.3212890625,0.2715567350387573,2602.3563586392947
157.63737599999857,62,D4,1189.998046875,0.27047088742256165,2597.3948948658353
157.63737599999857,35,B1,1189.998046875,0.27047088742256165,2597.3948948658353
157.65510399999857,51,D#3,1174.4461669921875,0.26436570286750793,2490.8596026061655
157.65510399999857,62,D4,1174.4461669921875,0.26436570286750793,2490.8596026061655
157.85011199999857,38,D2,1176.158447265625,0.24830661714076996,3169.55791910477
157.85454399999858,51,D#3,1162.5384521484375,0.24008186161518097,2976.104708199604
157.86340799999857,54,F#3,1162.5384521484375,0.24008186161518097,2976.104708199604
157.86340799999857,59,B3,1162.5384521484375,0.24008186161518097,2976.104708199604
157.8722719999986,47,B2,1162.5384521484375,0.24008186161518097,2976.104708199604
157.88556799999859,59,B3,1119.7149658203125,0.22978690266609192,2841.1027635078467
157.88556799999859,54,F#3,1119.7149658203125,0.22978690266609192,2841.1027635078467
158.0318239999986,78,F#5,1175.9542236328125,0.19290827214717865,2516.456332425184
158.0451199999986,69,A4,1195.9766845703125,0.18384689092636108,2404.2927256766598
158.0584159999986,35,B1,1195.9766845703125,0.18384689092636108,2404.2927256766598
158.0672799999986,69,A4,1173.142578125,0.17854098975658417,2314.268157280847
158.0672799999986,51,D#3,1173.142578125,0.17854098975658417,2314.268157280847
158.0805759999986,54,F#3,1173.142578125,0.17854098975658417,2314.268157280847
158.0805759999986,47,B2,1173.142578125,0.17854098975658417,2314.268157280847
158.1381919999986,61,C#4,1162.7762451171875,0.17638470232486725,2353.7088134076967
158.1603519999986,61,C#4,1183.6876220703125,0.21862740814685822,2879.559281147767
158.2179679999986,59,B3,1170.8319091796875,0.3322862982749939,2231.110345835379
158.2401279999986,59,B3,1004.8552856445312,0.3482213616371155,2634.405281944303
158.24455999999861,80,G#5,1004.8552856445312,0.3482213616371155,2634.405281944303
158.2534239999986,85,C#6,1087.0858154296875,0.33012834191322327,3157.0248617290245
158.2578559999986,81,A5,1087.0858154296875,0.33012834191322327,3157.0248617290245
158.2578559999986,88,E6,1087.0858154296875,0.33012834191322327,3157.0248617290245
158.26228799999862,52,E3,1087.0858154296875,0.33012834191322327,3157.0248617290245
158.2711519999986,33,A1,1122.549072265625,0.2663348615169525,3419.1627022243047
158.2800159999986,57,A3,1122.549072265625,0.2663348615169525,3419.1627022243047
158.2844479999986,35,B1,1122.549072265625,0.2663348615169525,3419.1627022243047
158.2888799999986,52,E3,1122.549072265625,0.2663348615169525,3419.1627022243047
158.3021759999986,52,E3,1166.8577880859375,0.2370595484972,3378.610980329032
158.3021759999986,45,A2,1166.8577880859375,0.2370595484972,3378.610980329032
158.3331999999986,45,A2,1183.0185546875,0.21468539535999298,3568.3401097434917
158.3553599999986,45,A2,1184.5377197265625,0.20167891681194305,4081.3450807500194
158.6700319999986,78,F#5,1185.0174560546875,0.24267125129699707,2940.809908886053
159.09550399999858,80,G#5,995.1366577148438,0.2765723466873169,2547.8057363239836
159.34369599999857,35,B1,1141.8868408203125,0.24975882470607758,1947.2278205987031
159.44563199999857,35,B1,1153.838134765625,0.2766093611717224,2034.6843189252672
159.52097599999857,78,F#5,1162.4871826171875,0.3581627905368805,2870.3300579734614
159.52983999999856,43,G2,1153.541015625,0.3635594844818115,2659.2646549547235
159.55643199999855,45,A2,843.7114868164062,0.3520824909210205,2200.2431251990574
159.55643199999855,35,B1,843.7114868164062,0.3520824909210205,2200.2431251990574
159.85780799999856,50,D3,879.2645263671875,0.2964326739311218,2268.533125931396
159.87996799999857,50,D3,627.16748046875,0.3434375524520874,2291.569087468547
159.9198559999986,54,F#3,1176.38037109375,0.3571060597896576,2738.40638853351
159.9464479999986,80,G#5,1179.03515625,0.3593539893627167,3160.907989020752
159.9464479999986,54,F#3,1179.03515625,0.3593539893627167,3160.907989020752
159.9597439999986,86,D6,1179.03515625,0.3593539893627167,3160.907989020752
159.9597439999986,90,F#6,1179.03515625,0.3593539893627167,3160.907989020752
159.9597439999986,81,A5,1179.03515625,0.3593539893627167,3160.907989020752
159.9774719999986,50,D3,1189.9710693359375,0.31395143270492554,3255.999248088864
159.9774719999986,38,D2,1189.9710693359375,0.31395143270492554,3255.999248088864
159.9774719999986,76,E5,1189.9710693359375,0.31395143270492554,3255.999248088864
159.9774719999986,57,A3,1189.9710693359375,0.31395143270492554,3255.999248088864
159.9774719999986,49,C#3,1189.9710693359375,0.31395143270492554,3255.999248088864
159.98190399999862,50,D3,1189.9710693359375,0.31395143270492554,3255.999248088864
159.98190399999862,35,B1,1189.9710693359375,0.31395143270492554,3255.999248088864
159.99076799999864,57,A3,1187.607666015625,0.3052328824996948,3218.982521315823
159.99519999999865,64,E4,1187.607666015625,0.3052328824996948,3218.982521315823
159.99963199999866,57,A3,1187.607666015625,0.3052328824996948,3218.982521315823
160.00406399999866,57,A3,1187.607666015625,0.3052328824996948,3218.982521315823
160.00406399999866,62,D4,1187.607666015625,0.3052328824996948,3218.982521315823
160.02179199999867,62,D4,1174.0010986328125,0.2962595522403717,3188.1406979813078
160.04838399999866,66,F#4,1176.4166259765625,0.28540846705436707,3126.7202014304394
160.07497599999868,66,F#4,1185.3370361328125,0.2723420262336731,3074.6285726007177
160.18577599999867,38,D2,1170.8922119140625,0.2732328772544861,2900.225978226141
160.19020799999868,74,D5,1170.8922119140625,0.2732328772544861,2900.225978226141
160.19907199999867,50,D3,1174.3619384765625,0.24744363129138947,2943.0154877572363
160.20350399999867,62,D4,1174.3619384765625,0.24744363129138947,2943.0154877572363
160.21679999999867,57,A3,1174.3619384765625,0.24744363129138947,2943.0154877572363
160.3896479999987,69,A4,1175.8046875,0.26245784759521484,3388.439817120415
160.3940799999987,46,A#2,1175.8046875,0.26245784759521484,3388.439817120415
160.4029439999987,38,D2,1175.8046875,0.26245784759521484,3388.439817120415
160.4029439999987,38,D2,1175.8046875,0.26245784759521484,3388.439817120415
160.4029439999987,57,A3,1175.8046875,0.26245784759521484,3388.439817120415
160.41180799999873,57,A3,1174.877197265625,0.22021998465061188,3298.9188674660145
160.41623999999874,54,F#3,1174.877197265625,0.22021998465061188,3298.9188674660145
160.41623999999874,50,D3,1174.877197265625,0.22021998465061188,3298.9188674660145
160.42510399999875,57,A3,1174.877197265625,0.22021998465061188,3298.9188674660145
160.42953599999876,57,A3,1174.877197265625,0.22021998465061188,3298.9188674660145
160.60681599999876,78,F#5,1173.3861083984375,0.21959295868873596,2708.5583486626147
160.61124799999877,38,D2,1173.3861083984375,0.21959295868873596,2708.5583486626147
160.62011199999876,66,F#4,1171.888427734375,0.1993986815214157,2610.6415688860197
160.63340799999875,46,A#2,1171.888427734375,0.1993986815214157,2610.6415688860197
160.63340799999875,50,D3,1171.888427734375,0.1993986815214157,2610.6415688860197
160.64670399999875,62,D4,1195.4840087890625,0.19625593721866608,2592.0668930697684
160.65556799999874,57,A3,1195.4840087890625,0.19625593721866608,2592.0668930697684
160.66886399999873,62,D4,1176.9910888671875,0.1967625617980957,2542.184158526886
160.82398399999872,74,D5,1170.89404296875,0.3011840879917145,2042.309189722115
160.82398399999872,38,D2,1170.89404296875,0.3011840879917145,2042.309189722115
160.82841599999873,46,A#2,1166.8321533203125,0.2953239381313324,2191.5017473353023
160.82841599999873,50,D3,1166.8321533203125,0.2953239381313324,2191.5017473353023
160.82841599999873,35,B1,1166.8321533203125,0.2953239381313324,2191.5017473353023
160.84171199999872,62,D4,1166.8321533203125,0.2953239381313324,2191.5017473353023
160.84614399999873,57,A3,1166.8321533203125,0.2953239381313324,2191.5017473353023
161.02342399999873,69,A4,1167.984130859375,0.2017620950937271,2438.291844309585
161.02785599999874,57,A3,1167.984130859375,0.2017620950937271,2438.291844309585
161.04115199999876,57,A3,1185.1080322265625,0.18777970969676971,2392.305889605411
161.04115199999876,38,D2,1185.1080322265625,0.18777970969676971,2392.305889605411
161.05001599999875,57,A3,1185.1080322265625,0.18777970969676971,2392.305889605411
161.05444799999876,50,D3,1185.1080322265625,0.18777970969676971,2392.305889605411
161.05444799999876,46,A#2,1185.1080322265625,0.18777970969676971,2392.305889605411
161.06774399999875,57,A3,1169.1231689453125,0.19581352174282074,2409.4006548572697
161.23615999999876,81,A5,888.0354614257812,0.26432400941848755,3407.5702248435186
161.23615999999876,91,G6,888.0354614257812,0.26432400941848755,3407.5702248435186
161.24502399999875,46,A#2,1182.2742919921875,0.26298171281814575,3396.7862492042755
161.24945599999876,79,G5,1182.2742919921875,0.26298171281814575,3396.7862492042755
161.25388799999877,67,G4,1182.2742919921875,0.26298171281814575,3396.7862492042755
161.25388799999877,38,D2,1182.2742919921875,0.26298171281814575,3396.7862492042755
161.25388799999877,38,D2,1182.2742919921875,0.26298171281814575,3396.7862492042755
161.26718399999876,50,D3,1185.0355224609375,0.2126060426235199,3327.5789663575465
161.27161599999877,54,F#3,1185.0355224609375,0.2126060426235199,3327.5789663575465
161.2804799999988,57,A3,1185.0355224609375,0.2126060426235199,3327.5789663575465
161.4621919999988,74,D5,1164.549560546875,0.17454205453395844,2773.0758678898246
161.4621919999988,50,D3,1164.549560546875,0.17454205453395844,2773.0758678898246
161.4666239999988,62,D4,1164.549560546875,0.17454205453395844,2773.0758678898246
161.4666239999988,38,D2,1164.549560546875,0.17454205453395844,2773.0758678898246
161.4754879999988,46,A#2,1165.537109375,0.18130628764629364,2718.561683095262
161.4799199999988,57,A3,1165.537109375,0.18130628764629364,2718.561683095262
161.6704959999988,69,A4,1179.3822021484375,0.27997997403144836,2047.8066480467871
161.6749279999988,38,D2,1179.3822021484375,0.27997997403144836,2047.8066480467871
161.6793599999988,46,A#2,1179.3822021484375,0.27997997403144836,2047.8066480467871
161.68379199999882,35,B1,1179.3822021484375,0.27997997403144836,2047.8066480467871
161.68379199999882,50,D3,1179.3822021484375,0.27997997403144836,2047.8066480467871
161.68822399999883,57,A3,1176.5213623046875,0.2446223646402359,2198.913600550767
161.70595199999883,57,A3,1176.5213623046875,0.2446223646402359,2198.913600550767
161.8699359999988,86,D6,1174.224365234375,0.20048275589942932,2514.959535407404
161.8743679999988,81,A5,1174.224365234375,0.20048275589942932,2514.959535407404
161.8743679999988,90,F#6,1174.224365234375,0.20048275589942932,2514.959535407404
161.8876639999988,38,D2,1174.224365234375,0.20048275589942932,2514.959535407404
161.8876639999988,66,F#4,1174.224365234375,0.20048275589942932,2514.959535407404
161.8965279999988,35,B1,1172.8675537109375,0.19416098296642303,2396.125666118262
161.9009599999988,78,F#5,1172.8675537109375,0.19416098296642303,2396.125666118262
161.9009599999988,46,A#2,1172.8675537109375,0.19416098296642303,2396.125666118262
161.91425599999883,50,D3,1172.8675537109375,0.19416098296642303,2396.125666118262
161.92755199999883,57,A3,1173.547607421875,0.19380886852741241,2355.1967609283115
162.09596799999883,46,A#2,1174.13671875,0.2552424371242523,3541.8129258785752
162.09596799999883,62,D4,1174.13671875,0.2552424371242523,3541.8129258785752
162.10039999999884,74,D5,1174.13671875,0.2552424371242523,3541.8129258785752
162.10483199999885,38,D2,1173.952392578125,0.2395840436220169,3564.7218069062674
162.10926399999886,38,D2,1173.952392578125,0.2395840436220169,3564.7218069062674
162.11812799999885,50,D3,1173.952392578125,0.2395840436220169,3564.7218069062674
162.12255999999886,54,F#3,1173.952392578125,0.2395840436220169,3564.7218069062674
162.13142399999884,57,A3,1190.342041015625,0.19266514480113983,3300.0830361908074
162.28654399999886,80,G#5,1171.717041015625,0.19329573214054108,2623.92601327568
162.3175679999989,69,A4,1180.111572265625,0.19004857540130615,2533.2497464994067
162.3175679999989,38,D2,1180.111572265625,0.19004857540130615,2533.2497464994067
162.33086399999888,46,A#2,1180.111572265625,0.19004857540130615,2533.2497464994067
162.3352959999989,50,D3,1180.9365234375,0.18425944447517395,2506.1597691157376
162.3441599999989,57,A3,1180.9365234375,0.18425944447517395,2506.1597691157376
162.3574559999989,57,A3,1180.9365234375,0.18425944447517395,2506.1597691157376
162.5125759999989,86,D6,1174.241455078125,0.2688997983932495,2119.4253719788944
162.5125759999989,88,E6,1174.241455078125,0.2688997983932495,2119.4253719788944
162.5125759999989,81,A5,1174.241455078125,0.2688997983932495,2119.4253719788944
162.5170079999989,76,E5,1174.241455078125,0.2688997983932495,2119.4253719788944
162.5258719999989,38,D2,874.9485473632812,0.26965683698654175,2402.0236279908404
162.5258719999989,64,E4,874.9485473632812,0.26965683698654175,2402.0236279908404
162.53030399999892,35,B1,874.9485473632812,0.26965683698654175,2402.0236279908404
162.53030399999892,46,A#2,874.9485473632812,0.26965683698654175,2402.0236279908404
162.53916799999894,50,D3,874.9485473632812,0.26965683698654175,2402.0236279908404
162.55689599999894,57,A3,876.16162109375,0.2267076075077057,2363.7606129314468
162.74303999999893,69,A4,1169.3372802734375,0.3055550456047058,1912.4561465069396
162.74303999999893,50,D3,1169.3372802734375,0.3055550456047058,1912.4561465069396
162.74303999999893,38,D2,1169.3372802734375,0.3055550456047058,1912.4561465069396
162.74747199999894,35,B1,1169.3372802734375,0.3055550456047058,1912.4561465069396
162.74747199999894,57,A3,1169.3372802734375,0.3055550456047058,1912.4561465069396
162.75190399999894,46,A#2,1169.3372802734375,0.3055550456047058,1912.4561465069396
162.76076799999896,57,A3,1171.775146484375,0.3132255971431732,1870.5663865195527
162.938047999999,81,A5,1171.47216796875,0.29633796215057373,3072.1515999265953
162.938047999999,90,F#6,1171.47216796875,0.29633796215057373,3072.1515999265953
162.938047999999,86,D6,1171.47216796875,0.29633796215057373,3072.1515999265953
162.942479999999,78,F#5,1171.47216796875,0.29633796215057373,3072.1515999265953
162.942479999999,46,A#2,1171.47216796875,0.29633796215057373,3072.1515999265953
162.951343999999,66,F#4,1171.47216796875,0.29633796215057373,3072.1515999265953
162.951343999999,31,G1,1171.47216796875,0.29633796215057373,3072.1515999265953
162.96020799999903,38,D2,1171.47216796875,0.29633796215057373,3072.1515999265953
162.96907199999902,50,D3,1171.3116455078125,0.2960626780986786,3003.1215640482615
162.97350399999902,54,F#3,1171.3116455078125,0.2960626780986786,3003.1215640482615
162.98679999999902,57,A3,1161.217529296875,0.26723989844322205,2939.705227843325
163.13748799999902,78,F#5,1181.1326904296875,0.2595258057117462,2450.829803668022
163.16407999999905,69,A4,1179.7069091796875,0.2575885057449341,2534.8837278655556
163.16851199999905,32,G#1,1179.7069091796875,0.2575885057449341,2534.8837278655556
163.18180799999905,46,A#2,1177.73388671875,0.26801374554634094,2497.3931107742646
163.18180799999905,50,D3,1177.73388671875,0.26801374554634094,2497.3931107742646
163.19510399999905,57,A3,873.0589599609375,0.2794894874095917,2387.068324050113
163.32806399999907,52,E3,869.8055419921875,0.2906610369682312,2336.666315149191
163.3502239999991,52,E3,757.1455688476562,0.3178449869155884,2095.922683444986
163.36351999999908,81,A5,989.97509765625,0.3201517164707184,2032.997502866488
163.36351999999908,85,C#6,989.97509765625,0.3201517164707184,2032.997502866488
163.36351999999908,88,E6,989.97509765625,0.3201517164707184,2032.997502866488
163.3679519999991,71,B4,989.97509765625,0.3201517164707184,2032.997502866488
163.3679519999991,45,A2,989.97509765625,0.3201517164707184,2032.997502866488
163.3768159999991,33,A1,989.97509765625,0.3201517164707184,2032.997502866488
163.38124799999912,59,B3,988.761962890625,0.33491602540016174,2263.943414423336
163.38124799999912,46,A#2,988.761962890625,0.33491602540016174,2263.943414423336
163.38567999999913,35,B1,988.761962890625,0.33491602540016174,2263.943414423336
163.39454399999914,45,A2,988.761962890625,0.33491602540016174,2263.943414423336
163.39897599999915,52,E3,988.761962890625,0.33491602540016174,2263.943414423336
163.40340799999916,57,A3,1010.7423095703125,0.31304076313972473,2265.546871734258
163.40340799999916,52,E3,1010.7423095703125,0.31304076313972473,2265.546871734258
163.40783999999917,61,C#4,1010.7423095703125,0.31304076313972473,2265.546871734258
163.41670399999916,57,A3,1010.7423095703125,0.31304076313972473,2265.546871734258
163.42113599999917,64,E4,1010.7423095703125,0.31304076313972473,2265.546871734258
163.42999999999915,61,C#4,997.5045776367188,0.2842693626880646,2223.1559424663656
163.43886399999914,64,E4,997.5045776367188,0.2842693626880646,2223.1559424663656
163.44772799999913,69,A4,997.5045776367188,0.2842693626880646,2223.1559424663656
163.47431999999912,69,A4,1109.294189453125,0.26652321219444275,2597.2940283651546
163.5806879999991,69,A4,1110.1470947265625,0.2520097494125366,2410.440171302157
163.5895519999991,33,A1,980.9983520507812,0.25060540437698364,2288.3678187259147
163.60284799999909,46,A#2,980.9983520507812,0.25060540437698364,2288.3678187259147
163.60284799999909,57,A3,980.9983520507812,0.25060540437698364,2288.3678187259147
163.6072799999991,45,A2,980.9983520507812,0.25060540437698364,2288.3678187259147
163.6117119999991,52,E3,1152.3140869140625,0.26664990186691284,2289.2543218618157
163.7934239999991,46,A#2,987.7907104492188,0.3296201527118683,2882.0450194578507
163.8022879999991,33,A1,1162.6790771484375,0.3293425440788269,3153.3819356717668
163.8067199999991,64,E4,1162.6790771484375,0.3293425440788269,3153.3819356717668
163.8111519999991,52,E3,1162.6790771484375,0.3293425440788269,3153.3819356717668
163.8111519999991,38,D2,1162.6790771484375,0.3293425440788269,3153.3819356717668
163.82001599999913,45,A2,1162.6790771484375,0.3293425440788269,3153.3819356717668
163.82444799999914,54,F#3,1162.8104248046875,0.30409255623817444,3164.8033219594445
163.82444799999914,52,E3,1162.8104248046875,0.30409255623817444,3164.8033219594445
163.82887999999915,57,A3,1162.8104248046875,0.30409255623817444,3164.8033219594445
163.85103999999916,57,A3,1161.001220703125,0.25441235303878784,3081.826985473741
164.00172799999916,73,C#5,1153.601318359375,0.1939661204814911,2595.5071112538712
164.01502399999916,61,C#4,1106.3487548828125,0.1965266466140747,2516.055575741465
164.01945599999917,33,A1,1106.3487548828125,0.1965266466140747,2516.055575741465
164.03275199999916,46,A#2,1177.9620361328125,0.2049950510263443,2546.6918384111145
164.04161599999918,45,A2,1177.9620361328125,0.2049950510263443,2546.6918384111145
164.0460479999992,61,C#4,1177.9620361328125,0.2049950510263443,2546.6918384111145
164.0460479999992,52,E3,1177.9620361328125,0.2049950510263443,2546.6918384111145
164.0637759999992,61,C#4,1155.5023193359375,0.21090935170650482,2509.43023471248
164.2277599999992,69,A4,1162.1513671875,0.2609468698501587,1989.0906637086314
164.2277599999992,33,A1,1162.1513671875,0.2609468698501587,1989.0906637086314
164.2321919999992,46,A#2,1162.1513671875,0.2609468698501587,1989.0906637086314
164.2321919999992,57,A3,1162.1513671875,0.2609468698501587,1989.0906637086314
164.2366239999992,45,A2,1162.1513671875,0.2609468698501587,1989.0906637086314
164.2366239999992,35,B1,1162.1513671875,0.2609468698501587,1989.0906637086314
164.24548799999923,52,E3,1155.78955078125,0.2775878310203552,1862.2265825980971
164.4316319999992,64,E4,1158.4520263671875,0.17633847892284393,2211.3310651282104
164.4404959999992,33,A1,1158.4520263671875,0.17633847892284393,2211.3310651282104
164.4449279999992,52,E3,1158.4520263671875,0.17633847892284393,2211.3310651282104
164.4582239999992,45,A2,1157.6534423828125,0.1844080686569214,2211.452865467766
164.4582239999992,46,A#2,1157.6534423828125,0.1844080686569214,2211.452865467766
164.4626559999992,52,E3,1157.6534423828125,0.1844080686569214,2211.452865467766
164.6355039999992,81,A5,1155.3780517578125,0.23268163204193115,2622.4794309212048
164.6399359999992,86,D6,1155.3780517578125,0.23268163204193115,2622.4794309212048
164.6487999999992,74,D5,1155.3780517578125,0.23268163204193115,2622.4794309212048
164.6487999999992,46,A#2,1155.3780517578125,0.23268163204193115,2622.4794309212048
164.6532319999992,62,D4,1155.3780517578125,0.23268163204193115,2622.4794309212048
164.65766399999922,38,D2,1154.9095458984375,0.2522938847541809,3284.5704883273474
164.65766399999922,33,A1,1154.9095458984375,0.2522938847541809,3284.5704883273474
164.67539199999922,45,A2,1154.9095458984375,0.2522938847541809,3284.5704883273474
164.67539199999922,54,F#3,1154.9095458984375,0.2522938847541809,3284.5704883273474
164.67539199999922,52,E3,1154.9095458984375,0.2522938847541809,3284.5704883273474
164.8659679999992,69,A4,1175.838134765625,0.1706952005624771,2817.918486554013
164.87039999999922,33,A1,1175.838134765625,0.1706952005624771,2817.918486554013
164.87039999999922,45,A2,1175.838134765625,0.1706952005624771,2817.918486554013
164.87039999999922,52,E3,1175.838134765625,0.1706952005624771,2817.918486554013
164.87483199999923,52,E3,1175.838134765625,0.1706952005624771,2817.918486554013
164.88369599999922,46,A#2,1175.838134765625,0.1706952005624771,2817.918486554013
165.0787039999992,64,E4,1173.3389892578125,0.2312014400959015,2222.2167531513282
165.0831359999992,33,A1,1173.3389892578125,0.2312014400959015,2222.2167531513282
165.0831359999992,46,A#2,1173.3389892578125,0.2312014400959015,2222.2167531513282
165.0875679999992,35,B1,1173.3389892578125,0.2312014400959015,2222.2167531513282
165.0875679999992,57,A3,1173.3389892578125,0.2312014400959015,2222.2167531513282
165.09199999999922,45,A2,1173.3389892578125,0.2312014400959015,2222.2167531513282
165.09643199999923,52,E3,1173.3389892578125,0.2312014400959015,2222.2167531513282
165.26484799999923,78,F#5,1156.2838134765625,0.18793703615665436,2249.584172551587
165.27814399999923,85,C#6,1156.2838134765625,0.18793703615665436,2249.584172551587
165.29143999999923,61,C#4,1154.022216796875,0.19424059987068176,2282.8083219092214
165.29143999999923,33,A1,1154.022216796875,0.19424059987068176,2282.8083219092214
165.29587199999924,35,B1,1154.022216796875,0.19424059987068176,2282.8083219092214
165.30916799999923,73,C#5,1185.582275390625,0.23373013734817505,2504.962134602328
165.30916799999923,46,A#2,1185.582275390625,0.23373013734817505,2504.962134602328
165.32246399999926,52,E3,1185.582275390625,0.23373013734817505,2504.962134602328
165.32246399999926,45,A2,1185.582275390625,0.23373013734817505,2504.962134602328
165.47758399999927,80,G#5,1105.04638671875,0.20689506828784943,2338.569538409974
165.49974399999928,46,A#2,1107.0552978515625,0.2396617978811264,2448.59797730987
165.5041759999993,33,A1,1107.0552978515625,0.2396617978811264,2448.59797730987
165.5041759999993,69,A4,1107.0552978515625,0.2396617978811264,2448.59797730987
165.5086079999993,52,E3,1107.0552978515625,0.2396617978811264,2448.59797730987
165.5130399999993,38,D2,1107.0552978515625,0.2396617978811264,2448.59797730987
165.52190399999932,54,F#3,1104.113525390625,0.2685669958591461,3163.468157242483
165.52633599999933,45,A2,1104.113525390625,0.2685669958591461,3163.468157242483
165.53076799999934,52,E3,1104.113525390625,0.2685669958591461,3163.468157242483
165.69031999999936,78,F#5,1153.072509765625,0.2051839977502823,2663.4832747464475
165.71691199999938,33,A1,1156.94921875,0.19384391605854034,2590.635547833185
165.71691199999938,64,E4,1156.94921875,0.19384391605854034,2590.635547833185
165.7346399999994,46,A#2,1158.525390625,0.19260117411613464,2619.5460240543907
165.7346399999994,57,A3,1158.525390625,0.19260117411613464,2619.5460240543907
165.7435039999994,45,A2,1158.525390625,0.19260117411613464,2619.5460240543907
165.7479359999994,52,E3,1160.278564453125,0.19508904218673706,2627.0239073376815
165.90305599999942,80,G#5,1105.0546875,0.19212418794631958,4261.781941705862
165.90748799999943,71,B4,1105.0546875,0.19212418794631958,4261.781941705862
165.91191999999944,81,A5,1153.5872802734375,0.18838080763816833,4083.293761328787
165.91635199999945,88,E6,1153.5872802734375,0.18838080763816833,4083.293761328787
165.92078399999946,83,B5,1153.5872802734375,0.18838080763816833,4083.293761328787
165.92521599999947,59,B3,1153.5872802734375,0.18838080763816833,4083.293761328787
165.93407999999948,46,A#2,1152.059326171875,0.22189562022686005,3838.6998103930264
165.93407999999948,33,A1,1152.059326171875,0.22189562022686005,3838.6998103930264
165.9385119999995,35,B1,1152.059326171875,0.22189562022686005,3838.6998103930264
165.9473759999995,45,A2,1152.059326171875,0.22189562022686005,3838.6998103930264
165.95180799999952,52,E3,1152.059326171875,0.22189562022686005,3838.6998103930264
166.11579199999952,78,F#5,1165.7255859375,0.2238645851612091,2481.032845299612
166.1290879999995,52,E3,1171.9066162109375,0.2223014384508133,2406.760142666891
166.1423839999995,33,A1,1161.68017578125,0.22270072996616364,2310.889739988912
166.1423839999995,64,E4,1161.68017578125,0.22270072996616364,2310.889739988912
166.14681599999952,45,A2,1161.68017578125,0.22270072996616364,2310.889739988912
166.15124799999953,35,B1,1161.68017578125,0.22270072996616364,2310.889739988912
166.15567999999953,46,A#2,1161.68017578125,0.22270072996616364,2310.889739988912
166.15567999999953,52,E3,1161.68017578125,0.22270072996616364,2310.889739988912
166.32409599999957,52,E3,1180.549072265625,0.255727082490921,2235.6070148311446
166.32852799999958,80,G#5,1183.3341064453125,0.2503798007965088,2135.1324685734935
166.3329599999996,57,A3,1183.3341064453125,0.2503798007965088,2135.1324685734935
166.3329599999996,62,D4,1183.3341064453125,0.2503798007965088,2135.1324685734935
166.3373919999996,81,A5,1183.3341064453125,0.2503798007965088,2135.1324685734935
166.3418239999996,47,B2,1183.3341064453125,0.2503798007965088,2135.1324685734935
166.3418239999996,61,C#4,1183.3341064453125,0.2503798007965088,2135.1324685734935
166.3418239999996,85,C#6,1183.3341064453125,0.2503798007965088,2135.1324685734935
166.3462559999996,73,C#5,1183.3341064453125,0.2503798007965088,2135.1324685734935
166.35068799999962,52,E3,1183.3341064453125,0.2503798007965088,2135.1324685734935
166.35511999999963,64,E4,1192.77392578125,0.2441030889749527,2067.197788730472
166.35955199999964,57,A3,1192.77392578125,0.2441030889749527,2067.197788730472
166.35955199999964,33,A1,1192.77392578125,0.2441030889749527,2067.197788730472
166.35955199999964,62,D4,1192.77392578125,0.2441030889749527,2067.197788730472
166.36398399999965,45,A2,1192.77392578125,0.2441030889749527,2067.197788730472
166.36398399999965,69,A4,1192.77392578125,0.2441030889749527,2067.197788730472
166.36398399999965,35,B1,1192.77392578125,0.2441030889749527,2067.197788730472
166.37284799999966,64,E4,1192.77392578125,0.2441030889749527,2067.197788730472
166.37727999999967,54,F#3,1161.3870849609375,0.2839415967464447,2260.1694328203253
166.37727999999967,45,A2,1161.3870849609375,0.2839415967464447,2260.1694328203253
166.38171199999968,52,E3,1161.3870849609375,0.2839415967464447,2260.1694328203253
166.3861439999997,69,A4,1161.3870849609375,0.2839415967464447,2260.1694328203253
166.56342399999969,52,E3,1103.5947265625,0.24804118275642395,2219.9115983919937
166.5678559999997,37,C#2,1103.5947265625,0.24804118275642395,2219.9115983919937
166.5900159999997,45,A2,1104.728515625,0.2393576204776764,2169.881640763975
166.59444799999972,52,E3,1104.728515625,0.2393576204776764,2169.881640763975
166.68308799999974,50,D3,1173.37744140625,0.21869954466819763,3394.75788192069
166.70524799999976,50,D3,1174.8251953125,0.22021254897117615,3612.4707128984214
166.74513599999975,54,F#3,1174.25732421875,0.23214125633239746,3775.390159161876
166.75399999999976,78,F#5,1177.9407958984375,0.259360671043396,3728.8200087840396
166.76729599999976,81,A5,1177.9407958984375,0.259360671043396,3728.8200087840396
166.76729599999976,86,D6,1177.9407958984375,0.259360671043396,3728.8200087840396
166.77172799999977,90,F#6,879.7431030273438,0.2825765907764435,3609.32330639126
166.77615999999978,54,F#3,879.7431030273438,0.2825765907764435,3609.32330639126
166.78059199999979,50,D3,879.7431030273438,0.2825765907764435,3609.32330639126
166.7850239999998,38,D2,879.7431030273438,0.2825765907764435,3609.32330639126
166.7850239999998,76,E5,879.7431030273438,0.2825765907764435,3609.32330639126
166.7894559999998,49,C#3,879.7431030273438,0.2825765907764435,3609.32330639126
166.7894559999998,50,D3,879.7431030273438,0.2825765907764435,3609.32330639126
166.7938879999998,35,B1,880.5291137695312,0.28369927406311035,3502.635663863765
166.7938879999998,57,A3,880.5291137695312,0.28369927406311035,3502.635663863765
166.79831999999982,64,E4,880.5291137695312,0.28369927406311035,3502.635663863765
166.80275199999983,57,A3,880.5291137695312,0.28369927406311035,3502.635663863765
166.81161599999982,57,A3,880.5291137695312,0.28369927406311035,3502.635663863765
166.8249119999998,62,D4,881.802978515625,0.3422928750514984,3269.352387685895
166.8249119999998,57,A3,881.802978515625,0.3422928750514984,3269.352387685895
166.84707199999983,62,D4,1177.1610107421875,0.34513404965400696,2794.385295166121
166.87809599999983,66,F#4,1182.916259765625,0.33243459463119507,2825.543664048654
166.90025599999984,66,F#4,1181.743896484375,0.3357766270637512,3164.2355327466703
166.99332799999985,38,D2,1166.2508544921875,0.241741344332695,3176.5142746452275
167.00219199999984,74,D5,1173.5772705078125,0.2304096668958664,3181.3842962904464
167.00219199999984,50,D3,1173.5772705078125,0.2304096668958664,3181.3842962904464
167.01105599999983,62,D4,1173.5772705078125,0.2304096668958664,3181.3842962904464
167.02878399999983,57,A3,1175.4395751953125,0.21210017800331116,3255.0926073748815
167.17947199999983,80,G#5,1174.917724609375,0.205848827958107,3558.3647231339664
167.19276799999983,69,A4,1194.8604736328125,0.20536071062088013,3029.7872111178463
167.19719999999984,46,A#2,1194.8604736328125,0.20536071062088013,3029.7872111178463
167.20606399999983,38,D2,1194.8604736328125,0.20536071062088013,3029.7872111178463
167.21049599999984,38,D2,1172.053466796875,0.20209622383117676,2987.4044004661896
167.21492799999984,57,A3,1172.053466796875,0.20209622383117676,2987.4044004661896
167.21935999999985,50,D3,1172.053466796875,0.20209622383117676,2987.4044004661896
167.22822399999987,54,F#3,1172.053466796875,0.20209622383117676,2987.4044004661896
167.23265599999988,57,A3,1172.053466796875,0.20209622383117676,2987.4044004661896
167.2370879999999,57,A3,1174.258544921875,0.23965756595134735,3314.344674416197
167.2548159999999,57,A3,1174.258544921875,0.23965756595134735,3314.344674416197
167.3922079999999,78,F#5,1171.735595703125,0.26641252636909485,2722.6793019670827
167.4143679999999,78,F#5,1173.89111328125,0.25961071252822876,2669.467399928716
167.41879999999992,38,D2,1173.89111328125,0.25961071252822876,2669.467399928716
167.42766399999994,66,F#4,1179.659423828125,0.25330477952957153,2683.8671783320883
167.43652799999995,46,A#2,1179.659423828125,0.25330477952957153,2683.8671783320883
167.44095999999996,50,D3,1179.659423828125,0.25330477952957153,2683.8671783320883
167.46311999999998,57,A3,1098.54443359375,0.25435441732406616,2632.532061406502
167.47198399999996,62,D4,1101.3665771484375,0.2509925961494446,2613.878280740975
167.48971199999997,62,D4,1157.7684326171875,0.2416277974843979,2710.5995860415806
167.63596799999996,35,B1,1187.176025390625,0.24085265398025513,2809.9407338268916
167.63596799999996,50,D3,1187.176025390625,0.24085265398025513,2809.9407338268916
167.63596799999996,46,A#2,1187.176025390625,0.24085265398025513,2809.9407338268916
167.63596799999996,38,D2,1187.176025390625,0.24085265398025513,2809.9407338268916
167.63596799999996,74,D5,1187.176025390625,0.24085265398025513,2809.9407338268916
167.64483199999998,62,D4,1187.176025390625,0.24085265398025513,2809.9407338268916
167.649264,57,A3,1187.176025390625,0.24085265398025513,2809.9407338268916
167.830976,69,A4,1195.1011962890625,0.23001764714717865,2713.79556462221
167.84870399999997,38,D2,1174.4947509765625,0.22489114105701447,2747.8658412954383
167.85313599999998,57,A3,1174.4947509765625,0.22489114105701447,2747.8658412954383
167.857568,57,A3,1174.4947509765625,0.22489114105701447,2747.8658412954383
167.866432,50,D3,1174.669677734375,0.2236642837524414,2720.643038986365
167.866432,46,A#2,1174.669677734375,0.2236642837524414,2720.643038986365
167.870864,57,A3,1174.669677734375,0.2236642837524414,2720.643038986365
167.879728,57,A3,1174.669677734375,0.2236642837524414,2720.643038986365
168.04371200000003,81,A5,1165.38427734375,0.20303574204444885,2141.006941671625
168.04371200000003,86,D6,1165.38427734375,0.20303574204444885,2141.006941671625
168.04814400000004,46,A#2,1165.993896484375,0.19746357202529907,2182.3406093784306
168.04814400000004,91,G6,1165.993896484375,0.19746357202529907,2182.3406093784306
168.05700800000005,38,D2,1165.993896484375,0.19746357202529907,2182.3406093784306
168.05700800000005,67,G4,1165.993896484375,0.19746357202529907,2182.3406093784306
168.05700800000005,79,G5,1165.993896484375,0.19746357202529907,2182.3406093784306
168.06587200000007,38,D2,1165.993896484375,0.19746357202529907,2182.3406093784306
168.0747360000001,50,D3,1163.503173828125,0.1889851689338684,2350.6438107729027
168.0791680000001,54,F#3,1163.503173828125,0.1889851689338684,2350.6438107729027
168.0924640000001,57,A3,1163.503173828125,0.1889851689338684,2350.6438107729027
168.2697440000001,50,D3,1178.001708984375,0.2062971144914627,2980.6926201337455
168.2697440000001,74,D5,1178.001708984375,0.2062971144914627,2980.6926201337455
168.2741760000001,62,D4,1178.001708984375,0.2062971144914627,2980.6926201337455
168.2741760000001,38,D2,1178.001708984375,0.2062971144914627,2980.6926201337455
168.2874720000001,46,A#2,1174.7540283203125,0.2036035805940628,2924.992657779684
168.2874720000001,57,A3,1174.7540283203125,0.2036035805940628,2924.992657779684
168.4647520000001,69,A4,1178.9561767578125,0.19050949811935425,2515.688388181141
168.4824800000001,38,D2,1178.9561767578125,0.19050949811935425,2515.688388181141
168.4869120000001,46,A#2,1178.9561767578125,0.19050949811935425,2515.688388181141
168.4913440000001,35,B1,1165.3465576171875,0.18495967984199524,2511.9756776437016
168.4913440000001,50,D3,1165.3465576171875,0.18495967984199524,2511.9756776437016
168.49577600000012,57,A3,1165.3465576171875,0.18495967984199524,2511.9756776437016
168.50907200000012,57,A3,1165.3465576171875,0.18495967984199524,2511.9756776437016
168.67748800000015,86,D6,1173.3321533203125,0.20803683996200562,2430.3486684522786
168.68192000000016,81,A5,1173.3321533203125,0.20803683996200562,2430.3486684522786
168.68635200000017,90,F#6,1173.3321533203125,0.20803683996200562,2430.3486684522786
168.69521600000016,66,F#4,1173.3321533203125,0.20803683996200562,2430.3486684522786
168.69964800000017,38,D2,1181.6319580078125,0.19505733251571655,2470.725454241056
168.70408000000018,35,B1,1181.6319580078125,0.19505733251571655,2470.725454241056
168.70851200000018,46,A#2,1181.6319580078125,0.19505733251571655,2470.725454241056
168.70851200000018,78,F#5,1181.6319580078125,0.19505733251571655,2470.725454241056
168.7218080000002,50,D3,1180.4368896484375,0.191941499710083,2456.076270225358
168.73953600000021,57,A3,1180.4368896484375,0.191941499710083,2456.076270225358
168.8990880000002,46,A#2,1182.453857421875,0.21132038533687592,2393.0379688213598
168.9079520000002,38,D2,1179.834716796875,0.20190183818340302,2375.6596217618408
168.9079520000002,62,D4,1179.834716796875,0.20190183818340302,2375.6596217618408
168.9079520000002,74,D5,1179.834716796875,0.20190183818340302,2375.6596217618408
168.9123840000002,38,D2,1179.834716796875,0.20190183818340302,2375.6596217618408
168.92124800000022,50,D3,1179.834716796875,0.20190183818340302,2375.6596217618408
168.92568000000023,54,F#3,1179.834716796875,0.20190183818340302,2375.6596217618408
168.93897600000022,57,A3,1175.9954833984375,0.18848837912082672,2363.3882106289366
169.1206880000002,38,D2,1175.49169921875,0.1892070770263672,2976.7493450491247
169.1251200000002,69,A4,1175.49169921875,0.1892070770263672,2976.7493450491247
169.1384160000002,46,A#2,1171.6563720703125,0.18198712170124054,2920.0360298077085
169.1472800000002,50,D3,1171.6563720703125,0.18198712170124054,2920.0360298077085
169.1517120000002,57,A3,1171.6563720703125,0.18198712170124054,2920.0360298077085
169.1650080000002,57,A3,1173.5892333984375,0.17289401590824127,2829.351966783727
169.32012800000024,88,E6,1170.4332275390625,0.20180757343769073,2412.376500890895
169.32012800000024,86,D6,1170.4332275390625,0.20180757343769073,2412.376500890895
169.32012800000024,81,A5,1170.4332275390625,0.20180757343769073,2412.376500890895
169.32456000000025,76,E5,1168.5428466796875,0.20087982714176178,2306.1693919491354
169.33785600000024,46,A#2,1168.5428466796875,0.20087982714176178,2306.1693919491354
169.33785600000024,64,E4,1168.5428466796875,0.20087982714176178,2306.1693919491354
169.33785600000024,38,D2,1168.5428466796875,0.20087982714176178,2306.1693919491354
169.34228800000025,35,B1,1168.5428466796875,0.20087982714176178,2306.1693919491354
169.34672000000026,50,D3,1169.7098388671875,0.20100638270378113,2199.0083732089715
169.36001600000026,57,A3,1169.7098388671875,0.20100638270378113,2199.0083732089715
169.51956800000025,78,F#5,1176.9603271484375,0.22954851388931274,2403.733971969672
169.55059200000028,50,D3,1174.336181640625,0.22291593253612518,2331.670975728416
169.55059200000028,38,D2,1174.336181640625,0.22291593253612518,2331.670975728416
169.5550240000003,69,A4,1174.336181640625,0.22291593253612518,2331.670975728416
169.5550240000003,35,B1,1174.336181640625,0.22291593253612518,2331.670975728416
169.5594560000003,57,A3,1173.1173095703125,0.21059876680374146,2338.1211910392003
169.5638880000003,46,A#2,1173.1173095703125,0.21059876680374146,2338.1211910392003
169.5638880000003,57,A3,1173.1173095703125,0.21059876680374146,2338.1211910392003
169.74560000000034,90,F#6,1171.9691162109375,0.2296195924282074,2216.6612132197893
169.74560000000034,86,D6,1171.9691162109375,0.2296195924282074,2216.6612132197893
169.74560000000034,81,A5,1171.9691162109375,0.2296195924282074,2216.6612132197893
169.75003200000035,78,F#5,1171.9691162109375,0.2296195924282074,2216.6612132197893
169.75446400000035,46,A#2,1171.9691162109375,0.2296195924282074,2216.6612132197893
169.75889600000036,33,A1,1171.9691162109375,0.2296195924282074,2216.6612132197893
169.75889600000036,66,F#4,1171.9691162109375,0.2296195924282074,2216.6612132197893
169.76332800000037,38,D2,1171.9691162109375,0.2296195924282074,2216.6612132197893
169.77662400000037,50,D3,1172.9913330078125,0.21812307834625244,2435.7666984480657
169.77662400000037,54,F#3,1172.9913330078125,0.21812307834625244,2435.7666984480657
169.78992000000036,57,A3,1193.4410400390625,0.2090369164943695,2376.681582546454
169.94504000000038,80,G#5,1181.84375,0.26483166217803955,3003.4125295136687
169.9716320000004,35,B1,1182.593994140625,0.2577790915966034,2869.767087659228
169.9760640000004,69,A4,1184.0296630859375,0.25607767701148987,2870.618095022456
169.98492800000042,50,D3,1184.0296630859375,0.25607767701148987,2870.618095022456
169.98936000000043,46,A#2,1184.0296630859375,0.25607767701148987,2870.618095022456
170.0070880000004,57,A3,1179.8302001953125,0.25242745876312256,2797.3579674394887
170.1267520000004,52,E3,1184.98681640625,0.23182322084903717,2301.968476685735
170.14891200000042,52,E3,1178.195068359375,0.2356264442205429,2387.199510487143
170.17107200000044,81,A5,996.5381469726562,0.2445736676454544,2442.7251924899892
170.17107200000044,85,C#6,996.5381469726562,0.2445736676454544,2442.7251924899892
170.17107200000044,88,E6,996.5381469726562,0.2445736676454544,2442.7251924899892
170.17550400000044,71,B4,996.5381469726562,0.2445736676454544,2442.7251924899892
170.17993600000045,45,A2,996.5381469726562,0.2445736676454544,2442.7251924899892
170.18880000000044,46,A#2,979.946044921875,0.23382340371608734,2363.285255871374
170.18880000000044,33,A1,979.946044921875,0.23382340371608734,2363.285255871374
170.19323200000045,59,B3,979.946044921875,0.23382340371608734,2363.285255871374
170.19323200000045,35,B1,979.946044921875,0.23382340371608734,2363.285255871374
170.19766400000046,57,A3,979.946044921875,0.23382340371608734,2363.285255871374
170.20209600000047,45,A2,979.946044921875,0.23382340371608734,2363.285255871374
170.20652800000047,52,E3,980.4336547851562,0.22778484225273132,2317.0993228265993
170.21096000000048,61,C#4,980.4336547851562,0.22778484225273132,2317.0993228265993
170.2153920000005,52,E3,980.4336547851562,0.22778484225273132,2317.0993228265993
170.2153920000005,57,A3,980.4336547851562,0.22778484225273132,2317.0993228265993
170.2198240000005,64,E4,980.4336547851562,0.22778484225273132,2317.0993228265993
170.2286880000005,61,C#4,980.4336547851562,0.22778484225273132,2317.0993228265993
170.23755200000048,64,E4,1173.2261962890625,0.22753243148326874,2402.616681059352
170.25528000000048,69,A4,1163.413330078125,0.22084185481071472,2457.257685759954
170.2730080000005,69,A4,1163.413330078125,0.22084185481071472,2457.257685759954
170.3882400000005,69,A4,1160.57958984375,0.28118836879730225,2284.972666624032
170.4015360000005,33,A1,1160.8333740234375,0.24894602596759796,2338.4133943749875
170.4148320000005,45,A2,1161.77392578125,0.24764731526374817,2341.8528595920006
170.4148320000005,57,A3,1161.77392578125,0.24764731526374817,2341.8528595920006
170.4148320000005,46,A#2,1161.77392578125,0.24764731526374817,2341.8528595920006
170.4192640000005,52,E3,1161.77392578125,0.24764731526374817,2341.8528595920006
170.60540800000052,46,A#2,1158.7845458984375,0.19556860625743866,2729.550927690689
170.60540800000052,64,E4,1158.7845458984375,0.19556860625743866,2729.550927690689
170.60984000000053,33,A1,1158.7845458984375,0.19556860625743866,2729.550927690689
170.61427200000054,38,D2,1158.7845458984375,0.19556860625743866,2729.550927690689
170.61870400000055,52,E3,1158.7845458984375,0.19556860625743866,2729.550927690689
170.62313600000056,45,A2,1158.7845458984375,0.19556860625743866,2729.550927690689
170.62756800000057,52,E3,1162.083251953125,0.19025152921676636,2758.804270736875
170.62756800000057,54,F#3,1162.083251953125,0.19025152921676636,2758.804270736875
170.81371200000055,73,C#5,1153.254638671875,0.1904866248369217,2971.914022070382
170.82257600000054,61,C#4,1153.254638671875,0.1904866248369217,2971.914022070382
170.82257600000054,64,E4,1153.254638671875,0.1904866248369217,2971.914022070382
170.82257600000054,33,A1,1153.254638671875,0.1904866248369217,2971.914022070382
170.82700800000055,69,A4,1153.254638671875,0.1904866248369217,2971.914022070382
170.84030400000054,46,A#2,1148.8968505859375,0.18819938600063324,2961.8732159811566
170.84473600000055,64,E4,1148.8968505859375,0.18819938600063324,2961.8732159811566
170.84473600000055,52,E3,1148.8968505859375,0.18819938600063324,2961.8732159811566
170.84916800000056,61,C#4,1148.8968505859375,0.18819938600063324,2961.8732159811566
170.84916800000056,59,B3,1148.8968505859375,0.18819938600063324,2961.8732159811566
170.85360000000057,69,A4,1148.8968505859375,0.18819938600063324,2961.8732159811566
170.85360000000057,57,A3,1148.8968505859375,0.18819938600063324,2961.8732159811566
170.85803200000058,52,E3,1158.866943359375,0.18598097562789917,2893.8467706470915
170.85803200000058,45,A2,1158.866943359375,0.18598097562789917,2893.8467706470915
170.86689600000057,61,C#4,1158.866943359375,0.18598097562789917,2893.8467706470915
170.86689600000057,52,E3,1158.866943359375,0.18598097562789917,2893.8467706470915
170.87132800000057,57,A3,1158.866943359375,0.18598097562789917,2893.8467706470915
170.87132800000057,59,B3,1158.866943359375,0.18598097562789917,2893.8467706470915
171.03974400000058,33,A1,1158.5167236328125,0.19129757583141327,2735.519904785407
171.03974400000058,57,A3,1158.5167236328125,0.19129757583141327,2735.519904785407
171.03974400000058,69,A4,1158.5167236328125,0.19129757583141327,2735.519904785407
171.03974400000058,46,A#2,1158.5167236328125,0.19129757583141327,2735.519904785407
171.0441760000006,35,B1,1156.485107421875,0.19655954837799072,2596.764466673928
171.0441760000006,45,A2,1156.485107421875,0.19655954837799072,2596.764466673928
171.0530400000006,52,E3,1156.485107421875,0.19655954837799072,2596.764466673928
171.23475200000058,64,E4,1107.6170654296875,0.25019386410713196,2241.306226278097
171.2524800000006,33,A1,1155.3748779296875,0.21610389649868011,2418.0679155426037
171.2524800000006,52,E3,1155.3748779296875,0.21610389649868011,2418.0679155426037
171.2569120000006,45,A2,1155.3748779296875,0.21610389649868011,2418.0679155426037
171.2569120000006,52,E3,1155.3748779296875,0.21610389649868011,2418.0679155426037
171.26577600000059,46,A#2,1155.3748779296875,0.21610389649868011,2418.0679155426037
171.44305600000058,88,E6,1164.7506103515625,0.18895946443080902,2521.390873838419
171.4474880000006,86,D6,1164.7506103515625,0.18895946443080902,2521.390873838419
171.45635200000058,46,A#2,1164.7506103515625,0.18895946443080902,2521.390873838419
171.45635200000058,74,D5,1164.7506103515625,0.18895946443080902,2521.390873838419
171.4607840000006,62,D4,1162.23095703125,0.18591566383838654,2491.1239988762472
171.4652160000006,38,D2,1162.23095703125,0.18591566383838654,2491.1239988762472
171.4652160000006,33,A1,1162.23095703125,0.18591566383838654,2491.1239988762472
171.4785120000006,45,A2,1162.23095703125,0.18591566383838654,2491.1239988762472
171.4785120000006,54,F#3,1162.23095703125,0.18591566383838654,2491.1239988762472
171.4829440000006,52,E3,1157.334716796875,0.1818639189004898,2396.6754343232947
171.66908800000058,69,A4,1178.89501953125,0.21015983819961548,3243.739858018862
171.6735200000006,33,A1,1178.89501953125,0.21015983819961548,3243.739858018862
171.6779520000006,52,E3,1178.89501953125,0.21015983819961548,3243.739858018862
171.6823840000006,45,A2,1178.89501953125,0.21015983819961548,3243.739858018862
171.68681600000062,52,E3,1178.89501953125,0.21015983819961548,3243.739858018862
171.69124800000063,46,A#2,1178.89501953125,0.21015983819961548,3243.739858018862
171.8906880000006,33,A1,1183.1175537109375,0.19823551177978516,2672.867649052673
171.89512000000062,57,A3,1183.1175537109375,0.19823551177978516,2672.867649052673
171.89512000000062,47,B2,1183.1175537109375,0.19823551177978516,2672.867649052673
171.89955200000063,64,E4,1183.1175537109375,0.19823551177978516,2672.867649052673
171.89955200000063,35,B1,1183.1175537109375,0.19823551177978516,2672.867649052673
171.90398400000063,45,A2,1182.5765380859375,0.1906646192073822,2719.729138764281
171.90841600000064,52,E3,1182.5765380859375,0.1906646192073822,2719.729138764281
172.0724000000006,78,F#5,1099.4586181640625,0.3018050491809845,2103.49487840626
172.0856960000006,88,E6,1099.4586181640625,0.3018050491809845,2103.49487840626
172.0856960000006,81,A5,1099.4586181640625,0.3018050491809845,2103.49487840626
172.0856960000006,85,C#6,1099.4586181640625,0.3018050491809845,2103.49487840626
172.0945600000006,61,C#4,1162.8494873046875,0.2991493344306946,1980.1867539064192
172.0989920000006,33,A1,1162.8494873046875,0.2991493344306946,1980.1867539064192
172.10342400000062,38,D2,1162.8494873046875,0.2991493344306946,1980.1867539064192
172.10785600000062,35,B1,1162.8494873046875,0.2991493344306946,1980.1867539064192
172.12115200000062,73,C#5,1102.558837890625,0.2554478645324707,1955.9505209775366
172.12558400000063,45,A2,1102.558837890625,0.2554478645324707,1955.9505209775366
172.13001600000064,52,E3,1102.558837890625,0.2554478645324707,1955.9505209775366
172.20979200000065,38,D2,1151.6971435546875,0.21262352168560028,2201.587304500497
172.28513600000065,80,G#5,1149.977783203125,0.2517718970775604,2585.6600880341553
172.31172800000067,69,A4,1143.0101318359375,0.2672263979911804,2597.16676408472
172.31616000000068,33,A1,1143.0101318359375,0.2672263979911804,2597.16676408472
172.31616000000068,38,D2,1143.0101318359375,0.2672263979911804,2597.16676408472
172.3205920000007,52,E3,1147.578857421875,0.2760959267616272,2888.3201828691267
172.33388800000068,45,A2,1147.578857421875,0.2760959267616272,2888.3201828691267
172.33388800000068,54,F#3,1147.578857421875,0.2760959267616272,2888.3201828691267
172.3383200000007,52,E3,1147.578857421875,0.2760959267616272,2888.3201828691267
172.4978720000007,78,F#5,1194.6612548828125,0.34827950596809387,2741.4938927226194
172.52003200000073,64,E4,1172.4405517578125,0.3275874853134155,2532.501510610183
172.52446400000073,33,A1,1172.4405517578125,0.3275874853134155,2532.501510610183
172.53332800000072,38,D2,1146.0865478515625,0.3044649660587311,2380.1222705394266
172.53332800000072,48,C3,1146.0865478515625,0.3044649660587311,2380.1222705394266
172.54662400000072,57,A3,1146.0865478515625,0.3044649660587311,2380.1222705394266
172.55105600000073,45,A2,1188.3388671875,0.27252981066703796,2367.4495048904155
172.55548800000074,52,E3,1188.3388671875,0.27252981066703796,2367.4495048904155
172.71060800000075,80,G#5,990.153564453125,0.2863176167011261,2798.730049052428
172.71947200000074,71,B4,990.5821533203125,0.28146934509277344,2958.538181052053
172.71947200000074,83,B5,990.5821533203125,0.28146934509277344,2958.538181052053
172.72390400000074,88,E6,990.5821533203125,0.28146934509277344,2958.538181052053
172.72833600000075,59,B3,990.5821533203125,0.28146934509277344,2958.538181052053
172.74163200000075,33,A1,1044.0103759765625,0.26008230447769165,3415.5370774340327
172.74606400000076,47,B2,1044.0103759765625,0.26008230447769165,3415.5370774340327
172.74606400000076,38,D2,1044.0103759765625,0.26008230447769165,3415.5370774340327
172.75492800000077,45,A2,1044.0103759765625,0.26008230447769165,3415.5370774340327
172.75936000000078,52,E3,1044.0103759765625,0.26008230447769165,3415.5370774340327
172.92334400000075,78,F#5,1174.4254150390625,0.344353049993515,1948.565254811095
172.94107200000073,52,E3,1174.4254150390625,0.344353049993515,1948.565254811095
172.94993600000072,64,E4,1173.1451416015625,0.3134690523147583,1977.6153418705997
172.95436800000073,33,A1,1173.1451416015625,0.3134690523147583,1977.6153418705997
172.95436800000073,45,A2,1173.1451416015625,0.3134690523147583,1977.6153418705997
172.95880000000074,38,D2,1173.1451416015625,0.3134690523147583,1977.6153418705997
172.95880000000074,45,A2,1173.1451416015625,0.3134690523147583,1977.6153418705997
172.96323200000074,35,B1,1173.1451416015625,0.3134690523147583,1977.6153418705997
172.96766400000075,52,E3,1173.1451416015625,0.3134690523147583,1977.6153418705997
173.13608000000085,80,G#5,1047.2593994140625,0.2837793231010437,2013.988525010084
173.14051200000085,52,E3,1047.2593994140625,0.2837793231010437,2013.988525010084
173.14937600000084,85,C#6,1047.2593994140625,0.2837793231010437,2013.988525010084
173.15380800000085,73,C#5,1047.2593994140625,0.2837793231010437,2013.988525010084
173.15380800000085,61,C#4,1047.2593994140625,0.2837793231010437,2013.988525010084
173.16267200000087,52,E3,1186.9161376953125,0.2655654549598694,2015.717211520461
173.16710400000088,33,A1,1186.9161376953125,0.2655654549598694,2015.717211520461
173.17153600000088,38,D2,1186.9161376953125,0.2655654549598694,2015.717211520461
173.18040000000087,57,A3,1185.9527587890625,0.2469572275876999,2059.032912325979
173.18040000000087,54,F#3,1185.9527587890625,0.2469572275876999,2059.032912325979
173.18040000000087,45,A2,1185.9527587890625,0.2469572275876999,2059.032912325979
173.18483200000088,61,C#4,1185.9527587890625,0.2469572275876999,2059.032912325979
173.1892640000009,52,E3,1185.9527587890625,0.2469572275876999,2059.032912325979
173.19812800000088,64,E4,1185.9527587890625,0.2469572275876999,2059.032912325979
173.19812800000088,57,A3,1185.9527587890625,0.2469572275876999,2059.032912325979
173.20699200000087,61,C#4,1174.5316162109375,0.24502699077129364,2175.739578484081
173.21585600000085,64,E4,1174.5316162109375,0.24502699077129364,2175.739578484081
173.22028800000086,69,A4,1174.5316162109375,0.24502699077129364,2175.739578484081
173.23801600000087,69,A4,1145.0478515625,0.24011258780956268,2145.3922209226675
173.27347200000088,38,D2,1178.8790283203125,0.27337878942489624,2096.3377145164345
173.37097600000087,52,E3,1155.5223388671875,0.32862144708633423,2627.348224916812
173.37984000000088,38,D2,1155.5223388671875,0.32862144708633423,2627.348224916812
173.37984000000088,33,A1,1155.5223388671875,0.32862144708633423,2627.348224916812
173.39756800000086,45,A2,1158.2442626953125,0.30984973907470703,2547.089168493547
173.40200000000087,52,E3,1158.2442626953125,0.30984973907470703,2547.089168493547
173.4729120000009,50,D3,1197.9991455078125,0.2982555031776428,2873.2746746914618
173.4950720000009,50,D3,1188.1064453125,0.28569257259368896,2708.608834829662
173.5393920000009,54,F#3,1081.7901611328125,0.2663785517215729,3255.920081568044
173.5571200000009,54,F#3,1160.994384765625,0.25854891538619995,3244.7129817711852
173.56155200000092,78,F#5,1160.994384765625,0.25854891538619995,3244.7129817711852
173.5748480000009,81,A5,1096.66552734375,0.24808645248413086,3316.681060700367
173.5748480000009,86,D6,1096.66552734375,0.24808645248413086,3316.681060700367
173.57928000000092,90,F#6,1096.66552734375,0.24808645248413086,3316.681060700367
173.5881440000009,26,D1,1096.66552734375,0.24808645248413086,3316.681060700367
173.5881440000009,50,D3,1096.66552734375,0.24808645248413086,3316.681060700367
173.59257600000092,76,E5,1096.66552734375,0.24808645248413086,3316.681060700367
173.59257600000092,49,C#3,1096.66552734375,0.24808645248413086,3316.681060700367
173.59700800000093,57,A3,1093.6043701171875,0.2323954850435257,3361.407267241725
173.59700800000093,57,A3,1093.6043701171875,0.2323954850435257,3361.407267241725
173.60144000000093,35,B1,1093.6043701171875,0.2323954850435257,3361.407267241725
173.60587200000094,50,D3,1093.6043701171875,0.2323954850435257,3361.407267241725
173.61030400000095,57,A3,1093.6043701171875,0.2323954850435257,3361.407267241725
173.61473600000096,64,E4,1093.6043701171875,0.2323954850435257,3361.407267241725
173.61916800000097,57,A3,1190.958251953125,0.22899129986763,3513.8931583714693
173.62360000000098,62,D4,1190.958251953125,0.22899129986763,3513.8931583714693
173.62360000000098,57,A3,1190.958251953125,0.22899129986763,3513.8931583714693
173.62803200000099,62,D4,1190.958251953125,0.22899129986763,3513.8931583714693
173.63689600000097,62,D4,1190.958251953125,0.22899129986763,3513.8931583714693
173.66792000000098,66,F#4,1142.99169921875,0.20232334733009338,3665.251299405484
173.690080000001,66,F#4,1183.16064453125,0.2122427374124527,3721.083667279987
173.80531200000098,74,D5,1184.82958984375,0.3334208130836487,2872.0833028189377
173.80531200000098,26,D1,1184.82958984375,0.3334208130836487,2872.0833028189377
173.81417600000097,50,D3,1184.82958984375,0.3334208130836487,2872.0833028189377
173.81860800000098,62,D4,1184.82958984375,0.3334208130836487,2872.0833028189377
173.83190400000097,57,A3,1181.742919921875,0.29325228929519653,2975.7565199704945
173.98702400000096,80,G#5,1176.703857421875,0.2262982875108719,3251.877720897299
174.00475200000096,69,A4,1177.022216796875,0.22180286049842834,3491.98640586893
174.00918400000097,46,A#2,1177.022216796875,0.22180286049842834,3491.98640586893
174.018048000001,26,D1,1192.482421875,0.22640816867351532,3561.938863701771
174.022480000001,57,A3,1192.482421875,0.22640816867351532,3561.938863701771
174.022480000001,38,D2,1192.482421875,0.22640816867351532,3561.938863701771
174.031344000001,54,F#3,1192.482421875,0.22640816867351532,3561.938863701771
174.031344000001,50,D3,1192.482421875,0.22640816867351532,3561.938863701771
174.031344000001,57,A3,1192.482421875,0.22640816867351532,3561.938863701771
174.044640000001,57,A3,1176.8470458984375,0.22307254374027252,3639.5621663153643
174.044640000001,57,A3,1176.8470458984375,0.22307254374027252,3639.5621663153643
174.19976000000102,78,F#5,1167.742431640625,0.2958381175994873,3161.889321561397
174.221920000001,78,F#5,1167.742431640625,0.2958381175994873,3161.889321561397
174.22635200000101,26,D1,1166.6158447265625,0.2999345064163208,3028.424946011135
174.235216000001,66,F#4,1166.6158447265625,0.2999345064163208,3028.424946011135
174.248512000001,46,A#2,1162.0513916015625,0.2897108495235443,2782.800909111179
174.248512000001,50,D3,1162.0513916015625,0.2897108495235443,2782.800909111179
174.261808000001,62,D4,1162.0513916015625,0.2897108495235443,2782.800909111179
174.27067200000099,57,A3,1170.8033447265625,0.2878633439540863,2710.0950133409306
174.28396800000098,62,D4,1170.8033447265625,0.2878633439540863,2710.0950133409306
174.439088000001,26,D1,1193.7537841796875,0.2852296233177185,2671.514879861286
174.439088000001,74,D5,1193.7537841796875,0.2852296233177185,2671.514879861286
174.443520000001,50,D3,1193.7537841796875,0.2852296233177185,2671.514879861286
174.443520000001,46,A#2,1193.7537841796875,0.2852296233177185,2671.514879861286
174.443520000001,35,B1,1193.7537841796875,0.2852296233177185,2671.514879861286
174.45681600000103,62,D4,1167.356201171875,0.29452329874038696,2539.9182928301993
174.46124800000104,57,A3,1167.356201171875,0.29452329874038696,2539.9182928301993
174.63409600000094,69,A4,1181.05517578125,0.3031420409679413,2220.073838477616
174.64296000000093,57,A3,1164.879638671875,0.2856126129627228,2299.752177285634
174.65625600000095,26,D1,1164.879638671875,0.2856126129627228,2299.752177285634
174.66068800000096,57,A3,1164.879638671875,0.2856126129627228,2299.752177285634
174.66955200000095,57,A3,1166.176025390625,0.26485276222229004,2450.112810080337
174.66955200000095,46,A#2,1166.176025390625,0.26485276222229004,2450.112810080337
174.67398400000096,50,D3,1166.176025390625,0.26485276222229004,2450.112810080337
174.68728000000098,57,A3,1167.53955078125,0.25494956970214844,2591.261781331429
174.85126400000095,86,D6,1165.1605224609375,0.2656426429748535,2409.341495920426
174.85126400000095,81,A5,1165.1605224609375,0.2656426429748535,2409.341495920426
174.85126400000095,91,G6,1165.1605224609375,0.2656426429748535,2409.341495920426
174.86012800000097,46,A#2,1165.1605224609375,0.2656426429748535,2409.341495920426
174.86456000000098,79,G5,1165.1605224609375,0.2656426429748535,2409.341495920426
174.868992000001,38,D2,1165.1605224609375,0.2656426429748535,2409.341495920426
174.868992000001,26,D1,1165.1605224609375,0.2656426429748535,2409.341495920426
174.868992000001,67,G4,1165.1605224609375,0.2656426429748535,2409.341495920426
174.88228800000098,50,D3,1171.7291259765625,0.27361372113227844,2398.1868555883484
174.886720000001,54,F#3,1171.7291259765625,0.27361372113227844,2398.1868555883484
174.895584000001,57,A3,1171.7291259765625,0.27361372113227844,2398.1868555883484
175.07729600000098,50,D3,1178.528564453125,0.2978741526603699,3067.9040560751546
175.07729600000098,74,D5,1178.528564453125,0.2978741526603699,3067.9040560751546
175.081728000001,26,D1,1178.528564453125,0.2978741526603699,3067.9040560751546
175.081728000001,62,D4,1178.528564453125,0.2978741526603699,3067.9040560751546
175.095024000001,46,A#2,1180.4466552734375,0.3034924268722534,3053.77344093669
175.095024000001,57,A3,1180.4466552734375,0.3034924268722534,3053.77344093669
175.29003200000102,26,D1,1176.056640625,0.24308031797409058,2379.892934838679
175.29003200000102,69,A4,1176.056640625,0.24308031797409058,2379.892934838679
175.29446400000103,35,B1,891.635009765625,0.2527700364589691,2434.9474559319015
175.29446400000103,46,A#2,891.635009765625,0.2527700364589691,2434.9474559319015
175.29889600000104,50,D3,891.635009765625,0.2527700364589691,2434.9474559319015
175.30332800000104,57,A3,891.635009765625,0.2527700364589691,2434.9474559319015
175.32105600000105,57,A3,876.4102172851562,0.2554563581943512,2385.782712068177
175.48504000000108,86,D6,1173.0343017578125,0.27465590834617615,1975.6540518719116
175.4894720000011,90,F#6,1173.0343017578125,0.27465590834617615,1975.6540518719116
175.4894720000011,81,A5,1173.0343017578125,0.27465590834617615,1975.6540518719116
175.4983360000011,66,F#4,1173.0343017578125,0.27465590834617615,1975.6540518719116
175.5027680000011,26,D1,1172.8277587890625,0.30239370465278625,1909.3135810408921
175.5116320000011,35,B1,1172.8277587890625,0.30239370465278625,1909.3135810408921
175.5160640000011,78,F#5,1172.8277587890625,0.30239370465278625,1909.3135810408921
175.5160640000011,46,A#2,1172.8277587890625,0.30239370465278625,1909.3135810408921
175.52936000000113,50,D3,1172.7020263671875,0.3005780875682831,1980.5984594264264
175.5470880000011,57,A3,1171.072021484375,0.2804482877254486,2035.7308252569342
175.70664000000107,46,A#2,1178.9544677734375,0.22864045202732086,2233.790517749002
175.71107200000108,62,D4,1188.352294921875,0.23591186106204987,2375.5689796859874
175.7155040000011,74,D5,1188.352294921875,0.23591186106204987,2375.5689796859874
175.7155040000011,26,D1,1188.352294921875,0.23591186106204987,2375.5689796859874
175.7243680000011,38,D2,1188.352294921875,0.23591186106204987,2375.5689796859874
175.7332320000011,50,D3,1169.6063232421875,0.22280170023441315,2323.2141306379954
175.7376640000011,54,F#3,1169.6063232421875,0.22280170023441315,2323.2141306379954
175.7509600000011,57,A3,1169.6063232421875,0.22280170023441315,2323.2141306379954
175.7952800000011,78,F#5,1170.573974609375,0.20925894379615784,2254.3703552559627
175.93267200000113,26,D1,1173.7408447265625,0.2695992887020111,3174.893739838594
175.93267200000113,69,A4,1173.7408447265625,0.2695992887020111,3174.893739838594
175.94153600000112,46,A#2,1174.1763916015625,0.2733714282512665,3264.049661521888
175.95483200000112,50,D3,1174.1763916015625,0.2733714282512665,3264.049661521888
175.95926400000113,57,A3,1174.1763916015625,0.2733714282512665,3264.049661521888
175.97256000000112,57,A3,1171.619384765625,0.2700270116329193,3107.400957593763
176.12768000000116,88,E6,1174.7379150390625,0.25136831402778625,2256.581229231076
176.12768000000116,86,D6,1174.7379150390625,0.25136831402778625,2256.581229231076
176.13211200000117,81,A5,1174.7379150390625,0.25136831402778625,2256.581229231076
176.13211200000117,76,E5,1174.7379150390625,0.25136831402778625,2256.581229231076
176.1409760000012,64,E4,1174.7379150390625,0.25136831402778625,2256.581229231076
176.1409760000012,26,D1,1174.7379150390625,0.25136831402778625,2256.581229231076
176.1454080000012,46,A#2,1174.7379150390625,0.25136831402778625,2256.581229231076
176.1498400000012,35,B1,1174.7379150390625,0.25136831402778625,2256.581229231076
176.1542720000012,50,D3,1171.9486083984375,0.25112292170524597,2249.3402437506656
176.17200000000122,57,A3,1171.9486083984375,0.25112292170524597,2249.3402437506656
176.3537120000012,69,A4,887.7138671875,0.2780202031135559,1974.6958994721408
176.3537120000012,26,D1,887.7138671875,0.2780202031135559,1974.6958994721408
176.3625760000012,35,B1,883.6326293945312,0.30615687370300293,2074.6991954326368
176.3625760000012,50,D3,883.6326293945312,0.30615687370300293,2074.6991954326368
176.37144000000123,57,A3,883.6326293945312,0.30615687370300293,2074.6991954326368
176.37144000000123,46,A#2,883.6326293945312,0.30615687370300293,2074.6991954326368
176.37587200000124,57,A3,883.6326293945312,0.30615687370300293,2074.6991954326368
176.37587200000124,64,E4,883.6326293945312,0.30615687370300293,2074.6991954326368
176.5531520000012,86,D6,997.2191772460938,0.29942068457603455,2108.249752268938
176.5531520000012,81,A5,997.2191772460938,0.29942068457603455,2108.249752268938
176.5531520000012,90,F#6,997.2191772460938,0.29942068457603455,2108.249752268938
176.5575840000012,78,F#5,997.2191772460938,0.29942068457603455,2108.249752268938
176.56644800000123,30,F#1,997.2191772460938,0.29942068457603455,2108.249752268938
176.56644800000123,66,F#4,997.2191772460938,0.29942068457603455,2108.249752268938
176.57531200000125,45,A2,1173.1259765625,0.3263188898563385,2125.8071669856977
176.57531200000125,38,D2,1173.1259765625,0.3263188898563385,2125.8071669856977
176.58417600000124,50,D3,1173.1259765625,0.3263188898563385,2125.8071669856977
176.58860800000124,54,F#3,1173.1259765625,0.3263188898563385,2125.8071669856977
176.60190400000127,57,A3,972.4939575195312,0.33190014958381653,2056.2231267975785
176.75259200000116,80,G#5,1170.342041015625,0.2943726181983948,2335.0912307225544
176.77918400000118,69,A4,1175.1041259765625,0.32735738158226013,2968.831512348221
176.7836160000012,31,G1,1175.1041259765625,0.32735738158226013,2968.831512348221
176.79691200000119,50,D3,1175.1041259765625,0.32735738158226013,2968.831512348221
176.79691200000119,46,A#2,1175.1041259765625,0.32735738158226013,2968.831512348221
176.8190720000012,57,A3,1175.3004150390625,0.337059885263443,2982.409691736104
176.93873600000126,52,E3,1171.4527587890625,0.2902628779411316,2504.7081648204867
176.96532800000125,52,E3,1166.4400634765625,0.2871966063976288,2511.244876872034
176.97862400000125,81,A5,1166.4400634765625,0.2871966063976288,2511.244876872034
176.97862400000125,88,E6,1166.4400634765625,0.2871966063976288,2511.244876872034
176.97862400000125,85,C#6,1166.4400634765625,0.2871966063976288,2511.244876872034
176.98305600000126,45,A2,1166.4400634765625,0.2871966063976288,2511.244876872034
176.98305600000126,71,B4,1166.4400634765625,0.2871966063976288,2511.244876872034
176.99192000000127,33,A1,1165.2862548828125,0.2835859954357147,2501.0744300527076
176.99635200000128,35,B1,1165.2862548828125,0.2835859954357147,2501.0744300527076
176.99635200000128,46,A#2,1165.2862548828125,0.2835859954357147,2501.0744300527076
177.0007840000013,59,B3,1165.2862548828125,0.2835859954357147,2501.0744300527076
177.0140800000013,52,E3,1172.95703125,0.26769301295280457,2505.930748312102
177.0140800000013,45,A2,1172.95703125,0.26769301295280457,2505.930748312102
177.0185120000013,57,A3,1172.95703125,0.26769301295280457,2505.930748312102
177.0229440000013,52,E3,1172.95703125,0.26769301295280457,2505.930748312102
177.0273760000013,61,C#4,1172.95703125,0.26769301295280457,2505.930748312102
177.03180800000132,57,A3,1172.95703125,0.26769301295280457,2505.930748312102
177.03624000000133,64,E4,1171.4705810546875,0.2607090175151825,2499.379736362195
177.04510400000134,61,C#4,1171.4705810546875,0.2607090175151825,2499.379736362195
177.05840000000134,64,E4,1169.8857421875,0.26501473784446716,2433.8834946362826
177.06283200000135,69,A4,1169.8857421875,0.26501473784446716,2433.8834946362826
177.08942400000134,69,A4,1169.7086181640625,0.27942386269569397,2362.7220486802844
177.19579200000132,69,A4,1196.1802978515625,0.3169139325618744,2279.8196779831333
177.2046560000013,33,A1,1196.1802978515625,0.3169139325618744,2279.8196779831333
177.2268160000013,52,E3,1198.957763671875,0.31564173102378845,2171.6985369249087
177.2268160000013,45,A2,1198.957763671875,0.31564173102378845,2171.6985369249087
177.2268160000013,57,A3,1198.957763671875,0.31564173102378845,2171.6985369249087
177.2268160000013,46,A#2,1198.957763671875,0.31564173102378845,2171.6985369249087
177.40852800000135,46,A#2,1159.5936279296875,0.29722362756729126,2282.851161903035
177.41739200000134,33,A1,1159.5936279296875,0.29722362756729126,2282.851161903035
177.41739200000134,64,E4,1159.5936279296875,0.29722362756729126,2282.851161903035
177.42625600000136,38,D2,1159.5936279296875,0.29722362756729126,2282.851161903035
177.42625600000136,52,E3,1159.5936279296875,0.29722362756729126,2282.851161903035
177.43512000000138,45,A2,1158.194091796875,0.30393293499946594,2305.772907758532
177.43955200000138,54,F#3,1158.194091796875,0.30393293499946594,2305.772907758532
177.43955200000138,52,E3,1158.194091796875,0.30393293499946594,2305.772907758532
177.4439840000014,57,A3,1158.194091796875,0.30393293499946594,2305.772907758532
177.47057600000142,57,A3,1157.764404296875,0.310450941324234,2318.3561607922975
177.62126400000145,73,C#5,985.7138061523438,0.32165735960006714,2103.0394445966267
177.63012800000143,61,C#4,985.7138061523438,0.32165735960006714,2103.0394445966267
177.63456000000144,33,A1,985.7138061523438,0.32165735960006714,2103.0394445966267
177.64785600000144,46,A#2,986.31494140625,0.32479944825172424,2763.688888900568
177.66115200000144,45,A2,1157.96630859375,0.3181130886077881,3051.7547731499753
177.66115200000144,52,E3,1157.96630859375,0.3181130886077881,3051.7547731499753
177.66558400000145,61,C#4,1157.96630859375,0.3181130886077881,3051.7547731499753
177.68331200000145,61,C#4,1157.4517822265625,0.2955071032047272,3056.739962405697
177.84729600000142,69,A4,1160.2518310546875,0.2474941611289978,2273.1164264961544
177.84729600000142,46,A#2,1160.2518310546875,0.2474941611289978,2273.1164264961544
177.84729600000142,33,A1,1160.2518310546875,0.2474941611289978,2273.1164264961544
177.85172800000143,57,A3,1160.2518310546875,0.2474941611289978,2273.1164264961544
177.85172800000143,35,B1,1160.2518310546875,0.2474941611289978,2273.1164264961544
177.85616000000144,45,A2,1160.2518310546875,0.2474941611289978,2273.1164264961544
177.86059200000145,52,E3,1160.2518310546875,0.2474941611289978,2273.1164264961544
178.04673600000143,64,E4,1110.0770263671875,0.3125331997871399,1922.8312035103934
178.05560000000142,33,A1,1109.3333740234375,0.33535271883010864,1826.7004321192126
178.05560000000142,52,E3,1109.3333740234375,0.33535271883010864,1826.7004321192126
178.06889600000142,46,A#2,1109.3333740234375,0.33535271883010864,1826.7004321192126
178.0777600000014,45,A2,1108.9493408203125,0.33942723274230957,1755.4095963251552
178.0821920000014,52,E3,1108.9493408203125,0.33942723274230957,1755.4095963251552
178.25060800000148,88,E6,1155.247314453125,0.24366480112075806,2086.7558392169135
178.2550400000015,86,D6,1155.247314453125,0.24366480112075806,2086.7558392169135
178.2594720000015,46,A#2,1155.247314453125,0.24366480112075806,2086.7558392169135
178.2594720000015,74,D5,1155.247314453125,0.24366480112075806,2086.7558392169135
178.26833600000148,33,A1,1154.9112548828125,0.23881103098392487,2023.1197613916818
178.26833600000148,62,D4,1154.9112548828125,0.23881103098392487,2023.1197613916818
178.2772000000015,38,D2,1154.9112548828125,0.23881103098392487,2023.1197613916818
178.29049600000153,54,F#3,1154.058349609375,0.23684139549732208,2045.595220871087
178.29049600000153,45,A2,1154.058349609375,0.23684139549732208,2045.595220871087
178.29492800000153,52,E3,1154.058349609375,0.23684139549732208,2045.595220871087
178.48107200000152,69,A4,1159.2445068359375,0.26484447717666626,1867.5836341637214
178.48107200000152,33,A1,1159.2445068359375,0.26484447717666626,1867.5836341637214
178.48550400000153,52,E3,1159.2445068359375,0.26484447717666626,1867.5836341637214
178.48993600000153,52,E3,1159.2445068359375,0.26484447717666626,1867.5836341637214
178.48993600000153,45,A2,1159.2445068359375,0.26484447717666626,1867.5836341637214
178.49880000000155,46,A#2,1102.3148193359375,0.304461270570755,2687.969425941705
178.69380800000155,64,E4,1176.755615234375,0.24421417713165283,2582.874601328866
178.69824000000156,46,A#2,1176.755615234375,0.24421417713165283,2582.874601328866
178.69824000000156,33,A1,1176.755615234375,0.24421417713165283,2582.874601328866
178.70267200000157,35,B1,1176.755615234375,0.24421417713165283,2582.874601328866
178.70267200000157,57,A3,1176.755615234375,0.24421417713165283,2582.874601328866
178.7115360000016,45,A2,1167.2537841796875,0.2423311024904251,2512.6428049209844
178.7159680000016,52,E3,1167.2537841796875,0.2423311024904251,2512.6428049209844
178.87995200000165,78,F#5,1173.8399658203125,0.24307309091091156,2062.2566862994813
178.89324800000165,85,C#6,1162.962646484375,0.22645820677280426,2032.4338189940966
178.90654400000165,33,A1,1162.962646484375,0.22645820677280426,2032.4338189940966
178.90654400000165,61,C#4,1162.962646484375,0.22645820677280426,2032.4338189940966
178.91540800000163,35,B1,1161.6031494140625,0.2548410892486572,2021.0292378627505
178.91984000000164,46,A#2,1161.6031494140625,0.2548410892486572,2021.0292378627505
178.93313600000164,73,C#5,1161.6031494140625,0.2548410892486572,2021.0292378627505
178.94200000000163,45,A2,1175.9005126953125,0.2924543023109436,1902.0185481014078
178.94643200000164,52,E3,1175.9005126953125,0.2924543023109436,1902.0185481014078
179.09268800000166,80,G#5,1170.59765625,0.23350395262241364,2609.430881335605
179.11041600000166,46,A#2,1174.1021728515625,0.23845240473747253,2676.803843584391
179.11484800000167,69,A4,1174.1021728515625,0.23845240473747253,2676.803843584391
179.11928000000168,33,A1,1174.1021728515625,0.23845240473747253,2676.803843584391
179.1237120000017,38,D2,1174.9744873046875,0.2412312775850296,2635.3076749281663
179.1237120000017,52,E3,1174.9744873046875,0.2412312775850296,2635.3076749281663
179.14144000000172,54,F#3,1174.9744873046875,0.2412312775850296,2635.3076749281663
179.14587200000173,45,A2,1043.9110107421875,0.2550378739833832,2531.1637513683218
179.14587200000173,52,E3,1043.9110107421875,0.2550378739833832,2531.1637513683218
179.30542400000175,78,F#5,1104.451416015625,0.24515753984451294,2532.3137656555327
179.32315200000176,64,E4,1105.430908203125,0.2466462105512619,2274.4831729923344
179.33201600000177,33,A1,1107.677978515625,0.25391456484794617,2069.0065801764476
179.34974400000178,57,A3,1107.677978515625,0.25391456484794617,2069.0065801764476
179.34974400000178,46,A#2,1107.677978515625,0.25391456484794617,2069.0065801764476
179.36304000000177,52,E3,1107.40869140625,0.28460419178009033,2199.965117568691
179.36304000000177,45,A2,1107.40869140625,0.28460419178009033,2199.965117568691
179.51816000000179,80,G#5,989.0531616210938,0.26971694827079773,2572.45032801872
179.5225920000018,71,B4,989.0531616210938,0.26971694827079773,2572.45032801872
179.53145600000178,81,A5,989.0531616210938,0.26971694827079773,2572.45032801872
179.53145600000178,88,E6,989.0531616210938,0.26971694827079773,2572.45032801872
179.5358880000018,83,B5,989.0531616210938,0.26971694827079773,2572.45032801872
179.5403200000018,59,B3,1109.32275390625,0.2569797933101654,2508.8476948897815
179.54918400000182,33,A1,1109.32275390625,0.2569797933101654,2508.8476948897815
179.54918400000182,46,A#2,1109.32275390625,0.2569797933101654,2508.8476948897815
179.55361600000182,35,B1,1109.32275390625,0.2569797933101654,2508.8476948897815
179.56691200000182,52,E3,1155.1015625,0.2525116801261902,2516.1437136702625
179.56691200000182,45,A2,1155.1015625,0.2525116801261902,2516.1437136702625
179.7308960000018,78,F#5,1163.26416015625,0.2531636655330658,2690.2763986636483
179.74862400000177,52,E3,1163.26416015625,0.2531636655330658,2690.2763986636483
179.75748800000176,64,E4,1164.165283203125,0.2617775499820709,2656.96747735383
179.75748800000176,33,A1,1164.165283203125,0.2617775499820709,2656.96747735383
179.76192000000177,45,A2,1164.165283203125,0.2617775499820709,2656.96747735383
179.76635200000177,79,G5,1164.165283203125,0.2617775499820709,2656.96747735383
179.76635200000177,52,E3,1164.165283203125,0.2617775499820709,2656.96747735383
179.77521600000176,46,A#2,1160.6971435546875,0.25330930948257446,2709.328221385932
179.93920000000173,52,E3,983.4437866210938,0.26442569494247437,2610.1846886472204
179.94363200000174,80,G#5,983.4437866210938,0.26442569494247437,2610.1846886472204
179.94806400000175,62,D4,983.4437866210938,0.26442569494247437,2610.1846886472204
179.94806400000175,57,A3,983.4437866210938,0.26442569494247437,2610.1846886472204
179.95249600000176,85,C#6,983.4437866210938,0.26442569494247437,2610.1846886472204
179.96136000000175,73,C#5,1161.966064453125,0.2601226568222046,2583.079841145428
179.96136000000175,61,C#4,1161.966064453125,0.2601226568222046,2583.079841145428
179.96579200000176,52,E3,1161.966064453125,0.2601226568222046,2583.079841145428
179.97022400000176,40,E2,1161.966064453125,0.2601226568222046,2583.079841145428
179.97022400000176,64,E4,1161.966064453125,0.2601226568222046,2583.079841145428
179.97465600000177,62,D4,1161.966064453125,0.2601226568222046,2583.079841145428
179.97908800000178,57,A3,1161.966064453125,0.2601226568222046,2583.079841145428
179.97908800000178,45,A2,1161.966064453125,0.2601226568222046,2583.079841145428
179.97908800000178,38,D2,1161.966064453125,0.2601226568222046,2583.079841145428
179.9835200000018,69,A4,1160.6861572265625,0.24820484220981598,2642.9706082351518
179.9879520000018,54,F#3,1160.6861572265625,0.24820484220981598,2642.9706082351518
179.9879520000018,64,E4,1160.6861572265625,0.24820484220981598,2642.9706082351518
179.9923840000018,45,A2,1160.6861572265625,0.24820484220981598,2642.9706082351518
180.0012480000018,69,A4,1160.6861572265625,0.24820484220981598,2642.9706082351518
180.0012480000018,52,E3,1160.6861572265625,0.24820484220981598,2642.9706082351518
180.18296000000183,39,D#2,1155.7181396484375,0.2773781716823578,2643.808443034048
180.18739200000184,52,E3,1155.7181396484375,0.2773781716823578,2643.808443034048
180.20068800000183,46,A#2,1154.0982666015625,0.27418503165245056,2627.289086654041
180.20512000000184,45,A2,1154.0982666015625,0.27418503165245056,2627.289086654041
180.20955200000185,52,E3,1154.0982666015625,0.27418503165245056,2627.289086654041
180.29819200000182,50,D3,1174.8568115234375,0.3015606999397278,3072.3834374796943
180.32035200000183,50,D3,1164.7568359375,0.2954694628715515,2849.9380603171644
180.36467200000186,54,F#3,1181.87890625,0.2923305630683899,2669.6742848785025
180.36910400000187,78,F#5,1181.87890625,0.2923305630683899,2669.6742848785025
180.38240000000187,81,A5,1110.249267578125,0.2806205451488495,2733.4296752961586
180.38683200000187,90,F#6,1110.249267578125,0.2806205451488495,2733.4296752961586
180.38683200000187,86,D6,1110.249267578125,0.2806205451488495,2733.4296752961586
180.39126400000188,54,F#3,1110.249267578125,0.2806205451488495,2733.4296752961586
180.4001280000019,38,D2,1181.4677734375,0.2859176993370056,2810.144369335459
180.4001280000019,50,D3,1181.4677734375,0.2859176993370056,2810.144369335459
180.4045600000019,76,E5,1181.4677734375,0.2859176993370056,2810.144369335459
180.4045600000019,49,C#3,1181.4677734375,0.2859176993370056,2810.144369335459
180.40899200000192,35,B1,1181.4677734375,0.2859176993370056,2810.144369335459
180.41785600000193,50,D3,1181.4677734375,0.2859176993370056,2810.144369335459
180.42672000000192,57,A3,1100.214111328125,0.2786415219306946,2561.1284085482716
180.43115200000193,57,A3,1100.214111328125,0.2786415219306946,2561.1284085482716
180.43115200000193,64,E4,1100.214111328125,0.2786415219306946,2561.1284085482716
180.43558400000194,57,A3,1100.214111328125,0.2786415219306946,2561.1284085482716
180.45331200000194,57,A3,1091.7498779296875,0.28574803471565247,2421.376362769386
180.45331200000194,62,D4,1091.7498779296875,0.28574803471565247,2421.376362769386
180.46217600000193,62,D4,1091.7498779296875,0.28574803471565247,2421.376362769386
180.49320000000193,66,F#4,1106.13330078125,0.27398520708084106,2489.0233829443323
180.51092800000194,66,F#4,1106.13330078125,0.27398520708084106,2489.0233829443323
180.60843200000198,38,D2,1180.999755859375,0.2545908987522125,3308.8178616671967
180.61729600000197,74,D5,1180.999755859375,0.2545908987522125,3308.8178616671967
180.62172800000198,50,D3,1180.999755859375,0.2545908987522125,3308.8178616671967
180.626160000002,62,D4,1180.999755859375,0.2545908987522125,3308.8178616671967
180.643888000002,57,A3,1180.787841796875,0.2528705298900604,3207.0734412607494
180.794576000002,80,G#5,1193.3843994140625,0.2572411298751831,3110.6913420971
180.812304000002,46,A#2,1193.3843994140625,0.2572411298751831,3110.6913420971
180.812304000002,69,A4,1193.3843994140625,0.2572411298751831,3110.6913420971
180.821168000002,38,D2,1176.5618896484375,0.24360314011573792,3079.8900448425666
180.825600000002,38,D2,1176.5618896484375,0.24360314011573792,3079.8900448425666
180.830032000002,57,A3,1176.5618896484375,0.24360314011573792,3079.8900448425666
180.83446400000201,50,D3,1176.5618896484375,0.24360314011573792,3079.8900448425666
180.83889600000202,54,F#3,1176.5618896484375,0.24360314011573792,3079.8900448425666
180.84776000000204,57,A3,1173.6282958984375,0.23771841824054718,3061.6318563546565
180.85219200000205,57,A3,1173.6282958984375,0.23771841824054718,3061.6318563546565
180.86548800000205,57,A3,1173.3560791015625,0.22305651009082794,3089.783821044989
181.0073120000021,78,F#5,1176.586669921875,0.25251010060310364,3308.846657857456
181.02947200000207,78,F#5,1179.9940185546875,0.24254412949085236,3000.8588274085005
181.03390400000208,38,D2,1179.9940185546875,0.24254412949085236,3000.8588274085005
181.0427680000021,66,F#4,1179.9940185546875,0.24254412949085236,3000.8588274085005
181.05163200000212,46,A#2,1177.0867919921875,0.24594220519065857,2678.4948275667825
181.06049600000213,50,D3,1177.0867919921875,0.24594220519065857,2678.4948275667825
181.07379200000216,57,A3,1175.294921875,0.25565895438194275,2682.0869935566743
181.08708800000218,62,D4,1175.294921875,0.25565895438194275,2682.0869935566743
181.10481600000222,62,D4,1166.845947265625,0.2809387147426605,3030.663637041519
181.25107200000227,74,D5,1178.023681640625,0.258687287569046,2693.041448560314
181.25107200000227,46,A#2,1178.023681640625,0.258687287569046,2693.041448560314
181.25107200000227,50,D3,1178.023681640625,0.258687287569046,2693.041448560314
181.25107200000227,38,D2,1178.023681640625,0.258687287569046,2693.041448560314
181.25550400000228,35,B1,1178.023681640625,0.258687287569046,2693.041448560314
181.2643680000023,62,D4,1177.5009765625,0.2740173041820526,2567.845317762137
181.2688000000023,57,A3,1177.5009765625,0.2740173041820526,2567.845317762137
181.44608000000235,69,A4,1169.3487548828125,0.2627304494380951,2537.640114871333
181.46380800000236,38,D2,1169.3487548828125,0.2627304494380951,2537.640114871333
181.47267200000238,57,A3,1162.0511474609375,0.276515394449234,2481.339387949096
181.47267200000238,57,A3,1162.0511474609375,0.276515394449234,2481.339387949096
181.47710400000238,46,A#2,1162.0511474609375,0.276515394449234,2481.339387949096
181.48596800000237,50,D3,1162.0511474609375,0.276515394449234,2481.339387949096
181.49040000000238,57,A3,1162.0511474609375,0.276515394449234,2481.339387949096
181.4948320000024,57,A3,1194.2489013671875,0.2819172441959381,2411.6357330465867
181.65881600000236,91,G6,1161.099853515625,0.2643998861312866,2609.6208709297607
181.65881600000236,86,D6,1161.099853515625,0.2643998861312866,2609.6208709297607
181.66324800000237,46,A#2,1161.099853515625,0.2643998861312866,2609.6208709297607
181.66324800000237,81,A5,1161.099853515625,0.2643998861312866,2609.6208709297607
181.6721120000024,67,G4,1161.099853515625,0.2643998861312866,2609.6208709297607
181.6721120000024,38,D2,1161.099853515625,0.2643998861312866,2609.6208709297607
181.6721120000024,79,G5,1161.099853515625,0.2643998861312866,2609.6208709297607
181.6765440000024,38,D2,1160.611572265625,0.2373252809047699,2662.707304564469
181.68984000000242,54,F#3,1160.611572265625,0.2373252809047699,2662.707304564469
181.68984000000242,50,D3,1160.611572265625,0.2373252809047699,2662.707304564469
181.70756800000242,57,A3,1174.525146484375,0.23451131582260132,2616.39072477266
181.88484800000242,74,D5,1171.956787109375,0.23073215782642365,2215.987931898457
181.88484800000242,50,D3,1171.956787109375,0.23073215782642365,2215.987931898457
181.88484800000242,38,D2,1171.956787109375,0.23073215782642365,2215.987931898457
181.88928000000243,62,D4,1171.6669921875,0.2292507141828537,2207.120473191775
181.89814400000245,46,A#2,1171.6669921875,0.2292507141828537,2207.120473191775
181.90257600000245,57,A3,1171.6669921875,0.2292507141828537,2207.120473191775
182.07985600000248,69,A4,1012.7722778320312,0.2609584331512451,2819.6829334952117
182.09758400000248,38,D2,1021.7987670898438,0.25112494826316833,2636.159367637176
182.1020160000025,46,A#2,1021.7987670898438,0.25112494826316833,2636.159367637176
182.1064480000025,35,B1,1021.7987670898438,0.25112494826316833,2636.159367637176
182.1064480000025,50,D3,1021.7987670898438,0.25112494826316833,2636.159367637176
182.1108800000025,69,A4,1021.7987670898438,0.25112494826316833,2636.159367637176
182.11974400000253,57,A3,1095.101806640625,0.24928539991378784,2619.43104157155
182.12860800000252,57,A3,1095.101806640625,0.24928539991378784,2619.43104157155
182.29702400000252,86,D6,1100.64892578125,0.21891486644744873,2375.823168401113
182.29702400000252,81,A5,1100.64892578125,0.21891486644744873,2375.823168401113
182.30145600000253,90,F#6,1100.64892578125,0.21891486644744873,2375.823168401113
182.31032000000252,66,F#4,1168.60107421875,0.2149338573217392,2356.185575801981
182.31475200000253,38,D2,1168.60107421875,0.2149338573217392,2356.185575801981
182.31918400000254,78,F#5,1168.60107421875,0.2149338573217392,2356.185575801981
182.31918400000254,35,B1,1168.60107421875,0.2149338573217392,2356.185575801981
182.32361600000254,46,A#2,1168.60107421875,0.2149338573217392,2356.185575801981
182.33691200000257,50,D3,1165.006103515625,0.21161572635173798,2432.23931653569
182.35464000000258,57,A3,1168.100830078125,0.2005210816860199,2346.1602849171186
182.51862400000257,46,A#2,1174.8001708984375,0.2568761706352234,2293.599890809092
182.52305600000258,62,D4,1174.8001708984375,0.2568761706352234,2293.599890809092
182.52305600000258,38,D2,1174.8001708984375,0.2568761706352234,2293.599890809092
182.52305600000258,74,D5,1174.8001708984375,0.2568761706352234,2293.599890809092
182.5319200000026,38,D2,1174.8001708984375,0.2568761706352234,2293.599890809092
182.54078400000262,54,F#3,1173.555419921875,0.2518349587917328,2341.2576972734832
182.54078400000262,50,D3,1173.555419921875,0.2518349587917328,2341.2576972734832
182.5585120000026,57,A3,1173.555419921875,0.2518349587917328,2341.2576972734832
182.7092000000026,78,F#5,1182.7999267578125,0.2417123168706894,2321.28994825076
182.73579200000262,38,D2,1181.8863525390625,0.25337907671928406,2234.35119454604
182.74022400000263,69,A4,1181.8863525390625,0.25337907671928406,2234.35119454604
182.74908800000262,46,A#2,1184.4876708984375,0.25491583347320557,2186.4669772171324
182.7623840000026,50,D3,1184.4876708984375,0.25491583347320557,2186.4669772171324
182.76681600000262,57,A3,1184.4876708984375,0.25491583347320557,2186.4669772171324
182.78011200000262,57,A3,880.2699584960938,0.2611788213253021,2161.9413538361505
182.93080000000262,86,D6,1195.41650390625,0.23890338838100433,2864.3214997586583
182.93523200000263,88,E6,1195.41650390625,0.23890338838100433,2864.3214997586583
182.93523200000263,81,A5,1195.41650390625,0.23890338838100433,2864.3214997586583
182.93966400000264,76,E5,1195.41650390625,0.23890338838100433,2864.3214997586583
182.94852800000265,38,D2,1195.41650390625,0.23890338838100433,2864.3214997586583
182.95296000000266,46,A#2,1195.41650390625,0.23890338838100433,2864.3214997586583
182.95296000000266,64,E4,1195.41650390625,0.23890338838100433,2864.3214997586583
182.95739200000267,35,B1,1185.155029296875,0.22548849880695343,2746.768444888717
182.96182400000268,50,D3,1185.155029296875,0.22548849880695343,2746.768444888717
182.97512000000268,57,A3,1185.155029296875,0.22548849880695343,2746.768444888717
183.16569600000267,38,D2,1196.7498779296875,0.22347551584243774,2447.3422232734224
183.16569600000267,50,D3,1196.7498779296875,0.22347551584243774,2447.3422232734224
183.17012800000268,69,A4,1196.7498779296875,0.22347551584243774,2447.3422232734224
183.17012800000268,35,B1,1196.7498779296875,0.22347551584243774,2447.3422232734224
183.17456000000269,46,A#2,1196.7498779296875,0.22347551584243774,2447.3422232734224
183.17456000000269,57,A3,1196.7498779296875,0.22347551584243774,2447.3422232734224
183.1789920000027,57,A3,1196.7498779296875,0.22347551584243774,2447.3422232734224
183.36070400000267,90,F#6,1184.5855712890625,0.2738298177719116,2328.0402171437213
183.36070400000267,81,A5,1184.5855712890625,0.2738298177719116,2328.0402171437213
183.36070400000267,86,D6,1184.5855712890625,0.2738298177719116,2328.0402171437213
183.36513600000268,78,F#5,1184.5855712890625,0.2738298177719116,2328.0402171437213
183.3695680000027,46,A#2,1184.5855712890625,0.2738298177719116,2328.0402171437213
183.3740000000027,35,B1,1192.365478515625,0.24786654114723206,2462.659196986348
183.3740000000027,66,F#4,1192.365478515625,0.24786654114723206,2462.659196986348
183.3828640000027,38,D2,1192.365478515625,0.24786654114723206,2462.659196986348
183.39172800000273,50,D3,1192.365478515625,0.24786654114723206,2462.659196986348
183.39616000000274,54,F#3,1193.1317138671875,0.24037174880504608,2497.423209715219
183.40502400000275,57,A3,1193.1317138671875,0.24037174880504608,2497.423209715219
183.5867360000027,69,A4,1170.048095703125,0.23841047286987305,2208.2192257880106
183.5911680000027,34,A#1,1170.048095703125,0.23841047286987305,2208.2192257880106
183.60003200000273,46,A#2,1170.048095703125,0.23841047286987305,2208.2192257880106
183.60446400000274,50,D3,1180.05615234375,0.239434614777565,2271.207250680891
183.62219200000274,57,A3,1180.05615234375,0.239434614777565,2271.207250680891
183.7418560000028,52,E3,1170.6878662109375,0.2790271043777466,3147.989000175012
183.7640160000028,52,E3,1164.760009765625,0.29604339599609375,3116.771920145156
183.78174400000282,81,A5,1159.411376953125,0.2974303960800171,3026.236437781434
183.78617600000283,88,E6,1159.411376953125,0.2974303960800171,3026.236437781434
183.78617600000283,85,C#6,1159.411376953125,0.2974303960800171,3026.236437781434
183.79060800000283,71,B4,1179.604248046875,0.273759663105011,2907.532368071368
183.79504000000284,45,A2,1179.604248046875,0.273759663105011,2907.532368071368
183.79947200000285,33,A1,1179.604248046875,0.273759663105011,2907.532368071368
183.80390400000286,49,C#3,1179.604248046875,0.273759663105011,2907.532368071368
183.80833600000287,35,B1,1179.604248046875,0.273759663105011,2907.532368071368
183.81720000000288,59,B3,1174.8763427734375,0.26599419116973877,2796.5923209933453
183.8216320000029,57,A3,1174.8763427734375,0.26599419116973877,2796.5923209933453
183.83049600000288,45,A2,1174.8763427734375,0.26599419116973877,2796.5923209933453
183.8349280000029,52,E3,1174.8763427734375,0.26599419116973877,2796.5923209933453
183.8349280000029,69,A4,1174.8763427734375,0.26599419116973877,2796.5923209933453
183.8393600000029,61,C#4,1171.6541748046875,0.2598605453968048,2746.131442744344
183.8393600000029,52,E3,1171.6541748046875,0.2598605453968048,2746.131442744344
183.8482240000029,64,E4,1171.6541748046875,0.2598605453968048,2746.131442744344
183.8482240000029,64,E4,1171.6541748046875,0.2598605453968048,2746.131442744344
183.8482240000029,57,A3,1171.6541748046875,0.2598605453968048,2746.131442744344
183.8482240000029,61,C#4,1171.6541748046875,0.2598605453968048,2746.131442744344
183.86152000000288,69,A4,1171.6025390625,0.2509469985961914,2689.7369965787498
183.88811200000288,69,A4,1176.9580078125,0.2683860957622528,2610.9139082287147
183.9989120000029,69,A4,1171.6314697265625,0.3092697560787201,2286.860002104796
184.01664000000292,33,A1,1171.6314697265625,0.3092697560787201,2286.860002104796
184.02993600000295,57,A3,1173.3687744140625,0.3046925961971283,2200.397464726832
184.02993600000295,46,A#2,1173.3687744140625,0.3046925961971283,2200.397464726832
184.03436800000296,45,A2,1173.3687744140625,0.3046925961971283,2200.397464726832
184.03880000000296,52,E3,1173.3687744140625,0.3046925961971283,2200.397464726832
184.22051200000297,46,A#2,1162.650634765625,0.3023657202720642,2619.2579495178884
184.22494400000298,33,A1,1162.650634765625,0.3023657202720642,2619.2579495178884
184.22494400000298,64,E4,1162.650634765625,0.3023657202720642,2619.2579495178884
184.229376000003,38,D2,1162.650634765625,0.3023657202720642,2619.2579495178884
184.233808000003,52,E3,1163.9608154296875,0.2987186908721924,2809.3059986971784
184.242672000003,52,E3,1163.9608154296875,0.2987186908721924,2809.3059986971784
184.242672000003,45,A2,1163.9608154296875,0.2987186908721924,2809.3059986971784
184.242672000003,54,F#3,1163.9608154296875,0.2987186908721924,2809.3059986971784
184.411088000003,80,G#5,1160.9755859375,0.2598109841346741,2793.2293506240962
184.428816000003,73,C#5,1160.236572265625,0.2883937656879425,2797.5211486420058
184.43768000000298,61,C#4,1160.236572265625,0.2883937656879425,2797.5211486420058
184.43768000000298,64,E4,1160.236572265625,0.2883937656879425,2797.5211486420058
184.43768000000298,33,A1,1160.236572265625,0.2883937656879425,2797.5211486420058
184.442112000003,69,A4,989.6300048828125,0.31153130531311035,2808.205259871785
184.455408000003,46,A#2,989.6300048828125,0.31153130531311035,2808.205259871785
184.459840000003,52,E3,989.6300048828125,0.31153130531311035,2808.205259871785
184.459840000003,64,E4,989.6300048828125,0.31153130531311035,2808.205259871785
184.464272000003,59,B3,985.9891357421875,0.3249421715736389,2758.1028135213573
184.464272000003,61,C#4,985.9891357421875,0.3249421715736389,2758.1028135213573
184.46870400000302,57,A3,985.9891357421875,0.3249421715736389,2758.1028135213573
184.46870400000302,69,A4,985.9891357421875,0.3249421715736389,2758.1028135213573
184.47313600000302,45,A2,985.9891357421875,0.3249421715736389,2758.1028135213573
184.47313600000302,52,E3,985.9891357421875,0.3249421715736389,2758.1028135213573
184.47756800000303,52,E3,985.9891357421875,0.3249421715736389,2758.1028135213573
184.48200000000304,61,C#4,985.9891357421875,0.3249421715736389,2758.1028135213573
184.48200000000304,59,B3,985.9891357421875,0.3249421715736389,2758.1028135213573
184.48643200000305,57,A3,885.4104614257812,0.32360631227493286,2659.570455368629
184.650416000003,33,A1,883.5607299804688,0.3472265303134918,2828.6487126555735
184.654848000003,69,A4,883.5607299804688,0.3472265303134918,2828.6487126555735
184.654848000003,57,A3,883.5607299804688,0.3472265303134918,2828.6487126555735
184.659280000003,57,A3,883.5607299804688,0.3472265303134918,2828.6487126555735
184.659280000003,35,B1,883.5607299804688,0.3472265303134918,2828.6487126555735
184.66371200000302,45,A2,883.5607299804688,0.3472265303134918,2828.6487126555735
184.67257600000303,52,E3,886.3909301757812,0.3426918685436249,2649.9006146918596
184.85428800000298,64,E4,1107.57470703125,0.3026944100856781,2558.977990713666
184.867584000003,52,E3,993.1077270507812,0.2893635332584381,2633.954442645959
184.867584000003,33,A1,993.1077270507812,0.2893635332584381,2633.954442645959
184.88088000000303,46,A#2,993.5690307617188,0.2795208692550659,2540.3465841258403
184.88088000000303,45,A2,993.5690307617188,0.2795208692550659,2540.3465841258403
184.88531200000304,52,E3,993.5690307617188,0.2795208692550659,2540.3465841258403
185.06259200000312,88,E6,1106.3353271484375,0.32205432653427124,2357.2109794360304
185.06259200000312,86,D6,1106.3353271484375,0.32205432653427124,2357.2109794360304
185.0714560000031,74,D5,1100.296875,0.28949421644210815,2510.2661853461104
185.0714560000031,46,A#2,1100.296875,0.28949421644210815,2510.2661853461104
185.07588800000312,62,D4,1100.296875,0.28949421644210815,2510.2661853461104
185.08032000000313,38,D2,1100.296875,0.28949421644210815,2510.2661853461104
185.08032000000313,33,A1,1100.296875,0.28949421644210815,2510.2661853461104
185.09361600000312,45,A2,1155.7813720703125,0.2852904498577118,2700.3692248681687
185.09361600000312,54,F#3,1155.7813720703125,0.2852904498577118,2700.3692248681687
185.09804800000313,52,E3,1155.7813720703125,0.2852904498577118,2700.3692248681687
185.2886240000031,69,A4,994.6635131835938,0.2891404330730438,2459.4148941910935
185.2886240000031,33,A1,994.6635131835938,0.2891404330730438,2459.4148941910935
185.29748800000309,52,E3,994.6635131835938,0.2891404330730438,2459.4148941910935
185.3019200000031,52,E3,1117.9012451171875,0.29521557688713074,2541.027122385014
185.3019200000031,45,A2,1117.9012451171875,0.29521557688713074,2541.027122385014
185.3063520000031,46,A#2,1117.9012451171875,0.29521557688713074,2541.027122385014
185.50136000000307,35,B1,1020.8413696289062,0.3117644190788269,2921.1637603338936
185.50579200000308,49,C#3,1020.8413696289062,0.3117644190788269,2921.1637603338936
185.5102240000031,38,D2,1015.88720703125,0.29767030477523804,2897.021229160786
185.5146560000031,35,B1,1015.88720703125,0.29767030477523804,2897.021229160786
185.5146560000031,57,A3,1015.88720703125,0.29767030477523804,2897.021229160786
185.5190880000031,64,E4,1015.88720703125,0.29767030477523804,2897.021229160786
185.52352000000312,45,A2,1015.88720703125,0.29767030477523804,2897.021229160786
185.52795200000313,52,E3,1015.88720703125,0.29767030477523804,2897.021229160786
185.7008000000031,85,C#6,1155.9691162109375,0.25591567158699036,2610.9461361711756
185.7096640000031,61,C#4,1155.9691162109375,0.25591567158699036,2610.9461361711756
185.71852800000312,35,B1,1194.1732177734375,0.2676982581615448,2569.8464747828402
185.71852800000312,38,D2,1194.1732177734375,0.2676982581615448,2569.8464747828402
185.7362560000031,73,C#5,1194.1732177734375,0.2676982581615448,2569.8464747828402
185.7406880000031,45,A2,1180.67578125,0.28872326016426086,2646.8711555461996
185.7451200000031,52,E3,1180.67578125,0.28872326016426086,2646.8711555461996
185.8248960000031,38,D2,1156.1619873046875,0.2889690101146698,2515.9260274257795
185.92683200000312,69,A4,1154.667724609375,0.3181283175945282,2672.7991523561777
185.93126400000313,35,B1,1154.667724609375,0.3181283175945282,2672.7991523561777
185.93569600000313,52,E3,1154.667724609375,0.3181283175945282,2672.7991523561777
185.93569600000313,38,D2,1154.667724609375,0.3181283175945282,2672.7991523561777
185.94456000000315,45,A2,1154.667724609375,0.3181283175945282,2672.7991523561777
185.94456000000315,54,F#3,1154.667724609375,0.3181283175945282,2672.7991523561777
185.95342400000314,52,E3,894.083251953125,0.30455294251441956,2654.3130741252908
186.03320000000315,38,D2,1187.066162109375,0.2716450095176697,2643.2481219263873
186.13513600000314,64,E4,1163.6998291015625,0.32076528668403625,2792.448856040729
186.13956800000315,35,B1,1163.6998291015625,0.32076528668403625,2792.448856040729
186.14400000000316,38,D2,1163.6998291015625,0.32076528668403625,2792.448856040729
186.16172800000317,57,A3,1156.177734375,0.33087801933288574,2766.6963476977335
186.16616000000317,45,A2,1156.177734375,0.33087801933288574,2766.6963476977335
186.17059200000318,52,E3,1156.177734375,0.33087801933288574,2766.6963476977335
186.25036800000314,38,D2,1100.7626953125,0.3175942301750183,2969.1465332298885
186.3345760000031,83,B5,1103.822509765625,0.3631632626056671,2845.167556527114
186.3345760000031,71,B4,1103.822509765625,0.3631632626056671,2845.167556527114
186.3478720000031,59,B3,873.4634399414062,0.3647427558898926,2661.7505640160675
186.3523040000031,36,C2,873.4634399414062,0.3647427558898926,2661.7505640160675
186.3611680000031,71,B4,873.4634399414062,0.3647427558898926,2661.7505640160675
186.3611680000031,38,D2,873.4634399414062,0.3647427558898926,2661.7505640160675
186.3656000000031,45,A2,873.4634399414062,0.3647427558898926,2661.7505640160675
186.3700320000031,52,E3,1104.662353515625,0.3462707996368408,2443.9618717528947
186.4675360000031,38,D2,1194.255126953125,0.3175584375858307,2516.1043175240675
186.5561760000031,52,E3,1199.0242919921875,0.2846869230270386,2674.12970962648
186.5650400000031,36,C2,1199.0242919921875,0.2846869230270386,2674.12970962648
186.5650400000031,64,E4,1199.0242919921875,0.2846869230270386,2674.12970962648
186.56947200000312,45,A2,1199.0242919921875,0.2846869230270386,2674.12970962648
186.5783360000031,52,E3,1194.8021240234375,0.2982679009437561,2434.2860829619613
186.5827680000031,38,D2,1194.8021240234375,0.2982679009437561,2434.2860829619613
186.68027200000316,38,D2,1194.2362060546875,0.25198855996131897,2632.1861147440504
186.7556160000032,52,E3,1182.875244140625,0.3164452016353607,2762.195922011935
186.7600480000032,85,C#6,1182.875244140625,0.3164452016353607,2762.195922011935
186.76891200000318,61,C#4,1107.9576416015625,0.33155182003974915,2669.7950748446356
186.76891200000318,73,C#5,1107.9576416015625,0.33155182003974915,2669.7950748446356
186.7777760000032,52,E3,1107.9576416015625,0.33155182003974915,2669.7950748446356
186.7822080000032,37,C#2,1107.9576416015625,0.33155182003974915,2669.7950748446356
186.7955040000032,57,A3,1107.6505126953125,0.3306487202644348,2541.2787860321023
186.7955040000032,38,D2,1107.6505126953125,0.3306487202644348,2541.2787860321023
186.7999360000032,61,C#4,1107.6505126953125,0.3306487202644348,2541.2787860321023
186.7999360000032,54,F#3,1107.6505126953125,0.3306487202644348,2541.2787860321023
186.7999360000032,45,A2,1107.6505126953125,0.3306487202644348,2541.2787860321023
186.80436800000322,73,C#5,1107.6505126953125,0.3306487202644348,2541.2787860321023
186.80880000000323,52,E3,1108.9073486328125,0.31821486353874207,2694.7314686001473
186.81323200000324,64,E4,1108.9073486328125,0.31821486353874207,2694.7314686001473
186.81766400000325,57,A3,1108.9073486328125,0.31821486353874207,2694.7314686001473
186.81766400000325,61,C#4,1108.9073486328125,0.31821486353874207,2694.7314686001473
186.83096000000324,69,A4,1108.9073486328125,0.31821486353874207,2694.7314686001473
186.83096000000324,64,E4,1108.9073486328125,0.31821486353874207,2694.7314686001473
186.85755200000324,69,A4,1165.794677734375,0.31236550211906433,2937.086807109611
186.89300800000325,38,D2,1154.151611328125,0.2919727563858032,2643.470344928624
186.99051200000326,37,C#2,1193.7705078125,0.2904905676841736,2764.838797149545
186.99051200000326,52,E3,1193.7705078125,0.2904905676841736,2764.838797149545
186.99937600000328,38,D2,1197.49462890625,0.282137930393219,2727.206783856831
187.00824000000327,45,A2,1197.49462890625,0.282137930393219,2727.206783856831
187.01710400000326,52,E3,1164.8782958984375,0.2949599325656891,2821.5911099081204
187.08801600000325,50,D3,1181.6668701171875,0.30327099561691284,2765.6498748281647
187.11017600000326,50,D3,1159.61181640625,0.3139342665672302,2553.920828577068
187.15449600000323,54,F#3,1164.30078125,0.34354355931282043,2529.053316200646
187.17222400000324,54,F#3,1176.368408203125,0.3568015694618225,2633.194146142638
187.18552000000324,86,D6,1196.0191650390625,0.3632386326789856,2668.1842928910146
187.18995200000325,90,F#6,1196.0191650390625,0.3632386326789856,2668.1842928910146
187.18995200000325,81,A5,1196.0191650390625,0.3632386326789856,2668.1842928910146
187.19881600000326,78,F#5,1196.0191650390625,0.3632386326789856,2668.1842928910146
187.20324800000327,50,D3,1194.029541015625,0.3541790246963501,2621.579932037573
187.20324800000327,76,E5,1194.029541015625,0.3541790246963501,2621.579932037573
187.20768000000328,57,A3,1194.029541015625,0.3541790246963501,2621.579932037573
187.20768000000328,38,D2,1194.029541015625,0.3541790246963501,2621.579932037573
187.2121120000033,49,C#3,1194.029541015625,0.3541790246963501,2621.579932037573
187.2121120000033,74,D5,1194.029541015625,0.3541790246963501,2621.579932037573
187.2165440000033,50,D3,1194.029541015625,0.3541790246963501,2621.579932037573
187.2165440000033,57,A3,1194.029541015625,0.3541790246963501,2621.579932037573
187.2165440000033,35,B1,1194.029541015625,0.3541790246963501,2621.579932037573
187.2209760000033,57,A3,1194.029541015625,0.3541790246963501,2621.579932037573
187.2254080000033,64,E4,1194.029541015625,0.3541790246963501,2621.579932037573
187.22984000000332,57,A3,1184.0262451171875,0.3367857336997986,2667.4298928848357
187.23427200000333,62,D4,1184.0262451171875,0.3367857336997986,2667.4298928848357
187.23870400000334,57,A3,1184.0262451171875,0.3367857336997986,2667.4298928848357
187.25200000000333,62,D4,1181.1884765625,0.33383601903915405,2897.7246795761284
187.28302400000334,66,F#4,1161.3275146484375,0.3260122239589691,2783.070772237458
187.30518400000335,66,F#4,1181.2041015625,0.31773021817207336,2587.8519625275594
187.41598400000333,38,D2,1161.3052978515625,0.3158041536808014,2114.634707912684
187.42484800000332,74,D5,1161.3052978515625,0.3158041536808014,2114.634707912684
187.42928000000333,50,D3,1161.3052978515625,0.3158041536808014,2114.634707912684
187.43371200000334,62,D4,1161.3052978515625,0.3158041536808014,2114.634707912684
187.44700800000334,57,A3,1158.9208984375,0.2974672317504883,2129.043535009493
187.61985600000335,69,A4,1159.1051025390625,0.3397465646266937,2617.7161048840417
187.62428800000336,46,A#2,1180.41552734375,0.3367460072040558,2996.1036731894637
187.63315200000338,38,D2,1180.41552734375,0.3367460072040558,2996.1036731894637
187.6375840000034,38,D2,1180.41552734375,0.3367460072040558,2996.1036731894637
187.6375840000034,57,A3,1180.41552734375,0.3367460072040558,2996.1036731894637
187.6464480000034,54,F#3,1164.319091796875,0.329611599445343,3365.087698133969
187.6464480000034,57,A3,1164.319091796875,0.329611599445343,3365.087698133969
187.6464480000034,50,D3,1164.319091796875,0.329611599445343,3365.087698133969
187.65974400000343,57,A3,1164.319091796875,0.329611599445343,3365.087698133969
187.66417600000344,57,A3,1164.319091796875,0.329611599445343,3365.087698133969
187.83702400000345,78,F#5,1164.6551513671875,0.24002981185913086,3323.12867561412
187.84588800000347,38,D2,1164.6551513671875,0.24002981185913086,3323.12867561412
187.85032000000348,66,F#4,1164.6551513671875,0.24002981185913086,3323.12867561412
187.8591840000035,46,A#2,1184.850341796875,0.2532472610473633,3362.9678325585255
187.86804800000348,50,D3,1184.850341796875,0.2532472610473633,3362.9678325585255
187.88134400000348,62,D4,1184.44921875,0.26001423597335815,3162.221312667786
187.8857760000035,57,A3,1184.44921875,0.26001423597335815,3162.221312667786
187.89907200000349,62,D4,1184.44921875,0.26001423597335815,3162.221312667786
188.05419200000347,74,D5,1196.0059814453125,0.29005932807922363,3295.7934823489068
188.05419200000347,38,D2,1196.0059814453125,0.29005932807922363,3295.7934823489068
188.05862400000348,35,B1,1196.0059814453125,0.29005932807922363,3295.7934823489068
188.05862400000348,50,D3,1196.0059814453125,0.29005932807922363,3295.7934823489068
188.05862400000348,46,A#2,1196.0059814453125,0.29005932807922363,3295.7934823489068
188.0674880000035,62,D4,1196.3828125,0.3051387369632721,3294.9996360868827
188.0719200000035,57,A3,1196.3828125,0.3051387369632721,3294.9996360868827
188.25363200000348,69,A4,1173.6602783203125,0.2966770827770233,2299.5693308650275
188.2580640000035,57,A3,1173.6602783203125,0.2966770827770233,2299.5693308650275
188.2669280000035,38,D2,1173.6602783203125,0.2966770827770233,2299.5693308650275
188.2713600000035,57,A3,1170.872802734375,0.300811231136322,2391.8626821848147
188.2802240000035,57,A3,1170.872802734375,0.300811231136322,2391.8626821848147
188.2846560000035,50,D3,1170.872802734375,0.300811231136322,2391.8626821848147
188.2846560000035,46,A#2,1170.872802734375,0.300811231136322,2391.8626821848147
188.29795200000353,57,A3,1196.5784912109375,0.2837707996368408,2380.823656332663
188.46636800000346,91,G6,1178.83642578125,0.3161742091178894,2073.291980590051
188.46636800000346,81,A5,1178.83642578125,0.3161742091178894,2073.291980590051
188.46636800000346,86,D6,1178.83642578125,0.3161742091178894,2073.291980590051
188.47966400000348,38,D2,1178.83642578125,0.3161742091178894,2073.291980590051
188.47966400000348,79,G5,1178.83642578125,0.3161742091178894,2073.291980590051
188.4840960000035,67,G4,1175.3851318359375,0.32206234335899353,2056.8222900212727
188.4885280000035,38,D2,1175.3851318359375,0.32206234335899353,2056.8222900212727
188.49739200000352,50,D3,1175.3851318359375,0.32206234335899353,2056.8222900212727
188.50182400000352,54,F#3,1175.3851318359375,0.32206234335899353,2056.8222900212727
188.50625600000353,43,G2,1176.5428466796875,0.3340335488319397,2362.084389548865
188.51512000000355,57,A3,1176.5428466796875,0.3340335488319397,2362.084389548865
188.69240000000357,74,D5,1173.3880615234375,0.267156183719635,2288.9606730627984
188.69240000000357,50,D3,1173.3880615234375,0.267156183719635,2288.9606730627984
188.69683200000358,38,D2,1173.3880615234375,0.267156183719635,2288.9606730627984
188.69683200000358,62,D4,1173.3880615234375,0.267156183719635,2288.9606730627984
188.7056960000036,46,A#2,1173.3880615234375,0.267156183719635,2288.9606730627984
188.7101280000036,57,A3,1173.3880615234375,0.267156183719635,2288.9606730627984
188.90513600000358,69,A4,1163.7508544921875,0.3276836574077606,2784.0310002719893
188.90513600000358,38,D2,1163.7508544921875,0.3276836574077606,2784.0310002719893
188.9095680000036,46,A#2,1163.7508544921875,0.3276836574077606,2784.0310002719893
188.9095680000036,35,B1,1163.7508544921875,0.3276836574077606,2784.0310002719893
188.9140000000036,50,D3,1163.7508544921875,0.3276836574077606,2784.0310002719893
188.9184320000036,57,A3,1163.7508544921875,0.3276836574077606,2784.0310002719893
188.9361600000036,57,A3,1169.2418212890625,0.3316023051738739,3120.767877373072
189.10014400000358,86,D6,1173.0096435546875,0.30428946018218994,2759.9328161226076
189.1045760000036,90,F#6,1173.0096435546875,0.30428946018218994,2759.9328161226076
189.1045760000036,81,A5,1173.0096435546875,0.30428946018218994,2759.9328161226076
189.1178720000036,38,D2,1173.5174560546875,0.2979990243911743,2536.1389629923815
189.1178720000036,66,F#4,1173.5174560546875,0.2979990243911743,2536.1389629923815
189.1267360000036,35,B1,1173.5174560546875,0.2979990243911743,2536.1389629923815
189.1311680000036,46,A#2,1166.6798095703125,0.3012564480304718,2385.9894613924353
189.1311680000036,78,F#5,1166.6798095703125,0.3012564480304718,2385.9894613924353
189.14003200000363,50,D3,1166.6798095703125,0.3012564480304718,2385.9894613924353
189.16219200000364,57,A3,1189.806884765625,0.3036327064037323,2470.556380469374
189.32174400000366,46,A#2,1179.718994140625,0.31762048602104187,2109.337874938708
189.32617600000367,62,D4,1179.718994140625,0.31762048602104187,2109.337874938708
189.33060800000368,38,D2,1179.718994140625,0.31762048602104187,2109.337874938708
189.33060800000368,74,D5,1179.718994140625,0.31762048602104187,2109.337874938708
189.3350400000037,38,D2,1179.718994140625,0.31762048602104187,2109.337874938708
189.34833600000368,50,D3,1188.649169921875,0.3298439681529999,1854.626441872853
189.3527680000037,54,F#3,1188.649169921875,0.3298439681529999,1854.626441872853
189.3660640000037,57,A3,1185.7724609375,0.3300759494304657,2026.7584177314548
189.5477760000037,38,D2,1196.3946533203125,0.2322176694869995,2238.349209165402
189.5477760000037,69,A4,1196.3946533203125,0.2322176694869995,2238.349209165402
189.5610720000037,46,A#2,1172.351318359375,0.23497706651687622,2161.324025048073
189.56993600000368,50,D3,1172.351318359375,0.23497706651687622,2161.324025048073
189.5743680000037,57,A3,1175.2080078125,0.23507894575595856,2166.5326882906656
189.58766400000368,57,A3,1175.2080078125,0.23507894575595856,2166.5326882906656
189.74278400000372,86,D6,1172.2012939453125,0.25017887353897095,1914.5323957616615
189.74278400000372,88,E6,1172.2012939453125,0.25017887353897095,1914.5323957616615
189.74721600000373,76,E5,1172.2012939453125,0.25017887353897095,1914.5323957616615
189.74721600000373,81,A5,1172.2012939453125,0.25017887353897095,1914.5323957616615
189.75608000000375,64,E4,1172.2012939453125,0.25017887353897095,1914.5323957616615
189.75608000000375,38,D2,1172.2012939453125,0.25017887353897095,1914.5323957616615
189.76051200000376,46,A#2,1174.67724609375,0.24824906885623932,2571.7135210668594
189.76051200000376,35,B1,1174.67724609375,0.24824906885623932,2571.7135210668594
189.76494400000377,50,D3,1174.67724609375,0.24824906885623932,2571.7135210668594
189.7826720000038,57,A3,1197.879150390625,0.23931506276130676,2854.8174123564363
189.96881600000384,38,D2,1167.700439453125,0.22006313502788544,2112.3160352619125
189.97324800000385,50,D3,1167.700439453125,0.22006313502788544,2112.3160352619125
189.97324800000385,35,B1,1167.700439453125,0.22006313502788544,2112.3160352619125
189.97324800000385,69,A4,1167.700439453125,0.22006313502788544,2112.3160352619125
189.97768000000386,57,A3,1167.700439453125,0.22006313502788544,2112.3160352619125
189.98211200000387,76,E5,1167.700439453125,0.22006313502788544,2112.3160352619125
189.98211200000387,46,A#2,1167.700439453125,0.22006313502788544,2112.3160352619125
189.98654400000387,57,A3,1167.700439453125,0.22006313502788544,2112.3160352619125
190.16825600000385,86,D6,1171.8787841796875,0.19298507273197174,1738.3471145238918
190.16825600000385,81,A5,1171.8787841796875,0.19298507273197174,1738.3471145238918
190.16825600000385,90,F#6,1171.8787841796875,0.19298507273197174,1738.3471145238918
190.17268800000386,78,F#5,1171.8787841796875,0.19298507273197174,1738.3471145238918
190.18155200000385,35,B1,1172.8424072265625,0.2504631578922272,1638.0941053628833
190.18155200000385,66,F#4,1172.8424072265625,0.2504631578922272,1638.0941053628833
190.19041600000384,38,D2,1172.8424072265625,0.2504631578922272,1638.0941053628833
190.19928000000382,50,D3,1173.5987548828125,0.26212623715400696,1644.5783949970728
190.20371200000383,54,F#3,1173.5987548828125,0.26212623715400696,1644.5783949970728
190.21257600000382,43,G2,1173.5987548828125,0.26212623715400696,1644.5783949970728
190.21700800000383,57,A3,1173.5987548828125,0.26212623715400696,1644.5783949970728
190.39428800000383,69,A4,1174.32861328125,0.23602645099163055,2036.4330213707751
190.39872000000383,34,A#1,1174.32861328125,0.23602645099163055,2036.4330213707751
190.41201600000386,50,D3,1173.65625,0.26310551166534424,1885.864392047206
190.41201600000386,46,A#2,1173.65625,0.26310551166534424,1885.864392047206
190.42531200000386,57,A3,1173.65625,0.26310551166534424,1885.864392047206
190.55827200000388,52,E3,1175.036376953125,0.27463197708129883,2016.4272779330695
190.5804320000039,52,E3,1174.0599365234375,0.2668662965297699,1913.4779703084005
190.5937280000039,81,A5,1170.6124267578125,0.2778570055961609,1802.4129170618953
190.5937280000039,85,C#6,1170.6124267578125,0.2778570055961609,1802.4129170618953
190.5981600000039,88,E6,1170.6124267578125,0.2778570055961609,1802.4129170618953
190.5981600000039,71,B4,1170.6124267578125,0.2778570055961609,1802.4129170618953
190.6025920000039,45,A2,1170.6124267578125,0.2778570055961609,1802.4129170618953
190.60702400000392,33,A1,1170.6124267578125,0.2778570055961609,1802.4129170618953
190.61145600000393,46,A#2,1170.6124267578125,0.2778570055961609,1802.4129170618953
190.61145600000393,35,B1,1170.6124267578125,0.2778570055961609,1802.4129170618953
190.61588800000393,59,B3,1170.6124267578125,0.2778570055961609,1802.4129170618953
190.62475200000392,45,A2,1171.8348388671875,0.2815104126930237,1685.6144109444967
190.62918400000393,52,E3,1171.8348388671875,0.2815104126930237,1685.6144109444967
190.63361600000394,57,A3,1171.8348388671875,0.2815104126930237,1685.6144109444967
190.63804800000395,52,E3,1171.8348388671875,0.2815104126930237,1685.6144109444967
190.64248000000396,61,C#4,1186.679443359375,0.2879187762737274,1881.822777013885
190.64691200000397,57,A3,1186.679443359375,0.2879187762737274,1881.822777013885
190.65134400000397,64,E4,1186.679443359375,0.2879187762737274,1881.822777013885
190.66020800000396,61,C#4,1186.679443359375,0.2879187762737274,1881.822777013885
190.67350400000396,64,E4,1190.4334716796875,0.29232779145240784,2299.103423136353
190.68236800000395,69,A4,1190.4334716796875,0.29232779145240784,2299.103423136353
190.70009600000395,69,A4,1188.6151123046875,0.2964384853839874,2322.2199973773636
190.81089600000394,69,A4,1172.5711669921875,0.267902672290802,1993.4003077134248
190.81976000000395,33,A1,1172.5711669921875,0.267902672290802,1993.4003077134248
190.83748800000396,46,A#2,1172.3392333984375,0.2975195348262787,2009.4998361115397
190.83748800000396,45,A2,1172.3392333984375,0.2975195348262787,2009.4998361115397
190.83748800000396,57,A3,1172.3392333984375,0.2975195348262787,2009.4998361115397
190.84192000000397,52,E3,1172.3392333984375,0.2975195348262787,2009.4998361115397
191.02806400000392,46,A#2,1174.6630859375,0.29864275455474854,2718.040359146819
191.0369280000039,38,D2,1172.4637451171875,0.29929080605506897,2718.8225951714753
191.0369280000039,64,E4,1172.4637451171875,0.29929080605506897,2718.8225951714753
191.0369280000039,33,A1,1172.4637451171875,0.29929080605506897,2718.8225951714753
191.04136000000392,52,E3,1172.4637451171875,0.29929080605506897,2718.8225951714753
191.05465600000394,45,A2,1172.4637451171875,0.29929080605506897,2718.8225951714753
191.05465600000394,54,F#3,1172.4637451171875,0.29929080605506897,2718.8225951714753
191.05465600000394,52,E3,1172.4637451171875,0.29929080605506897,2718.8225951714753
191.05908800000395,57,A3,1166.205078125,0.2950596809387207,2509.940589814467
191.08124800000397,57,A3,1163.870361328125,0.3250327706336975,2158.017899147554
191.23636800000403,73,C#5,989.4776611328125,0.3143981397151947,2033.752913964914
191.24523200000402,61,C#4,1103.7220458984375,0.3006784915924072,1987.874502405858
191.24966400000403,33,A1,1103.7220458984375,0.3006784915924072,1987.874502405858
191.25852800000405,46,A#2,1103.7220458984375,0.3006784915924072,1987.874502405858
191.27625600000408,45,A2,1158.241455078125,0.29582110047340393,1807.7392483475332
191.27625600000408,52,E3,1158.241455078125,0.29582110047340393,1807.7392483475332
191.2806880000041,61,C#4,1158.241455078125,0.29582110047340393,1807.7392483475332
191.2984160000041,61,C#4,1157.07275390625,0.3082272410392761,1762.0882490995305
191.4624000000041,69,A4,1156.1629638671875,0.27845391631126404,1729.5968739751788
191.4624000000041,46,A#2,1156.1629638671875,0.27845391631126404,1729.5968739751788
191.4624000000041,33,A1,1156.1629638671875,0.27845391631126404,1729.5968739751788
191.4668320000041,57,A3,1156.1629638671875,0.27845391631126404,1729.5968739751788
191.4668320000041,35,B1,1156.1629638671875,0.27845391631126404,1729.5968739751788
191.47569600000412,45,A2,1153.8358154296875,0.27874070405960083,1776.8594811616965
191.48456000000414,52,E3,1153.8358154296875,0.27874070405960083,1776.8594811616965
191.66184000000416,64,E4,994.6333618164062,0.2915341556072235,1848.4481928101545
191.67070400000418,33,A1,994.6333618164062,0.2915341556072235,1848.4481928101545
191.67070400000418,52,E3,994.6333618164062,0.2915341556072235,1848.4481928101545
191.68843200000418,45,A2,1054.0400390625,0.28815746307373047,1869.6982741968516
191.68843200000418,46,A#2,1054.0400390625,0.28815746307373047,1869.6982741968516
191.6928640000042,52,E3,1054.0400390625,0.28815746307373047,1869.6982741968516
191.86571200000418,86,D6,1102.4739990234375,0.28834068775177,1652.8674259857444
191.8790080000042,74,D5,1100.626708984375,0.2824263870716095,1498.9228475511309
191.8834400000042,33,A1,1100.626708984375,0.2824263870716095,1498.9228475511309
191.88787200000422,62,D4,1100.626708984375,0.2824263870716095,1498.9228475511309
191.88787200000422,38,D2,1100.626708984375,0.2824263870716095,1498.9228475511309
191.9056000000042,45,A2,1103.8221435546875,0.28822004795074463,1525.82391919054
191.9056000000042,43,G2,1103.8221435546875,0.28822004795074463,1525.82391919054
191.9056000000042,54,F#3,1103.8221435546875,0.28822004795074463,1525.82391919054
191.9100320000042,52,E3,1103.8221435546875,0.28822004795074463,1525.82391919054
192.0961760000042,69,A4,1106.6064453125,0.2792849540710449,1734.4717925474338
192.0961760000042,33,A1,1106.6064453125,0.2792849540710449,1734.4717925474338
192.1006080000042,52,E3,1106.6064453125,0.2792849540710449,1734.4717925474338
192.1050400000042,52,E3,1154.7679443359375,0.2507140338420868,1831.670257638577
192.1050400000042,45,A2,1154.7679443359375,0.2507140338420868,1831.670257638577
192.11390400000423,46,A#2,1154.7679443359375,0.2507140338420868,1831.670257638577
192.3089120000042,64,E4,1153.2557373046875,0.27555549144744873,1640.2174571344733
192.3133440000042,33,A1,1152.417236328125,0.2732137143611908,1560.6173236703576
192.3133440000042,35,B1,1152.417236328125,0.2732137143611908,1560.6173236703576
192.3133440000042,46,A#2,1152.417236328125,0.2732137143611908,1560.6173236703576
192.31777600000422,57,A3,1152.417236328125,0.2732137143611908,1560.6173236703576
192.32664000000423,45,A2,1152.417236328125,0.2732137143611908,1560.6173236703576
192.33107200000424,52,E3,1152.417236328125,0.2732137143611908,1560.6173236703576
192.50835200000427,85,C#6,1177.904541015625,0.22962914407253265,2016.9061002526244
192.52164800000426,61,C#4,1181.1876220703125,0.22617219388484955,2263.551864352341
192.52164800000426,33,A1,1181.1876220703125,0.22617219388484955,2263.551864352341
192.53051200000425,35,B1,1181.1876220703125,0.22617219388484955,2263.551864352341
192.53937600000424,46,A#2,1181.1876220703125,0.22617219388484955,2263.551864352341
192.54380800000425,73,C#5,1177.2099609375,0.21025952696800232,2141.918524415133
192.54824000000426,45,A2,1177.2099609375,0.21025952696800232,2141.918524415133
192.55267200000426,52,E3,1177.2099609375,0.21025952696800232,2141.918524415133
192.73438400000424,37,C#2,1045.6627197265625,0.24470815062522888,2655.674402179475
192.73438400000424,69,A4,1045.6627197265625,0.24470815062522888,2655.674402179475
192.74324800000423,52,E3,1045.6627197265625,0.24470815062522888,2655.674402179475
192.74324800000423,38,D2,1045.6627197265625,0.24470815062522888,2655.674402179475
192.75211200000425,45,A2,1045.6627197265625,0.24470815062522888,2655.674402179475
192.75211200000425,54,F#3,1045.6627197265625,0.24470815062522888,2655.674402179475
192.75654400000425,52,E3,881.6185913085938,0.26807573437690735,2461.2976537837562
192.93825600000426,64,E4,1162.6282958984375,0.24649964272975922,1892.0923625228143
192.94712000000428,37,C#2,1162.6282958984375,0.24649964272975922,1892.0923625228143
192.96484800000428,46,A#2,1161.579833984375,0.24102213978767395,1805.3112633672022
192.96484800000428,57,A3,1161.579833984375,0.24102213978767395,1805.3112633672022
192.97814400000428,52,E3,1161.579833984375,0.24102213978767395,1805.3112633672022
192.97814400000428,45,A2,1161.579833984375,0.24102213978767395,1805.3112633672022
193.14656000000429,83,B5,1182.51513671875,0.2167733609676361,1777.6207852167447
193.14656000000429,71,B4,1182.51513671875,0.2167733609676361,1777.6207852167447
193.14656000000429,88,E6,1182.51513671875,0.2167733609676361,1777.6207852167447
193.15542400000427,59,B3,1161.4603271484375,0.21415169537067413,1791.1688374019145
193.1642880000043,46,A#2,1161.4603271484375,0.21415169537067413,1791.1688374019145
193.1642880000043,40,E2,1161.4603271484375,0.21415169537067413,1791.1688374019145
193.1687200000043,35,B1,1161.4603271484375,0.21415169537067413,1791.1688374019145
193.17758400000432,45,A2,1102.3050537109375,0.2115432322025299,1941.7194645527452
193.18201600000432,52,E3,1102.3050537109375,0.2115432322025299,1941.7194645527452
193.36372800000433,52,E3,1157.974853515625,0.21573777496814728,1956.8513991444865
193.37259200000432,40,E2,1157.974853515625,0.21573777496814728,1956.8513991444865
193.37259200000432,64,E4,1157.974853515625,0.21573777496814728,1956.8513991444865
193.3814560000043,45,A2,1160.297607421875,0.21328546106815338,1880.035279264566
193.3814560000043,35,B1,1160.297607421875,0.21328546106815338,1880.035279264566
193.38588800000431,52,E3,1160.297607421875,0.21328546106815338,1880.035279264566
193.39032000000432,46,A#2,1160.297607421875,0.21328546106815338,1880.035279264566
193.39475200000433,78,F#5,1160.297607421875,0.21328546106815338,1880.035279264566
193.55430400000435,52,E3,1108.841552734375,0.2374994456768036,1548.5739293748147
193.56316800000437,62,D4,1108.841552734375,0.2374994456768036,1548.5739293748147
193.56316800000437,57,A3,1108.841552734375,0.2374994456768036,1548.5739293748147
193.56760000000438,85,C#6,1110.3385009765625,0.24013227224349976,1661.9315355022818
193.5764640000044,61,C#4,1110.3385009765625,0.24013227224349976,1661.9315355022818
193.5808960000044,73,C#5,1110.3385009765625,0.24013227224349976,1661.9315355022818
193.5808960000044,45,A2,1110.3385009765625,0.24013227224349976,1661.9315355022818
193.5853280000044,52,E3,1110.3385009765625,0.24013227224349976,1661.9315355022818
193.5853280000044,39,D#2,1110.3385009765625,0.24013227224349976,1661.9315355022818
193.58976000000442,64,E4,1111.42919921875,0.24121959507465363,2035.479573525556
193.59419200000443,38,D2,1111.42919921875,0.24121959507465363,2035.479573525556
193.59862400000443,62,D4,1111.42919921875,0.24121959507465363,2035.479573525556
193.60305600000444,57,A3,1111.42919921875,0.24121959507465363,2035.479573525556
193.60748800000445,69,A4,1111.42919921875,0.24121959507465363,2035.479573525556
193.60748800000445,54,F#3,1111.42919921875,0.24121959507465363,2035.479573525556
193.61635200000447,64,E4,1104.9932861328125,0.2372669279575348,2526.317477142895
193.61635200000447,45,A2,1104.9932861328125,0.2372669279575348,2526.317477142895
193.62078400000448,52,E3,1104.9932861328125,0.2372669279575348,2526.317477142895
193.62521600000449,69,A4,1104.9932861328125,0.2372669279575348,2526.317477142895
193.79363200000458,47,B2,881.3217163085938,0.2400873750448227,1710.590439410157
193.7980640000046,39,D#2,871.1068115234375,0.24471589922904968,1776.6117612708786
193.8024960000046,52,E3,871.1068115234375,0.24471589922904968,1776.6117612708786
193.8157920000046,45,A2,871.1068115234375,0.24471589922904968,1776.6117612708786
193.8202240000046,45,A2,871.1068115234375,0.24471589922904968,1776.6117612708786
193.8202240000046,52,E3,871.1068115234375,0.24471589922904968,1776.6117612708786
193.91329600000464,50,D3,1104.720458984375,0.2497527301311493,1656.556989981344
193.93545600000465,50,D3,988.341796875,0.2517445385456085,1475.2030798464689
193.97977600000468,54,F#3,988.7058715820312,0.25048336386680603,1669.3396749413453
193.99750400000468,86,D6,987.51806640625,0.2338460236787796,1657.9433866748611
193.99750400000468,81,A5,987.51806640625,0.2338460236787796,1657.9433866748611
194.0019360000047,90,F#6,987.51806640625,0.2338460236787796,1657.9433866748611
194.0063680000047,54,F#3,985.9561767578125,0.2210559993982315,1593.8467491682356
194.01523200000472,50,D3,985.9561767578125,0.2210559993982315,1593.8467491682356
194.01523200000472,38,D2,985.9561767578125,0.2210559993982315,1593.8467491682356
194.01966400000472,49,C#3,985.9561767578125,0.2210559993982315,1593.8467491682356
194.02409600000473,35,B1,985.9561767578125,0.2210559993982315,1593.8467491682356
194.02409600000473,76,E5,985.9561767578125,0.2210559993982315,1593.8467491682356
194.02409600000473,57,A3,985.9561767578125,0.2210559993982315,1593.8467491682356
194.03296000000475,50,D3,984.73046875,0.21504108607769012,1603.177211067883
194.03739200000476,57,A3,984.73046875,0.21504108607769012,1603.177211067883
194.04182400000477,64,E4,984.73046875,0.21504108607769012,1603.177211067883
194.04625600000477,57,A3,984.73046875,0.21504108607769012,1603.177211067883
194.05068800000478,57,A3,984.73046875,0.21504108607769012,1603.177211067883
194.05955200000477,57,A3,1094.8956298828125,0.19996629655361176,1611.922419317083
194.06398400000478,62,D4,1094.8956298828125,0.19996629655361176,1611.922419317083
194.07728000000478,62,D4,981.1929931640625,0.20154468715190887,1658.1139702389164
194.10387200000477,66,F#4,1159.1710205078125,0.2068142592906952,1756.1857512008294
194.13046400000476,66,F#4,1158.0377197265625,0.22282959520816803,2258.284300036462
194.22353600000477,38,D2,1100.507568359375,0.19514307379722595,2244.918260571567
194.23240000000476,74,D5,1100.507568359375,0.19514307379722595,2244.918260571567
194.24126400000475,50,D3,886.3795166015625,0.21702735126018524,2197.2824274062004
194.24569600000476,62,D4,886.3795166015625,0.21702735126018524,2197.2824274062004
194.25456000000474,57,A3,886.3795166015625,0.21702735126018524,2197.2824274062004
194.42740800000473,46,A#2,1103.8343505859375,0.22262834012508392,2521.562834492085
194.42740800000473,69,A4,1103.8343505859375,0.22262834012508392,2521.562834492085
194.43627200000472,38,D2,1103.8343505859375,0.22262834012508392,2521.562834492085
194.44070400000473,38,D2,1103.8343505859375,0.22262834012508392,2521.562834492085
194.44513600000474,57,A3,1103.8343505859375,0.22262834012508392,2521.562834492085
194.44956800000475,50,D3,776.9207763671875,0.20331327617168427,2474.585124765531
194.45400000000475,54,F#3,776.9207763671875,0.20331327617168427,2474.585124765531
194.45843200000476,57,A3,776.9207763671875,0.20331327617168427,2474.585124765531
194.46729600000478,57,A3,776.9207763671875,0.20331327617168427,2474.585124765531
194.48502400000478,57,A3,776.9720458984375,0.21606111526489258,2404.2233500295756
194.64014400000474,78,F#5,880.0942993164062,0.2179313451051712,1702.1441704455324
194.65344000000476,38,D2,880.0942993164062,0.2179313451051712,1702.1441704455324
194.65787200000477,66,F#4,1096.884765625,0.2112867832183838,1805.0768764636573
194.6667360000048,46,A#2,1096.884765625,0.2112867832183838,1805.0768764636573
194.6756000000048,50,D3,1096.884765625,0.2112867832183838,1805.0768764636573
194.6933280000048,57,A3,890.4634399414062,0.19629362225532532,1895.8834590950864
194.70219200000483,62,D4,890.4634399414062,0.19629362225532532,1895.8834590950864
194.72435200000484,62,D4,1111.65087890625,0.19612710177898407,1907.10733253537
194.86617600000483,74,D5,1182.006103515625,0.21915726363658905,2259.793589231972
194.86617600000483,50,D3,1182.006103515625,0.21915726363658905,2259.793589231972
194.86617600000483,46,A#2,1182.006103515625,0.21915726363658905,2259.793589231972
194.86617600000483,35,B1,1182.006103515625,0.21915726363658905,2259.793589231972
194.86617600000483,38,D2,1182.006103515625,0.21915726363658905,2259.793589231972
194.87947200000482,62,D4,1182.006103515625,0.21915726363658905,2259.793589231972
194.88390400000483,57,A3,1182.006103515625,0.21915726363658905,2259.793589231972
195.05675200000485,69,A4,875.8403930664062,0.20451568067073822,2097.832101164025
195.07891200000486,38,D2,1174.8372802734375,0.20824509859085083,1929.2431109427766
195.07891200000486,57,A3,1174.8372802734375,0.20824509859085083,1929.2431109427766
195.08334400000487,57,A3,1174.8372802734375,0.20824509859085083,1929.2431109427766
195.0922080000049,46,A#2,1174.8372802734375,0.20824509859085083,1929.2431109427766
195.0922080000049,50,D3,1174.8372802734375,0.20824509859085083,1929.2431109427766
195.1010720000049,57,A3,1173.9879150390625,0.21102994680404663,1747.9568977739796
195.1099360000049,57,A3,1173.9879150390625,0.21102994680404663,1747.9568977739796
195.2739200000049,81,A5,1171.498779296875,0.2220393568277359,1573.5232803479573
195.2739200000049,86,D6,1171.498779296875,0.2220393568277359,1573.5232803479573
195.2783520000049,91,G6,1171.498779296875,0.2220393568277359,1573.5232803479573
195.2872160000049,79,G5,1172.17919921875,0.19793261587619781,1628.7327873033544
195.2872160000049,38,D2,1172.17919921875,0.19793261587619781,1628.7327873033544
195.2916480000049,67,G4,1172.17919921875,0.19793261587619781,1628.7327873033544
195.2960800000049,38,D2,1172.17919921875,0.19793261587619781,1628.7327873033544
195.30051200000491,50,D3,1172.17919921875,0.19793261587619781,1628.7327873033544
195.30494400000492,54,F#3,1172.17919921875,0.19793261587619781,1628.7327873033544
195.31824000000492,43,G2,1177.286865234375,0.20398160815238953,1633.1575312468697
195.32267200000493,57,A3,1177.286865234375,0.20398160815238953,1633.1575312468697
195.49995200000492,50,D3,1178.8355712890625,0.2062382698059082,1677.4994014603678
195.49995200000492,74,D5,1178.8355712890625,0.2062382698059082,1677.4994014603678
195.50438400000493,62,D4,1178.8355712890625,0.2062382698059082,1677.4994014603678
195.50438400000493,38,D2,1178.8355712890625,0.2062382698059082,1677.4994014603678
195.51324800000495,46,A#2,1178.8355712890625,0.2062382698059082,1677.4994014603678
195.51324800000495,57,A3,1178.8355712890625,0.2062382698059082,1677.4994014603678
195.69052800000495,69,A4,1173.050048828125,0.21873091161251068,1477.352113360032
195.71268800000496,38,D2,1175.2672119140625,0.19409364461898804,1562.7914759151843
195.71712000000497,46,A#2,1175.2672119140625,0.19409364461898804,1562.7914759151843
195.72155200000498,50,D3,1175.2672119140625,0.19409364461898804,1562.7914759151843
195.72155200000498,35,B1,1175.2672119140625,0.19409364461898804,1562.7914759151843
195.730416000005,57,A3,1172.8609619140625,0.18313643336296082,1595.725331957079
195.73928000000498,57,A3,1172.8609619140625,0.18313643336296082,1595.725331957079
195.91212800000497,86,D6,782.959228515625,0.2312450110912323,2004.2603096789478
195.91212800000497,90,F#6,782.959228515625,0.2312450110912323,2004.2603096789478
195.91212800000497,81,A5,782.959228515625,0.2312450110912323,2004.2603096789478
195.92542400000497,66,F#4,782.959228515625,0.2312450110912323,2004.2603096789478
195.92985600000497,38,D2,782.959228515625,0.2312450110912323,2004.2603096789478
195.93428800000498,78,F#5,1172.624267578125,0.22722093760967255,1926.468622977838
195.93428800000498,35,B1,1172.624267578125,0.22722093760967255,1926.468622977838
195.94315200000497,46,A#2,1172.624267578125,0.22722093760967255,1926.468622977838
195.95201600000496,50,D3,1172.624267578125,0.22722093760967255,1926.468622977838
195.96531200000496,57,A3,1170.5703125,0.21913670003414154,1890.1634761849239
196.13372800000496,46,A#2,1166.6302490234375,0.18673889338970184,1836.0558950111035
196.13816000000497,62,D4,1166.6302490234375,0.18673889338970184,1836.0558950111035
196.13816000000497,74,D5,1166.6302490234375,0.18673889338970184,1836.0558950111035
196.13816000000497,38,D2,1166.6302490234375,0.18673889338970184,1836.0558950111035
196.14259200000498,38,D2,1162.53857421875,0.19593161344528198,1706.6900950957727
196.15588800000498,50,D3,1162.53857421875,0.19593161344528198,1706.6900950957727
196.160320000005,54,F#3,1162.53857421875,0.19593161344528198,1706.6900950957727
196.16918400000498,57,A3,1174.759033203125,0.21074047684669495,1459.6706664676149
196.35089600000498,69,A4,744.9259643554688,0.1848955899477005,1598.1291482853633
196.355328000005,38,D2,1177.41650390625,0.18131864070892334,1497.6764384954724
196.36419200000498,46,A#2,1177.41650390625,0.18131864070892334,1497.6764384954724
196.37748800000497,50,D3,1175.3135986328125,0.18573836982250214,1459.4511941845385
196.38192000000498,57,A3,1175.3135986328125,0.18573836982250214,1459.4511941845385
196.39521600000498,57,A3,1175.3135986328125,0.18573836982250214,1459.4511941845385
196.545904000005,86,D6,1175.7275390625,0.1877128630876541,1632.5594918370589
196.55033600000502,81,A5,1175.7275390625,0.1877128630876541,1632.5594918370589
196.55033600000502,88,E6,1175.7275390625,0.1877128630876541,1632.5594918370589
196.55476800000503,76,E5,1175.7275390625,0.1877128630876541,1632.5594918370589
196.56806400000505,35,B1,883.511962890625,0.1907309889793396,1647.8539775497645
196.56806400000505,64,E4,883.511962890625,0.1907309889793396,1647.8539775497645
196.56806400000505,38,D2,883.511962890625,0.1907309889793396,1647.8539775497645
196.56806400000505,46,A#2,883.511962890625,0.1907309889793396,1647.8539775497645
196.57692800000504,50,D3,883.511962890625,0.1907309889793396,1647.8539775497645
196.57692800000504,78,F#5,883.511962890625,0.1907309889793396,1647.8539775497645
196.59465600000505,57,A3,1117.4150390625,0.1993691474199295,1621.7144968563164
196.78080000000506,50,D3,1160.7877197265625,0.168232262134552,2421.200726503888
196.78080000000506,38,D2,1160.7877197265625,0.168232262134552,2421.200726503888
196.78523200000507,35,B1,1160.7877197265625,0.168232262134552,2421.200726503888
196.78523200000507,69,A4,1160.7877197265625,0.168232262134552,2421.200726503888
196.78966400000508,57,A3,1160.7877197265625,0.168232262134552,2421.200726503888
196.79409600000508,46,A#2,1162.6021728515625,0.16411782801151276,2256.07511331809
196.7985280000051,57,A3,1162.6021728515625,0.16411782801151276,2256.07511331809
196.97580800000512,86,D6,1174.5533447265625,0.1868467777967453,1623.7550782416947
196.97580800000512,81,A5,1174.5533447265625,0.1868467777967453,1623.7550782416947
196.97580800000512,90,F#6,1174.5533447265625,0.1868467777967453,1623.7550782416947
196.98024000000513,78,F#5,1175.8646240234375,0.18529213964939117,1562.5120125399012
196.9891040000051,66,F#4,1175.8646240234375,0.18529213964939117,1562.5120125399012
196.99353600000512,31,G1,1175.8646240234375,0.18529213964939117,1562.5120125399012
196.99796800000513,38,D2,1175.8646240234375,0.18529213964939117,1562.5120125399012
197.00683200000512,50,D3,886.1806640625,0.19170153141021729,1431.511877467253
197.01126400000513,43,G2,886.1806640625,0.19170153141021729,1431.511877467253
197.01126400000513,54,F#3,886.1806640625,0.19170153141021729,1431.511877467253
197.02012800000514,57,A3,886.1806640625,0.19170153141021729,1431.511877467253
197.20184000000518,69,A4,880.6322631835938,0.20302817225456238,1470.5387299186689
197.20184000000518,32,G#1,880.6322631835938,0.20302817225456238,1470.5387299186689
197.21070400000517,49,C#3,880.6426391601562,0.2002003788948059,1509.764972187288
197.21070400000517,35,B1,880.6426391601562,0.2002003788948059,1509.764972187288
197.2240000000052,50,D3,880.6426391601562,0.2002003788948059,1509.764972187288
197.2372960000052,57,A3,878.872314453125,0.1965351104736328,1452.6837116534452
197.35696000000527,52,E3,880.8289184570312,0.18851733207702637,1442.31872643094
197.37468800000528,52,E3,883.7846069335938,0.18358057737350464,1469.4882088295537
197.3968480000053,81,A5,1174.9000244140625,0.19252616167068481,1543.7343989264568
197.4012800000053,88,E6,1174.9000244140625,0.19252616167068481,1543.7343989264568
197.4012800000053,85,C#6,1174.9000244140625,0.19252616167068481,1543.7343989264568
197.4057120000053,71,B4,1174.9000244140625,0.19252616167068481,1543.7343989264568
197.41014400000532,45,A2,1174.9000244140625,0.19252616167068481,1543.7343989264568
197.41457600000533,33,A1,1174.9000244140625,0.19252616167068481,1543.7343989264568
197.41900800000533,78,F#5,1174.9000244140625,0.19252616167068481,1543.7343989264568
197.42344000000534,59,B3,1174.62109375,0.1900792270898819,1475.9918791030461
197.42344000000534,57,A3,1174.62109375,0.1900792270898819,1475.9918791030461
197.42787200000535,35,B1,1174.62109375,0.1900792270898819,1475.9918791030461
197.42787200000535,57,A3,1174.62109375,0.1900792270898819,1475.9918791030461
197.43230400000536,45,A2,1174.62109375,0.1900792270898819,1475.9918791030461
197.43673600000537,52,E3,1174.62109375,0.1900792270898819,1475.9918791030461
197.44116800000538,52,E3,1174.62109375,0.1900792270898819,1475.9918791030461
197.44116800000538,61,C#4,1174.62109375,0.1900792270898819,1475.9918791030461
197.44560000000538,57,A3,1170.95166015625,0.19919446110725403,1361.1622182087963
197.4500320000054,64,E4,1170.95166015625,0.19919446110725403,1361.1622182087963
197.45889600000538,61,C#4,1170.95166015625,0.19919446110725403,1361.1622182087963
197.47219200000538,64,E4,1165.991455078125,0.20188072323799133,1281.4494937926656
197.4766240000054,69,A4,1165.991455078125,0.20188072323799133,1281.4494937926656
197.50321600000538,69,A4,876.2858276367188,0.19015252590179443,1273.7485027936739
197.61844800000537,69,A4,1172.4405517578125,0.18652689456939697,2317.945254836166
197.63174400000537,33,A1,1171.9808349609375,0.183791384100914,2380.2198053495777
197.64504000000537,46,A#2,1171.9808349609375,0.183791384100914,2380.2198053495777
197.64504000000537,57,A3,1171.9808349609375,0.183791384100914,2380.2198053495777
197.64504000000537,45,A2,1171.9808349609375,0.183791384100914,2380.2198053495777
197.64947200000537,52,E3,1171.9808349609375,0.183791384100914,2380.2198053495777
197.64947200000537,76,E5,1171.9808349609375,0.183791384100914,2380.2198053495777
197.8356160000054,46,A#2,1162.323974609375,0.17061792314052582,1671.1426216545512
197.8400480000054,64,E4,1163.0291748046875,0.202956885099411,1682.007701291312
197.8444800000054,33,A1,1163.0291748046875,0.202956885099411,1682.007701291312
197.8489120000054,52,E3,1163.0291748046875,0.202956885099411,1682.007701291312
197.8489120000054,38,D2,1163.0291748046875,0.202956885099411,1682.007701291312
197.85334400000542,45,A2,1163.0291748046875,0.202956885099411,1682.007701291312
197.85777600000543,52,E3,1163.0291748046875,0.202956885099411,1682.007701291312
197.86220800000544,54,F#3,843.6695556640625,0.20721843838691711,1430.7262932664253
198.04392000000544,73,C#5,1167.216064453125,0.19865071773529053,1356.8146230854804
198.05278400000543,64,E4,854.360107421875,0.19137099385261536,1483.775278984344
198.05278400000543,61,C#4,854.360107421875,0.19137099385261536,1483.775278984344
198.05278400000543,33,A1,854.360107421875,0.19137099385261536,1483.775278984344
198.05721600000544,69,A4,854.360107421875,0.19137099385261536,1483.775278984344
198.06164800000545,76,E5,854.360107421875,0.19137099385261536,1483.775278984344
198.07051200000546,46,A#2,837.1135864257812,0.18830811977386475,1526.0432765732876
198.07494400000547,64,E4,837.1135864257812,0.18830811977386475,1526.0432765732876
198.07937600000548,61,C#4,837.1135864257812,0.18830811977386475,1526.0432765732876
198.07937600000548,52,E3,837.1135864257812,0.18830811977386475,1526.0432765732876
198.0838080000055,59,B3,837.1135864257812,0.18830811977386475,1526.0432765732876
198.0882400000055,57,A3,837.1135864257812,0.18830811977386475,1526.0432765732876
198.0882400000055,69,A4,837.1135864257812,0.18830811977386475,1526.0432765732876
198.0926720000055,52,E3,837.1135864257812,0.18830811977386475,1526.0432765732876
198.0926720000055,52,E3,837.1135864257812,0.18830811977386475,1526.0432765732876
198.0926720000055,45,A2,837.1135864257812,0.18830811977386475,1526.0432765732876
198.09710400000552,61,C#4,885.6190185546875,0.1788376271724701,1498.0947939808707
198.10153600000552,57,A3,885.6190185546875,0.1788376271724701,1498.0947939808707
198.10153600000552,59,B3,885.6190185546875,0.1788376271724701,1498.0947939808707
198.26552000000552,69,A4,824.49853515625,0.17181643843650818,1390.7965929250713
198.26995200000553,35,B1,824.49853515625,0.17181643843650818,1390.7965929250713
198.26995200000553,33,A1,824.49853515625,0.17181643843650818,1390.7965929250713
198.26995200000553,46,A#2,824.49853515625,0.17181643843650818,1390.7965929250713
198.27438400000554,57,A3,824.49853515625,0.17181643843650818,1390.7965929250713
198.27881600000555,45,A2,851.8817138671875,0.1723402738571167,1478.0000275045743
198.28768000000557,52,E3,851.8817138671875,0.1723402738571167,1478.0000275045743
198.46939200000554,64,E4,552.844970703125,0.18163204193115234,1935.345905797783
198.48268800000557,33,A1,552.844970703125,0.18163204193115234,1935.345905797783
198.48268800000557,52,E3,552.844970703125,0.18163204193115234,1935.345905797783
198.49598400000556,46,A#2,882.5739135742188,0.1814190149307251,2123.4629627748704
198.50041600000557,52,E3,882.5739135742188,0.1814190149307251,2123.4629627748704
198.50041600000557,45,A2,882.5739135742188,0.1814190149307251,2123.4629627748704
198.67326400000553,81,A5,884.0037841796875,0.19014912843704224,1299.0096937631995
198.67769600000554,88,E6,879.4927978515625,0.18342551589012146,1426.2669467044334
198.68212800000555,86,D6,879.4927978515625,0.18342551589012146,1426.2669467044334
198.68656000000556,74,D5,879.4927978515625,0.18342551589012146,1426.2669467044334
198.69099200000556,62,D4,879.4927978515625,0.18342551589012146,1426.2669467044334
198.69542400000557,33,A1,879.4927978515625,0.18342551589012146,1426.2669467044334
198.69985600000558,38,D2,1102.107666015625,0.18334898352622986,1416.975711460066
198.7087200000056,54,F#3,1102.107666015625,0.18334898352622986,1416.975711460066
198.7087200000056,45,A2,1102.107666015625,0.18334898352622986,1416.975711460066
198.7131520000056,43,G2,1102.107666015625,0.18334898352622986,1416.975711460066
198.71758400000562,52,E3,1102.107666015625,0.18334898352622986,1416.975711460066
198.90372800000554,33,A1,1104.80419921875,0.17971816658973694,1275.9491649557544
198.90372800000554,69,A4,1104.80419921875,0.17971816658973694,1275.9491649557544
198.91259200000556,45,A2,1107.2066650390625,0.18042424321174622,1288.1319409512907
198.91259200000556,52,E3,1107.2066650390625,0.18042424321174622,1288.1319409512907
198.91702400000557,52,E3,1107.2066650390625,0.18042424321174622,1288.1319409512907
198.92145600000558,46,A#2,1107.2066650390625,0.18042424321174622,1288.1319409512907
199.12089600000562,33,A1,996.6524047851562,0.18797491490840912,1222.2440780667935
199.12089600000562,46,A#2,996.6524047851562,0.18797491490840912,1222.2440780667935
199.12089600000562,35,B1,996.6524047851562,0.18797491490840912,1222.2440780667935
199.12532800000562,57,A3,996.6524047851562,0.18797491490840912,1222.2440780667935
199.12976000000563,64,E4,996.6524047851562,0.18797491490840912,1222.2440780667935
199.13862400000565,45,A2,772.9735717773438,0.19082650542259216,1251.1560354255378
199.14305600000566,52,E3,772.9735717773438,0.19082650542259216,1251.1560354255378
199.31147200000572,85,C#6,659.4168090820312,0.18997155129909515,1222.9568602442112
199.32920000000573,33,A1,1098.256103515625,0.1980852484703064,1907.640587586355
199.32920000000573,61,C#4,1098.256103515625,0.1980852484703064,1907.640587586355
199.33806400000574,35,B1,1098.256103515625,0.1980852484703064,1907.640587586355
199.34692800000573,46,A#2,1177.6639404296875,0.1865660697221756,2137.3557609798927
199.35136000000574,73,C#5,1177.6639404296875,0.1865660697221756,2137.3557609798927
199.36022400000576,45,A2,1177.6639404296875,0.1865660697221756,2137.3557609798927
199.36022400000576,52,E3,1177.6639404296875,0.1865660697221756,2137.3557609798927
199.53750400000578,46,A#2,1171.439453125,0.1882810741662979,1455.4464112400944
199.5419360000058,69,A4,1171.439453125,0.1882810741662979,1455.4464112400944
199.5463680000058,33,A1,1171.439453125,0.1882810741662979,1455.4464112400944
199.5463680000058,38,D2,1171.439453125,0.1882810741662979,1455.4464112400944
199.5508000000058,52,E3,1171.439453125,0.1882810741662979,1455.4464112400944
199.55966400000582,54,F#3,1175.943115234375,0.18886126577854156,1362.2185682427194
199.56409600000583,45,A2,1175.943115234375,0.18886126577854156,1362.2185682427194
199.56852800000584,52,E3,1175.943115234375,0.18886126577854156,1362.2185682427194
199.75024000000582,64,E4,876.9635009765625,0.18846090137958527,1115.6622592704093
199.75467200000583,33,A1,876.9635009765625,0.18846090137958527,1115.6622592704093
199.77240000000583,57,A3,874.818115234375,0.18957550823688507,1286.1570148078
199.77683200000584,46,A#2,874.818115234375,0.18957550823688507,1286.1570148078
199.78126400000585,45,A2,874.818115234375,0.18957550823688507,1286.1570148078
199.78569600000586,52,E3,874.818115234375,0.18957550823688507,1286.1570148078
199.94968000000586,71,B4,770.5726318359375,0.19333337247371674,1013.0330789787727
199.94968000000586,81,A5,770.5726318359375,0.19333337247371674,1013.0330789787727
199.95411200000586,83,B5,772.16015625,0.17943544685840607,1129.7712770831863
199.95411200000586,88,E6,772.16015625,0.17943544685840607,1129.7712770831863
199.96297600000585,59,B3,772.16015625,0.17943544685840607,1129.7712770831863
199.97184000000587,46,A#2,772.16015625,0.17943544685840607,1129.7712770831863
199.97184000000587,33,A1,772.16015625,0.17943544685840607,1129.7712770831863
199.97627200000588,35,B1,892.1233520507812,0.15680167078971863,1186.5963659376264
199.9807040000059,45,A2,892.1233520507812,0.15680167078971863,1186.5963659376264
199.9851360000059,52,E3,892.1233520507812,0.15680167078971863,1186.5963659376264
200.1712800000059,52,E3,279.3411865234375,0.20206871628761292,1374.812202439942
200.18014400000592,33,A1,279.3411865234375,0.20206871628761292,1374.812202439942
200.18014400000592,64,E4,279.3411865234375,0.20206871628761292,1374.812202439942
200.18457600000593,45,A2,592.4319458007812,0.21528875827789307,1786.4188757776042
200.18900800000594,35,B1,592.4319458007812,0.21528875827789307,1786.4188757776042
200.19344000000595,52,E3,592.4319458007812,0.21528875827789307,1786.4188757776042
200.19787200000596,46,A#2,592.4319458007812,0.21528875827789307,1786.4188757776042
200.37515200000604,52,E3,493.3739013671875,0.1806955188512802,1217.325170478579
200.37958400000605,88,E6,493.3739013671875,0.1806955188512802,1217.325170478579
200.37958400000605,85,C#6,493.3739013671875,0.1806955188512802,1217.325170478579
200.38401600000606,73,C#5,493.3739013671875,0.1806955188512802,1217.325170478579
200.38401600000606,47,B2,493.3739013671875,0.1806955188512802,1217.325170478579
200.38401600000606,61,C#4,493.3739013671875,0.1806955188512802,1217.325170478579
200.39288000000607,52,E3,989.7777099609375,0.19131934642791748,1721.5698277293302
200.39731200000608,30,F#1,989.7777099609375,0.19131934642791748,1721.5698277293302
200.4017440000061,45,A2,989.7777099609375,0.19131934642791748,1721.5698277293302
200.4106080000061,57,A3,989.7777099609375,0.19131934642791748,1721.5698277293302
200.4106080000061,45,A2,989.7777099609375,0.19131934642791748,1721.5698277293302
200.4106080000061,54,F#3,989.7777099609375,0.19131934642791748,1721.5698277293302
200.41504000000612,61,C#4,668.284423828125,0.17572490870952606,1627.6116097227105
200.42390400000613,52,E3,668.284423828125,0.17572490870952606,1627.6116097227105
200.43276800000615,64,E4,668.284423828125,0.17572490870952606,1627.6116097227105
200.43276800000615,57,A3,668.284423828125,0.17572490870952606,1627.6116097227105
200.43720000000616,61,C#4,668.284423828125,0.17572490870952606,1627.6116097227105
200.45049600000618,64,E4,676.8673706054688,0.19317179918289185,1471.8929003036978
200.45049600000618,69,A4,676.8673706054688,0.19317179918289185,1471.8929003036978
200.4726560000062,69,A4,1104.175048828125,0.19208228588104248,1303.7178332556296
200.60118400000619,52,E3,1160.8306884765625,0.1879364401102066,1528.6201889446688
200.6056160000062,28,E1,1160.8306884765625,0.1879364401102066,1528.6201889446688
200.6233440000062,45,A2,1160.8306884765625,0.1879364401102066,1528.6201889446688
200.6277760000062,52,E3,664.2134399414062,0.18574707210063934,1650.5361246053026
200.7031200000062,50,D3,771.8213500976562,0.17618884146213531,1144.0560705107832
200.72528000000622,50,D3,662.8508911132812,0.1769585907459259,1198.3671652451467
200.7696000000062,54,F#3,986.7230224609375,0.18247003853321075,1074.7122427406832
200.7873280000062,54,F#3,987.7484741210938,0.19483770430088043,999.0710998141894
200.8050560000062,81,A5,987.7484741210938,0.19483770430088043,999.0710998141894
200.8050560000062,86,D6,987.7484741210938,0.19483770430088043,999.0710998141894
200.8094880000062,90,F#6,987.7484741210938,0.19483770430088043,999.0710998141894
200.81835200000623,50,D3,275.0582580566406,0.19463962316513062,1510.4124827648657
200.81835200000623,26,D1,275.0582580566406,0.19463962316513062,1510.4124827648657
200.82278400000624,76,E5,275.0582580566406,0.19463962316513062,1510.4124827648657
200.82721600000625,57,A3,275.0582580566406,0.19463962316513062,1510.4124827648657
200.82721600000625,49,C#3,275.0582580566406,0.19463962316513062,1510.4124827648657
200.83164800000625,35,B1,275.0582580566406,0.19463962316513062,1510.4124827648657
200.83608000000626,50,D3,989.4755249023438,0.19558478891849518,1668.7967514081324
200.84051200000627,69,A4,989.4755249023438,0.19558478891849518,1668.7967514081324
200.8493760000063,64,E4,989.4755249023438,0.19558478891849518,1668.7967514081324
200.8493760000063,57,A3,989.4755249023438,0.19558478891849518,1668.7967514081324
200.8538080000063,57,A3,989.4755249023438,0.19558478891849518,1668.7967514081324
200.8582400000063,62,D4,989.8346557617188,0.20343400537967682,1382.6563674696108
200.8582400000063,57,A3,989.8346557617188,0.20343400537967682,1382.6563674696108
200.8626720000063,62,D4,989.8346557617188,0.20343400537967682,1382.6563674696108
200.89812800000632,66,F#4,989.6007080078125,0.18455007672309875,1251.8755559914766
200.92028800000634,66,F#4,988.7923583984375,0.186212956905365,1188.152884865299
201.03552000000633,26,D1,582.09423828125,0.17379432916641235,1127.5273206988925
201.03995200000634,74,D5,582.09423828125,0.17379432916641235,1127.5273206988925
201.04438400000635,50,D3,357.225830078125,0.18901193141937256,1713.7756074587091
201.04881600000635,62,D4,357.225830078125,0.18901193141937256,1713.7756074587091
201.06211200000638,57,A3,357.225830078125,0.18901193141937256,1713.7756074587091
201.2349600000064,69,A4,1108.430419921875,0.17658483982086182,1053.8543013071503
201.2393920000064,46,A#2,1108.430419921875,0.17658483982086182,1053.8543013071503
201.24825600000642,38,D2,1108.430419921875,0.17658483982086182,1053.8543013071503
201.24825600000642,26,D1,1108.430419921875,0.17658483982086182,1053.8543013071503
201.25268800000643,57,A3,557.7733154296875,0.18462346494197845,1052.8738527701003
201.26155200000645,50,D3,557.7733154296875,0.18462346494197845,1052.8738527701003
201.26155200000645,57,A3,557.7733154296875,0.18462346494197845,1052.8738527701003
201.26598400000645,54,F#3,557.7733154296875,0.18462346494197845,1052.8738527701003
201.27041600000646,57,A3,557.7733154296875,0.18462346494197845,1052.8738527701003
201.27484800000647,57,A3,292.11541748046875,0.18705175817012787,1058.2483923078066
201.45212800000647,78,F#5,443.04437255859375,0.21204283833503723,760.0276221454607
201.46099200000648,26,D1,438.80865478515625,0.21049490571022034,932.4252590843645
201.4654240000065,66,F#4,438.80865478515625,0.21049490571022034,932.4252590843645
201.4742880000065,46,A#2,438.80865478515625,0.21049490571022034,932.4252590843645
201.4831520000065,50,D3,293.5534973144531,0.21026571094989777,1189.026316252239
201.4920160000065,62,D4,293.5534973144531,0.21026571094989777,1189.026316252239
201.50088000000648,57,A3,293.5534973144531,0.21026571094989777,1189.026316252239
201.51417600000647,62,D4,263.3653869628906,0.20845924317836761,1327.3654061742716
201.66929600000645,26,D1,879.5816650390625,0.2078205645084381,1359.419776685836
201.67372800000646,46,A#2,879.5816650390625,0.2078205645084381,1359.419776685836
201.67372800000646,74,D5,879.5816650390625,0.2078205645084381,1359.419776685836
201.67816000000647,35,B1,879.5816650390625,0.2078205645084381,1359.419776685836
201.67816000000647,50,D3,879.5816650390625,0.2078205645084381,1359.419776685836
201.6870240000065,62,D4,879.5816650390625,0.2078205645084381,1359.419776685836
201.6914560000065,57,A3,879.5816650390625,0.2078205645084381,1359.419776685836
201.86430400000648,81,A5,882.3975830078125,0.1690174788236618,1140.0616870016818
201.8687360000065,86,D6,882.3975830078125,0.1690174788236618,1140.0616870016818
201.8687360000065,91,G6,882.3975830078125,0.1690174788236618,1140.0616870016818
201.8731680000065,69,A4,882.3975830078125,0.1690174788236618,1140.0616870016818
201.8731680000065,57,A3,882.3975830078125,0.1690174788236618,1140.0616870016818
201.88646400000653,57,A3,730.415283203125,0.1813884675502777,1135.2991589078151
201.88646400000653,26,D1,730.415283203125,0.1813884675502777,1135.2991589078151
201.89089600000653,57,A3,730.415283203125,0.1813884675502777,1135.2991589078151
201.89532800000654,50,D3,730.415283203125,0.1813884675502777,1135.2991589078151
201.89532800000654,46,A#2,730.415283203125,0.1813884675502777,1135.2991589078151
201.91748800000653,57,A3,421.8170166015625,0.1847415566444397,1412.216058737557
202.09033600000652,79,G5,438.1442565917969,0.2022024691104889,977.0789990144592
202.09476800000652,67,G4,438.1442565917969,0.2022024691104889,977.0789990144592
202.09920000000653,26,D1,438.1442565917969,0.2022024691104889,977.0789990144592
202.10363200000654,38,D2,438.1442565917969,0.2022024691104889,977.0789990144592
202.11249600000656,50,D3,437.4061584472656,0.1834203600883484,984.2513883835213
202.11692800000657,54,F#3,437.4061584472656,0.1834203600883484,984.2513883835213
202.12136000000658,43,G2,437.4061584472656,0.1834203600883484,984.2513883835213
202.13022400000656,57,A3,437.4061584472656,0.1834203600883484,984.2513883835213
202.30750400000653,74,D5,774.6517333984375,0.21640907227993011,842.8876459729531
202.30750400000653,50,D3,774.6517333984375,0.21640907227993011,842.8876459729531
202.31193600000654,26,D1,774.6517333984375,0.21640907227993011,842.8876459729531
202.31193600000654,62,D4,774.6517333984375,0.21640907227993011,842.8876459729531
202.32080000000656,46,A#2,777.3969116210938,0.21099057793617249,823.9764844211511
202.32523200000657,57,A3,777.3969116210938,0.21099057793617249,823.9764844211511
202.50694400000654,81,A5,1174.1273193359375,0.1899116188287735,951.5520684633108
202.50694400000654,86,D6,1174.1273193359375,0.1899116188287735,951.5520684633108
202.51137600000655,90,F#6,1174.1273193359375,0.1899116188287735,951.5520684633108
202.52024000000657,69,A4,1174.1273193359375,0.1899116188287735,951.5520684633108
202.52024000000657,26,D1,1174.1273193359375,0.1899116188287735,951.5520684633108
202.52467200000657,35,B1,1174.1273193359375,0.1899116188287735,951.5520684633108
202.52467200000657,46,A#2,1174.1273193359375,0.1899116188287735,951.5520684633108
202.52910400000658,50,D3,1167.5003662109375,0.19866535067558289,982.4295842078882
202.5379680000066,57,A3,1167.5003662109375,0.19866535067558289,982.4295842078882
202.5512640000066,57,A3,762.2612915039062,0.20093142986297607,918.797197442587
202.73297600000657,66,F#4,730.67333984375,0.23622733354568481,745.1056509336124
202.73297600000657,26,D1,730.67333984375,0.23622733354568481,745.1056509336124
202.7418400000066,78,F#5,733.3994140625,0.23255474865436554,828.3102451630692
202.7418400000066,35,B1,733.3994140625,0.23255474865436554,828.3102451630692
202.7462720000066,46,A#2,733.3994140625,0.23255474865436554,828.3102451630692
202.75956800000662,50,D3,733.3994140625,0.23255474865436554,828.3102451630692
202.7772960000066,57,A3,738.6740112304688,0.21236838400363922,1195.5404822087419
202.93684800000662,46,A#2,582.3499145507812,0.24924741685390472,948.6479950242374
202.94128000000663,62,D4,582.3499145507812,0.24924741685390472,948.6479950242374
202.94571200000664,74,D5,582.3499145507812,0.24924741685390472,948.6479950242374
202.94571200000664,26,D1,582.3499145507812,0.24924741685390472,948.6479950242374
202.95457600000665,38,D2,238.64932250976562,0.24851946532726288,835.0999822536376
202.96344000000664,50,D3,238.64932250976562,0.24851946532726288,835.0999822536376
202.96787200000665,54,F#3,238.64932250976562,0.24851946532726288,835.0999822536376
202.98116800000665,57,A3,269.9736633300781,0.2353099286556244,748.0706796388931
203.1628800000067,69,A4,584.647705078125,0.20179533958435059,783.2993867522096
203.1628800000067,26,D1,584.647705078125,0.20179533958435059,783.2993867522096
203.1761760000067,46,A#2,584.647705078125,0.20179533958435059,783.2993867522096
203.1806080000067,50,D3,583.9801635742188,0.1949763149023056,891.0634117212564
203.1894720000067,57,A3,583.9801635742188,0.1949763149023056,891.0634117212564
203.2027680000067,57,A3,270.5484924316406,0.1901826411485672,911.3444393395624
203.35788800000674,86,D6,148.63169860839844,0.3122324049472809,560.6197786606209
203.35788800000674,81,A5,148.63169860839844,0.3122324049472809,560.6197786606209
203.35788800000674,88,E6,148.63169860839844,0.3122324049472809,560.6197786606209
203.36232000000675,76,E5,148.63169860839844,0.3122324049472809,560.6197786606209
203.37118400000676,26,D1,165.82440185546875,0.2883237600326538,647.0796127794946
203.37118400000676,64,E4,165.82440185546875,0.2883237600326538,647.0796127794946
203.37561600000677,46,A#2,165.82440185546875,0.2883237600326538,647.0796127794946
203.38004800000678,35,B1,165.82440185546875,0.2883237600326538,647.0796127794946
203.3844800000068,50,D3,165.82440185546875,0.2883237600326538,647.0796127794946
203.39777600000681,57,A3,291.73095703125,0.23927317559719086,757.6648745916435
203.58392000000683,26,D1,239.46347045898438,0.20622333884239197,791.9132861610241
203.58392000000683,69,A4,239.46347045898438,0.20622333884239197,791.9132861610241
203.58835200000684,50,D3,239.46347045898438,0.20622333884239197,791.9132861610241
203.59278400000684,35,B1,239.46347045898438,0.20622333884239197,791.9132861610241
203.59721600000685,57,A3,256.67596435546875,0.19893135130405426,781.199351325905
203.60164800000686,46,A#2,256.67596435546875,0.19893135130405426,781.199351325905
203.60608000000687,57,A3,256.67596435546875,0.19893135130405426,781.199351325905
203.77892800000689,81,A5,203.6089630126953,0.2133137434720993,824.6464970926434
203.7833600000069,90,F#6,199.15509033203125,0.2257680892944336,808.6464769492136
203.7833600000069,86,D6,199.15509033203125,0.2257680892944336,808.6464769492136
203.7877920000069,78,F#5,199.15509033203125,0.2257680892944336,808.6464769492136
203.7966560000069,30,F#1,199.15509033203125,0.2257680892944336,808.6464769492136
203.8010880000069,66,F#4,199.15509033203125,0.2257680892944336,808.6464769492136
203.8055200000069,38,D2,193.5898895263672,0.22821220755577087,907.9922303554606
203.8143840000069,50,D3,193.5898895263672,0.22821220755577087,907.9922303554606
203.8188160000069,43,G2,193.5898895263672,0.22821220755577087,907.9922303554606
203.8188160000069,54,F#3,193.5898895263672,0.22821220755577087,907.9922303554606
203.8321120000069,57,A3,282.1687316894531,0.19246543943881989,800.315327266621
204.0093920000069,69,A4,585.5653076171875,0.18978682160377502,775.4785632846872
204.0138240000069,31,G1,585.5653076171875,0.18978682160377502,775.4785632846872
204.0271200000069,46,A#2,583.8907470703125,0.19214920699596405,711.9992402653049
204.0271200000069,50,D3,583.8907470703125,0.19214920699596405,711.9992402653049
204.04928000000692,57,A3,588.5918579101562,0.19309517741203308,721.5581094688314
204.1733760000069,52,E3,882.1054077148438,0.21979646384716034,882.7863958946002
204.19553600000688,52,E3,883.630126953125,0.22298818826675415,802.8129003452574
204.20883200000688,88,E6,162.90406799316406,0.2387976199388504,769.8006734251312
204.20883200000688,81,A5,162.90406799316406,0.2387976199388504,769.8006734251312
204.2132640000069,85,C#6,162.90406799316406,0.2387976199388504,769.8006734251312
204.2132640000069,71,B4,162.90406799316406,0.2387976199388504,769.8006734251312
204.2176960000069,45,A2,162.90406799316406,0.2387976199388504,769.8006734251312
204.2221280000069,33,A1,162.90406799316406,0.2387976199388504,769.8006734251312
204.2309920000069,59,B3,880.129150390625,0.24312028288841248,749.8307641531799
204.2309920000069,49,C#3,880.129150390625,0.24312028288841248,749.8307641531799
204.2354240000069,64,E4,880.129150390625,0.24312028288841248,749.8307641531799
204.2354240000069,35,B1,880.129150390625,0.24312028288841248,749.8307641531799
204.24428800000692,45,A2,880.129150390625,0.24312028288841248,749.8307641531799
204.24872000000693,57,A3,270.66021728515625,0.2354956418275833,692.3563720105044
204.24872000000693,52,E3,270.66021728515625,0.2354956418275833,692.3563720105044
204.25315200000693,52,E3,270.66021728515625,0.2354956418275833,692.3563720105044
204.25758400000694,57,A3,270.66021728515625,0.2354956418275833,692.3563720105044
204.25758400000694,61,C#4,270.66021728515625,0.2354956418275833,692.3563720105044
204.26644800000693,64,E4,270.66021728515625,0.2354956418275833,692.3563720105044
204.27531200000692,61,C#4,406.4074401855469,0.2262609750032425,722.1228404412187
204.28860800000692,64,E4,406.4074401855469,0.2262609750032425,722.1228404412187
204.29304000000693,69,A4,276.92779541015625,0.23457926511764526,1224.6013690101709
204.3196320000069,69,A4,129.65048217773438,0.20855922996997833,2164.8183444147726
204.4260000000069,69,A4,878.4973754882812,0.22225452959537506,2881.434044730104
204.43486400000688,33,A1,879.8369140625,0.2431330382823944,1585.6713079876056
204.4570240000069,46,A#2,831.1529541015625,0.23920808732509613,1213.1786362270605
204.4570240000069,57,A3,831.1529541015625,0.23920808732509613,1213.1786362270605
204.4570240000069,45,A2,831.1529541015625,0.23920808732509613,1213.1786362270605
204.4570240000069,52,E3,831.1529541015625,0.23920808732509613,1213.1786362270605
204.6387360000069,46,A#2,240.24658203125,0.1565455198287964,1073.7192941557726
204.6431680000069,64,E4,212.6434326171875,0.16270801424980164,1181.696292857227
204.64760000000692,33,A1,212.6434326171875,0.16270801424980164,1181.696292857227
204.65203200000693,52,E3,212.6434326171875,0.16270801424980164,1181.696292857227
204.65646400000693,38,D2,212.6434326171875,0.16270801424980164,1181.696292857227
204.66532800000692,52,E3,200.3291015625,0.15817207098007202,929.0007745043657
204.66532800000692,45,A2,200.3291015625,0.15817207098007202,929.0007745043657
204.66976000000693,54,F#3,200.3291015625,0.15817207098007202,929.0007745043657
204.67419200000694,57,A3,200.3291015625,0.15817207098007202,929.0007745043657
204.69635200000695,57,A3,232.60630798339844,0.17566588521003723,824.6457146368268
204.85147200000696,73,C#5,882.8359375,0.191397026181221,912.7284999615799
204.86033600000695,61,C#4,882.8359375,0.191397026181221,912.7284999615799
204.86476800000696,33,A1,882.8359375,0.191397026181221,912.7284999615799
204.87806400000696,46,A#2,160.25506591796875,0.20218490064144135,736.1282676905861
204.88692800000695,45,A2,160.25506591796875,0.20218490064144135,736.1282676905861
204.89136000000696,52,E3,160.25506591796875,0.20218490064144135,736.1282676905861
204.89579200000696,61,C#4,160.25506591796875,0.20218490064144135,736.1282676905861
204.91795200000698,61,C#4,158.4356231689453,0.19784805178642273,653.7259136429348
205.07750400000697,69,A4,222.1102294921875,0.17202861607074738,1059.8778652342469
205.07750400000697,33,A1,222.1102294921875,0.17202861607074738,1059.8778652342469
205.08193600000698,57,A3,222.1102294921875,0.17202861607074738,1059.8778652342469
205.08193600000698,57,A3,222.1102294921875,0.17202861607074738,1059.8778652342469
205.08193600000698,35,B1,222.1102294921875,0.17202861607074738,1059.8778652342469
205.08636800000698,45,A2,209.36888122558594,0.18674854934215546,938.4336639278497
205.090800000007,52,E3,209.36888122558594,0.18674854934215546,938.4336639278497
205.27694400000698,64,E4,160.97311401367188,0.2402787208557129,682.7266401471893
205.28580800000697,52,E3,160.97311401367188,0.2402787208557129,682.7266401471893
205.28580800000697,33,A1,160.97311401367188,0.2402787208557129,682.7266401471893
205.30353600000697,45,A2,206.1066436767578,0.24405455589294434,807.9213187261731
205.30353600000697,46,A#2,206.1066436767578,0.24405455589294434,807.9213187261731
205.30796800000698,52,E3,206.1066436767578,0.24405455589294434,807.9213187261731
205.48081600000694,86,D6,172.08079528808594,0.2429874837398529,707.475179164837
205.49411200000694,74,D5,172.08079528808594,0.2429874837398529,707.475179164837
205.49854400000694,62,D4,172.08079528808594,0.2429874837398529,707.475179164837
205.49854400000694,33,A1,172.08079528808594,0.2429874837398529,707.475179164837
205.50740800000696,38,D2,169.15084838867188,0.24464672803878784,608.7693733518088
205.52070400000696,45,A2,169.15084838867188,0.24464672803878784,608.7693733518088
205.52070400000696,43,G2,169.15084838867188,0.24464672803878784,608.7693733518088
205.52070400000696,54,F#3,169.15084838867188,0.24464672803878784,608.7693733518088
205.52513600000697,52,E3,202.71856689453125,0.2382136732339859,610.2031315050682
205.706848000007,69,A4,139.04745483398438,0.21270985901355743,812.4206602022803
205.711280000007,33,A1,118.14067840576172,0.21093663573265076,619.1380077305616
205.71571200000702,52,E3,118.14067840576172,0.21093663573265076,619.1380077305616
205.72014400000702,52,E3,118.14067840576172,0.21093663573265076,619.1380077305616
205.72014400000702,45,A2,118.14067840576172,0.21093663573265076,619.1380077305616
205.729008000007,46,A#2,118.14067840576172,0.21093663573265076,619.1380077305616
205.924016000007,64,E4,169.07125854492188,0.2071404755115509,746.8281344174239
205.928448000007,33,A1,169.07125854492188,0.2071404755115509,746.8281344174239
205.932880000007,35,B1,169.07125854492188,0.2071404755115509,746.8281344174239
205.937312000007,57,A3,169.07125854492188,0.2071404755115509,746.8281344174239
205.94174400000702,45,A2,183.7830047607422,0.20471124351024628,810.0921186820891
205.94617600000703,52,E3,183.7830047607422,0.20471124351024628,810.0921186820891
205.95060800000704,49,C#3,183.7830047607422,0.20471124351024628,810.0921186820891
206.11902400000707,38,D2,188.36341857910156,0.24828407168388367,888.1703248545723
206.12345600000708,85,C#6,188.36341857910156,0.24828407168388367,888.1703248545723
206.13232000000707,61,C#4,116.7894058227539,0.26824766397476196,577.8231260005302
206.13675200000708,33,A1,116.7894058227539,0.26824766397476196,577.8231260005302
206.14561600000707,38,D2,116.7894058227539,0.26824766397476196,577.8231260005302
206.15448000000708,46,A#2,120.2446060180664,0.28205057978630066,611.198271906244
206.1589120000071,73,C#5,120.2446060180664,0.28205057978630066,611.198271906244
206.1633440000071,45,A2,120.2446060180664,0.28205057978630066,611.198271906244
206.1677760000071,52,E3,120.2446060180664,0.28205057978630066,611.198271906244
206.33619200000706,38,D2,263.6138916015625,0.22326351702213287,1003.399989807469
206.34505600000708,69,A4,263.6138916015625,0.22326351702213287,1003.399989807469
206.34948800000709,33,A1,263.6138916015625,0.22326351702213287,1003.399989807469
206.35835200000707,38,D2,263.6138916015625,0.22326351702213287,1003.399989807469
206.35835200000707,52,E3,263.6138916015625,0.22326351702213287,1003.399989807469
206.3672160000071,54,F#3,286.7754211425781,0.2519025206565857,845.9531044525992
206.3716480000071,45,A2,286.7754211425781,0.2519025206565857,845.9531044525992
206.3760800000071,52,E3,286.7754211425781,0.2519025206565857,845.9531044525992
206.5489280000071,48,C3,640.4327392578125,0.21089385449886322,760.8230480787201
206.5533600000071,64,E4,640.4327392578125,0.21089385449886322,760.8230480787201
206.56222400000712,33,A1,640.4327392578125,0.21089385449886322,760.8230480787201
206.5710880000071,47,B2,392.9119567871094,0.19231705367565155,683.7946411458893
206.57995200000713,57,A3,392.9119567871094,0.19231705367565155,683.7946411458893
206.59324800000715,52,E3,379.2581481933594,0.17318475246429443,754.4277194257252
206.59324800000715,45,A2,379.2581481933594,0.17318475246429443,754.4277194257252
206.7616640000071,88,E6,467.2876281738281,0.24949735403060913,1020.9882835542704
206.7616640000071,83,B5,467.2876281738281,0.24949735403060913,1020.9882835542704
206.7616640000071,71,B4,467.2876281738281,0.24949735403060913,1020.9882835542704
206.7616640000071,81,A5,467.2876281738281,0.24949735403060913,1020.9882835542704
206.77052800000712,59,B3,467.2876281738281,0.24949735403060913,1020.9882835542704
206.77939200000714,33,A1,711.6954345703125,0.23039722442626953,842.8830072018613
206.79268800000713,52,E3,711.6954345703125,0.23039722442626953,842.8830072018613
206.79268800000713,45,A2,711.6954345703125,0.23039722442626953,842.8830072018613
206.96996800000716,47,B2,193.287109375,0.19367095828056335,687.3607315007632
206.97883200000715,52,E3,193.287109375,0.19367095828056335,687.3607315007632
206.98769600000713,33,A1,195.59608459472656,0.20001524686813354,676.9976630211258
206.98769600000713,64,E4,195.59608459472656,0.20001524686813354,676.9976630211258
206.99212800000714,45,A2,195.59608459472656,0.20001524686813354,676.9976630211258
206.99656000000715,45,A2,195.59608459472656,0.20001524686813354,676.9976630211258
207.00099200000716,52,E3,195.59608459472656,0.20001524686813354,676.9976630211258
207.1694080000072,52,E3,198.3125,0.2144281417131424,857.5472010388642
207.1782720000072,57,A3,191.37245178222656,0.21981191635131836,922.3966160510038
207.1782720000072,62,D4,191.37245178222656,0.21981191635131836,922.3966160510038
207.18270400000722,88,E6,191.37245178222656,0.21981191635131836,922.3966160510038
207.18713600000723,85,C#6,191.37245178222656,0.21981191635131836,922.3966160510038
207.18713600000723,81,A5,191.37245178222656,0.21981191635131836,922.3966160510038
207.19600000000725,73,C#5,192.99557495117188,0.21885375678539276,732.234210472114
207.19600000000725,52,E3,192.99557495117188,0.21885375678539276,732.234210472114
207.19600000000725,61,C#4,192.99557495117188,0.21885375678539276,732.234210472114
207.20043200000725,64,E4,192.99557495117188,0.21885375678539276,732.234210472114
207.20486400000726,33,A1,192.99557495117188,0.21885375678539276,732.234210472114
207.20486400000726,62,D4,192.99557495117188,0.21885375678539276,732.234210472114
207.20929600000727,35,B1,192.99557495117188,0.21885375678539276,732.234210472114
207.20929600000727,57,A3,192.99557495117188,0.21885375678539276,732.234210472114
207.20929600000727,38,D2,192.99557495117188,0.21885375678539276,732.234210472114
207.21372800000728,69,A4,192.99557495117188,0.21885375678539276,732.234210472114
207.2181600000073,64,E4,192.99557495117188,0.21885375678539276,732.234210472114
207.2181600000073,54,F#3,192.99557495117188,0.21885375678539276,732.234210472114
207.2225920000073,45,A2,192.24041748046875,0.21325638890266418,811.4951969671836
207.2270240000073,52,E3,192.24041748046875,0.21325638890266418,811.4951969671836
207.2270240000073,69,A4,192.24041748046875,0.21325638890266418,811.4951969671836
207.4043040000073,45,A2,351.117919921875,0.2620316743850708,3014.7811080970496
207.4087360000073,33,A1,351.117919921875,0.2620316743850708,3014.7811080970496
207.41316800000732,52,E3,351.117919921875,0.2620316743850708,3014.7811080970496
207.42203200000733,43,G2,351.117919921875,0.2620316743850708,3014.7811080970496
207.43532800000733,52,E3,202.9282684326172,0.2565540075302124,4035.476354648322
207.43532800000733,45,A2,202.9282684326172,0.2565540075302124,4035.476354648322
207.52396800000733,50,D3,202.31105041503906,0.23450307548046112,4977.787601782639
207.55056000000732,50,D3,192.37696838378906,0.23738598823547363,4447.517439522184
207.5904480000073,54,F#3,164.14280700683594,0.22432367503643036,4575.913188943595
207.60817600000732,81,A5,164.14280700683594,0.22432367503643036,4575.913188943595
207.61260800000733,86,D6,164.14280700683594,0.22432367503643036,4575.913188943595
207.61704000000734,90,F#6,333.1280517578125,0.20634949207305908,4788.6615385487385
207.62147200000734,54,F#3,333.1280517578125,0.20634949207305908,4788.6615385487385
207.62590400000735,50,D3,333.1280517578125,0.20634949207305908,4788.6615385487385
207.63033600000736,74,D5,333.1280517578125,0.20634949207305908,4788.6615385487385
207.63033600000736,49,C#3,333.1280517578125,0.20634949207305908,4788.6615385487385
207.63033600000736,26,D1,333.1280517578125,0.20634949207305908,4788.6615385487385
207.63476800000737,35,B1,333.1280517578125,0.20634949207305908,4788.6615385487385
207.63476800000737,57,A3,333.1280517578125,0.20634949207305908,4788.6615385487385
207.63920000000738,57,A3,889.8262329101562,0.2144521325826645,4424.311135097275
207.6436320000074,57,A3,889.8262329101562,0.2144521325826645,4424.311135097275
207.6436320000074,54,F#3,889.8262329101562,0.2144521325826645,4424.311135097275
207.6436320000074,57,A3,889.8262329101562,0.2144521325826645,4424.311135097275
207.6480640000074,62,D4,889.8262329101562,0.2144521325826645,4424.311135097275
207.6524960000074,57,A3,889.8262329101562,0.2144521325826645,4424.311135097275
207.66136000000742,50,D3,887.5799560546875,0.23248004913330078,2906.1486571345163
207.6702240000074,57,A3,887.5799560546875,0.23248004913330078,2906.1486571345163
207.67465600000742,62,D4,887.5799560546875,0.23248004913330078,2906.1486571345163
207.6835200000074,57,A3,894.6636352539062,0.23102740943431854,2073.0809345183784
207.6923840000074,62,D4,894.6636352539062,0.23102740943431854,2073.0809345183784
207.7101120000074,62,D4,1145.6815185546875,0.24145843088626862,2320.3351613965324
207.7145440000074,54,F#3,1145.6815185546875,0.24145843088626862,2320.3351613965324
207.71897600000742,66,F#4,1145.6815185546875,0.24145843088626862,2320.3351613965324
207.74113600000743,66,F#4,1158.7828369140625,0.23948101699352264,2598.4040835061787
207.79432000000742,54,F#3,871.3662719726562,0.25316527485847473,2124.7404095001903
207.8475040000074,54,F#3,610.4376831054688,0.1972244679927826,987.4432509288135
207.8475040000074,35,B1,610.4376831054688,0.1972244679927826,987.4432509288135
207.8563680000074,46,A#2,610.4376831054688,0.1972244679927826,987.4432509288135
207.9272800000074,54,F#3,158.24710083007812,0.1925513744354248,1183.9722149707977
207.9538720000074,35,B1,193.08380126953125,0.17352353036403656,1216.3447225780687
207.95830400000742,46,A#2,193.08380126953125,0.17352353036403656,1216.3447225780687
208.00262400000744,54,F#3,182.63523864746094,0.14503195881843567,999.4987729341439
208.05137600000745,46,A#2,182.9813995361328,0.1652514636516571,1021.06086805697
208.06024000000744,35,B1,128.83596801757812,0.18297573924064636,902.2253878912413
208.06910400000746,54,F#3,128.83596801757812,0.18297573924064636,902.2253878912413
208.14001600000745,54,F#3,163.68289184570312,0.18410758674144745,922.4112925081579
208.16660800000744,35,B1,176.9703369140625,0.1768505573272705,1083.8159805854043
208.17547200000746,46,A#2,169.53709411621094,0.16936105489730835,1007.3134427348436
208.20206400000745,54,F#3,236.356201171875,0.18898169696331024,982.1522280474854
208.27297600000742,57,A3,213.10760498046875,0.17482313513755798,1178.135503012764
208.27297600000742,35,B1,213.10760498046875,0.17482313513755798,1178.135503012764
208.28627200000744,54,F#3,213.10760498046875,0.17482313513755798,1178.135503012764
208.3660480000074,54,F#3,169.4982147216797,0.19548919796943665,873.3394238993972
208.37934400000742,35,B1,169.4982147216797,0.19548919796943665,873.3394238993972
208.39707200000743,46,A#2,185.42025756835938,0.20080791413784027,875.6565123470009
208.4325280000074,54,F#3,129.19383239746094,0.20822463929653168,1131.6589871818255
208.48128000000744,35,B1,869.1788330078125,0.25375691056251526,1114.3991142955072
208.49457600000744,49,C#3,869.1788330078125,0.25375691056251526,1114.3991142955072
208.50787200000744,54,F#3,879.6249389648438,0.2560516893863678,1160.8280353010991
208.56548800000743,54,F#3,872.5101928710938,0.23908701539039612,1124.1782634919196
208.58764800000742,35,B1,872.5101928710938,0.23908701539039612,1124.1782634919196
208.60980800000743,46,A#2,410.57574462890625,0.2395346760749817,1087.5612654231968
208.64526400000742,54,F#3,592.8410034179688,0.2273918092250824,1026.835827661759
208.69401600000745,35,B1,385.44805908203125,0.2072850614786148,1155.4251226797437
208.70288000000744,46,A#2,385.44805908203125,0.2072850614786148,1155.4251226797437
208.70731200000745,46,A#2,382.072265625,0.2056112289428711,1774.1762093913596
208.71617600000744,54,F#3,382.072265625,0.2056112289428711,1774.1762093913596
208.79152000000744,54,F#3,199.33949279785156,0.2066260576248169,4308.512123640315
208.80038400000743,35,B1,201.41641235351562,0.20187905430793762,4521.299027854443
208.80924800000744,46,A#2,201.41641235351562,0.20187905430793762,4521.299027854443
208.86243200000746,54,F#3,201.8242645263672,0.16711828112602234,4072.177419574216
208.9111840000075,35,B1,206.10345458984375,0.1857529580593109,1388.6744752622144
208.9111840000075,46,A#2,206.10345458984375,0.1857529580593109,1388.6744752622144
208.9244800000075,54,F#3,598.4782104492188,0.21612831950187683,1227.0821454414017
209.00425600000747,54,F#3,858.6735229492188,0.2553955018520355,1833.1076820172998
209.01312000000746,35,B1,876.3455810546875,0.24818959832191467,1772.5810395727976
209.02641600000746,46,A#2,876.3455810546875,0.24818959832191467,1772.5810395727976
209.07516800000744,54,F#3,1191.7396240234375,0.22239840030670166,1583.3341001362676
209.12392000000742,57,A3,903.3397827148438,0.19334754347801208,1462.6042200816864
209.12392000000742,35,B1,903.3397827148438,0.19334754347801208,1462.6042200816864
209.1505120000074,54,F#3,126.2617416381836,0.19113993644714355,1107.2049724428348
209.21699200000745,54,F#3,127.82054901123047,0.17949837446212769,1926.3231669505565
209.23028800000745,35,B1,127.82054901123047,0.17949837446212769,1926.3231669505565
209.23915200000744,46,A#2,203.28456115722656,0.17137347161769867,2351.420917309763
209.27904000000743,54,F#3,200.9108428955078,0.181670680642128,1674.062960116502
209.3322240000074,35,B1,129.44284057617188,0.18999196588993073,801.1220256278234
209.3499520000074,46,A#2,129.44284057617188,0.18999196588993073,801.1220256278234
209.3632480000074,54,F#3,184.4237060546875,0.20940963923931122,623.7799447791084
209.4341600000074,54,F#3,943.7947387695312,0.24212519824504852,876.1730795985304
209.4430240000074,35,B1,943.7947387695312,0.24212519824504852,876.1730795985304
209.4474560000074,46,A#2,943.7947387695312,0.24212519824504852,876.1730795985304
209.50507200000743,54,F#3,326.139404296875,0.21185700595378876,2187.665004474321
209.54939200000743,49,C#3,129.5377197265625,0.21841749548912048,3358.5110230601813
209.54939200000743,35,B1,129.5377197265625,0.21841749548912048,3358.5110230601813
209.57598400000742,54,F#3,237.7908477783203,0.26274988055229187,3582.9183408695862
209.63803200000743,54,F#3,179.97691345214844,0.2500050961971283,3071.7768766615864
209.6557600000074,35,B1,179.97691345214844,0.2500050961971283,3071.7768766615864
209.6690560000074,46,A#2,187.4295196533203,0.24199101328849792,2449.6184876963775
209.7178080000074,54,F#3,1120.86083984375,0.2451830804347992,762.4396541882054
209.7621280000074,52,E3,1135.2774658203125,0.23631040751934052,804.280096301208
209.7621280000074,35,B1,1135.2774658203125,0.23631040751934052,804.280096301208
209.77099200000742,54,F#3,1135.2774658203125,0.23631040751934052,804.280096301208
209.84190400000742,54,F#3,766.3235473632812,0.19876563549041748,669.4040672280004
209.8640640000074,35,B1,194.7613525390625,0.18368111550807953,627.5106613750013
209.8862240000074,46,A#2,230.70550537109375,0.1815674751996994,713.5099370992432
209.92168000000737,54,F#3,365.7431640625,0.20759329199790955,697.3403634221477
209.97043200000735,35,B1,365.4403076171875,0.24786823987960815,579.2736187367668
209.97486400000736,54,F#3,365.4403076171875,0.24786823987960815,579.2736187367668
209.99702400000737,46,A#2,367.7106018066406,0.2532790005207062,651.3510368839261
210.05464000000737,54,F#3,1195.2734375,0.2123582661151886,871.8516649117797
210.08123200000736,35,B1,810.4232788085938,0.20774121582508087,804.3509017484132
210.09896000000734,46,A#2,845.7744750976562,0.1979021579027176,792.1726839072807
210.12555200000733,54,F#3,864.9681396484375,0.1868053823709488,743.0654501923244
210.18316800000733,57,A3,882.61376953125,0.18817397952079773,697.0980479821324
210.18760000000734,35,B1,882.61376953125,0.18817397952079773,697.0980479821324
210.20089600000733,54,F#3,879.7904052734375,0.20261883735656738,630.4283700719889
210.27180800000733,54,F#3,193.6682586669922,0.24114836752414703,709.5714502139818
210.2939680000073,35,B1,942.1898193359375,0.2306559979915619,787.6672472804554
210.3028320000073,46,A#2,942.1898193359375,0.2306559979915619,787.6672472804554
210.3338560000073,54,F#3,1021.9022827148438,0.2126607596874237,1066.7595769224033
210.4003360000073,52,E3,193.7432098388672,0.25144997239112854,887.6962860830063
210.4003360000073,35,B1,193.7432098388672,0.25144997239112854,887.6962860830063
210.4092000000073,54,F#3,193.7432098388672,0.25144997239112854,887.6962860830063
210.4934080000073,54,F#3,205.9232635498047,0.24574828147888184,655.6559990031058
210.50227200000728,35,B1,205.9232635498047,0.24574828147888184,655.6559990031058
210.52443200000727,46,A#2,171.09747314453125,0.24800477921962738,740.8682896353173
210.56432000000726,54,F#3,180.27154541015625,0.25461345911026,947.2302602737752
210.61307200000724,49,C#3,202.4244842529297,0.2525767385959625,750.5119486056179
210.61307200000724,35,B1,202.4244842529297,0.2525767385959625,750.5119486056179
210.63966400000723,54,F#3,206.58680725097656,0.2421637624502182,681.0579140080599
210.69728000000723,54,F#3,237.91134643554688,0.1969439685344696,866.1965507447009
210.71944000000724,35,B1,238.0723114013672,0.2069491147994995,875.4869324330318
210.72830400000723,46,A#2,198.010498046875,0.20837995409965515,802.1406383068218
210.7770560000072,54,F#3,203.57254028320312,0.25644099712371826,731.6566003009874
210.8213760000072,57,A3,205.1285858154297,0.24963057041168213,754.4081876085783
210.8258080000072,35,B1,205.1285858154297,0.24963057041168213,754.4081876085783
210.8258080000072,46,A#2,205.1285858154297,0.24963057041168213,754.4081876085783
210.8524000000072,54,F#3,203.49880981445312,0.22839894890785217,821.5220083442216
210.9233120000072,54,F#3,312.4501037597656,0.18179462850093842,1094.8033176359727
210.9321760000072,35,B1,312.4501037597656,0.18179462850093842,1094.8033176359727
210.9454720000072,46,A#2,314.4996337890625,0.17793485522270203,1090.9716189477485
210.99865600000717,54,F#3,244.89527893066406,0.2193470299243927,982.3593393432423
211.03411200000716,52,E3,203.82981872558594,0.26175862550735474,1020.13733119268
211.03854400000716,35,B1,203.82981872558594,0.26175862550735474,1020.13733119268
211.05184000000716,54,F#3,201.8800506591797,0.24792277812957764,1086.4789654217188
211.13161600000717,54,F#3,195.34765625,0.20674681663513184,1180.198229147642
211.14491200000717,35,B1,155.51287841796875,0.22330263257026672,1085.940243469197
211.14491200000717,46,A#2,155.51287841796875,0.22330263257026672,1085.940243469197
211.20696000000714,54,F#3,201.66908264160156,0.238827645778656,989.0179136564494
211.24684800000713,35,B1,180.14175415039062,0.23899082839488983,1042.3035800234288
211.25571200000712,46,A#2,180.14175415039062,0.23899082839488983,1042.3035800234288
211.26014400000713,46,A#2,234.57276916503906,0.23369114100933075,979.597656261318
211.2778720000071,54,F#3,234.57276916503906,0.23369114100933075,979.597656261318
211.35764800000712,54,F#3,321.83331298828125,0.22821342945098877,952.8228806101415
211.36208000000713,35,B1,321.83331298828125,0.22821342945098877,952.8228806101415
211.36651200000713,46,A#2,321.83331298828125,0.22821342945098877,952.8228806101415
211.41526400000714,54,F#3,191.49586486816406,0.24081870913505554,740.1711907172391
211.46401600000712,57,A3,213.87026977539062,0.22483256459236145,831.2398513780535
211.46401600000712,35,B1,213.87026977539062,0.22483256459236145,831.2398513780535
211.49504000000712,54,F#3,204.11114501953125,0.29581159353256226,1152.2290349480922
211.5570880000071,54,F#3,158.9720916748047,0.3101179599761963,2360.2637380353062
211.5659520000071,35,B1,1159.6947021484375,0.29430651664733887,2385.0337077116696
211.59254400000708,46,A#2,1165.3109130859375,0.2597108781337738,2453.8848080777134
211.6324320000071,54,F#3,1199.5867919921875,0.23215113580226898,2572.2283641675194
211.6767520000071,52,E3,1170.9310302734375,0.22180305421352386,2441.2364440121282
211.6767520000071,35,B1,1170.9310302734375,0.22180305421352386,2441.2364440121282
211.7077760000071,54,F#3,1170.242431640625,0.21364715695381165,2241.2347113566084
211.76982400000708,54,F#3,1176.226806640625,0.17964698374271393,2386.0221358900353
211.77425600000709,46,A#2,1176.226806640625,0.17964698374271393,2386.0221358900353
211.7831200000071,35,B1,1176.226806640625,0.17964698374271393,2386.0221358900353
211.8496000000071,54,F#3,1115.8594970703125,0.17463204264640808,2592.0714245193417
211.8894880000071,57,A3,1195.3895263671875,0.16914696991443634,2743.4191939397533
211.8894880000071,35,B1,1195.3895263671875,0.16914696991443634,2743.4191939397533
211.92051200000714,54,F#3,1194.6346435546875,0.16776731610298157,2696.5642529601614
211.99585600000714,54,F#3,1186.7332763671875,0.1905863732099533,3319.216733669151
211.99585600000714,35,B1,1186.7332763671875,0.1905863732099533,3319.216733669151
212.00472000000713,46,A#2,1179.2169189453125,0.18997640907764435,3366.306929150428
212.06676800000713,54,F#3,1172.2669677734375,0.16082218289375305,3205.270747612299
212.1022240000071,35,B1,1191.8787841796875,0.14989934861660004,3032.6677449703866
212.1022240000071,49,C#3,1191.8787841796875,0.14989934861660004,3032.6677449703866
212.1243840000071,54,F#3,1199.656982421875,0.14744657278060913,3032.2734882113014
212.2085920000071,54,F#3,1056.802490234375,0.11336075514554977,2992.606525834291
212.2085920000071,46,A#2,1056.802490234375,0.11336075514554977,2992.606525834291
212.2085920000071,35,B1,1056.802490234375,0.11336075514554977,2992.606525834291
212.29280000000708,54,F#3,346.9175109863281,0.0671619325876236,2030.0893690867092
212.31052800000705,47,B2,357.3709716796875,0.05851156637072563,1793.9182685729174
212.31496000000706,35,B1,357.3709716796875,0.05851156637072563,1793.9182685729174
212.36371200000704,54,F#3,1101.0860595703125,0.0442776158452034,2088.888790445534
212.43462400000703,54,F#3,804.3350219726562,0.043103210628032684,2052.283481696622
212.45678400000702,45,A2,400.0932922363281,0.04393777996301651,1911.1880086783872
212.50110400000702,54,F#3,949.7116088867188,0.041470613330602646,2072.586563362398
212.580880000007,54,F#3,244.30935668945312,0.024686476215720177,2195.1200918413338
212.589744000007,43,G2,94.43903350830078,0.02315070852637291,2863.104283025657
212.594176000007,35,B1,94.43903350830078,0.02315070852637291,2863.104283025657
212.669520000007,54,F#3,243.50071716308594,0.012136390432715416,2390.9964602938
212.713840000007,38,D2,171.4346466064453,0.006088397931307554,1987.626707413728
